source,target,edge_type
A_CUST100002,C_CARD500002,uses_card
A_CUST100002,M_MER100448,shops_at
A_CUST100002,L_Madhya Pradesh,located_in
A_CUST100004,C_CARD500004,uses_card
A_CUST100004,M_MER100489,shops_at
A_CUST100004,L_Uttar Pradesh,located_in
A_CUST100009,C_CARD500011,uses_card
A_CUST100009,M_MER100129,shops_at
A_CUST100009,L_West Bengal,located_in
A_CUST100009,C_CARD500010,uses_card
A_CUST100009,M_MER100345,shops_at
A_CUST100009,M_MER100278,shops_at
A_CUST100009,M_MER100115,shops_at
A_CUST100009,M_MER100470,shops_at
A_CUST100010,C_CARD500013,uses_card
A_CUST100010,M_MER100477,shops_at
A_CUST100010,L_Bihar,located_in
A_CUST100010,C_CARD500012,uses_card
A_CUST100010,M_MER100249,shops_at
A_CUST100012,C_CARD500016,uses_card
A_CUST100012,M_MER100040,shops_at
A_CUST100012,L_Punjab,located_in
A_CUST100017,C_CARD500022,uses_card
A_CUST100017,M_MER100238,shops_at
A_CUST100017,L_Uttar Pradesh,located_in
A_CUST100021,C_CARD500026,uses_card
A_CUST100021,M_MER100395,shops_at
A_CUST100021,L_Kerala,located_in
A_CUST100025,C_CARD500030,uses_card
A_CUST100025,M_MER100446,shops_at
A_CUST100025,L_Haryana,located_in
A_CUST100026,C_CARD500032,uses_card
A_CUST100026,M_MER100408,shops_at
A_CUST100026,L_Odisha,located_in
A_CUST100029,C_CARD500036,uses_card
A_CUST100029,M_MER100235,shops_at
A_CUST100029,L_Gujarat,located_in
A_CUST100030,C_CARD500037,uses_card
A_CUST100030,M_MER100331,shops_at
A_CUST100030,L_West Bengal,located_in
A_CUST100031,C_CARD500039,uses_card
A_CUST100031,M_MER100448,shops_at
A_CUST100031,L_Rajasthan,located_in
A_CUST100031,M_MER100316,shops_at
A_CUST100039,C_CARD500049,uses_card
A_CUST100039,M_MER100328,shops_at
A_CUST100039,L_Tamil Nadu,located_in
A_CUST100039,M_MER100047,shops_at
A_CUST100039,C_CARD500050,uses_card
A_CUST100039,M_MER100208,shops_at
A_CUST100039,M_MER100267,shops_at
A_CUST100039,M_MER100096,shops_at
A_CUST100039,M_MER100452,shops_at
A_CUST100039,M_MER100350,shops_at
A_CUST100040,C_CARD500051,uses_card
A_CUST100040,M_MER100071,shops_at
A_CUST100040,L_Gujarat,located_in
A_CUST100040,C_CARD500052,uses_card
A_CUST100040,M_MER100466,shops_at
A_CUST100040,M_MER100081,shops_at
A_CUST100040,M_MER100450,shops_at
A_CUST100040,C_CARD500053,uses_card
A_CUST100040,M_MER100257,shops_at
A_CUST100040,M_MER100136,shops_at
A_CUST100040,M_MER100332,shops_at
A_CUST100045,C_CARD500061,uses_card
A_CUST100045,M_MER100448,shops_at
A_CUST100045,L_Odisha,located_in
A_CUST100048,C_CARD500064,uses_card
A_CUST100048,M_MER100486,shops_at
A_CUST100048,L_Telangana,located_in
A_CUST100049,C_CARD500065,uses_card
A_CUST100049,M_MER100046,shops_at
A_CUST100049,L_Bihar,located_in
A_CUST100050,C_CARD500066,uses_card
A_CUST100050,M_MER100028,shops_at
A_CUST100050,L_Punjab,located_in
A_CUST100050,C_CARD500067,uses_card
A_CUST100050,M_MER100408,shops_at
A_CUST100051,C_CARD500069,uses_card
A_CUST100051,M_MER100397,shops_at
A_CUST100051,L_Assam,located_in
A_CUST100064,C_CARD500083,uses_card
A_CUST100064,M_MER100488,shops_at
A_CUST100064,L_Kerala,located_in
A_CUST100064,M_MER100210,shops_at
A_CUST100066,C_CARD500085,uses_card
A_CUST100066,M_MER100030,shops_at
A_CUST100066,L_Haryana,located_in
A_CUST100066,M_MER100062,shops_at
A_CUST100069,C_CARD500088,uses_card
A_CUST100069,M_MER100073,shops_at
A_CUST100069,L_Uttar Pradesh,located_in
A_CUST100078,C_CARD500098,uses_card
A_CUST100078,M_MER100477,shops_at
A_CUST100078,L_West Bengal,located_in
A_CUST100080,C_CARD500100,uses_card
A_CUST100080,M_MER100358,shops_at
A_CUST100080,L_Assam,located_in
A_CUST100081,C_CARD500102,uses_card
A_CUST100081,M_MER100182,shops_at
A_CUST100081,L_Haryana,located_in
A_CUST100088,C_CARD500112,uses_card
A_CUST100088,M_MER100225,shops_at
A_CUST100088,L_Rajasthan,located_in
A_CUST100094,C_CARD500119,uses_card
A_CUST100094,M_MER100036,shops_at
A_CUST100094,L_Telangana,located_in
A_CUST100094,C_CARD500120,uses_card
A_CUST100094,M_MER100090,shops_at
A_CUST100094,M_MER100311,shops_at
A_CUST100094,M_MER100231,shops_at
A_CUST100094,M_MER100032,shops_at
A_CUST100099,C_CARD500125,uses_card
A_CUST100099,M_MER100432,shops_at
A_CUST100099,L_Punjab,located_in
A_CUST100099,M_MER100357,shops_at
A_CUST100100,C_CARD500126,uses_card
A_CUST100100,M_MER100430,shops_at
A_CUST100100,L_Haryana,located_in
A_CUST100106,C_CARD500138,uses_card
A_CUST100106,M_MER100319,shops_at
A_CUST100106,L_Telangana,located_in
A_CUST100108,C_CARD500140,uses_card
A_CUST100108,M_MER100385,shops_at
A_CUST100108,L_Kerala,located_in
A_CUST100111,C_CARD500145,uses_card
A_CUST100111,M_MER100111,shops_at
A_CUST100111,L_Haryana,located_in
A_CUST100112,C_CARD500148,uses_card
A_CUST100112,M_MER100455,shops_at
A_CUST100112,L_Gujarat,located_in
A_CUST100112,M_MER100292,shops_at
A_CUST100112,C_CARD500147,uses_card
A_CUST100112,M_MER100027,shops_at
A_CUST100112,C_CARD500146,uses_card
A_CUST100112,M_MER100487,shops_at
A_CUST100112,M_MER100030,shops_at
A_CUST100112,M_MER100187,shops_at
A_CUST100112,M_MER100328,shops_at
A_CUST100112,M_MER100404,shops_at
A_CUST100114,C_CARD500150,uses_card
A_CUST100114,M_MER100162,shops_at
A_CUST100114,L_Haryana,located_in
A_CUST100114,M_MER100255,shops_at
A_CUST100126,C_CARD500164,uses_card
A_CUST100126,M_MER100216,shops_at
A_CUST100126,L_Odisha,located_in
A_CUST100130,C_CARD500169,uses_card
A_CUST100130,M_MER100235,shops_at
A_CUST100130,L_Kerala,located_in
A_CUST100135,C_CARD500174,uses_card
A_CUST100135,M_MER100115,shops_at
A_CUST100135,L_Uttar Pradesh,located_in
A_CUST100136,C_CARD500175,uses_card
A_CUST100136,M_MER100179,shops_at
A_CUST100136,L_Tamil Nadu,located_in
A_CUST100145,C_CARD500186,uses_card
A_CUST100145,M_MER100047,shops_at
A_CUST100145,L_Tamil Nadu,located_in
A_CUST100146,C_CARD500187,uses_card
A_CUST100146,M_MER100143,shops_at
A_CUST100146,L_Telangana,located_in
A_CUST100147,C_CARD500189,uses_card
A_CUST100147,M_MER100017,shops_at
A_CUST100147,L_Telangana,located_in
A_CUST100147,M_MER100046,shops_at
A_CUST100147,M_MER100111,shops_at
A_CUST100149,C_CARD500192,uses_card
A_CUST100149,M_MER100456,shops_at
A_CUST100149,L_Punjab,located_in
A_CUST100149,C_CARD500193,uses_card
A_CUST100149,M_MER100238,shops_at
A_CUST100150,C_CARD500194,uses_card
A_CUST100150,M_MER100386,shops_at
A_CUST100150,L_Kerala,located_in
A_CUST100157,C_CARD500202,uses_card
A_CUST100157,M_MER100086,shops_at
A_CUST100157,L_Bihar,located_in
A_CUST100158,C_CARD500204,uses_card
A_CUST100158,M_MER100456,shops_at
A_CUST100158,L_Kerala,located_in
A_CUST100160,C_CARD500208,uses_card
A_CUST100160,M_MER100340,shops_at
A_CUST100160,L_Telangana,located_in
A_CUST100160,M_MER100318,shops_at
A_CUST100160,M_MER100176,shops_at
A_CUST100160,M_MER100481,shops_at
A_CUST100167,C_CARD500217,uses_card
A_CUST100167,M_MER100205,shops_at
A_CUST100167,L_Kerala,located_in
A_CUST100167,M_MER100245,shops_at
A_CUST100172,C_CARD500225,uses_card
A_CUST100172,M_MER100446,shops_at
A_CUST100172,L_Odisha,located_in
A_CUST100173,C_CARD500226,uses_card
A_CUST100173,M_MER100441,shops_at
A_CUST100173,L_Rajasthan,located_in
A_CUST100175,C_CARD500230,uses_card
A_CUST100175,M_MER100312,shops_at
A_CUST100175,L_Rajasthan,located_in
A_CUST100175,M_MER100092,shops_at
A_CUST100176,C_CARD500231,uses_card
A_CUST100176,M_MER100399,shops_at
A_CUST100176,L_Madhya Pradesh,located_in
A_CUST100178,C_CARD500234,uses_card
A_CUST100178,M_MER100369,shops_at
A_CUST100178,L_Kerala,located_in
A_CUST100185,C_CARD500241,uses_card
A_CUST100185,M_MER100178,shops_at
A_CUST100185,L_Telangana,located_in
A_CUST100190,C_CARD500246,uses_card
A_CUST100190,M_MER100235,shops_at
A_CUST100190,L_West Bengal,located_in
A_CUST100200,C_CARD500257,uses_card
A_CUST100200,M_MER100186,shops_at
A_CUST100200,L_Odisha,located_in
A_CUST100206,C_CARD500264,uses_card
A_CUST100206,M_MER100341,shops_at
A_CUST100206,L_Uttar Pradesh,located_in
A_CUST100206,M_MER100038,shops_at
A_CUST100206,M_MER100426,shops_at
A_CUST100206,M_MER100450,shops_at
A_CUST100207,C_CARD500266,uses_card
A_CUST100207,M_MER100073,shops_at
A_CUST100207,L_West Bengal,located_in
A_CUST100207,M_MER100245,shops_at
A_CUST100207,M_MER100301,shops_at
A_CUST100208,C_CARD500267,uses_card
A_CUST100208,M_MER100092,shops_at
A_CUST100208,L_Uttar Pradesh,located_in
A_CUST100218,C_CARD500279,uses_card
A_CUST100218,M_MER100482,shops_at
A_CUST100218,L_Maharashtra,located_in
A_CUST100222,C_CARD500286,uses_card
A_CUST100222,M_MER100466,shops_at
A_CUST100222,L_Gujarat,located_in
A_CUST100223,C_CARD500287,uses_card
A_CUST100223,M_MER100351,shops_at
A_CUST100223,L_Haryana,located_in
A_CUST100225,C_CARD500289,uses_card
A_CUST100225,M_MER100102,shops_at
A_CUST100225,L_Rajasthan,located_in
A_CUST100230,C_CARD500297,uses_card
A_CUST100230,M_MER100059,shops_at
A_CUST100230,L_Karnataka,located_in
A_CUST100230,C_CARD500298,uses_card
A_CUST100230,M_MER100092,shops_at
A_CUST100230,M_MER100131,shops_at
A_CUST100230,M_MER100444,shops_at
A_CUST100242,C_CARD500312,uses_card
A_CUST100242,M_MER100181,shops_at
A_CUST100242,L_Karnataka,located_in
A_CUST100245,C_CARD500316,uses_card
A_CUST100245,M_MER100112,shops_at
A_CUST100245,L_Haryana,located_in
A_CUST100247,C_CARD500319,uses_card
A_CUST100247,M_MER100131,shops_at
A_CUST100247,L_West Bengal,located_in
A_CUST100248,C_CARD500321,uses_card
A_CUST100248,M_MER100474,shops_at
A_CUST100248,L_West Bengal,located_in
A_CUST100248,M_MER100169,shops_at
A_CUST100248,M_MER100016,shops_at
A_CUST100248,M_MER100450,shops_at
A_CUST100250,C_CARD500323,uses_card
A_CUST100250,M_MER100292,shops_at
A_CUST100250,L_Karnataka,located_in
A_CUST100250,M_MER100451,shops_at
A_CUST100251,C_CARD500325,uses_card
A_CUST100251,M_MER100390,shops_at
A_CUST100251,L_Punjab,located_in
A_CUST100251,C_CARD500324,uses_card
A_CUST100251,M_MER100068,shops_at
A_CUST100255,C_CARD500332,uses_card
A_CUST100255,M_MER100294,shops_at
A_CUST100255,L_Gujarat,located_in
A_CUST100255,M_MER100239,shops_at
A_CUST100255,M_MER100312,shops_at
A_CUST100257,C_CARD500335,uses_card
A_CUST100257,M_MER100406,shops_at
A_CUST100257,L_Rajasthan,located_in
A_CUST100257,C_CARD500336,uses_card
A_CUST100257,M_MER100266,shops_at
A_CUST100261,C_CARD500342,uses_card
A_CUST100261,M_MER100477,shops_at
A_CUST100261,L_West Bengal,located_in
A_CUST100261,M_MER100059,shops_at
A_CUST100263,C_CARD500346,uses_card
A_CUST100263,M_MER100092,shops_at
A_CUST100263,L_Odisha,located_in
A_CUST100264,C_CARD500347,uses_card
A_CUST100264,M_MER100288,shops_at
A_CUST100264,L_Rajasthan,located_in
A_CUST100266,C_CARD500349,uses_card
A_CUST100266,M_MER100452,shops_at
A_CUST100266,L_Uttar Pradesh,located_in
A_CUST100270,C_CARD500354,uses_card
A_CUST100270,M_MER100237,shops_at
A_CUST100270,L_Tamil Nadu,located_in
A_CUST100274,C_CARD500359,uses_card
A_CUST100274,M_MER100124,shops_at
A_CUST100274,L_Tamil Nadu,located_in
A_CUST100275,C_CARD500360,uses_card
A_CUST100275,M_MER100227,shops_at
A_CUST100275,L_West Bengal,located_in
A_CUST100275,M_MER100109,shops_at
A_CUST100279,C_CARD500366,uses_card
A_CUST100279,M_MER100313,shops_at
A_CUST100279,L_Karnataka,located_in
A_CUST100280,C_CARD500367,uses_card
A_CUST100280,M_MER100398,shops_at
A_CUST100280,L_West Bengal,located_in
A_CUST100280,M_MER100106,shops_at
A_CUST100281,C_CARD500368,uses_card
A_CUST100281,M_MER100191,shops_at
A_CUST100281,L_Maharashtra,located_in
A_CUST100281,C_CARD500369,uses_card
A_CUST100281,M_MER100367,shops_at
A_CUST100283,C_CARD500371,uses_card
A_CUST100283,M_MER100055,shops_at
A_CUST100283,L_Telangana,located_in
A_CUST100299,C_CARD500391,uses_card
A_CUST100299,M_MER100105,shops_at
A_CUST100299,L_Bihar,located_in
A_CUST100299,M_MER100404,shops_at
A_CUST100300,C_CARD500393,uses_card
A_CUST100300,M_MER100083,shops_at
A_CUST100300,L_Rajasthan,located_in
A_CUST100302,C_CARD500397,uses_card
A_CUST100302,M_MER100228,shops_at
A_CUST100302,L_Gujarat,located_in
A_CUST100302,C_CARD500396,uses_card
A_CUST100302,M_MER100365,shops_at
A_CUST100309,C_CARD500405,uses_card
A_CUST100309,M_MER100360,shops_at
A_CUST100309,L_West Bengal,located_in
A_CUST100309,M_MER100474,shops_at
A_CUST100309,M_MER100138,shops_at
A_CUST100309,C_CARD500404,uses_card
A_CUST100309,M_MER100499,shops_at
A_CUST100316,C_CARD500414,uses_card
A_CUST100316,M_MER100302,shops_at
A_CUST100316,L_Maharashtra,located_in
A_CUST100323,C_CARD500424,uses_card
A_CUST100323,M_MER100126,shops_at
A_CUST100323,L_West Bengal,located_in
A_CUST100325,C_CARD500427,uses_card
A_CUST100325,M_MER100369,shops_at
A_CUST100325,L_Assam,located_in
A_CUST100331,C_CARD500433,uses_card
A_CUST100331,M_MER100092,shops_at
A_CUST100331,L_Maharashtra,located_in
A_CUST100347,C_CARD500450,uses_card
A_CUST100347,M_MER100331,shops_at
A_CUST100347,L_Karnataka,located_in
A_CUST100349,C_CARD500454,uses_card
A_CUST100349,M_MER100397,shops_at
A_CUST100349,L_Tamil Nadu,located_in
A_CUST100351,C_CARD500459,uses_card
A_CUST100351,M_MER100095,shops_at
A_CUST100351,L_Uttar Pradesh,located_in
A_CUST100351,C_CARD500457,uses_card
A_CUST100351,M_MER100141,shops_at
A_CUST100352,C_CARD500461,uses_card
A_CUST100352,M_MER100438,shops_at
A_CUST100352,L_Rajasthan,located_in
A_CUST100353,C_CARD500463,uses_card
A_CUST100353,M_MER100208,shops_at
A_CUST100353,L_Karnataka,located_in
A_CUST100356,C_CARD500468,uses_card
A_CUST100356,M_MER100244,shops_at
A_CUST100356,L_Uttar Pradesh,located_in
A_CUST100356,M_MER100436,shops_at
A_CUST100358,C_CARD500472,uses_card
A_CUST100358,M_MER100314,shops_at
A_CUST100358,L_Karnataka,located_in
A_CUST100358,M_MER100493,shops_at
A_CUST100359,C_CARD500473,uses_card
A_CUST100359,M_MER100461,shops_at
A_CUST100359,L_Punjab,located_in
A_CUST100362,C_CARD500477,uses_card
A_CUST100362,M_MER100349,shops_at
A_CUST100362,L_Madhya Pradesh,located_in
A_CUST100363,C_CARD500478,uses_card
A_CUST100363,M_MER100218,shops_at
A_CUST100363,L_Karnataka,located_in
A_CUST100363,M_MER100488,shops_at
A_CUST100372,C_CARD500487,uses_card
A_CUST100372,M_MER100369,shops_at
A_CUST100372,L_West Bengal,located_in
A_CUST100373,C_CARD500489,uses_card
A_CUST100373,M_MER100244,shops_at
A_CUST100373,L_West Bengal,located_in
A_CUST100373,C_CARD500488,uses_card
A_CUST100373,M_MER100394,shops_at
A_CUST100373,M_MER100140,shops_at
A_CUST100373,M_MER100065,shops_at
A_CUST100377,C_CARD500494,uses_card
A_CUST100377,M_MER100364,shops_at
A_CUST100377,L_Bihar,located_in
A_CUST100393,C_CARD500514,uses_card
A_CUST100393,M_MER100152,shops_at
A_CUST100393,L_Rajasthan,located_in
A_CUST100397,C_CARD500519,uses_card
A_CUST100397,M_MER100333,shops_at
A_CUST100397,L_Tamil Nadu,located_in
A_CUST100397,M_MER100401,shops_at
A_CUST100399,C_CARD500522,uses_card
A_CUST100399,M_MER100492,shops_at
A_CUST100399,L_Telangana,located_in
A_CUST100400,C_CARD500523,uses_card
A_CUST100400,M_MER100367,shops_at
A_CUST100400,L_Bihar,located_in
A_CUST100404,C_CARD500530,uses_card
A_CUST100404,M_MER100249,shops_at
A_CUST100404,L_West Bengal,located_in
A_CUST100405,C_CARD500531,uses_card
A_CUST100405,M_MER100025,shops_at
A_CUST100405,L_West Bengal,located_in
A_CUST100406,C_CARD500532,uses_card
A_CUST100406,M_MER100281,shops_at
A_CUST100406,L_Odisha,located_in
A_CUST100407,C_CARD500534,uses_card
A_CUST100407,M_MER100138,shops_at
A_CUST100407,L_Punjab,located_in
A_CUST100410,C_CARD500538,uses_card
A_CUST100410,M_MER100448,shops_at
A_CUST100410,L_Karnataka,located_in
A_CUST100411,C_CARD500541,uses_card
A_CUST100411,M_MER100424,shops_at
A_CUST100411,L_Haryana,located_in
A_CUST100411,M_MER100254,shops_at
A_CUST100411,M_MER100061,shops_at
A_CUST100411,M_MER100132,shops_at
A_CUST100414,C_CARD500546,uses_card
A_CUST100414,M_MER100144,shops_at
A_CUST100414,L_Gujarat,located_in
A_CUST100416,C_CARD500548,uses_card
A_CUST100416,M_MER100179,shops_at
A_CUST100416,L_Karnataka,located_in
A_CUST100416,M_MER100014,shops_at
A_CUST100422,C_CARD500557,uses_card
A_CUST100422,M_MER100250,shops_at
A_CUST100422,L_Kerala,located_in
A_CUST100423,C_CARD500558,uses_card
A_CUST100423,M_MER100340,shops_at
A_CUST100423,L_Telangana,located_in
A_CUST100423,M_MER100029,shops_at
A_CUST100426,C_CARD500561,uses_card
A_CUST100426,M_MER100271,shops_at
A_CUST100426,L_Rajasthan,located_in
A_CUST100426,C_CARD500562,uses_card
A_CUST100426,M_MER100199,shops_at
A_CUST100428,C_CARD500565,uses_card
A_CUST100428,M_MER100424,shops_at
A_CUST100428,L_Uttar Pradesh,located_in
A_CUST100428,M_MER100022,shops_at
A_CUST100428,M_MER100332,shops_at
A_CUST100431,C_CARD500568,uses_card
A_CUST100431,M_MER100447,shops_at
A_CUST100431,L_Tamil Nadu,located_in
A_CUST100435,C_CARD500575,uses_card
A_CUST100435,M_MER100204,shops_at
A_CUST100435,L_Tamil Nadu,located_in
A_CUST100435,M_MER100427,shops_at
A_CUST100435,M_MER100220,shops_at
A_CUST100445,C_CARD500587,uses_card
A_CUST100445,M_MER100249,shops_at
A_CUST100445,L_Assam,located_in
A_CUST100448,C_CARD500590,uses_card
A_CUST100448,M_MER100179,shops_at
A_CUST100448,L_Odisha,located_in
A_CUST100454,C_CARD500597,uses_card
A_CUST100454,M_MER100359,shops_at
A_CUST100454,L_Kerala,located_in
A_CUST100455,C_CARD500598,uses_card
A_CUST100455,M_MER100138,shops_at
A_CUST100455,L_Kerala,located_in
A_CUST100456,C_CARD500600,uses_card
A_CUST100456,M_MER100162,shops_at
A_CUST100456,L_Karnataka,located_in
A_CUST100461,C_CARD500605,uses_card
A_CUST100461,M_MER100398,shops_at
A_CUST100461,L_Bihar,located_in
A_CUST100465,C_CARD500610,uses_card
A_CUST100465,M_MER100237,shops_at
A_CUST100465,L_Uttar Pradesh,located_in
A_CUST100466,C_CARD500612,uses_card
A_CUST100466,M_MER100102,shops_at
A_CUST100466,L_Rajasthan,located_in
A_CUST100468,C_CARD500615,uses_card
A_CUST100468,M_MER100286,shops_at
A_CUST100468,L_West Bengal,located_in
A_CUST100468,M_MER100146,shops_at
A_CUST100471,C_CARD500619,uses_card
A_CUST100471,M_MER100254,shops_at
A_CUST100471,L_Bihar,located_in
A_CUST100475,C_CARD500624,uses_card
A_CUST100475,M_MER100457,shops_at
A_CUST100475,L_West Bengal,located_in
A_CUST100475,C_CARD500623,uses_card
A_CUST100475,M_MER100443,shops_at
A_CUST100475,M_MER100042,shops_at
A_CUST100476,C_CARD500626,uses_card
A_CUST100476,M_MER100275,shops_at
A_CUST100476,L_Gujarat,located_in
A_CUST100476,M_MER100288,shops_at
A_CUST100476,C_CARD500625,uses_card
A_CUST100476,M_MER100254,shops_at
A_CUST100479,C_CARD500629,uses_card
A_CUST100479,M_MER100072,shops_at
A_CUST100479,L_Madhya Pradesh,located_in
A_CUST100484,C_CARD500635,uses_card
A_CUST100484,M_MER100194,shops_at
A_CUST100484,L_Madhya Pradesh,located_in
A_CUST100484,C_CARD500636,uses_card
A_CUST100484,M_MER100262,shops_at
A_CUST100484,M_MER100463,shops_at
A_CUST100486,C_CARD500639,uses_card
A_CUST100486,M_MER100214,shops_at
A_CUST100486,L_Bihar,located_in
A_CUST100489,C_CARD500643,uses_card
A_CUST100489,M_MER100171,shops_at
A_CUST100489,L_Tamil Nadu,located_in
A_CUST100492,C_CARD500648,uses_card
A_CUST100492,M_MER100102,shops_at
A_CUST100492,L_Gujarat,located_in
A_CUST100492,C_CARD500649,uses_card
A_CUST100492,M_MER100431,shops_at
A_CUST100492,M_MER100385,shops_at
A_CUST100492,M_MER100212,shops_at
A_CUST100492,M_MER100138,shops_at
A_CUST100495,C_CARD500653,uses_card
A_CUST100495,M_MER100144,shops_at
A_CUST100495,L_Karnataka,located_in
A_CUST100496,C_CARD500654,uses_card
A_CUST100496,M_MER100405,shops_at
A_CUST100496,L_West Bengal,located_in
A_CUST100496,C_CARD500655,uses_card
A_CUST100496,M_MER100403,shops_at
A_CUST100496,M_MER100318,shops_at
A_CUST100499,C_CARD500659,uses_card
A_CUST100499,M_MER100226,shops_at
A_CUST100499,L_Maharashtra,located_in
A_CUST100502,C_CARD500663,uses_card
A_CUST100502,M_MER100188,shops_at
A_CUST100502,L_Kerala,located_in
A_CUST100502,C_CARD500662,uses_card
A_CUST100502,M_MER100374,shops_at
A_CUST100503,C_CARD500664,uses_card
A_CUST100503,M_MER100291,shops_at
A_CUST100503,L_Kerala,located_in
A_CUST100503,M_MER100358,shops_at
A_CUST100504,C_CARD500665,uses_card
A_CUST100504,M_MER100191,shops_at
A_CUST100504,L_Tamil Nadu,located_in
A_CUST100504,C_CARD500666,uses_card
A_CUST100504,M_MER100253,shops_at
A_CUST100504,M_MER100152,shops_at
A_CUST100506,C_CARD500670,uses_card
A_CUST100506,M_MER100106,shops_at
A_CUST100506,L_Uttar Pradesh,located_in
A_CUST100506,M_MER100237,shops_at
A_CUST100507,C_CARD500671,uses_card
A_CUST100507,M_MER100181,shops_at
A_CUST100507,L_West Bengal,located_in
A_CUST100508,C_CARD500673,uses_card
A_CUST100508,M_MER100237,shops_at
A_CUST100508,L_Kerala,located_in
A_CUST100508,M_MER100382,shops_at
A_CUST100514,C_CARD500680,uses_card
A_CUST100514,M_MER100383,shops_at
A_CUST100514,L_Bihar,located_in
A_CUST100514,M_MER100106,shops_at
A_CUST100517,C_CARD500685,uses_card
A_CUST100517,M_MER100004,shops_at
A_CUST100517,L_Gujarat,located_in
A_CUST100517,C_CARD500686,uses_card
A_CUST100517,M_MER100428,shops_at
A_CUST100517,C_CARD500687,uses_card
A_CUST100517,M_MER100426,shops_at
A_CUST100520,C_CARD500690,uses_card
A_CUST100520,M_MER100253,shops_at
A_CUST100520,L_Bihar,located_in
A_CUST100520,M_MER100189,shops_at
A_CUST100524,C_CARD500694,uses_card
A_CUST100524,M_MER100175,shops_at
A_CUST100524,L_Assam,located_in
A_CUST100525,C_CARD500696,uses_card
A_CUST100525,M_MER100226,shops_at
A_CUST100525,L_Madhya Pradesh,located_in
A_CUST100525,M_MER100224,shops_at
A_CUST100526,C_CARD500698,uses_card
A_CUST100526,M_MER100397,shops_at
A_CUST100526,L_Odisha,located_in
A_CUST100530,C_CARD500703,uses_card
A_CUST100530,M_MER100047,shops_at
A_CUST100530,L_Tamil Nadu,located_in
A_CUST100533,C_CARD500707,uses_card
A_CUST100533,M_MER100088,shops_at
A_CUST100533,L_Punjab,located_in
A_CUST100534,C_CARD500708,uses_card
A_CUST100534,M_MER100173,shops_at
A_CUST100534,L_Telangana,located_in
A_CUST100534,M_MER100181,shops_at
A_CUST100534,M_MER100092,shops_at
A_CUST100536,C_CARD500711,uses_card
A_CUST100536,M_MER100026,shops_at
A_CUST100536,L_Gujarat,located_in
A_CUST100543,C_CARD500721,uses_card
A_CUST100543,M_MER100406,shops_at
A_CUST100543,L_Rajasthan,located_in
A_CUST100543,M_MER100349,shops_at
A_CUST100543,M_MER100462,shops_at
A_CUST100543,M_MER100328,shops_at
A_CUST100544,C_CARD500722,uses_card
A_CUST100544,M_MER100141,shops_at
A_CUST100544,L_Tamil Nadu,located_in
A_CUST100544,M_MER100198,shops_at
A_CUST100544,M_MER100217,shops_at
A_CUST100554,C_CARD500736,uses_card
A_CUST100554,M_MER100254,shops_at
A_CUST100554,L_Madhya Pradesh,located_in
A_CUST100554,M_MER100081,shops_at
A_CUST100555,C_CARD500739,uses_card
A_CUST100555,M_MER100090,shops_at
A_CUST100555,L_Gujarat,located_in
A_CUST100555,M_MER100362,shops_at
A_CUST100560,C_CARD500747,uses_card
A_CUST100560,M_MER100167,shops_at
A_CUST100560,L_Kerala,located_in
A_CUST100565,C_CARD500752,uses_card
A_CUST100565,M_MER100207,shops_at
A_CUST100565,L_Haryana,located_in
A_CUST100573,C_CARD500761,uses_card
A_CUST100573,M_MER100029,shops_at
A_CUST100573,L_Uttar Pradesh,located_in
A_CUST100576,C_CARD500765,uses_card
A_CUST100576,M_MER100376,shops_at
A_CUST100576,L_Tamil Nadu,located_in
A_CUST100576,C_CARD500764,uses_card
A_CUST100576,M_MER100022,shops_at
A_CUST100578,C_CARD500768,uses_card
A_CUST100578,M_MER100218,shops_at
A_CUST100578,L_Assam,located_in
A_CUST100584,C_CARD500776,uses_card
A_CUST100584,M_MER100077,shops_at
A_CUST100584,L_Haryana,located_in
A_CUST100585,C_CARD500779,uses_card
A_CUST100585,M_MER100326,shops_at
A_CUST100585,L_Telangana,located_in
A_CUST100585,M_MER100442,shops_at
A_CUST100587,C_CARD500781,uses_card
A_CUST100587,M_MER100070,shops_at
A_CUST100587,L_Uttar Pradesh,located_in
A_CUST100588,C_CARD500783,uses_card
A_CUST100588,M_MER100102,shops_at
A_CUST100588,L_Uttar Pradesh,located_in
A_CUST100591,C_CARD500786,uses_card
A_CUST100591,M_MER100059,shops_at
A_CUST100591,L_Rajasthan,located_in
A_CUST100598,C_CARD500794,uses_card
A_CUST100598,M_MER100189,shops_at
A_CUST100598,L_Haryana,located_in
A_CUST100608,C_CARD500807,uses_card
A_CUST100608,M_MER100183,shops_at
A_CUST100608,L_Maharashtra,located_in
A_CUST100611,C_CARD500811,uses_card
A_CUST100611,M_MER100369,shops_at
A_CUST100611,L_West Bengal,located_in
A_CUST100614,C_CARD500814,uses_card
A_CUST100614,M_MER100140,shops_at
A_CUST100614,L_Tamil Nadu,located_in
A_CUST100622,C_CARD500824,uses_card
A_CUST100622,M_MER100090,shops_at
A_CUST100622,L_Maharashtra,located_in
A_CUST100622,M_MER100359,shops_at
A_CUST100624,C_CARD500828,uses_card
A_CUST100624,M_MER100069,shops_at
A_CUST100624,L_Rajasthan,located_in
A_CUST100626,C_CARD500831,uses_card
A_CUST100626,M_MER100234,shops_at
A_CUST100626,L_Telangana,located_in
A_CUST100626,M_MER100257,shops_at
A_CUST100626,M_MER100082,shops_at
A_CUST100633,C_CARD500840,uses_card
A_CUST100633,M_MER100235,shops_at
A_CUST100633,L_Punjab,located_in
A_CUST100634,C_CARD500841,uses_card
A_CUST100634,M_MER100199,shops_at
A_CUST100634,L_Haryana,located_in
A_CUST100634,M_MER100047,shops_at
A_CUST100640,C_CARD500847,uses_card
A_CUST100640,M_MER100130,shops_at
A_CUST100640,L_Odisha,located_in
A_CUST100644,C_CARD500852,uses_card
A_CUST100644,M_MER100051,shops_at
A_CUST100644,L_Odisha,located_in
A_CUST100645,C_CARD500854,uses_card
A_CUST100645,M_MER100046,shops_at
A_CUST100645,L_Telangana,located_in
A_CUST100645,M_MER100305,shops_at
A_CUST100646,C_CARD500855,uses_card
A_CUST100646,M_MER100077,shops_at
A_CUST100646,L_Karnataka,located_in
A_CUST100651,C_CARD500862,uses_card
A_CUST100651,M_MER100447,shops_at
A_CUST100651,L_Odisha,located_in
A_CUST100658,C_CARD500872,uses_card
A_CUST100658,M_MER100338,shops_at
A_CUST100658,L_Haryana,located_in
A_CUST100658,M_MER100104,shops_at
A_CUST100658,C_CARD500873,uses_card
A_CUST100658,M_MER100238,shops_at
A_CUST100661,C_CARD500876,uses_card
A_CUST100661,M_MER100456,shops_at
A_CUST100661,L_West Bengal,located_in
A_CUST100665,C_CARD500880,uses_card
A_CUST100665,M_MER100325,shops_at
A_CUST100665,L_Uttar Pradesh,located_in
A_CUST100669,C_CARD500886,uses_card
A_CUST100669,M_MER100108,shops_at
A_CUST100669,L_West Bengal,located_in
A_CUST100673,C_CARD500893,uses_card
A_CUST100673,M_MER100413,shops_at
A_CUST100673,L_Karnataka,located_in
A_CUST100681,C_CARD500905,uses_card
A_CUST100681,M_MER100278,shops_at
A_CUST100681,L_West Bengal,located_in
A_CUST100683,C_CARD500908,uses_card
A_CUST100683,M_MER100486,shops_at
A_CUST100683,L_Karnataka,located_in
A_CUST100683,C_CARD500909,uses_card
A_CUST100683,M_MER100319,shops_at
A_CUST100683,C_CARD500910,uses_card
A_CUST100683,M_MER100444,shops_at
A_CUST100687,C_CARD500914,uses_card
A_CUST100687,M_MER100404,shops_at
A_CUST100687,L_Assam,located_in
A_CUST100687,M_MER100239,shops_at
A_CUST100699,C_CARD500932,uses_card
A_CUST100699,M_MER100318,shops_at
A_CUST100699,L_Punjab,located_in
A_CUST100699,M_MER100214,shops_at
A_CUST100699,M_MER100205,shops_at
A_CUST100699,M_MER100306,shops_at
A_CUST100699,C_CARD500931,uses_card
A_CUST100699,M_MER100303,shops_at
A_CUST100700,C_CARD500933,uses_card
A_CUST100700,M_MER100209,shops_at
A_CUST100700,L_Madhya Pradesh,located_in
A_CUST100707,C_CARD500940,uses_card
A_CUST100707,M_MER100115,shops_at
A_CUST100707,L_Assam,located_in
A_CUST100714,C_CARD500949,uses_card
A_CUST100714,M_MER100108,shops_at
A_CUST100714,L_Telangana,located_in
A_CUST100720,C_CARD500955,uses_card
A_CUST100720,M_MER100456,shops_at
A_CUST100720,L_Rajasthan,located_in
A_CUST100722,C_CARD500958,uses_card
A_CUST100722,M_MER100144,shops_at
A_CUST100722,L_Assam,located_in
A_CUST100722,M_MER100175,shops_at
A_CUST100722,M_MER100356,shops_at
A_CUST100723,C_CARD500959,uses_card
A_CUST100723,M_MER100028,shops_at
A_CUST100723,L_West Bengal,located_in
A_CUST100724,C_CARD500961,uses_card
A_CUST100724,M_MER100158,shops_at
A_CUST100724,L_Kerala,located_in
A_CUST100727,C_CARD500964,uses_card
A_CUST100727,M_MER100250,shops_at
A_CUST100727,L_Rajasthan,located_in
A_CUST100731,C_CARD500969,uses_card
A_CUST100731,M_MER100134,shops_at
A_CUST100731,L_West Bengal,located_in
A_CUST100741,C_CARD500981,uses_card
A_CUST100741,M_MER100059,shops_at
A_CUST100741,L_West Bengal,located_in
A_CUST100741,C_CARD500980,uses_card
A_CUST100741,M_MER100262,shops_at
A_CUST100742,C_CARD500982,uses_card
A_CUST100742,M_MER100383,shops_at
A_CUST100742,L_Haryana,located_in
A_CUST100751,C_CARD500992,uses_card
A_CUST100751,M_MER100154,shops_at
A_CUST100751,L_Gujarat,located_in
A_CUST100753,C_CARD500995,uses_card
A_CUST100753,M_MER100345,shops_at
A_CUST100753,L_Bihar,located_in
A_CUST100758,C_CARD501001,uses_card
A_CUST100758,M_MER100105,shops_at
A_CUST100758,L_Telangana,located_in
A_CUST100758,M_MER100048,shops_at
A_CUST100758,M_MER100036,shops_at
A_CUST100763,C_CARD501010,uses_card
A_CUST100763,M_MER100412,shops_at
A_CUST100763,L_Haryana,located_in
A_CUST100765,C_CARD501012,uses_card
A_CUST100765,M_MER100008,shops_at
A_CUST100765,L_West Bengal,located_in
A_CUST100765,M_MER100261,shops_at
A_CUST100768,C_CARD501015,uses_card
A_CUST100768,M_MER100265,shops_at
A_CUST100768,L_West Bengal,located_in
A_CUST100769,C_CARD501017,uses_card
A_CUST100769,M_MER100333,shops_at
A_CUST100769,L_Karnataka,located_in
A_CUST100774,C_CARD501022,uses_card
A_CUST100774,M_MER100439,shops_at
A_CUST100774,L_Uttar Pradesh,located_in
A_CUST100775,C_CARD501023,uses_card
A_CUST100775,M_MER100066,shops_at
A_CUST100775,L_Uttar Pradesh,located_in
A_CUST100775,M_MER100367,shops_at
A_CUST100785,C_CARD501037,uses_card
A_CUST100785,M_MER100059,shops_at
A_CUST100785,L_West Bengal,located_in
A_CUST100785,M_MER100019,shops_at
A_CUST100787,C_CARD501041,uses_card
A_CUST100787,M_MER100320,shops_at
A_CUST100787,L_Uttar Pradesh,located_in
A_CUST100788,C_CARD501043,uses_card
A_CUST100788,M_MER100444,shops_at
A_CUST100788,L_Tamil Nadu,located_in
A_CUST100788,C_CARD501042,uses_card
A_CUST100788,M_MER100190,shops_at
A_CUST100796,C_CARD501052,uses_card
A_CUST100796,M_MER100137,shops_at
A_CUST100796,L_Gujarat,located_in
A_CUST100798,C_CARD501055,uses_card
A_CUST100798,M_MER100132,shops_at
A_CUST100798,L_Gujarat,located_in
A_CUST100801,C_CARD501059,uses_card
A_CUST100801,M_MER100451,shops_at
A_CUST100801,L_Maharashtra,located_in
A_CUST100805,C_CARD501066,uses_card
A_CUST100805,M_MER100353,shops_at
A_CUST100805,L_West Bengal,located_in
A_CUST100806,C_CARD501067,uses_card
A_CUST100806,M_MER100493,shops_at
A_CUST100806,L_Gujarat,located_in
A_CUST100810,C_CARD501073,uses_card
A_CUST100810,M_MER100157,shops_at
A_CUST100810,L_Kerala,located_in
A_CUST100810,M_MER100365,shops_at
A_CUST100813,C_CARD501076,uses_card
A_CUST100813,M_MER100499,shops_at
A_CUST100813,L_Madhya Pradesh,located_in
A_CUST100815,C_CARD501079,uses_card
A_CUST100815,M_MER100229,shops_at
A_CUST100815,L_Rajasthan,located_in
A_CUST100830,C_CARD501096,uses_card
A_CUST100830,M_MER100249,shops_at
A_CUST100830,L_Punjab,located_in
A_CUST100833,C_CARD501100,uses_card
A_CUST100833,M_MER100232,shops_at
A_CUST100833,L_Telangana,located_in
A_CUST100834,C_CARD501101,uses_card
A_CUST100834,M_MER100233,shops_at
A_CUST100834,L_Assam,located_in
A_CUST100844,C_CARD501113,uses_card
A_CUST100844,M_MER100305,shops_at
A_CUST100844,L_Telangana,located_in
A_CUST100848,C_CARD501118,uses_card
A_CUST100848,M_MER100237,shops_at
A_CUST100848,L_Assam,located_in
A_CUST100848,C_CARD501117,uses_card
A_CUST100848,M_MER100360,shops_at
A_CUST100851,C_CARD501123,uses_card
A_CUST100851,M_MER100351,shops_at
A_CUST100851,L_Uttar Pradesh,located_in
A_CUST100854,C_CARD501126,uses_card
A_CUST100854,M_MER100131,shops_at
A_CUST100854,L_Haryana,located_in
A_CUST100855,C_CARD501128,uses_card
A_CUST100855,M_MER100249,shops_at
A_CUST100855,L_Assam,located_in
A_CUST100859,C_CARD501133,uses_card
A_CUST100859,M_MER100179,shops_at
A_CUST100859,L_Uttar Pradesh,located_in
A_CUST100862,C_CARD501136,uses_card
A_CUST100862,M_MER100167,shops_at
A_CUST100862,L_Tamil Nadu,located_in
A_CUST100865,C_CARD501139,uses_card
A_CUST100865,M_MER100042,shops_at
A_CUST100865,L_Punjab,located_in
A_CUST100867,C_CARD501143,uses_card
A_CUST100867,M_MER100237,shops_at
A_CUST100867,L_Uttar Pradesh,located_in
A_CUST100867,M_MER100249,shops_at
A_CUST100869,C_CARD501145,uses_card
A_CUST100869,M_MER100060,shops_at
A_CUST100869,L_Gujarat,located_in
A_CUST100877,C_CARD501158,uses_card
A_CUST100877,M_MER100208,shops_at
A_CUST100877,L_Assam,located_in
A_CUST100882,C_CARD501163,uses_card
A_CUST100882,M_MER100278,shops_at
A_CUST100882,L_Tamil Nadu,located_in
A_CUST100885,C_CARD501167,uses_card
A_CUST100885,M_MER100391,shops_at
A_CUST100885,L_Telangana,located_in
A_CUST100889,C_CARD501172,uses_card
A_CUST100889,M_MER100358,shops_at
A_CUST100889,L_Telangana,located_in
A_CUST100893,C_CARD501177,uses_card
A_CUST100893,M_MER100346,shops_at
A_CUST100893,L_Telangana,located_in
A_CUST100893,M_MER100443,shops_at
A_CUST100896,C_CARD501180,uses_card
A_CUST100896,M_MER100047,shops_at
A_CUST100896,L_West Bengal,located_in
A_CUST100896,C_CARD501181,uses_card
A_CUST100896,M_MER100291,shops_at
A_CUST100903,C_CARD501188,uses_card
A_CUST100903,M_MER100022,shops_at
A_CUST100903,L_Bihar,located_in
A_CUST100904,C_CARD501191,uses_card
A_CUST100904,M_MER100247,shops_at
A_CUST100904,L_Karnataka,located_in
A_CUST100904,M_MER100401,shops_at
A_CUST100904,M_MER100451,shops_at
A_CUST100904,M_MER100260,shops_at
A_CUST100906,C_CARD501193,uses_card
A_CUST100906,M_MER100262,shops_at
A_CUST100906,L_Gujarat,located_in
A_CUST100911,C_CARD501199,uses_card
A_CUST100911,M_MER100389,shops_at
A_CUST100911,L_Rajasthan,located_in
A_CUST100915,C_CARD501203,uses_card
A_CUST100915,M_MER100140,shops_at
A_CUST100915,L_Madhya Pradesh,located_in
A_CUST100917,C_CARD501207,uses_card
A_CUST100917,M_MER100312,shops_at
A_CUST100917,L_Telangana,located_in
A_CUST100919,C_CARD501209,uses_card
A_CUST100919,M_MER100368,shops_at
A_CUST100919,L_West Bengal,located_in
A_CUST100920,C_CARD501210,uses_card
A_CUST100920,M_MER100138,shops_at
A_CUST100920,L_Bihar,located_in
A_CUST100920,M_MER100102,shops_at
A_CUST100922,C_CARD501213,uses_card
A_CUST100922,M_MER100282,shops_at
A_CUST100922,L_Kerala,located_in
A_CUST100929,C_CARD501221,uses_card
A_CUST100929,M_MER100490,shops_at
A_CUST100929,L_West Bengal,located_in
A_CUST100929,M_MER100138,shops_at
A_CUST100929,M_MER100492,shops_at
A_CUST100934,C_CARD501229,uses_card
A_CUST100934,M_MER100271,shops_at
A_CUST100934,L_Odisha,located_in
A_CUST100934,C_CARD501228,uses_card
A_CUST100934,M_MER100201,shops_at
A_CUST100934,M_MER100490,shops_at
A_CUST100950,C_CARD501249,uses_card
A_CUST100950,M_MER100336,shops_at
A_CUST100950,L_Haryana,located_in
A_CUST100950,C_CARD501247,uses_card
A_CUST100950,M_MER100043,shops_at
A_CUST100952,C_CARD501252,uses_card
A_CUST100952,M_MER100059,shops_at
A_CUST100952,L_Odisha,located_in
A_CUST100953,C_CARD501255,uses_card
A_CUST100953,M_MER100310,shops_at
A_CUST100953,L_Maharashtra,located_in
A_CUST100953,C_CARD501253,uses_card
A_CUST100953,M_MER100121,shops_at
A_CUST100953,M_MER100492,shops_at
A_CUST100955,C_CARD501258,uses_card
A_CUST100955,M_MER100421,shops_at
A_CUST100955,L_Odisha,located_in
A_CUST100962,C_CARD501267,uses_card
A_CUST100962,M_MER100352,shops_at
A_CUST100962,L_Uttar Pradesh,located_in
A_CUST100962,M_MER100368,shops_at
A_CUST100966,C_CARD501272,uses_card
A_CUST100966,M_MER100261,shops_at
A_CUST100966,L_Tamil Nadu,located_in
A_CUST100966,C_CARD501271,uses_card
A_CUST100966,M_MER100382,shops_at
A_CUST100966,M_MER100047,shops_at
A_CUST100971,C_CARD501279,uses_card
A_CUST100971,M_MER100369,shops_at
A_CUST100971,L_Madhya Pradesh,located_in
A_CUST100971,M_MER100365,shops_at
A_CUST100971,M_MER100138,shops_at
A_CUST100972,C_CARD501280,uses_card
A_CUST100972,M_MER100166,shops_at
A_CUST100972,L_Assam,located_in
A_CUST100980,C_CARD501290,uses_card
A_CUST100980,M_MER100217,shops_at
A_CUST100980,L_West Bengal,located_in
A_CUST100980,M_MER100300,shops_at
A_CUST100983,C_CARD501293,uses_card
A_CUST100983,M_MER100444,shops_at
A_CUST100983,L_Haryana,located_in
A_CUST100986,C_CARD501296,uses_card
A_CUST100986,M_MER100120,shops_at
A_CUST100986,L_Assam,located_in
A_CUST100995,C_CARD501306,uses_card
A_CUST100995,M_MER100491,shops_at
A_CUST100995,L_West Bengal,located_in
A_CUST100995,M_MER100391,shops_at
A_CUST100996,C_CARD501308,uses_card
A_CUST100996,M_MER100022,shops_at
A_CUST100996,L_Karnataka,located_in
A_CUST100998,C_CARD501311,uses_card
A_CUST100998,M_MER100012,shops_at
A_CUST100998,L_Gujarat,located_in
A_CUST101012,C_CARD501326,uses_card
A_CUST101012,M_MER100076,shops_at
A_CUST101012,L_Assam,located_in
A_CUST101012,C_CARD501327,uses_card
A_CUST101012,M_MER100352,shops_at
A_CUST101018,C_CARD501334,uses_card
A_CUST101018,M_MER100484,shops_at
A_CUST101018,L_Uttar Pradesh,located_in
A_CUST101025,C_CARD501343,uses_card
A_CUST101025,M_MER100127,shops_at
A_CUST101025,L_Maharashtra,located_in
A_CUST101033,C_CARD501352,uses_card
A_CUST101033,M_MER100240,shops_at
A_CUST101033,L_Bihar,located_in
A_CUST101033,C_CARD501351,uses_card
A_CUST101033,M_MER100105,shops_at
A_CUST101034,C_CARD501354,uses_card
A_CUST101034,M_MER100304,shops_at
A_CUST101034,L_Tamil Nadu,located_in
A_CUST101035,C_CARD501356,uses_card
A_CUST101035,M_MER100384,shops_at
A_CUST101035,L_Madhya Pradesh,located_in
A_CUST101036,C_CARD501357,uses_card
A_CUST101036,M_MER100219,shops_at
A_CUST101036,L_Uttar Pradesh,located_in
A_CUST101036,C_CARD501358,uses_card
A_CUST101036,M_MER100331,shops_at
A_CUST101043,C_CARD501366,uses_card
A_CUST101043,M_MER100360,shops_at
A_CUST101043,L_Uttar Pradesh,located_in
A_CUST101049,C_CARD501372,uses_card
A_CUST101049,M_MER100073,shops_at
A_CUST101049,L_Rajasthan,located_in
A_CUST101050,C_CARD501374,uses_card
A_CUST101050,M_MER100382,shops_at
A_CUST101050,L_Haryana,located_in
A_CUST101054,C_CARD501379,uses_card
A_CUST101054,M_MER100365,shops_at
A_CUST101054,L_Karnataka,located_in
A_CUST101058,C_CARD501384,uses_card
A_CUST101058,M_MER100299,shops_at
A_CUST101058,L_Punjab,located_in
A_CUST101060,C_CARD501387,uses_card
A_CUST101060,M_MER100122,shops_at
A_CUST101060,L_Maharashtra,located_in
A_CUST101060,M_MER100288,shops_at
A_CUST101061,C_CARD501388,uses_card
A_CUST101061,M_MER100092,shops_at
A_CUST101061,L_Odisha,located_in
A_CUST101062,C_CARD501390,uses_card
A_CUST101062,M_MER100411,shops_at
A_CUST101062,L_Uttar Pradesh,located_in
A_CUST101063,C_CARD501391,uses_card
A_CUST101063,M_MER100492,shops_at
A_CUST101063,L_Bihar,located_in
A_CUST101063,C_CARD501392,uses_card
A_CUST101063,M_MER100030,shops_at
A_CUST101067,C_CARD501396,uses_card
A_CUST101067,M_MER100040,shops_at
A_CUST101067,L_Tamil Nadu,located_in
A_CUST101070,C_CARD501399,uses_card
A_CUST101070,M_MER100124,shops_at
A_CUST101070,L_Rajasthan,located_in
A_CUST101070,C_CARD501401,uses_card
A_CUST101070,M_MER100464,shops_at
A_CUST101070,M_MER100424,shops_at
A_CUST101071,C_CARD501402,uses_card
A_CUST101071,M_MER100043,shops_at
A_CUST101071,L_Punjab,located_in
A_CUST101072,C_CARD501403,uses_card
A_CUST101072,M_MER100467,shops_at
A_CUST101072,L_Telangana,located_in
A_CUST101072,M_MER100326,shops_at
A_CUST101073,C_CARD501406,uses_card
A_CUST101073,M_MER100330,shops_at
A_CUST101073,L_Telangana,located_in
A_CUST101073,C_CARD501404,uses_card
A_CUST101073,M_MER100428,shops_at
A_CUST101073,M_MER100309,shops_at
A_CUST101075,C_CARD501408,uses_card
A_CUST101075,M_MER100382,shops_at
A_CUST101075,L_Rajasthan,located_in
A_CUST101076,C_CARD501409,uses_card
A_CUST101076,M_MER100037,shops_at
A_CUST101076,L_Odisha,located_in
A_CUST101076,M_MER100014,shops_at
A_CUST101077,C_CARD501410,uses_card
A_CUST101077,M_MER100068,shops_at
A_CUST101077,L_Haryana,located_in
A_CUST101083,C_CARD501417,uses_card
A_CUST101083,M_MER100358,shops_at
A_CUST101083,L_Odisha,located_in
A_CUST101092,C_CARD501427,uses_card
A_CUST101092,M_MER100152,shops_at
A_CUST101092,L_Bihar,located_in
A_CUST101093,C_CARD501428,uses_card
A_CUST101093,M_MER100278,shops_at
A_CUST101093,L_Uttar Pradesh,located_in
A_CUST101094,C_CARD501430,uses_card
A_CUST101094,M_MER100323,shops_at
A_CUST101094,L_Madhya Pradesh,located_in
A_CUST101099,C_CARD501435,uses_card
A_CUST101099,M_MER100086,shops_at
A_CUST101099,L_Gujarat,located_in
A_CUST101100,C_CARD501436,uses_card
A_CUST101100,M_MER100054,shops_at
A_CUST101100,L_Punjab,located_in
A_CUST101106,C_CARD501443,uses_card
A_CUST101106,M_MER100136,shops_at
A_CUST101106,L_Karnataka,located_in
A_CUST101107,C_CARD501445,uses_card
A_CUST101107,M_MER100249,shops_at
A_CUST101107,L_Tamil Nadu,located_in
A_CUST101109,C_CARD501449,uses_card
A_CUST101109,M_MER100390,shops_at
A_CUST101109,L_Maharashtra,located_in
A_CUST101112,C_CARD501452,uses_card
A_CUST101112,M_MER100198,shops_at
A_CUST101112,L_Karnataka,located_in
A_CUST101113,C_CARD501453,uses_card
A_CUST101113,M_MER100175,shops_at
A_CUST101113,L_Kerala,located_in
A_CUST101119,C_CARD501461,uses_card
A_CUST101119,M_MER100138,shops_at
A_CUST101119,L_Uttar Pradesh,located_in
A_CUST101131,C_CARD501473,uses_card
A_CUST101131,M_MER100495,shops_at
A_CUST101131,L_Assam,located_in
A_CUST101132,C_CARD501474,uses_card
A_CUST101132,M_MER100251,shops_at
A_CUST101132,L_Bihar,located_in
A_CUST101133,C_CARD501476,uses_card
A_CUST101133,M_MER100280,shops_at
A_CUST101133,L_Kerala,located_in
A_CUST101134,C_CARD501477,uses_card
A_CUST101134,M_MER100179,shops_at
A_CUST101134,L_Bihar,located_in
A_CUST101136,C_CARD501479,uses_card
A_CUST101136,M_MER100048,shops_at
A_CUST101136,L_West Bengal,located_in
A_CUST101139,C_CARD501482,uses_card
A_CUST101139,M_MER100217,shops_at
A_CUST101139,L_Bihar,located_in
A_CUST101141,C_CARD501484,uses_card
A_CUST101141,M_MER100140,shops_at
A_CUST101141,L_Odisha,located_in
A_CUST101147,C_CARD501492,uses_card
A_CUST101147,M_MER100067,shops_at
A_CUST101147,L_Uttar Pradesh,located_in
A_CUST101148,C_CARD501495,uses_card
A_CUST101148,M_MER100361,shops_at
A_CUST101148,L_Punjab,located_in
A_CUST101148,C_CARD501494,uses_card
A_CUST101148,M_MER100326,shops_at
A_CUST101148,M_MER100490,shops_at
A_CUST101150,C_CARD501497,uses_card
A_CUST101150,M_MER100138,shops_at
A_CUST101150,L_Assam,located_in
A_CUST101153,C_CARD501500,uses_card
A_CUST101153,M_MER100087,shops_at
A_CUST101153,L_Punjab,located_in
A_CUST101154,C_CARD501501,uses_card
A_CUST101154,M_MER100421,shops_at
A_CUST101154,L_Madhya Pradesh,located_in
A_CUST101158,C_CARD501506,uses_card
A_CUST101158,M_MER100383,shops_at
A_CUST101158,L_Madhya Pradesh,located_in
A_CUST101161,C_CARD501509,uses_card
A_CUST101161,M_MER100393,shops_at
A_CUST101161,L_Uttar Pradesh,located_in
A_CUST101161,M_MER100337,shops_at
A_CUST101163,C_CARD501512,uses_card
A_CUST101163,M_MER100333,shops_at
A_CUST101163,L_Telangana,located_in
A_CUST101170,C_CARD501521,uses_card
A_CUST101170,M_MER100060,shops_at
A_CUST101170,L_Gujarat,located_in
A_CUST101171,C_CARD501523,uses_card
A_CUST101171,M_MER100152,shops_at
A_CUST101171,L_Odisha,located_in
A_CUST101171,C_CARD501522,uses_card
A_CUST101171,M_MER100286,shops_at
A_CUST101174,C_CARD501527,uses_card
A_CUST101174,M_MER100105,shops_at
A_CUST101174,L_Kerala,located_in
A_CUST101174,C_CARD501526,uses_card
A_CUST101174,M_MER100071,shops_at
A_CUST101175,C_CARD501529,uses_card
A_CUST101175,M_MER100068,shops_at
A_CUST101175,L_Maharashtra,located_in
A_CUST101175,C_CARD501528,uses_card
A_CUST101175,M_MER100236,shops_at
A_CUST101180,C_CARD501535,uses_card
A_CUST101180,M_MER100105,shops_at
A_CUST101180,L_Karnataka,located_in
A_CUST101187,C_CARD501543,uses_card
A_CUST101187,M_MER100035,shops_at
A_CUST101187,L_Kerala,located_in
A_CUST101191,C_CARD501547,uses_card
A_CUST101191,M_MER100398,shops_at
A_CUST101191,L_Kerala,located_in
A_CUST101206,C_CARD501563,uses_card
A_CUST101206,M_MER100109,shops_at
A_CUST101206,L_Haryana,located_in
A_CUST101207,C_CARD501564,uses_card
A_CUST101207,M_MER100257,shops_at
A_CUST101207,L_Telangana,located_in
A_CUST101211,C_CARD501568,uses_card
A_CUST101211,M_MER100138,shops_at
A_CUST101211,L_Kerala,located_in
A_CUST101211,M_MER100330,shops_at
A_CUST101215,C_CARD501573,uses_card
A_CUST101215,M_MER100014,shops_at
A_CUST101215,L_Tamil Nadu,located_in
A_CUST101218,C_CARD501578,uses_card
A_CUST101218,M_MER100394,shops_at
A_CUST101218,L_Bihar,located_in
A_CUST101218,M_MER100442,shops_at
A_CUST101220,C_CARD501582,uses_card
A_CUST101220,M_MER100463,shops_at
A_CUST101220,L_Tamil Nadu,located_in
A_CUST101220,C_CARD501580,uses_card
A_CUST101220,M_MER100399,shops_at
A_CUST101220,M_MER100288,shops_at
A_CUST101234,C_CARD501598,uses_card
A_CUST101234,M_MER100081,shops_at
A_CUST101234,L_Rajasthan,located_in
A_CUST101241,C_CARD501607,uses_card
A_CUST101241,M_MER100089,shops_at
A_CUST101241,L_Kerala,located_in
A_CUST101241,M_MER100264,shops_at
A_CUST101242,C_CARD501608,uses_card
A_CUST101242,M_MER100467,shops_at
A_CUST101242,L_Bihar,located_in
A_CUST101248,C_CARD501614,uses_card
A_CUST101248,M_MER100086,shops_at
A_CUST101248,L_Madhya Pradesh,located_in
A_CUST101256,C_CARD501622,uses_card
A_CUST101256,M_MER100398,shops_at
A_CUST101256,L_Punjab,located_in
A_CUST101257,C_CARD501625,uses_card
A_CUST101257,M_MER100138,shops_at
A_CUST101257,L_Madhya Pradesh,located_in
A_CUST101260,C_CARD501630,uses_card
A_CUST101260,M_MER100485,shops_at
A_CUST101260,L_Madhya Pradesh,located_in
A_CUST101260,M_MER100055,shops_at
A_CUST101260,M_MER100498,shops_at
A_CUST101260,M_MER100336,shops_at
A_CUST101262,C_CARD501633,uses_card
A_CUST101262,M_MER100395,shops_at
A_CUST101262,L_Odisha,located_in
A_CUST101265,C_CARD501636,uses_card
A_CUST101265,M_MER100177,shops_at
A_CUST101265,L_Tamil Nadu,located_in
A_CUST101266,C_CARD501638,uses_card
A_CUST101266,M_MER100394,shops_at
A_CUST101266,L_Haryana,located_in
A_CUST101268,C_CARD501640,uses_card
A_CUST101268,M_MER100345,shops_at
A_CUST101268,L_Gujarat,located_in
A_CUST101273,C_CARD501646,uses_card
A_CUST101273,M_MER100452,shops_at
A_CUST101273,L_Telangana,located_in
A_CUST101275,C_CARD501650,uses_card
A_CUST101275,M_MER100292,shops_at
A_CUST101275,L_Assam,located_in
A_CUST101280,C_CARD501656,uses_card
A_CUST101280,M_MER100014,shops_at
A_CUST101280,L_Gujarat,located_in
A_CUST101281,C_CARD501657,uses_card
A_CUST101281,M_MER100414,shops_at
A_CUST101281,L_Punjab,located_in
A_CUST101282,C_CARD501658,uses_card
A_CUST101282,M_MER100436,shops_at
A_CUST101282,L_West Bengal,located_in
A_CUST101282,C_CARD501659,uses_card
A_CUST101282,M_MER100271,shops_at
A_CUST101284,C_CARD501661,uses_card
A_CUST101284,M_MER100406,shops_at
A_CUST101284,L_Assam,located_in
A_CUST101286,C_CARD501663,uses_card
A_CUST101286,M_MER100230,shops_at
A_CUST101286,L_Tamil Nadu,located_in
A_CUST101289,C_CARD501666,uses_card
A_CUST101289,M_MER100351,shops_at
A_CUST101289,L_Karnataka,located_in
A_CUST101292,C_CARD501670,uses_card
A_CUST101292,M_MER100014,shops_at
A_CUST101292,L_Bihar,located_in
A_CUST101292,C_CARD501669,uses_card
A_CUST101292,M_MER100492,shops_at
A_CUST101295,C_CARD501674,uses_card
A_CUST101295,M_MER100401,shops_at
A_CUST101295,L_Uttar Pradesh,located_in
A_CUST101295,M_MER100072,shops_at
A_CUST101299,C_CARD501681,uses_card
A_CUST101299,M_MER100286,shops_at
A_CUST101299,L_West Bengal,located_in
A_CUST101300,C_CARD501682,uses_card
A_CUST101300,M_MER100014,shops_at
A_CUST101300,L_Kerala,located_in
A_CUST101301,C_CARD501684,uses_card
A_CUST101301,M_MER100390,shops_at
A_CUST101301,L_Bihar,located_in
A_CUST101308,C_CARD501691,uses_card
A_CUST101308,M_MER100162,shops_at
A_CUST101308,L_Gujarat,located_in
A_CUST101312,C_CARD501696,uses_card
A_CUST101312,M_MER100156,shops_at
A_CUST101312,L_Rajasthan,located_in
A_CUST101313,C_CARD501697,uses_card
A_CUST101313,M_MER100226,shops_at
A_CUST101313,L_Bihar,located_in
A_CUST101315,C_CARD501700,uses_card
A_CUST101315,M_MER100320,shops_at
A_CUST101315,L_Haryana,located_in
A_CUST101315,M_MER100294,shops_at
A_CUST101315,M_MER100054,shops_at
A_CUST101319,C_CARD501705,uses_card
A_CUST101319,M_MER100191,shops_at
A_CUST101319,L_Madhya Pradesh,located_in
A_CUST101320,C_CARD501706,uses_card
A_CUST101320,M_MER100251,shops_at
A_CUST101320,L_Haryana,located_in
A_CUST101320,M_MER100328,shops_at
A_CUST101320,M_MER100423,shops_at
A_CUST101323,C_CARD501710,uses_card
A_CUST101323,M_MER100141,shops_at
A_CUST101323,L_West Bengal,located_in
A_CUST101329,C_CARD501718,uses_card
A_CUST101329,M_MER100014,shops_at
A_CUST101329,L_West Bengal,located_in
A_CUST101329,C_CARD501719,uses_card
A_CUST101329,M_MER100058,shops_at
A_CUST101330,C_CARD501720,uses_card
A_CUST101330,M_MER100102,shops_at
A_CUST101330,L_Bihar,located_in
A_CUST101332,C_CARD501723,uses_card
A_CUST101332,M_MER100337,shops_at
A_CUST101332,L_Madhya Pradesh,located_in
A_CUST101332,M_MER100112,shops_at
A_CUST101334,C_CARD501726,uses_card
A_CUST101334,M_MER100291,shops_at
A_CUST101334,L_Tamil Nadu,located_in
A_CUST101338,C_CARD501730,uses_card
A_CUST101338,M_MER100092,shops_at
A_CUST101338,L_Bihar,located_in
A_CUST101341,C_CARD501734,uses_card
A_CUST101341,M_MER100011,shops_at
A_CUST101341,L_Madhya Pradesh,located_in
A_CUST101341,C_CARD501733,uses_card
A_CUST101341,M_MER100203,shops_at
A_CUST101341,M_MER100250,shops_at
A_CUST101355,C_CARD501751,uses_card
A_CUST101355,M_MER100269,shops_at
A_CUST101355,L_Uttar Pradesh,located_in
A_CUST101356,C_CARD501753,uses_card
A_CUST101356,M_MER100209,shops_at
A_CUST101356,L_Odisha,located_in
A_CUST101363,C_CARD501763,uses_card
A_CUST101363,M_MER100285,shops_at
A_CUST101363,L_Haryana,located_in
A_CUST101363,M_MER100029,shops_at
A_CUST101365,C_CARD501766,uses_card
A_CUST101365,M_MER100238,shops_at
A_CUST101365,L_Uttar Pradesh,located_in
A_CUST101365,M_MER100329,shops_at
A_CUST101365,M_MER100458,shops_at
A_CUST101368,C_CARD501769,uses_card
A_CUST101368,M_MER100251,shops_at
A_CUST101368,L_Karnataka,located_in
A_CUST101369,C_CARD501770,uses_card
A_CUST101369,M_MER100077,shops_at
A_CUST101369,L_Kerala,located_in
A_CUST101369,C_CARD501771,uses_card
A_CUST101369,M_MER100305,shops_at
A_CUST101370,C_CARD501773,uses_card
A_CUST101370,M_MER100112,shops_at
A_CUST101370,L_Odisha,located_in
A_CUST101372,C_CARD501776,uses_card
A_CUST101372,M_MER100138,shops_at
A_CUST101372,L_Telangana,located_in
A_CUST101374,C_CARD501778,uses_card
A_CUST101374,M_MER100062,shops_at
A_CUST101374,L_Karnataka,located_in
A_CUST101377,C_CARD501782,uses_card
A_CUST101377,M_MER100311,shops_at
A_CUST101377,L_Rajasthan,located_in
A_CUST101379,C_CARD501786,uses_card
A_CUST101379,M_MER100204,shops_at
A_CUST101379,L_West Bengal,located_in
A_CUST101379,C_CARD501785,uses_card
A_CUST101379,M_MER100203,shops_at
A_CUST101379,M_MER100422,shops_at
A_CUST101379,C_CARD501784,uses_card
A_CUST101379,M_MER100254,shops_at
A_CUST101379,M_MER100467,shops_at
A_CUST101380,C_CARD501787,uses_card
A_CUST101380,M_MER100359,shops_at
A_CUST101380,L_Odisha,located_in
A_CUST101382,C_CARD501790,uses_card
A_CUST101382,M_MER100141,shops_at
A_CUST101382,L_Bihar,located_in
A_CUST101389,C_CARD501799,uses_card
A_CUST101389,M_MER100493,shops_at
A_CUST101389,L_Madhya Pradesh,located_in
A_CUST101390,C_CARD501800,uses_card
A_CUST101390,M_MER100089,shops_at
A_CUST101390,L_Odisha,located_in
A_CUST101392,C_CARD501802,uses_card
A_CUST101392,M_MER100359,shops_at
A_CUST101392,L_Bihar,located_in
A_CUST101393,C_CARD501804,uses_card
A_CUST101393,M_MER100152,shops_at
A_CUST101393,L_Bihar,located_in
A_CUST101393,M_MER100349,shops_at
A_CUST101394,C_CARD501805,uses_card
A_CUST101394,M_MER100224,shops_at
A_CUST101394,L_Tamil Nadu,located_in
A_CUST101397,C_CARD501809,uses_card
A_CUST101397,M_MER100088,shops_at
A_CUST101397,L_Madhya Pradesh,located_in
A_CUST101401,C_CARD501814,uses_card
A_CUST101401,M_MER100101,shops_at
A_CUST101401,L_Kerala,located_in
A_CUST101403,C_CARD501818,uses_card
A_CUST101403,M_MER100022,shops_at
A_CUST101403,L_Assam,located_in
A_CUST101403,M_MER100369,shops_at
A_CUST101407,C_CARD501826,uses_card
A_CUST101407,M_MER100071,shops_at
A_CUST101407,L_Tamil Nadu,located_in
A_CUST101408,C_CARD501828,uses_card
A_CUST101408,M_MER100404,shops_at
A_CUST101408,L_Maharashtra,located_in
A_CUST101413,C_CARD501834,uses_card
A_CUST101413,M_MER100063,shops_at
A_CUST101413,L_Uttar Pradesh,located_in
A_CUST101413,M_MER100326,shops_at
A_CUST101413,M_MER100010,shops_at
A_CUST101414,C_CARD501837,uses_card
A_CUST101414,M_MER100424,shops_at
A_CUST101414,L_Bihar,located_in
A_CUST101417,C_CARD501841,uses_card
A_CUST101417,M_MER100055,shops_at
A_CUST101417,L_Rajasthan,located_in
A_CUST101421,C_CARD501845,uses_card
A_CUST101421,M_MER100102,shops_at
A_CUST101421,L_Telangana,located_in
A_CUST101426,C_CARD501851,uses_card
A_CUST101426,M_MER100408,shops_at
A_CUST101426,L_Haryana,located_in
A_CUST101430,C_CARD501856,uses_card
A_CUST101430,M_MER100254,shops_at
A_CUST101430,L_Madhya Pradesh,located_in
A_CUST101436,C_CARD501864,uses_card
A_CUST101436,M_MER100282,shops_at
A_CUST101436,L_Punjab,located_in
A_CUST101436,C_CARD501863,uses_card
A_CUST101436,M_MER100307,shops_at
A_CUST101436,M_MER100295,shops_at
A_CUST101436,M_MER100022,shops_at
A_CUST101436,M_MER100020,shops_at
A_CUST101441,C_CARD501870,uses_card
A_CUST101441,M_MER100234,shops_at
A_CUST101441,L_Tamil Nadu,located_in
A_CUST101443,C_CARD501872,uses_card
A_CUST101443,M_MER100226,shops_at
A_CUST101443,L_Kerala,located_in
A_CUST101443,M_MER100022,shops_at
A_CUST101446,C_CARD501877,uses_card
A_CUST101446,M_MER100037,shops_at
A_CUST101446,L_Rajasthan,located_in
A_CUST101455,C_CARD501887,uses_card
A_CUST101455,M_MER100488,shops_at
A_CUST101455,L_Uttar Pradesh,located_in
A_CUST101459,C_CARD501895,uses_card
A_CUST101459,M_MER100092,shops_at
A_CUST101459,L_Bihar,located_in
A_CUST101460,C_CARD501896,uses_card
A_CUST101460,M_MER100444,shops_at
A_CUST101460,L_Uttar Pradesh,located_in
A_CUST101463,C_CARD501902,uses_card
A_CUST101463,M_MER100352,shops_at
A_CUST101463,L_Rajasthan,located_in
A_CUST101463,C_CARD501900,uses_card
A_CUST101463,M_MER100369,shops_at
A_CUST101464,C_CARD501903,uses_card
A_CUST101464,M_MER100326,shops_at
A_CUST101464,L_West Bengal,located_in
A_CUST101465,C_CARD501905,uses_card
A_CUST101465,M_MER100395,shops_at
A_CUST101465,L_Uttar Pradesh,located_in
A_CUST101465,C_CARD501906,uses_card
A_CUST101465,M_MER100140,shops_at
A_CUST101466,C_CARD501909,uses_card
A_CUST101466,M_MER100226,shops_at
A_CUST101466,L_Uttar Pradesh,located_in
A_CUST101467,C_CARD501910,uses_card
A_CUST101467,M_MER100214,shops_at
A_CUST101467,L_Uttar Pradesh,located_in
A_CUST101467,C_CARD501911,uses_card
A_CUST101467,M_MER100225,shops_at
A_CUST101468,C_CARD501912,uses_card
A_CUST101468,M_MER100334,shops_at
A_CUST101468,L_Haryana,located_in
A_CUST101468,C_CARD501914,uses_card
A_CUST101468,M_MER100171,shops_at
A_CUST101468,M_MER100132,shops_at
A_CUST101468,M_MER100252,shops_at
A_CUST101474,C_CARD501920,uses_card
A_CUST101474,M_MER100138,shops_at
A_CUST101474,L_Punjab,located_in
A_CUST101475,C_CARD501921,uses_card
A_CUST101475,M_MER100467,shops_at
A_CUST101475,L_Uttar Pradesh,located_in
A_CUST101475,M_MER100259,shops_at
A_CUST101478,C_CARD501926,uses_card
A_CUST101478,M_MER100236,shops_at
A_CUST101478,L_Bihar,located_in
A_CUST101478,M_MER100391,shops_at
A_CUST101479,C_CARD501927,uses_card
A_CUST101479,M_MER100465,shops_at
A_CUST101479,L_Punjab,located_in
A_CUST101479,M_MER100339,shops_at
A_CUST101487,C_CARD501936,uses_card
A_CUST101487,M_MER100226,shops_at
A_CUST101487,L_Odisha,located_in
A_CUST101487,C_CARD501937,uses_card
A_CUST101487,M_MER100097,shops_at
A_CUST101491,C_CARD501943,uses_card
A_CUST101491,M_MER100130,shops_at
A_CUST101491,L_Punjab,located_in
A_CUST101492,C_CARD501944,uses_card
A_CUST101492,M_MER100113,shops_at
A_CUST101492,L_Gujarat,located_in
A_CUST101492,M_MER100076,shops_at
A_CUST101492,C_CARD501945,uses_card
A_CUST101492,M_MER100434,shops_at
A_CUST101494,C_CARD501947,uses_card
A_CUST101494,M_MER100406,shops_at
A_CUST101494,L_Punjab,located_in
A_CUST101501,C_CARD501957,uses_card
A_CUST101501,M_MER100037,shops_at
A_CUST101501,L_Uttar Pradesh,located_in
A_CUST101501,M_MER100338,shops_at
A_CUST101501,M_MER100014,shops_at
A_CUST101507,C_CARD501965,uses_card
A_CUST101507,M_MER100275,shops_at
A_CUST101507,L_Haryana,located_in
A_CUST101509,C_CARD501969,uses_card
A_CUST101509,M_MER100189,shops_at
A_CUST101509,L_Uttar Pradesh,located_in
A_CUST101509,M_MER100466,shops_at
A_CUST101509,M_MER100029,shops_at
A_CUST101509,M_MER100217,shops_at
A_CUST101513,C_CARD501973,uses_card
A_CUST101513,M_MER100408,shops_at
A_CUST101513,L_Karnataka,located_in
A_CUST101518,C_CARD501978,uses_card
A_CUST101518,M_MER100220,shops_at
A_CUST101518,L_Odisha,located_in
A_CUST101518,M_MER100158,shops_at
A_CUST101532,C_CARD501995,uses_card
A_CUST101532,M_MER100347,shops_at
A_CUST101532,L_Maharashtra,located_in
A_CUST101539,C_CARD502004,uses_card
A_CUST101539,M_MER100142,shops_at
A_CUST101539,L_Kerala,located_in
A_CUST101545,C_CARD502011,uses_card
A_CUST101545,M_MER100397,shops_at
A_CUST101545,L_Maharashtra,located_in
A_CUST101548,C_CARD502015,uses_card
A_CUST101548,M_MER100446,shops_at
A_CUST101548,L_Assam,located_in
A_CUST101550,C_CARD502018,uses_card
A_CUST101550,M_MER100018,shops_at
A_CUST101550,L_Haryana,located_in
A_CUST101553,C_CARD502021,uses_card
A_CUST101553,M_MER100014,shops_at
A_CUST101553,L_West Bengal,located_in
A_CUST101554,C_CARD502022,uses_card
A_CUST101554,M_MER100368,shops_at
A_CUST101554,L_Maharashtra,located_in
A_CUST101554,M_MER100440,shops_at
A_CUST101557,C_CARD502027,uses_card
A_CUST101557,M_MER100444,shops_at
A_CUST101557,L_Madhya Pradesh,located_in
A_CUST101571,C_CARD502044,uses_card
A_CUST101571,M_MER100319,shops_at
A_CUST101571,L_Uttar Pradesh,located_in
A_CUST101575,C_CARD502052,uses_card
A_CUST101575,M_MER100219,shops_at
A_CUST101575,L_Assam,located_in
A_CUST101576,C_CARD502053,uses_card
A_CUST101576,M_MER100307,shops_at
A_CUST101576,L_Gujarat,located_in
A_CUST101579,C_CARD502056,uses_card
A_CUST101579,M_MER100428,shops_at
A_CUST101579,L_Telangana,located_in
A_CUST101579,M_MER100077,shops_at
A_CUST101583,C_CARD502063,uses_card
A_CUST101583,M_MER100187,shops_at
A_CUST101583,L_Odisha,located_in
A_CUST101583,M_MER100216,shops_at
A_CUST101583,M_MER100040,shops_at
A_CUST101585,C_CARD502067,uses_card
A_CUST101585,M_MER100166,shops_at
A_CUST101585,L_Rajasthan,located_in
A_CUST101586,C_CARD502068,uses_card
A_CUST101586,M_MER100062,shops_at
A_CUST101586,L_Karnataka,located_in
A_CUST101587,C_CARD502069,uses_card
A_CUST101587,M_MER100114,shops_at
A_CUST101587,L_West Bengal,located_in
A_CUST101591,C_CARD502076,uses_card
A_CUST101591,M_MER100444,shops_at
A_CUST101591,L_Tamil Nadu,located_in
A_CUST101591,C_CARD502075,uses_card
A_CUST101591,M_MER100015,shops_at
A_CUST101591,M_MER100141,shops_at
A_CUST101592,C_CARD502077,uses_card
A_CUST101592,M_MER100057,shops_at
A_CUST101592,L_Telangana,located_in
A_CUST101598,C_CARD502085,uses_card
A_CUST101598,M_MER100022,shops_at
A_CUST101598,L_Rajasthan,located_in
A_CUST101600,C_CARD502088,uses_card
A_CUST101600,M_MER100296,shops_at
A_CUST101600,L_Assam,located_in
A_CUST101600,C_CARD502087,uses_card
A_CUST101600,M_MER100482,shops_at
A_CUST101600,M_MER100474,shops_at
A_CUST101600,M_MER100060,shops_at
A_CUST101608,C_CARD502096,uses_card
A_CUST101608,M_MER100206,shops_at
A_CUST101608,L_Odisha,located_in
A_CUST101608,C_CARD502098,uses_card
A_CUST101608,M_MER100051,shops_at
A_CUST101608,M_MER100293,shops_at
A_CUST101610,C_CARD502100,uses_card
A_CUST101610,M_MER100201,shops_at
A_CUST101610,L_Bihar,located_in
A_CUST101610,M_MER100476,shops_at
A_CUST101610,M_MER100089,shops_at
A_CUST101611,C_CARD502102,uses_card
A_CUST101611,M_MER100377,shops_at
A_CUST101611,L_Gujarat,located_in
A_CUST101614,C_CARD502106,uses_card
A_CUST101614,M_MER100062,shops_at
A_CUST101614,L_Uttar Pradesh,located_in
A_CUST101615,C_CARD502107,uses_card
A_CUST101615,M_MER100452,shops_at
A_CUST101615,L_Tamil Nadu,located_in
A_CUST101615,M_MER100362,shops_at
A_CUST101616,C_CARD502109,uses_card
A_CUST101616,M_MER100062,shops_at
A_CUST101616,L_Odisha,located_in
A_CUST101618,C_CARD502111,uses_card
A_CUST101618,M_MER100175,shops_at
A_CUST101618,L_West Bengal,located_in
A_CUST101623,C_CARD502118,uses_card
A_CUST101623,M_MER100016,shops_at
A_CUST101623,L_Punjab,located_in
A_CUST101629,C_CARD502125,uses_card
A_CUST101629,M_MER100092,shops_at
A_CUST101629,L_Rajasthan,located_in
A_CUST101631,C_CARD502127,uses_card
A_CUST101631,M_MER100008,shops_at
A_CUST101631,L_Telangana,located_in
A_CUST101631,M_MER100226,shops_at
A_CUST101632,C_CARD502128,uses_card
A_CUST101632,M_MER100236,shops_at
A_CUST101632,L_Uttar Pradesh,located_in
A_CUST101633,C_CARD502130,uses_card
A_CUST101633,M_MER100210,shops_at
A_CUST101633,L_Telangana,located_in
A_CUST101633,M_MER100105,shops_at
A_CUST101642,C_CARD502140,uses_card
A_CUST101642,M_MER100085,shops_at
A_CUST101642,L_Telangana,located_in
A_CUST101642,C_CARD502141,uses_card
A_CUST101642,M_MER100261,shops_at
A_CUST101642,M_MER100179,shops_at
A_CUST101650,C_CARD502150,uses_card
A_CUST101650,M_MER100492,shops_at
A_CUST101650,L_Bihar,located_in
A_CUST101658,C_CARD502159,uses_card
A_CUST101658,M_MER100098,shops_at
A_CUST101658,L_Madhya Pradesh,located_in
A_CUST101658,C_CARD502158,uses_card
A_CUST101658,M_MER100109,shops_at
A_CUST101659,C_CARD502160,uses_card
A_CUST101659,M_MER100092,shops_at
A_CUST101659,L_Kerala,located_in
A_CUST101661,C_CARD502162,uses_card
A_CUST101661,M_MER100040,shops_at
A_CUST101661,L_Gujarat,located_in
A_CUST101661,M_MER100012,shops_at
A_CUST101664,C_CARD502166,uses_card
A_CUST101664,M_MER100090,shops_at
A_CUST101664,L_Tamil Nadu,located_in
A_CUST101678,C_CARD502183,uses_card
A_CUST101678,M_MER100250,shops_at
A_CUST101678,L_Karnataka,located_in
A_CUST101679,C_CARD502186,uses_card
A_CUST101679,M_MER100126,shops_at
A_CUST101679,L_Uttar Pradesh,located_in
A_CUST101685,C_CARD502194,uses_card
A_CUST101685,M_MER100499,shops_at
A_CUST101685,L_Assam,located_in
A_CUST101685,M_MER100315,shops_at
A_CUST101685,M_MER100419,shops_at
A_CUST101687,C_CARD502196,uses_card
A_CUST101687,M_MER100047,shops_at
A_CUST101687,L_Assam,located_in
A_CUST101689,C_CARD502199,uses_card
A_CUST101689,M_MER100229,shops_at
A_CUST101689,L_Odisha,located_in
A_CUST101694,C_CARD502205,uses_card
A_CUST101694,M_MER100105,shops_at
A_CUST101694,L_Tamil Nadu,located_in
A_CUST101697,C_CARD502208,uses_card
A_CUST101697,M_MER100124,shops_at
A_CUST101697,L_Telangana,located_in
A_CUST101701,C_CARD502213,uses_card
A_CUST101701,M_MER100287,shops_at
A_CUST101701,L_Bihar,located_in
A_CUST101703,C_CARD502218,uses_card
A_CUST101703,M_MER100241,shops_at
A_CUST101703,L_Tamil Nadu,located_in
A_CUST101708,C_CARD502223,uses_card
A_CUST101708,M_MER100183,shops_at
A_CUST101708,L_Telangana,located_in
A_CUST101709,C_CARD502225,uses_card
A_CUST101709,M_MER100446,shops_at
A_CUST101709,L_Gujarat,located_in
A_CUST101710,C_CARD502226,uses_card
A_CUST101710,M_MER100411,shops_at
A_CUST101710,L_Rajasthan,located_in
A_CUST101711,C_CARD502228,uses_card
A_CUST101711,M_MER100016,shops_at
A_CUST101711,L_Uttar Pradesh,located_in
A_CUST101721,C_CARD502239,uses_card
A_CUST101721,M_MER100313,shops_at
A_CUST101721,L_Karnataka,located_in
A_CUST101722,C_CARD502241,uses_card
A_CUST101722,M_MER100062,shops_at
A_CUST101722,L_Bihar,located_in
A_CUST101726,C_CARD502245,uses_card
A_CUST101726,M_MER100011,shops_at
A_CUST101726,L_Telangana,located_in
A_CUST101729,C_CARD502249,uses_card
A_CUST101729,M_MER100239,shops_at
A_CUST101729,L_Haryana,located_in
A_CUST101730,C_CARD502251,uses_card
A_CUST101730,M_MER100219,shops_at
A_CUST101730,L_Maharashtra,located_in
A_CUST101730,M_MER100252,shops_at
A_CUST101733,C_CARD502257,uses_card
A_CUST101733,M_MER100099,shops_at
A_CUST101733,L_Karnataka,located_in
A_CUST101733,C_CARD502256,uses_card
A_CUST101733,M_MER100310,shops_at
A_CUST101733,M_MER100417,shops_at
A_CUST101737,C_CARD502262,uses_card
A_CUST101737,M_MER100083,shops_at
A_CUST101737,L_Haryana,located_in
A_CUST101737,C_CARD502261,uses_card
A_CUST101737,M_MER100137,shops_at
A_CUST101738,C_CARD502263,uses_card
A_CUST101738,M_MER100069,shops_at
A_CUST101738,L_Kerala,located_in
A_CUST101744,C_CARD502270,uses_card
A_CUST101744,M_MER100221,shops_at
A_CUST101744,L_Rajasthan,located_in
A_CUST101749,C_CARD502276,uses_card
A_CUST101749,M_MER100432,shops_at
A_CUST101749,L_Rajasthan,located_in
A_CUST101756,C_CARD502285,uses_card
A_CUST101756,M_MER100179,shops_at
A_CUST101756,L_Gujarat,located_in
A_CUST101757,C_CARD502287,uses_card
A_CUST101757,M_MER100453,shops_at
A_CUST101757,L_Kerala,located_in
A_CUST101767,C_CARD502298,uses_card
A_CUST101767,M_MER100229,shops_at
A_CUST101767,L_Telangana,located_in
A_CUST101772,C_CARD502303,uses_card
A_CUST101772,M_MER100358,shops_at
A_CUST101772,L_Haryana,located_in
A_CUST101773,C_CARD502305,uses_card
A_CUST101773,M_MER100193,shops_at
A_CUST101773,L_Rajasthan,located_in
A_CUST101773,C_CARD502307,uses_card
A_CUST101773,M_MER100022,shops_at
A_CUST101773,M_MER100254,shops_at
A_CUST101773,M_MER100058,shops_at
A_CUST101778,C_CARD502313,uses_card
A_CUST101778,M_MER100115,shops_at
A_CUST101778,L_Madhya Pradesh,located_in
A_CUST101778,M_MER100293,shops_at
A_CUST101786,C_CARD502323,uses_card
A_CUST101786,M_MER100495,shops_at
A_CUST101786,L_Gujarat,located_in
A_CUST101788,C_CARD502326,uses_card
A_CUST101788,M_MER100326,shops_at
A_CUST101788,L_Telangana,located_in
A_CUST101792,C_CARD502331,uses_card
A_CUST101792,M_MER100282,shops_at
A_CUST101792,L_Kerala,located_in
A_CUST101795,C_CARD502334,uses_card
A_CUST101795,M_MER100055,shops_at
A_CUST101795,L_Uttar Pradesh,located_in
A_CUST101795,M_MER100430,shops_at
A_CUST101799,C_CARD502338,uses_card
A_CUST101799,M_MER100399,shops_at
A_CUST101799,L_Telangana,located_in
A_CUST101800,C_CARD502340,uses_card
A_CUST101800,M_MER100365,shops_at
A_CUST101800,L_Assam,located_in
A_CUST101800,M_MER100392,shops_at
A_CUST101801,C_CARD502341,uses_card
A_CUST101801,M_MER100352,shops_at
A_CUST101801,L_Assam,located_in
A_CUST101803,C_CARD502343,uses_card
A_CUST101803,M_MER100073,shops_at
A_CUST101803,L_Telangana,located_in
A_CUST101804,C_CARD502346,uses_card
A_CUST101804,M_MER100472,shops_at
A_CUST101804,L_Haryana,located_in
A_CUST101804,M_MER100442,shops_at
A_CUST101804,M_MER100359,shops_at
A_CUST101804,C_CARD502345,uses_card
A_CUST101804,M_MER100400,shops_at
A_CUST101804,C_CARD502347,uses_card
A_CUST101804,M_MER100318,shops_at
A_CUST101804,M_MER100037,shops_at
A_CUST101804,M_MER100084,shops_at
A_CUST101809,C_CARD502354,uses_card
A_CUST101809,M_MER100378,shops_at
A_CUST101809,L_Punjab,located_in
A_CUST101809,C_CARD502355,uses_card
A_CUST101809,M_MER100199,shops_at
A_CUST101809,M_MER100092,shops_at
A_CUST101809,M_MER100467,shops_at
A_CUST101811,C_CARD502358,uses_card
A_CUST101811,M_MER100461,shops_at
A_CUST101811,L_Odisha,located_in
A_CUST101814,C_CARD502361,uses_card
A_CUST101814,M_MER100264,shops_at
A_CUST101814,L_Rajasthan,located_in
A_CUST101814,M_MER100492,shops_at
A_CUST101821,C_CARD502370,uses_card
A_CUST101821,M_MER100016,shops_at
A_CUST101821,L_Odisha,located_in
A_CUST101823,C_CARD502372,uses_card
A_CUST101823,M_MER100369,shops_at
A_CUST101823,L_Odisha,located_in
A_CUST101823,M_MER100353,shops_at
A_CUST101823,M_MER100066,shops_at
A_CUST101827,C_CARD502378,uses_card
A_CUST101827,M_MER100245,shops_at
A_CUST101827,L_Karnataka,located_in
A_CUST101827,C_CARD502379,uses_card
A_CUST101827,M_MER100183,shops_at
A_CUST101829,C_CARD502381,uses_card
A_CUST101829,M_MER100291,shops_at
A_CUST101829,L_Haryana,located_in
A_CUST101831,C_CARD502384,uses_card
A_CUST101831,M_MER100492,shops_at
A_CUST101831,L_Punjab,located_in
A_CUST101835,C_CARD502389,uses_card
A_CUST101835,M_MER100302,shops_at
A_CUST101835,L_Punjab,located_in
A_CUST101835,M_MER100051,shops_at
A_CUST101839,C_CARD502395,uses_card
A_CUST101839,M_MER100341,shops_at
A_CUST101839,L_Rajasthan,located_in
A_CUST101841,C_CARD502397,uses_card
A_CUST101841,M_MER100496,shops_at
A_CUST101841,L_West Bengal,located_in
A_CUST101845,C_CARD502402,uses_card
A_CUST101845,M_MER100370,shops_at
A_CUST101845,L_Rajasthan,located_in
A_CUST101845,C_CARD502401,uses_card
A_CUST101845,M_MER100471,shops_at
A_CUST101845,C_CARD502403,uses_card
A_CUST101845,M_MER100293,shops_at
A_CUST101846,C_CARD502404,uses_card
A_CUST101846,M_MER100220,shops_at
A_CUST101846,L_Uttar Pradesh,located_in
A_CUST101850,C_CARD502409,uses_card
A_CUST101850,M_MER100217,shops_at
A_CUST101850,L_Assam,located_in
A_CUST101850,M_MER100089,shops_at
A_CUST101853,C_CARD502413,uses_card
A_CUST101853,M_MER100331,shops_at
A_CUST101853,L_Gujarat,located_in
A_CUST101855,C_CARD502415,uses_card
A_CUST101855,M_MER100448,shops_at
A_CUST101855,L_Telangana,located_in
A_CUST101858,C_CARD502418,uses_card
A_CUST101858,M_MER100365,shops_at
A_CUST101858,L_Telangana,located_in
A_CUST101859,C_CARD502419,uses_card
A_CUST101859,M_MER100138,shops_at
A_CUST101859,L_Haryana,located_in
A_CUST101859,C_CARD502421,uses_card
A_CUST101859,M_MER100200,shops_at
A_CUST101860,C_CARD502422,uses_card
A_CUST101860,M_MER100241,shops_at
A_CUST101860,L_Haryana,located_in
A_CUST101863,C_CARD502425,uses_card
A_CUST101863,M_MER100147,shops_at
A_CUST101863,L_Kerala,located_in
A_CUST101864,C_CARD502427,uses_card
A_CUST101864,M_MER100108,shops_at
A_CUST101864,L_Assam,located_in
A_CUST101866,C_CARD502429,uses_card
A_CUST101866,M_MER100410,shops_at
A_CUST101866,L_Assam,located_in
A_CUST101866,M_MER100234,shops_at
A_CUST101866,M_MER100162,shops_at
A_CUST101867,C_CARD502430,uses_card
A_CUST101867,M_MER100057,shops_at
A_CUST101867,L_Gujarat,located_in
A_CUST101867,M_MER100425,shops_at
A_CUST101867,M_MER100071,shops_at
A_CUST101868,C_CARD502431,uses_card
A_CUST101868,M_MER100105,shops_at
A_CUST101868,L_Telangana,located_in
A_CUST101869,C_CARD502433,uses_card
A_CUST101869,M_MER100479,shops_at
A_CUST101869,L_Maharashtra,located_in
A_CUST101872,C_CARD502439,uses_card
A_CUST101872,M_MER100244,shops_at
A_CUST101872,L_Punjab,located_in
A_CUST101874,C_CARD502441,uses_card
A_CUST101874,M_MER100427,shops_at
A_CUST101874,L_Karnataka,located_in
A_CUST101874,M_MER100462,shops_at
A_CUST101874,C_CARD502442,uses_card
A_CUST101874,M_MER100486,shops_at
A_CUST101874,M_MER100031,shops_at
A_CUST101875,C_CARD502443,uses_card
A_CUST101875,M_MER100318,shops_at
A_CUST101875,L_Tamil Nadu,located_in
A_CUST101881,C_CARD502450,uses_card
A_CUST101881,M_MER100110,shops_at
A_CUST101881,L_Uttar Pradesh,located_in
A_CUST101886,C_CARD502455,uses_card
A_CUST101886,M_MER100369,shops_at
A_CUST101886,L_Rajasthan,located_in
A_CUST101893,C_CARD502462,uses_card
A_CUST101893,M_MER100051,shops_at
A_CUST101893,L_Maharashtra,located_in
A_CUST101895,C_CARD502465,uses_card
A_CUST101895,M_MER100062,shops_at
A_CUST101895,L_West Bengal,located_in
A_CUST101897,C_CARD502468,uses_card
A_CUST101897,M_MER100233,shops_at
A_CUST101897,L_Telangana,located_in
A_CUST101900,C_CARD502471,uses_card
A_CUST101900,M_MER100211,shops_at
A_CUST101900,L_Karnataka,located_in
A_CUST101904,C_CARD502477,uses_card
A_CUST101904,M_MER100138,shops_at
A_CUST101904,L_Rajasthan,located_in
A_CUST101907,C_CARD502480,uses_card
A_CUST101907,M_MER100037,shops_at
A_CUST101907,L_West Bengal,located_in
A_CUST101909,C_CARD502482,uses_card
A_CUST101909,M_MER100443,shops_at
A_CUST101909,L_Gujarat,located_in
A_CUST101910,C_CARD502483,uses_card
A_CUST101910,M_MER100102,shops_at
A_CUST101910,L_Rajasthan,located_in
A_CUST101910,C_CARD502484,uses_card
A_CUST101910,M_MER100227,shops_at
A_CUST101910,M_MER100336,shops_at
A_CUST101910,M_MER100267,shops_at
A_CUST101913,C_CARD502488,uses_card
A_CUST101913,M_MER100449,shops_at
A_CUST101913,L_Karnataka,located_in
A_CUST101915,C_CARD502491,uses_card
A_CUST101915,M_MER100215,shops_at
A_CUST101915,L_Maharashtra,located_in
A_CUST101915,M_MER100218,shops_at
A_CUST101918,C_CARD502495,uses_card
A_CUST101918,M_MER100170,shops_at
A_CUST101918,L_Tamil Nadu,located_in
A_CUST101918,C_CARD502494,uses_card
A_CUST101918,M_MER100129,shops_at
A_CUST101920,C_CARD502497,uses_card
A_CUST101920,M_MER100214,shops_at
A_CUST101920,L_Assam,located_in
A_CUST101925,C_CARD502503,uses_card
A_CUST101925,M_MER100286,shops_at
A_CUST101925,L_Gujarat,located_in
A_CUST101925,M_MER100138,shops_at
A_CUST101926,C_CARD502504,uses_card
A_CUST101926,M_MER100323,shops_at
A_CUST101926,L_Odisha,located_in
A_CUST101926,M_MER100066,shops_at
A_CUST101929,C_CARD502508,uses_card
A_CUST101929,M_MER100453,shops_at
A_CUST101929,L_Karnataka,located_in
A_CUST101937,C_CARD502517,uses_card
A_CUST101937,M_MER100201,shops_at
A_CUST101937,L_Bihar,located_in
A_CUST101937,C_CARD502518,uses_card
A_CUST101937,M_MER100150,shops_at
A_CUST101939,C_CARD502522,uses_card
A_CUST101939,M_MER100365,shops_at
A_CUST101939,L_Haryana,located_in
A_CUST101939,M_MER100112,shops_at
A_CUST101939,M_MER100006,shops_at
A_CUST101940,C_CARD502524,uses_card
A_CUST101940,M_MER100011,shops_at
A_CUST101940,L_Uttar Pradesh,located_in
A_CUST101940,C_CARD502523,uses_card
A_CUST101940,M_MER100254,shops_at
A_CUST101945,C_CARD502530,uses_card
A_CUST101945,M_MER100009,shops_at
A_CUST101945,L_Assam,located_in
A_CUST101945,C_CARD502529,uses_card
A_CUST101945,M_MER100257,shops_at
A_CUST101945,M_MER100286,shops_at
A_CUST101948,C_CARD502534,uses_card
A_CUST101948,M_MER100497,shops_at
A_CUST101948,L_Rajasthan,located_in
A_CUST101949,C_CARD502536,uses_card
A_CUST101949,M_MER100382,shops_at
A_CUST101949,L_Bihar,located_in
A_CUST101950,C_CARD502537,uses_card
A_CUST101950,M_MER100022,shops_at
A_CUST101950,L_Bihar,located_in
A_CUST101958,C_CARD502546,uses_card
A_CUST101958,M_MER100131,shops_at
A_CUST101958,L_Punjab,located_in
A_CUST101965,C_CARD502555,uses_card
A_CUST101965,M_MER100235,shops_at
A_CUST101965,L_Odisha,located_in
A_CUST101965,C_CARD502553,uses_card
A_CUST101965,M_MER100126,shops_at
A_CUST101969,C_CARD502561,uses_card
A_CUST101969,M_MER100109,shops_at
A_CUST101969,L_Tamil Nadu,located_in
A_CUST101969,M_MER100025,shops_at
A_CUST101972,C_CARD502568,uses_card
A_CUST101972,M_MER100234,shops_at
A_CUST101972,L_Madhya Pradesh,located_in
A_CUST101973,C_CARD502569,uses_card
A_CUST101973,M_MER100169,shops_at
A_CUST101973,L_Tamil Nadu,located_in
A_CUST101977,C_CARD502575,uses_card
A_CUST101977,M_MER100451,shops_at
A_CUST101977,L_Karnataka,located_in
A_CUST101979,C_CARD502577,uses_card
A_CUST101979,M_MER100115,shops_at
A_CUST101979,L_Odisha,located_in
A_CUST101980,C_CARD502578,uses_card
A_CUST101980,M_MER100006,shops_at
A_CUST101980,L_West Bengal,located_in
A_CUST101980,M_MER100226,shops_at
A_CUST101980,C_CARD502579,uses_card
A_CUST101980,M_MER100175,shops_at
A_CUST101983,C_CARD502583,uses_card
A_CUST101983,M_MER100352,shops_at
A_CUST101983,L_Gujarat,located_in
A_CUST101988,C_CARD502592,uses_card
A_CUST101988,M_MER100222,shops_at
A_CUST101988,L_West Bengal,located_in
A_CUST101994,C_CARD502600,uses_card
A_CUST101994,M_MER100132,shops_at
A_CUST101994,L_Haryana,located_in
A_CUST101994,C_CARD502599,uses_card
A_CUST101994,M_MER100288,shops_at
A_CUST101994,M_MER100134,shops_at
A_CUST101994,M_MER100379,shops_at
A_CUST101997,C_CARD502604,uses_card
A_CUST101997,M_MER100174,shops_at
A_CUST101997,L_Assam,located_in
A_CUST101999,C_CARD502607,uses_card
A_CUST101999,M_MER100467,shops_at
A_CUST101999,L_Gujarat,located_in
A_CUST101999,C_CARD502609,uses_card
A_CUST101999,M_MER100148,shops_at
A_CUST101999,M_MER100261,shops_at
A_CUST102000,C_CARD502610,uses_card
A_CUST102000,M_MER100188,shops_at
A_CUST102000,L_Kerala,located_in
A_CUST102000,M_MER100442,shops_at
A_CUST102000,C_CARD502611,uses_card
A_CUST102000,M_MER100138,shops_at
A_CUST102007,C_CARD502623,uses_card
A_CUST102007,M_MER100324,shops_at
A_CUST102007,L_Uttar Pradesh,located_in
A_CUST102007,C_CARD502621,uses_card
A_CUST102007,M_MER100187,shops_at
A_CUST102007,M_MER100143,shops_at
A_CUST102007,C_CARD502622,uses_card
A_CUST102007,M_MER100117,shops_at
A_CUST102021,C_CARD502639,uses_card
A_CUST102021,M_MER100169,shops_at
A_CUST102021,L_Uttar Pradesh,located_in
A_CUST102021,C_CARD502640,uses_card
A_CUST102021,M_MER100245,shops_at
A_CUST102021,M_MER100055,shops_at
A_CUST102032,C_CARD502654,uses_card
A_CUST102032,M_MER100466,shops_at
A_CUST102032,L_Madhya Pradesh,located_in
A_CUST102032,M_MER100251,shops_at
A_CUST102033,C_CARD502655,uses_card
A_CUST102033,M_MER100481,shops_at
A_CUST102033,L_West Bengal,located_in
A_CUST102035,C_CARD502658,uses_card
A_CUST102035,M_MER100156,shops_at
A_CUST102035,L_Karnataka,located_in
A_CUST102037,C_CARD502660,uses_card
A_CUST102037,M_MER100387,shops_at
A_CUST102037,L_Maharashtra,located_in
A_CUST102055,C_CARD502681,uses_card
A_CUST102055,M_MER100030,shops_at
A_CUST102055,L_Tamil Nadu,located_in
A_CUST102064,C_CARD502691,uses_card
A_CUST102064,M_MER100092,shops_at
A_CUST102064,L_Uttar Pradesh,located_in
A_CUST102064,C_CARD502692,uses_card
A_CUST102064,M_MER100317,shops_at
A_CUST102065,C_CARD502693,uses_card
A_CUST102065,M_MER100312,shops_at
A_CUST102065,L_Uttar Pradesh,located_in
A_CUST102065,M_MER100144,shops_at
A_CUST102065,C_CARD502695,uses_card
A_CUST102065,M_MER100464,shops_at
A_CUST102066,C_CARD502696,uses_card
A_CUST102066,M_MER100298,shops_at
A_CUST102066,L_Kerala,located_in
A_CUST102068,C_CARD502698,uses_card
A_CUST102068,M_MER100005,shops_at
A_CUST102068,L_Karnataka,located_in
A_CUST102076,C_CARD502709,uses_card
A_CUST102076,M_MER100488,shops_at
A_CUST102076,L_Gujarat,located_in
A_CUST102090,C_CARD502729,uses_card
A_CUST102090,M_MER100307,shops_at
A_CUST102090,L_Telangana,located_in
A_CUST102095,C_CARD502735,uses_card
A_CUST102095,M_MER100070,shops_at
A_CUST102095,L_Gujarat,located_in
A_CUST102097,C_CARD502737,uses_card
A_CUST102097,M_MER100008,shops_at
A_CUST102097,L_West Bengal,located_in
A_CUST102101,C_CARD502741,uses_card
A_CUST102101,M_MER100448,shops_at
A_CUST102101,L_Bihar,located_in
A_CUST102115,C_CARD502761,uses_card
A_CUST102115,M_MER100120,shops_at
A_CUST102115,L_Odisha,located_in
A_CUST102116,C_CARD502762,uses_card
A_CUST102116,M_MER100378,shops_at
A_CUST102116,L_West Bengal,located_in
A_CUST102116,C_CARD502763,uses_card
A_CUST102116,M_MER100141,shops_at
A_CUST102117,C_CARD502764,uses_card
A_CUST102117,M_MER100014,shops_at
A_CUST102117,L_Assam,located_in
A_CUST102122,C_CARD502770,uses_card
A_CUST102122,M_MER100424,shops_at
A_CUST102122,L_Maharashtra,located_in
A_CUST102123,C_CARD502772,uses_card
A_CUST102123,M_MER100273,shops_at
A_CUST102123,L_Punjab,located_in
A_CUST102125,C_CARD502776,uses_card
A_CUST102125,M_MER100051,shops_at
A_CUST102125,L_West Bengal,located_in
A_CUST102127,C_CARD502779,uses_card
A_CUST102127,M_MER100322,shops_at
A_CUST102127,L_Madhya Pradesh,located_in
A_CUST102129,C_CARD502783,uses_card
A_CUST102129,M_MER100145,shops_at
A_CUST102129,L_Telangana,located_in
A_CUST102129,C_CARD502785,uses_card
A_CUST102129,M_MER100069,shops_at
A_CUST102132,C_CARD502788,uses_card
A_CUST102132,M_MER100406,shops_at
A_CUST102132,L_West Bengal,located_in
A_CUST102132,M_MER100192,shops_at
A_CUST102140,C_CARD502798,uses_card
A_CUST102140,M_MER100031,shops_at
A_CUST102140,L_Punjab,located_in
A_CUST102143,C_CARD502802,uses_card
A_CUST102143,M_MER100312,shops_at
A_CUST102143,L_Gujarat,located_in
A_CUST102143,M_MER100046,shops_at
A_CUST102144,C_CARD502804,uses_card
A_CUST102144,M_MER100040,shops_at
A_CUST102144,L_Rajasthan,located_in
A_CUST102144,M_MER100271,shops_at
A_CUST102149,C_CARD502810,uses_card
A_CUST102149,M_MER100433,shops_at
A_CUST102149,L_Kerala,located_in
A_CUST102151,C_CARD502814,uses_card
A_CUST102151,M_MER100111,shops_at
A_CUST102151,L_Maharashtra,located_in
A_CUST102153,C_CARD502816,uses_card
A_CUST102153,M_MER100179,shops_at
A_CUST102153,L_Odisha,located_in
A_CUST102153,M_MER100014,shops_at
A_CUST102158,C_CARD502821,uses_card
A_CUST102158,M_MER100190,shops_at
A_CUST102158,L_Telangana,located_in
A_CUST102163,C_CARD502829,uses_card
A_CUST102163,M_MER100476,shops_at
A_CUST102163,L_Karnataka,located_in
A_CUST102173,C_CARD502839,uses_card
A_CUST102173,M_MER100165,shops_at
A_CUST102173,L_Madhya Pradesh,located_in
A_CUST102173,M_MER100492,shops_at
A_CUST102176,C_CARD502845,uses_card
A_CUST102176,M_MER100120,shops_at
A_CUST102176,L_Karnataka,located_in
A_CUST102191,C_CARD502864,uses_card
A_CUST102191,M_MER100254,shops_at
A_CUST102191,L_Punjab,located_in
A_CUST102193,C_CARD502866,uses_card
A_CUST102193,M_MER100113,shops_at
A_CUST102193,L_Uttar Pradesh,located_in
A_CUST102193,M_MER100179,shops_at
A_CUST102197,C_CARD502871,uses_card
A_CUST102197,M_MER100444,shops_at
A_CUST102197,L_Odisha,located_in
A_CUST102197,M_MER100105,shops_at
A_CUST102202,C_CARD502878,uses_card
A_CUST102202,M_MER100209,shops_at
A_CUST102202,L_Kerala,located_in
A_CUST102202,C_CARD502877,uses_card
A_CUST102202,M_MER100183,shops_at
A_CUST102209,C_CARD502886,uses_card
A_CUST102209,M_MER100109,shops_at
A_CUST102209,L_Punjab,located_in
A_CUST102209,M_MER100226,shops_at
A_CUST102209,M_MER100272,shops_at
A_CUST102215,C_CARD502892,uses_card
A_CUST102215,M_MER100014,shops_at
A_CUST102215,L_Kerala,located_in
A_CUST102224,C_CARD502902,uses_card
A_CUST102224,M_MER100382,shops_at
A_CUST102224,L_Madhya Pradesh,located_in
A_CUST102228,C_CARD502907,uses_card
A_CUST102228,M_MER100090,shops_at
A_CUST102228,L_Punjab,located_in
A_CUST102230,C_CARD502909,uses_card
A_CUST102230,M_MER100097,shops_at
A_CUST102230,L_Karnataka,located_in
A_CUST102231,C_CARD502910,uses_card
A_CUST102231,M_MER100179,shops_at
A_CUST102231,L_Odisha,located_in
A_CUST102231,M_MER100035,shops_at
A_CUST102231,M_MER100284,shops_at
A_CUST102232,C_CARD502911,uses_card
A_CUST102232,M_MER100065,shops_at
A_CUST102232,L_Madhya Pradesh,located_in
A_CUST102237,C_CARD502917,uses_card
A_CUST102237,M_MER100162,shops_at
A_CUST102237,L_Kerala,located_in
A_CUST102238,C_CARD502918,uses_card
A_CUST102238,M_MER100364,shops_at
A_CUST102238,L_Maharashtra,located_in
A_CUST102240,C_CARD502921,uses_card
A_CUST102240,M_MER100218,shops_at
A_CUST102240,L_Karnataka,located_in
A_CUST102240,M_MER100237,shops_at
A_CUST102258,C_CARD502941,uses_card
A_CUST102258,M_MER100152,shops_at
A_CUST102258,L_Madhya Pradesh,located_in
A_CUST102258,M_MER100102,shops_at
A_CUST102263,C_CARD502946,uses_card
A_CUST102263,M_MER100424,shops_at
A_CUST102263,L_Assam,located_in
A_CUST102264,C_CARD502949,uses_card
A_CUST102264,M_MER100059,shops_at
A_CUST102264,L_Maharashtra,located_in
A_CUST102267,C_CARD502952,uses_card
A_CUST102267,M_MER100470,shops_at
A_CUST102267,L_Punjab,located_in
A_CUST102271,C_CARD502959,uses_card
A_CUST102271,M_MER100291,shops_at
A_CUST102271,L_Karnataka,located_in
A_CUST102273,C_CARD502962,uses_card
A_CUST102273,M_MER100313,shops_at
A_CUST102273,L_Kerala,located_in
A_CUST102278,C_CARD502968,uses_card
A_CUST102278,M_MER100424,shops_at
A_CUST102278,L_Madhya Pradesh,located_in
A_CUST102278,M_MER100437,shops_at
A_CUST102278,M_MER100150,shops_at
A_CUST102278,M_MER100010,shops_at
A_CUST102282,C_CARD502973,uses_card
A_CUST102282,M_MER100249,shops_at
A_CUST102282,L_Telangana,located_in
A_CUST102284,C_CARD502975,uses_card
A_CUST102284,M_MER100132,shops_at
A_CUST102284,L_Bihar,located_in
A_CUST102284,M_MER100183,shops_at
A_CUST102287,C_CARD502979,uses_card
A_CUST102287,M_MER100386,shops_at
A_CUST102287,L_Uttar Pradesh,located_in
A_CUST102290,C_CARD502982,uses_card
A_CUST102290,M_MER100301,shops_at
A_CUST102290,L_Assam,located_in
A_CUST102290,M_MER100114,shops_at
A_CUST102300,C_CARD502997,uses_card
A_CUST102300,M_MER100249,shops_at
A_CUST102300,L_West Bengal,located_in
A_CUST102301,C_CARD502998,uses_card
A_CUST102301,M_MER100369,shops_at
A_CUST102301,L_Kerala,located_in
A_CUST102306,C_CARD503005,uses_card
A_CUST102306,M_MER100183,shops_at
A_CUST102306,L_Uttar Pradesh,located_in
A_CUST102312,C_CARD503011,uses_card
A_CUST102312,M_MER100382,shops_at
A_CUST102312,L_Odisha,located_in
A_CUST102312,M_MER100191,shops_at
A_CUST102314,C_CARD503015,uses_card
A_CUST102314,M_MER100235,shops_at
A_CUST102314,L_Gujarat,located_in
A_CUST102315,C_CARD503016,uses_card
A_CUST102315,M_MER100323,shops_at
A_CUST102315,L_Assam,located_in
A_CUST102318,C_CARD503019,uses_card
A_CUST102318,M_MER100390,shops_at
A_CUST102318,L_Punjab,located_in
A_CUST102318,M_MER100495,shops_at
A_CUST102323,C_CARD503024,uses_card
A_CUST102323,M_MER100271,shops_at
A_CUST102323,L_Rajasthan,located_in
A_CUST102326,C_CARD503028,uses_card
A_CUST102326,M_MER100152,shops_at
A_CUST102326,L_Telangana,located_in
A_CUST102329,C_CARD503031,uses_card
A_CUST102329,M_MER100444,shops_at
A_CUST102329,L_Karnataka,located_in
A_CUST102330,C_CARD503034,uses_card
A_CUST102330,M_MER100481,shops_at
A_CUST102330,L_Madhya Pradesh,located_in
A_CUST102330,M_MER100092,shops_at
A_CUST102332,C_CARD503037,uses_card
A_CUST102332,M_MER100202,shops_at
A_CUST102332,L_West Bengal,located_in
A_CUST102332,C_CARD503036,uses_card
A_CUST102332,M_MER100352,shops_at
A_CUST102333,C_CARD503040,uses_card
A_CUST102333,M_MER100491,shops_at
A_CUST102333,L_Kerala,located_in
A_CUST102336,C_CARD503045,uses_card
A_CUST102336,M_MER100368,shops_at
A_CUST102336,L_West Bengal,located_in
A_CUST102336,C_CARD503044,uses_card
A_CUST102336,M_MER100249,shops_at
A_CUST102339,C_CARD503050,uses_card
A_CUST102339,M_MER100329,shops_at
A_CUST102339,L_Karnataka,located_in
A_CUST102345,C_CARD503056,uses_card
A_CUST102345,M_MER100428,shops_at
A_CUST102345,L_Assam,located_in
A_CUST102345,C_CARD503058,uses_card
A_CUST102345,M_MER100462,shops_at
A_CUST102345,M_MER100369,shops_at
A_CUST102345,M_MER100463,shops_at
A_CUST102347,C_CARD503061,uses_card
A_CUST102347,M_MER100294,shops_at
A_CUST102347,L_Punjab,located_in
A_CUST102353,C_CARD503067,uses_card
A_CUST102353,M_MER100292,shops_at
A_CUST102353,L_Rajasthan,located_in
A_CUST102354,C_CARD503068,uses_card
A_CUST102354,M_MER100446,shops_at
A_CUST102354,L_Assam,located_in
A_CUST102361,C_CARD503076,uses_card
A_CUST102361,M_MER100234,shops_at
A_CUST102361,L_Madhya Pradesh,located_in
A_CUST102363,C_CARD503079,uses_card
A_CUST102363,M_MER100483,shops_at
A_CUST102363,L_Tamil Nadu,located_in
A_CUST102365,C_CARD503081,uses_card
A_CUST102365,M_MER100441,shops_at
A_CUST102365,L_Karnataka,located_in
A_CUST102368,C_CARD503085,uses_card
A_CUST102368,M_MER100181,shops_at
A_CUST102368,L_Telangana,located_in
A_CUST102368,M_MER100190,shops_at
A_CUST102380,C_CARD503101,uses_card
A_CUST102380,M_MER100203,shops_at
A_CUST102380,L_Gujarat,located_in
A_CUST102380,M_MER100331,shops_at
A_CUST102380,M_MER100123,shops_at
A_CUST102385,C_CARD503107,uses_card
A_CUST102385,M_MER100365,shops_at
A_CUST102385,L_Karnataka,located_in
A_CUST102388,C_CARD503111,uses_card
A_CUST102388,M_MER100110,shops_at
A_CUST102388,L_Gujarat,located_in
A_CUST102388,M_MER100444,shops_at
A_CUST102388,C_CARD503110,uses_card
A_CUST102388,M_MER100119,shops_at
A_CUST102388,M_MER100310,shops_at
A_CUST102391,C_CARD503114,uses_card
A_CUST102391,M_MER100034,shops_at
A_CUST102391,L_Punjab,located_in
A_CUST102394,C_CARD503117,uses_card
A_CUST102394,M_MER100276,shops_at
A_CUST102394,L_Rajasthan,located_in
A_CUST102394,C_CARD503119,uses_card
A_CUST102394,M_MER100443,shops_at
A_CUST102394,M_MER100078,shops_at
A_CUST102394,M_MER100260,shops_at
A_CUST102394,M_MER100444,shops_at
A_CUST102397,C_CARD503122,uses_card
A_CUST102397,M_MER100209,shops_at
A_CUST102397,L_Maharashtra,located_in
A_CUST102397,M_MER100484,shops_at
A_CUST102397,M_MER100048,shops_at
A_CUST102398,C_CARD503124,uses_card
A_CUST102398,M_MER100120,shops_at
A_CUST102398,L_Bihar,located_in
A_CUST102403,C_CARD503130,uses_card
A_CUST102403,M_MER100223,shops_at
A_CUST102403,L_Punjab,located_in
A_CUST102403,C_CARD503129,uses_card
A_CUST102403,M_MER100443,shops_at
A_CUST102403,M_MER100307,shops_at
A_CUST102407,C_CARD503134,uses_card
A_CUST102407,M_MER100236,shops_at
A_CUST102407,L_Karnataka,located_in
A_CUST102407,M_MER100087,shops_at
A_CUST102407,M_MER100441,shops_at
A_CUST102411,C_CARD503140,uses_card
A_CUST102411,M_MER100382,shops_at
A_CUST102411,L_Madhya Pradesh,located_in
A_CUST102418,C_CARD503148,uses_card
A_CUST102418,M_MER100428,shops_at
A_CUST102418,L_Uttar Pradesh,located_in
A_CUST102418,M_MER100264,shops_at
A_CUST102418,M_MER100015,shops_at
A_CUST102420,C_CARD503150,uses_card
A_CUST102420,M_MER100293,shops_at
A_CUST102420,L_Tamil Nadu,located_in
A_CUST102426,C_CARD503157,uses_card
A_CUST102426,M_MER100397,shops_at
A_CUST102426,L_Kerala,located_in
A_CUST102426,M_MER100235,shops_at
A_CUST102432,C_CARD503163,uses_card
A_CUST102432,M_MER100037,shops_at
A_CUST102432,L_Bihar,located_in
A_CUST102432,M_MER100252,shops_at
A_CUST102435,C_CARD503167,uses_card
A_CUST102435,M_MER100063,shops_at
A_CUST102435,L_Kerala,located_in
A_CUST102439,C_CARD503172,uses_card
A_CUST102439,M_MER100190,shops_at
A_CUST102439,L_Uttar Pradesh,located_in
A_CUST102439,M_MER100205,shops_at
A_CUST102439,M_MER100004,shops_at
A_CUST102443,C_CARD503176,uses_card
A_CUST102443,M_MER100059,shops_at
A_CUST102443,L_Madhya Pradesh,located_in
A_CUST102445,C_CARD503178,uses_card
A_CUST102445,M_MER100146,shops_at
A_CUST102445,L_West Bengal,located_in
A_CUST102446,C_CARD503179,uses_card
A_CUST102446,M_MER100003,shops_at
A_CUST102446,L_Maharashtra,located_in
A_CUST102446,M_MER100220,shops_at
A_CUST102448,C_CARD503181,uses_card
A_CUST102448,M_MER100026,shops_at
A_CUST102448,L_Gujarat,located_in
A_CUST102451,C_CARD503184,uses_card
A_CUST102451,M_MER100431,shops_at
A_CUST102451,L_Odisha,located_in
A_CUST102451,M_MER100493,shops_at
A_CUST102454,C_CARD503188,uses_card
A_CUST102454,M_MER100082,shops_at
A_CUST102454,L_Punjab,located_in
A_CUST102454,M_MER100406,shops_at
A_CUST102457,C_CARD503191,uses_card
A_CUST102457,M_MER100435,shops_at
A_CUST102457,L_Karnataka,located_in
A_CUST102461,C_CARD503195,uses_card
A_CUST102461,M_MER100292,shops_at
A_CUST102461,L_West Bengal,located_in
A_CUST102462,C_CARD503196,uses_card
A_CUST102462,M_MER100450,shops_at
A_CUST102462,L_Rajasthan,located_in
A_CUST102462,C_CARD503198,uses_card
A_CUST102462,M_MER100454,shops_at
A_CUST102462,M_MER100116,shops_at
A_CUST102473,C_CARD503210,uses_card
A_CUST102473,M_MER100036,shops_at
A_CUST102473,L_Madhya Pradesh,located_in
A_CUST102474,C_CARD503213,uses_card
A_CUST102474,M_MER100185,shops_at
A_CUST102474,L_Madhya Pradesh,located_in
A_CUST102483,C_CARD503223,uses_card
A_CUST102483,M_MER100282,shops_at
A_CUST102483,L_Gujarat,located_in
A_CUST102483,M_MER100288,shops_at
A_CUST102486,C_CARD503226,uses_card
A_CUST102486,M_MER100148,shops_at
A_CUST102486,L_Kerala,located_in
A_CUST102487,C_CARD503227,uses_card
A_CUST102487,M_MER100040,shops_at
A_CUST102487,L_Maharashtra,located_in
A_CUST102492,C_CARD503232,uses_card
A_CUST102492,M_MER100381,shops_at
A_CUST102492,L_Haryana,located_in
A_CUST102492,M_MER100200,shops_at
A_CUST102497,C_CARD503238,uses_card
A_CUST102497,M_MER100365,shops_at
A_CUST102497,L_Gujarat,located_in
A_CUST102499,C_CARD503240,uses_card
A_CUST102499,M_MER100198,shops_at
A_CUST102499,L_Gujarat,located_in
A_CUST102499,M_MER100002,shops_at
A_CUST102499,M_MER100094,shops_at
A_CUST102500,C_CARD503241,uses_card
A_CUST102500,M_MER100092,shops_at
A_CUST102500,L_Haryana,located_in
A_CUST102502,C_CARD503244,uses_card
A_CUST102502,M_MER100288,shops_at
A_CUST102502,L_Bihar,located_in
A_CUST102503,C_CARD503246,uses_card
A_CUST102503,M_MER100017,shops_at
A_CUST102503,L_Punjab,located_in
A_CUST102505,C_CARD503248,uses_card
A_CUST102505,M_MER100443,shops_at
A_CUST102505,L_Maharashtra,located_in
A_CUST102505,M_MER100251,shops_at
A_CUST102507,C_CARD503252,uses_card
A_CUST102507,M_MER100213,shops_at
A_CUST102507,L_Madhya Pradesh,located_in
A_CUST102507,M_MER100226,shops_at
A_CUST102507,M_MER100099,shops_at
A_CUST102513,C_CARD503261,uses_card
A_CUST102513,M_MER100459,shops_at
A_CUST102513,L_West Bengal,located_in
A_CUST102513,C_CARD503260,uses_card
A_CUST102513,M_MER100005,shops_at
A_CUST102514,C_CARD503262,uses_card
A_CUST102514,M_MER100492,shops_at
A_CUST102514,L_Rajasthan,located_in
A_CUST102516,C_CARD503264,uses_card
A_CUST102516,M_MER100294,shops_at
A_CUST102516,L_Gujarat,located_in
A_CUST102519,C_CARD503269,uses_card
A_CUST102519,M_MER100280,shops_at
A_CUST102519,L_Kerala,located_in
A_CUST102530,C_CARD503280,uses_card
A_CUST102530,M_MER100183,shops_at
A_CUST102530,L_West Bengal,located_in
A_CUST102539,C_CARD503292,uses_card
A_CUST102539,M_MER100105,shops_at
A_CUST102539,L_Uttar Pradesh,located_in
A_CUST102539,M_MER100046,shops_at
A_CUST102542,C_CARD503295,uses_card
A_CUST102542,M_MER100328,shops_at
A_CUST102542,L_Rajasthan,located_in
A_CUST102544,C_CARD503298,uses_card
A_CUST102544,M_MER100240,shops_at
A_CUST102544,L_Assam,located_in
A_CUST102545,C_CARD503299,uses_card
A_CUST102545,M_MER100319,shops_at
A_CUST102545,L_Gujarat,located_in
A_CUST102546,C_CARD503300,uses_card
A_CUST102546,M_MER100326,shops_at
A_CUST102546,L_Maharashtra,located_in
A_CUST102551,C_CARD503307,uses_card
A_CUST102551,M_MER100454,shops_at
A_CUST102551,L_Assam,located_in
A_CUST102568,C_CARD503328,uses_card
A_CUST102568,M_MER100138,shops_at
A_CUST102568,L_Karnataka,located_in
A_CUST102568,C_CARD503329,uses_card
A_CUST102568,M_MER100141,shops_at
A_CUST102573,C_CARD503336,uses_card
A_CUST102573,M_MER100179,shops_at
A_CUST102573,L_Uttar Pradesh,located_in
A_CUST102577,C_CARD503342,uses_card
A_CUST102577,M_MER100286,shops_at
A_CUST102577,L_Bihar,located_in
A_CUST102578,C_CARD503344,uses_card
A_CUST102578,M_MER100028,shops_at
A_CUST102578,L_Kerala,located_in
A_CUST102586,C_CARD503354,uses_card
A_CUST102586,M_MER100292,shops_at
A_CUST102586,L_Assam,located_in
A_CUST102587,C_CARD503356,uses_card
A_CUST102587,M_MER100377,shops_at
A_CUST102587,L_Maharashtra,located_in
A_CUST102587,C_CARD503355,uses_card
A_CUST102587,M_MER100006,shops_at
A_CUST102588,C_CARD503358,uses_card
A_CUST102588,M_MER100410,shops_at
A_CUST102588,L_Madhya Pradesh,located_in
A_CUST102588,M_MER100162,shops_at
A_CUST102592,C_CARD503363,uses_card
A_CUST102592,M_MER100367,shops_at
A_CUST102592,L_Assam,located_in
A_CUST102594,C_CARD503367,uses_card
A_CUST102594,M_MER100055,shops_at
A_CUST102594,L_Tamil Nadu,located_in
A_CUST102596,C_CARD503369,uses_card
A_CUST102596,M_MER100351,shops_at
A_CUST102596,L_Uttar Pradesh,located_in
A_CUST102602,C_CARD503376,uses_card
A_CUST102602,M_MER100087,shops_at
A_CUST102602,L_Haryana,located_in
A_CUST102608,C_CARD503382,uses_card
A_CUST102608,M_MER100185,shops_at
A_CUST102608,L_Maharashtra,located_in
A_CUST102610,C_CARD503386,uses_card
A_CUST102610,M_MER100003,shops_at
A_CUST102610,L_Karnataka,located_in
A_CUST102610,C_CARD503385,uses_card
A_CUST102610,M_MER100382,shops_at
A_CUST102610,M_MER100444,shops_at
A_CUST102612,C_CARD503388,uses_card
A_CUST102612,M_MER100256,shops_at
A_CUST102612,L_Kerala,located_in
A_CUST102616,C_CARD503394,uses_card
A_CUST102616,M_MER100354,shops_at
A_CUST102616,L_Punjab,located_in
A_CUST102620,C_CARD503399,uses_card
A_CUST102620,M_MER100285,shops_at
A_CUST102620,L_Tamil Nadu,located_in
A_CUST102621,C_CARD503401,uses_card
A_CUST102621,M_MER100094,shops_at
A_CUST102621,L_Haryana,located_in
A_CUST102621,M_MER100345,shops_at
A_CUST102621,M_MER100235,shops_at
A_CUST102621,C_CARD503400,uses_card
A_CUST102621,M_MER100288,shops_at
A_CUST102621,M_MER100006,shops_at
A_CUST102621,M_MER100463,shops_at
A_CUST102622,C_CARD503403,uses_card
A_CUST102622,M_MER100302,shops_at
A_CUST102622,L_Kerala,located_in
A_CUST102625,C_CARD503408,uses_card
A_CUST102625,M_MER100252,shops_at
A_CUST102625,L_Haryana,located_in
A_CUST102625,M_MER100235,shops_at
A_CUST102627,C_CARD503412,uses_card
A_CUST102627,M_MER100291,shops_at
A_CUST102627,L_Telangana,located_in
A_CUST102628,C_CARD503414,uses_card
A_CUST102628,M_MER100183,shops_at
A_CUST102628,L_Madhya Pradesh,located_in
A_CUST102635,C_CARD503421,uses_card
A_CUST102635,M_MER100375,shops_at
A_CUST102635,L_Karnataka,located_in
A_CUST102643,C_CARD503432,uses_card
A_CUST102643,M_MER100182,shops_at
A_CUST102643,L_Haryana,located_in
A_CUST102643,C_CARD503433,uses_card
A_CUST102643,M_MER100209,shops_at
A_CUST102650,C_CARD503441,uses_card
A_CUST102650,M_MER100391,shops_at
A_CUST102650,L_Assam,located_in
A_CUST102650,M_MER100286,shops_at
A_CUST102654,C_CARD503446,uses_card
A_CUST102654,M_MER100404,shops_at
A_CUST102654,L_West Bengal,located_in
A_CUST102661,C_CARD503454,uses_card
A_CUST102661,M_MER100440,shops_at
A_CUST102661,L_Telangana,located_in
A_CUST102661,M_MER100307,shops_at
A_CUST102671,C_CARD503464,uses_card
A_CUST102671,M_MER100022,shops_at
A_CUST102671,L_Madhya Pradesh,located_in
A_CUST102671,M_MER100452,shops_at
A_CUST102672,C_CARD503468,uses_card
A_CUST102672,M_MER100102,shops_at
A_CUST102672,L_Bihar,located_in
A_CUST102675,C_CARD503473,uses_card
A_CUST102675,M_MER100129,shops_at
A_CUST102675,L_Haryana,located_in
A_CUST102676,C_CARD503475,uses_card
A_CUST102676,M_MER100136,shops_at
A_CUST102676,L_Gujarat,located_in
A_CUST102685,C_CARD503486,uses_card
A_CUST102685,M_MER100072,shops_at
A_CUST102685,L_Punjab,located_in
A_CUST102687,C_CARD503488,uses_card
A_CUST102687,M_MER100039,shops_at
A_CUST102687,L_Karnataka,located_in
A_CUST102688,C_CARD503489,uses_card
A_CUST102688,M_MER100252,shops_at
A_CUST102688,L_Tamil Nadu,located_in
A_CUST102688,M_MER100254,shops_at
A_CUST102689,C_CARD503491,uses_card
A_CUST102689,M_MER100015,shops_at
A_CUST102689,L_Tamil Nadu,located_in
A_CUST102693,C_CARD503495,uses_card
A_CUST102693,M_MER100004,shops_at
A_CUST102693,L_Tamil Nadu,located_in
A_CUST102693,C_CARD503496,uses_card
A_CUST102693,M_MER100424,shops_at
A_CUST102695,C_CARD503499,uses_card
A_CUST102695,M_MER100005,shops_at
A_CUST102695,L_Telangana,located_in
A_CUST102700,C_CARD503505,uses_card
A_CUST102700,M_MER100226,shops_at
A_CUST102700,L_Madhya Pradesh,located_in
A_CUST102701,C_CARD503506,uses_card
A_CUST102701,M_MER100326,shops_at
A_CUST102701,L_Uttar Pradesh,located_in
A_CUST102702,C_CARD503507,uses_card
A_CUST102702,M_MER100072,shops_at
A_CUST102702,L_Bihar,located_in
A_CUST102705,C_CARD503510,uses_card
A_CUST102705,M_MER100412,shops_at
A_CUST102705,L_Kerala,located_in
A_CUST102707,C_CARD503514,uses_card
A_CUST102707,M_MER100492,shops_at
A_CUST102707,L_Uttar Pradesh,located_in
A_CUST102708,C_CARD503515,uses_card
A_CUST102708,M_MER100108,shops_at
A_CUST102708,L_Uttar Pradesh,located_in
A_CUST102710,C_CARD503517,uses_card
A_CUST102710,M_MER100365,shops_at
A_CUST102710,L_Tamil Nadu,located_in
A_CUST102725,C_CARD503534,uses_card
A_CUST102725,M_MER100060,shops_at
A_CUST102725,L_Tamil Nadu,located_in
A_CUST102727,C_CARD503537,uses_card
A_CUST102727,M_MER100050,shops_at
A_CUST102727,L_Assam,located_in
A_CUST102733,C_CARD503545,uses_card
A_CUST102733,M_MER100496,shops_at
A_CUST102733,L_Telangana,located_in
A_CUST102733,C_CARD503544,uses_card
A_CUST102733,M_MER100235,shops_at
A_CUST102733,M_MER100163,shops_at
A_CUST102734,C_CARD503546,uses_card
A_CUST102734,M_MER100040,shops_at
A_CUST102734,L_Rajasthan,located_in
A_CUST102739,C_CARD503551,uses_card
A_CUST102739,M_MER100382,shops_at
A_CUST102739,L_West Bengal,located_in
A_CUST102742,C_CARD503555,uses_card
A_CUST102742,M_MER100364,shops_at
A_CUST102742,L_Odisha,located_in
A_CUST102742,M_MER100022,shops_at
A_CUST102743,C_CARD503556,uses_card
A_CUST102743,M_MER100350,shops_at
A_CUST102743,L_Tamil Nadu,located_in
A_CUST102743,M_MER100256,shops_at
A_CUST102744,C_CARD503557,uses_card
A_CUST102744,M_MER100421,shops_at
A_CUST102744,L_Bihar,located_in
A_CUST102747,C_CARD503562,uses_card
A_CUST102747,M_MER100179,shops_at
A_CUST102747,L_Punjab,located_in
A_CUST102747,C_CARD503560,uses_card
A_CUST102747,M_MER100448,shops_at
A_CUST102747,M_MER100348,shops_at
A_CUST102747,C_CARD503561,uses_card
A_CUST102747,M_MER100394,shops_at
A_CUST102748,C_CARD503563,uses_card
A_CUST102748,M_MER100405,shops_at
A_CUST102748,L_Punjab,located_in
A_CUST102748,M_MER100435,shops_at
A_CUST102750,C_CARD503566,uses_card
A_CUST102750,M_MER100262,shops_at
A_CUST102750,L_Odisha,located_in
A_CUST102750,M_MER100089,shops_at
A_CUST102752,C_CARD503568,uses_card
A_CUST102752,M_MER100398,shops_at
A_CUST102752,L_Tamil Nadu,located_in
A_CUST102752,M_MER100292,shops_at
A_CUST102754,C_CARD503573,uses_card
A_CUST102754,M_MER100476,shops_at
A_CUST102754,L_Bihar,located_in
A_CUST102756,C_CARD503575,uses_card
A_CUST102756,M_MER100220,shops_at
A_CUST102756,L_Odisha,located_in
A_CUST102758,C_CARD503579,uses_card
A_CUST102758,M_MER100235,shops_at
A_CUST102758,L_Maharashtra,located_in
A_CUST102762,C_CARD503584,uses_card
A_CUST102762,M_MER100372,shops_at
A_CUST102762,L_Rajasthan,located_in
A_CUST102763,C_CARD503585,uses_card
A_CUST102763,M_MER100213,shops_at
A_CUST102763,L_Rajasthan,located_in
A_CUST102765,C_CARD503587,uses_card
A_CUST102765,M_MER100130,shops_at
A_CUST102765,L_Tamil Nadu,located_in
A_CUST102784,C_CARD503607,uses_card
A_CUST102784,M_MER100368,shops_at
A_CUST102784,L_Assam,located_in
A_CUST102789,C_CARD503614,uses_card
A_CUST102789,M_MER100204,shops_at
A_CUST102789,L_Maharashtra,located_in
A_CUST102793,C_CARD503619,uses_card
A_CUST102793,M_MER100205,shops_at
A_CUST102793,L_West Bengal,located_in
A_CUST102794,C_CARD503621,uses_card
A_CUST102794,M_MER100468,shops_at
A_CUST102794,L_Tamil Nadu,located_in
A_CUST102794,M_MER100196,shops_at
A_CUST102797,C_CARD503624,uses_card
A_CUST102797,M_MER100456,shops_at
A_CUST102797,L_Gujarat,located_in
A_CUST102797,M_MER100470,shops_at
A_CUST102800,C_CARD503630,uses_card
A_CUST102800,M_MER100466,shops_at
A_CUST102800,L_Rajasthan,located_in
A_CUST102806,C_CARD503637,uses_card
A_CUST102806,M_MER100174,shops_at
A_CUST102806,L_Punjab,located_in
A_CUST102813,C_CARD503645,uses_card
A_CUST102813,M_MER100490,shops_at
A_CUST102813,L_Rajasthan,located_in
A_CUST102824,C_CARD503658,uses_card
A_CUST102824,M_MER100359,shops_at
A_CUST102824,L_West Bengal,located_in
A_CUST102824,M_MER100192,shops_at
A_CUST102824,M_MER100332,shops_at
A_CUST102828,C_CARD503662,uses_card
A_CUST102828,M_MER100396,shops_at
A_CUST102828,L_Haryana,located_in
A_CUST102831,C_CARD503666,uses_card
A_CUST102831,M_MER100179,shops_at
A_CUST102831,L_Telangana,located_in
A_CUST102833,C_CARD503670,uses_card
A_CUST102833,M_MER100448,shops_at
A_CUST102833,L_Karnataka,located_in
A_CUST102836,C_CARD503675,uses_card
A_CUST102836,M_MER100094,shops_at
A_CUST102836,L_Assam,located_in
A_CUST102839,C_CARD503679,uses_card
A_CUST102839,M_MER100331,shops_at
A_CUST102839,L_Tamil Nadu,located_in
A_CUST102845,C_CARD503688,uses_card
A_CUST102845,M_MER100148,shops_at
A_CUST102845,L_Punjab,located_in
A_CUST102845,C_CARD503687,uses_card
A_CUST102845,M_MER100222,shops_at
A_CUST102846,C_CARD503690,uses_card
A_CUST102846,M_MER100416,shops_at
A_CUST102846,L_Kerala,located_in
A_CUST102847,C_CARD503692,uses_card
A_CUST102847,M_MER100378,shops_at
A_CUST102847,L_Madhya Pradesh,located_in
A_CUST102849,C_CARD503697,uses_card
A_CUST102849,M_MER100325,shops_at
A_CUST102849,L_Assam,located_in
A_CUST102849,M_MER100253,shops_at
A_CUST102850,C_CARD503698,uses_card
A_CUST102850,M_MER100342,shops_at
A_CUST102850,L_Gujarat,located_in
A_CUST102856,C_CARD503704,uses_card
A_CUST102856,M_MER100105,shops_at
A_CUST102856,L_West Bengal,located_in
A_CUST102864,C_CARD503713,uses_card
A_CUST102864,M_MER100224,shops_at
A_CUST102864,L_Rajasthan,located_in
A_CUST102865,C_CARD503714,uses_card
A_CUST102865,M_MER100465,shops_at
A_CUST102865,L_Gujarat,located_in
A_CUST102873,C_CARD503723,uses_card
A_CUST102873,M_MER100194,shops_at
A_CUST102873,L_West Bengal,located_in
A_CUST102878,C_CARD503730,uses_card
A_CUST102878,M_MER100469,shops_at
A_CUST102878,L_Tamil Nadu,located_in
A_CUST102887,C_CARD503740,uses_card
A_CUST102887,M_MER100346,shops_at
A_CUST102887,L_Telangana,located_in
A_CUST102887,C_CARD503741,uses_card
A_CUST102887,M_MER100169,shops_at
A_CUST102890,C_CARD503744,uses_card
A_CUST102890,M_MER100234,shops_at
A_CUST102890,L_Karnataka,located_in
A_CUST102893,C_CARD503751,uses_card
A_CUST102893,M_MER100456,shops_at
A_CUST102893,L_Karnataka,located_in
A_CUST102895,C_CARD503754,uses_card
A_CUST102895,M_MER100175,shops_at
A_CUST102895,L_West Bengal,located_in
A_CUST102896,C_CARD503757,uses_card
A_CUST102896,M_MER100350,shops_at
A_CUST102896,L_Karnataka,located_in
A_CUST102896,M_MER100180,shops_at
A_CUST102896,M_MER100009,shops_at
A_CUST102897,C_CARD503758,uses_card
A_CUST102897,M_MER100102,shops_at
A_CUST102897,L_West Bengal,located_in
A_CUST102899,C_CARD503760,uses_card
A_CUST102899,M_MER100380,shops_at
A_CUST102899,L_Telangana,located_in
A_CUST102899,M_MER100253,shops_at
A_CUST102899,M_MER100224,shops_at
A_CUST102899,M_MER100236,shops_at
A_CUST102900,C_CARD503763,uses_card
A_CUST102900,M_MER100274,shops_at
A_CUST102900,L_Haryana,located_in
A_CUST102909,C_CARD503775,uses_card
A_CUST102909,M_MER100303,shops_at
A_CUST102909,L_Madhya Pradesh,located_in
A_CUST102910,C_CARD503779,uses_card
A_CUST102910,M_MER100417,shops_at
A_CUST102910,L_Gujarat,located_in
A_CUST102915,C_CARD503784,uses_card
A_CUST102915,M_MER100313,shops_at
A_CUST102915,L_Madhya Pradesh,located_in
A_CUST102920,C_CARD503791,uses_card
A_CUST102920,M_MER100070,shops_at
A_CUST102920,L_Madhya Pradesh,located_in
A_CUST102920,C_CARD503790,uses_card
A_CUST102920,M_MER100204,shops_at
A_CUST102929,C_CARD503803,uses_card
A_CUST102929,M_MER100047,shops_at
A_CUST102929,L_Bihar,located_in
A_CUST102932,C_CARD503808,uses_card
A_CUST102932,M_MER100293,shops_at
A_CUST102932,L_Assam,located_in
A_CUST102934,C_CARD503811,uses_card
A_CUST102934,M_MER100059,shops_at
A_CUST102934,L_Kerala,located_in
A_CUST102940,C_CARD503819,uses_card
A_CUST102940,M_MER100127,shops_at
A_CUST102940,L_Madhya Pradesh,located_in
A_CUST102942,C_CARD503821,uses_card
A_CUST102942,M_MER100099,shops_at
A_CUST102942,L_Bihar,located_in
A_CUST102942,M_MER100138,shops_at
A_CUST102943,C_CARD503823,uses_card
A_CUST102943,M_MER100485,shops_at
A_CUST102943,L_Karnataka,located_in
A_CUST102946,C_CARD503826,uses_card
A_CUST102946,M_MER100275,shops_at
A_CUST102946,L_Tamil Nadu,located_in
A_CUST102951,C_CARD503833,uses_card
A_CUST102951,M_MER100447,shops_at
A_CUST102951,L_Bihar,located_in
A_CUST102954,C_CARD503836,uses_card
A_CUST102954,M_MER100026,shops_at
A_CUST102954,L_Punjab,located_in
A_CUST102960,C_CARD503843,uses_card
A_CUST102960,M_MER100477,shops_at
A_CUST102960,L_Uttar Pradesh,located_in
A_CUST102962,C_CARD503845,uses_card
A_CUST102962,M_MER100213,shops_at
A_CUST102962,L_Bihar,located_in
A_CUST102967,C_CARD503852,uses_card
A_CUST102967,M_MER100218,shops_at
A_CUST102967,L_Karnataka,located_in
A_CUST102967,C_CARD503853,uses_card
A_CUST102967,M_MER100055,shops_at
A_CUST102967,C_CARD503851,uses_card
A_CUST102967,M_MER100028,shops_at
A_CUST102967,M_MER100094,shops_at
A_CUST102969,C_CARD503855,uses_card
A_CUST102969,M_MER100254,shops_at
A_CUST102969,L_Tamil Nadu,located_in
A_CUST102971,C_CARD503857,uses_card
A_CUST102971,M_MER100014,shops_at
A_CUST102971,L_Punjab,located_in
A_CUST102974,C_CARD503862,uses_card
A_CUST102974,M_MER100071,shops_at
A_CUST102974,L_Gujarat,located_in
A_CUST102974,C_CARD503861,uses_card
A_CUST102974,M_MER100034,shops_at
A_CUST102975,C_CARD503863,uses_card
A_CUST102975,M_MER100191,shops_at
A_CUST102975,L_Madhya Pradesh,located_in
A_CUST102979,C_CARD503869,uses_card
A_CUST102979,M_MER100476,shops_at
A_CUST102979,L_West Bengal,located_in
A_CUST102981,C_CARD503871,uses_card
A_CUST102981,M_MER100218,shops_at
A_CUST102981,L_Odisha,located_in
A_CUST102983,C_CARD503873,uses_card
A_CUST102983,M_MER100215,shops_at
A_CUST102983,L_Assam,located_in
A_CUST102986,C_CARD503877,uses_card
A_CUST102986,M_MER100358,shops_at
A_CUST102986,L_West Bengal,located_in
A_CUST102987,C_CARD503878,uses_card
A_CUST102987,M_MER100322,shops_at
A_CUST102987,L_Rajasthan,located_in
A_CUST102987,M_MER100369,shops_at
A_CUST102989,C_CARD503880,uses_card
A_CUST102989,M_MER100433,shops_at
A_CUST102989,L_Punjab,located_in
A_CUST102990,C_CARD503882,uses_card
A_CUST102990,M_MER100009,shops_at
A_CUST102990,L_Gujarat,located_in
A_CUST102993,C_CARD503885,uses_card
A_CUST102993,M_MER100171,shops_at
A_CUST102993,L_Karnataka,located_in
A_CUST103009,C_CARD503905,uses_card
A_CUST103009,M_MER100112,shops_at
A_CUST103009,L_Kerala,located_in
A_CUST103009,M_MER100254,shops_at
A_CUST103016,C_CARD503912,uses_card
A_CUST103016,M_MER100339,shops_at
A_CUST103016,L_Haryana,located_in
A_CUST103016,M_MER100002,shops_at
A_CUST103022,C_CARD503918,uses_card
A_CUST103022,M_MER100424,shops_at
A_CUST103022,L_Rajasthan,located_in
A_CUST103023,C_CARD503919,uses_card
A_CUST103023,M_MER100331,shops_at
A_CUST103023,L_Assam,located_in
A_CUST103025,C_CARD503921,uses_card
A_CUST103025,M_MER100358,shops_at
A_CUST103025,L_Rajasthan,located_in
A_CUST103025,M_MER100022,shops_at
A_CUST103027,C_CARD503925,uses_card
A_CUST103027,M_MER100138,shops_at
A_CUST103027,L_Bihar,located_in
A_CUST103032,C_CARD503931,uses_card
A_CUST103032,M_MER100116,shops_at
A_CUST103032,L_West Bengal,located_in
A_CUST103034,C_CARD503934,uses_card
A_CUST103034,M_MER100197,shops_at
A_CUST103034,L_West Bengal,located_in
A_CUST103041,C_CARD_INJECTED_01,uses_card
A_CUST103041,M_MER100466,shops_at
A_CUST103041,L_Lakshadweep,located_in
A_CUST103042,C_CARD503944,uses_card
A_CUST103042,M_MER100382,shops_at
A_CUST103042,L_Madhya Pradesh,located_in
A_CUST103043,C_CARD503946,uses_card
A_CUST103043,M_MER100432,shops_at
A_CUST103043,L_Bihar,located_in
A_CUST103046,C_CARD503949,uses_card
A_CUST103046,M_MER100430,shops_at
A_CUST103046,L_Haryana,located_in
A_CUST103048,C_CARD503955,uses_card
A_CUST103048,M_MER100409,shops_at
A_CUST103048,L_Telangana,located_in
A_CUST103048,M_MER100374,shops_at
A_CUST103048,M_MER100390,shops_at
A_CUST103050,C_CARD503958,uses_card
A_CUST103050,M_MER100153,shops_at
A_CUST103050,L_Rajasthan,located_in
A_CUST103060,C_CARD503968,uses_card
A_CUST103060,M_MER100243,shops_at
A_CUST103060,L_Uttar Pradesh,located_in
A_CUST103073,C_CARD_INJECTED_01,uses_card
A_CUST103073,M_MER100466,shops_at
A_CUST103073,L_Lakshadweep,located_in
A_CUST103077,C_CARD503986,uses_card
A_CUST103077,M_MER100179,shops_at
A_CUST103077,L_Tamil Nadu,located_in
A_CUST103077,M_MER100335,shops_at
A_CUST103080,C_CARD503989,uses_card
A_CUST103080,M_MER100139,shops_at
A_CUST103080,L_Uttar Pradesh,located_in
A_CUST103080,M_MER100013,shops_at
A_CUST103080,C_CARD503990,uses_card
A_CUST103080,M_MER100215,shops_at
A_CUST103080,M_MER100446,shops_at
A_CUST103080,M_MER100043,shops_at
A_CUST103081,C_CARD503991,uses_card
A_CUST103081,M_MER100034,shops_at
A_CUST103081,L_Telangana,located_in
A_CUST103081,C_CARD503993,uses_card
A_CUST103081,M_MER100060,shops_at
A_CUST103081,M_MER100437,shops_at
A_CUST103081,M_MER100380,shops_at
A_CUST103081,M_MER100446,shops_at
A_CUST103083,C_CARD503995,uses_card
A_CUST103083,M_MER100365,shops_at
A_CUST103083,L_Kerala,located_in
A_CUST103085,C_CARD503997,uses_card
A_CUST103085,M_MER100209,shops_at
A_CUST103085,L_Kerala,located_in
A_CUST103087,C_CARD504002,uses_card
A_CUST103087,M_MER100444,shops_at
A_CUST103087,L_Uttar Pradesh,located_in
A_CUST103087,C_CARD504000,uses_card
A_CUST103087,M_MER100051,shops_at
A_CUST103095,C_CARD504010,uses_card
A_CUST103095,M_MER100199,shops_at
A_CUST103095,L_Rajasthan,located_in
A_CUST103098,C_CARD504014,uses_card
A_CUST103098,M_MER100315,shops_at
A_CUST103098,L_Assam,located_in
A_CUST103098,C_CARD504015,uses_card
A_CUST103098,M_MER100425,shops_at
A_CUST103098,C_CARD504013,uses_card
A_CUST103098,M_MER100130,shops_at
A_CUST103098,M_MER100117,shops_at
A_CUST103099,C_CARD504016,uses_card
A_CUST103099,M_MER100478,shops_at
A_CUST103099,L_Uttar Pradesh,located_in
A_CUST103099,M_MER100495,shops_at
A_CUST103107,C_CARD504028,uses_card
A_CUST103107,M_MER100002,shops_at
A_CUST103107,L_Rajasthan,located_in
A_CUST103117,C_CARD504039,uses_card
A_CUST103117,M_MER100068,shops_at
A_CUST103117,L_Odisha,located_in
A_CUST103125,C_CARD504049,uses_card
A_CUST103125,M_MER100099,shops_at
A_CUST103125,L_Punjab,located_in
A_CUST103131,C_CARD504057,uses_card
A_CUST103131,M_MER100328,shops_at
A_CUST103131,L_Gujarat,located_in
A_CUST103132,C_CARD504058,uses_card
A_CUST103132,M_MER100382,shops_at
A_CUST103132,L_Punjab,located_in
A_CUST103133,C_CARD504060,uses_card
A_CUST103133,M_MER100481,shops_at
A_CUST103133,L_Maharashtra,located_in
A_CUST103134,C_CARD504062,uses_card
A_CUST103134,M_MER100021,shops_at
A_CUST103134,L_Telangana,located_in
A_CUST103136,C_CARD504064,uses_card
A_CUST103136,M_MER100273,shops_at
A_CUST103136,L_Punjab,located_in
A_CUST103136,M_MER100235,shops_at
A_CUST103136,M_MER100014,shops_at
A_CUST103139,C_CARD504069,uses_card
A_CUST103139,M_MER100135,shops_at
A_CUST103139,L_Bihar,located_in
A_CUST103140,C_CARD504070,uses_card
A_CUST103140,M_MER100326,shops_at
A_CUST103140,L_Tamil Nadu,located_in
A_CUST103143,C_CARD504074,uses_card
A_CUST103143,M_MER100202,shops_at
A_CUST103143,L_Maharashtra,located_in
A_CUST103143,M_MER100246,shops_at
A_CUST103143,M_MER100113,shops_at
A_CUST103143,M_MER100378,shops_at
A_CUST103145,C_CARD504078,uses_card
A_CUST103145,M_MER100380,shops_at
A_CUST103145,L_Karnataka,located_in
A_CUST103146,C_CARD504079,uses_card
A_CUST103146,M_MER100023,shops_at
A_CUST103146,L_Gujarat,located_in
A_CUST103147,C_CARD504080,uses_card
A_CUST103147,M_MER100229,shops_at
A_CUST103147,L_Gujarat,located_in
A_CUST103148,C_CARD504081,uses_card
A_CUST103148,M_MER100424,shops_at
A_CUST103148,L_Kerala,located_in
A_CUST103151,C_CARD504085,uses_card
A_CUST103151,M_MER100426,shops_at
A_CUST103151,L_Rajasthan,located_in
A_CUST103151,M_MER100244,shops_at
A_CUST103151,C_CARD504084,uses_card
A_CUST103151,M_MER100360,shops_at
A_CUST103151,M_MER100382,shops_at
A_CUST103152,C_CARD504086,uses_card
A_CUST103152,M_MER100496,shops_at
A_CUST103152,L_Gujarat,located_in
A_CUST103152,M_MER100090,shops_at
A_CUST103158,C_CARD504094,uses_card
A_CUST103158,M_MER100288,shops_at
A_CUST103158,L_Madhya Pradesh,located_in
A_CUST103158,C_CARD504093,uses_card
A_CUST103158,M_MER100140,shops_at
A_CUST103158,M_MER100220,shops_at
A_CUST103162,C_CARD504098,uses_card
A_CUST103162,M_MER100352,shops_at
A_CUST103162,L_Madhya Pradesh,located_in
A_CUST103163,C_CARD504099,uses_card
A_CUST103163,M_MER100456,shops_at
A_CUST103163,L_Bihar,located_in
A_CUST103163,M_MER100183,shops_at
A_CUST103163,C_CARD504100,uses_card
A_CUST103163,M_MER100152,shops_at
A_CUST103166,C_CARD504103,uses_card
A_CUST103166,M_MER100056,shops_at
A_CUST103166,L_Odisha,located_in
A_CUST103173,C_CARD504112,uses_card
A_CUST103173,M_MER100183,shops_at
A_CUST103173,L_Karnataka,located_in
A_CUST103176,C_CARD504118,uses_card
A_CUST103176,M_MER100235,shops_at
A_CUST103176,L_Gujarat,located_in
A_CUST103177,C_CARD504120,uses_card
A_CUST103177,M_MER100364,shops_at
A_CUST103177,L_Telangana,located_in
A_CUST103177,C_CARD504119,uses_card
A_CUST103177,M_MER100141,shops_at
A_CUST103180,C_CARD504125,uses_card
A_CUST103180,M_MER100331,shops_at
A_CUST103180,L_Karnataka,located_in
A_CUST103180,C_CARD504124,uses_card
A_CUST103180,M_MER100166,shops_at
A_CUST103180,M_MER100090,shops_at
A_CUST103185,C_CARD504133,uses_card
A_CUST103185,M_MER100396,shops_at
A_CUST103185,L_Telangana,located_in
A_CUST103190,C_CARD504139,uses_card
A_CUST103190,M_MER100003,shops_at
A_CUST103190,L_Gujarat,located_in
A_CUST103195,C_CARD504146,uses_card
A_CUST103195,M_MER100189,shops_at
A_CUST103195,L_Haryana,located_in
A_CUST103200,C_CARD504152,uses_card
A_CUST103200,M_MER100018,shops_at
A_CUST103200,L_Assam,located_in
A_CUST103219,C_CARD504174,uses_card
A_CUST103219,M_MER100325,shops_at
A_CUST103219,L_Maharashtra,located_in
A_CUST103220,C_CARD504175,uses_card
A_CUST103220,M_MER100446,shops_at
A_CUST103220,L_Assam,located_in
A_CUST103220,M_MER100443,shops_at
A_CUST103221,C_CARD504176,uses_card
A_CUST103221,M_MER100351,shops_at
A_CUST103221,L_Punjab,located_in
A_CUST103221,C_CARD504177,uses_card
A_CUST103221,M_MER100114,shops_at
A_CUST103221,M_MER100036,shops_at
A_CUST103221,M_MER100169,shops_at
A_CUST103223,C_CARD504180,uses_card
A_CUST103223,M_MER100158,shops_at
A_CUST103223,L_Kerala,located_in
A_CUST103223,M_MER100461,shops_at
A_CUST103226,C_CARD504185,uses_card
A_CUST103226,M_MER100309,shops_at
A_CUST103226,L_Gujarat,located_in
A_CUST103227,C_CARD504187,uses_card
A_CUST103227,M_MER100249,shops_at
A_CUST103227,L_Gujarat,located_in
A_CUST103228,C_CARD504188,uses_card
A_CUST103228,M_MER100005,shops_at
A_CUST103228,L_Gujarat,located_in
A_CUST103239,C_CARD504200,uses_card
A_CUST103239,M_MER100057,shops_at
A_CUST103239,L_Odisha,located_in
A_CUST103240,C_CARD504201,uses_card
A_CUST103240,M_MER100130,shops_at
A_CUST103240,L_Telangana,located_in
A_CUST103251,C_CARD504217,uses_card
A_CUST103251,M_MER100191,shops_at
A_CUST103251,L_Bihar,located_in
A_CUST103252,C_CARD504219,uses_card
A_CUST103252,M_MER100218,shops_at
A_CUST103252,L_Madhya Pradesh,located_in
A_CUST103254,C_CARD504221,uses_card
A_CUST103254,M_MER100369,shops_at
A_CUST103254,L_Haryana,located_in
A_CUST103256,C_CARD504225,uses_card
A_CUST103256,M_MER100437,shops_at
A_CUST103256,L_Bihar,located_in
A_CUST103257,C_CARD504226,uses_card
A_CUST103257,M_MER100368,shops_at
A_CUST103257,L_West Bengal,located_in
A_CUST103258,C_CARD504227,uses_card
A_CUST103258,M_MER100399,shops_at
A_CUST103258,L_Assam,located_in
A_CUST103258,C_CARD504229,uses_card
A_CUST103258,M_MER100266,shops_at
A_CUST103261,C_CARD504233,uses_card
A_CUST103261,M_MER100291,shops_at
A_CUST103261,L_West Bengal,located_in
A_CUST103261,M_MER100476,shops_at
A_CUST103261,C_CARD504232,uses_card
A_CUST103261,M_MER100282,shops_at
A_CUST103263,C_CARD504235,uses_card
A_CUST103263,M_MER100059,shops_at
A_CUST103263,L_Rajasthan,located_in
A_CUST103264,C_CARD504236,uses_card
A_CUST103264,M_MER100499,shops_at
A_CUST103264,L_Odisha,located_in
A_CUST103264,M_MER100280,shops_at
A_CUST103264,M_MER100500,shops_at
A_CUST103266,C_CARD504238,uses_card
A_CUST103266,M_MER100045,shops_at
A_CUST103266,L_Assam,located_in
A_CUST103266,M_MER100344,shops_at
A_CUST103271,C_CARD504245,uses_card
A_CUST103271,M_MER100444,shops_at
A_CUST103271,L_Tamil Nadu,located_in
A_CUST103272,C_CARD504247,uses_card
A_CUST103272,M_MER100012,shops_at
A_CUST103272,L_Rajasthan,located_in
A_CUST103272,M_MER100097,shops_at
A_CUST103272,M_MER100189,shops_at
A_CUST103274,C_CARD504251,uses_card
A_CUST103274,M_MER100291,shops_at
A_CUST103274,L_Haryana,located_in
A_CUST103278,C_CARD504255,uses_card
A_CUST103278,M_MER100249,shops_at
A_CUST103278,L_Punjab,located_in
A_CUST103283,C_CARD504261,uses_card
A_CUST103283,M_MER100470,shops_at
A_CUST103283,L_Odisha,located_in
A_CUST103284,C_CARD504262,uses_card
A_CUST103284,M_MER100028,shops_at
A_CUST103284,L_Tamil Nadu,located_in
A_CUST103285,C_CARD504264,uses_card
A_CUST103285,M_MER100033,shops_at
A_CUST103285,L_Kerala,located_in
A_CUST103287,C_CARD504266,uses_card
A_CUST103287,M_MER100271,shops_at
A_CUST103287,L_West Bengal,located_in
A_CUST103290,C_CARD504269,uses_card
A_CUST103290,M_MER100353,shops_at
A_CUST103290,L_Madhya Pradesh,located_in
A_CUST103295,C_CARD504275,uses_card
A_CUST103295,M_MER100295,shops_at
A_CUST103295,L_Tamil Nadu,located_in
A_CUST103295,M_MER100326,shops_at
A_CUST103300,C_CARD504282,uses_card
A_CUST103300,M_MER100218,shops_at
A_CUST103300,L_Karnataka,located_in
A_CUST103302,C_CARD504284,uses_card
A_CUST103302,M_MER100175,shops_at
A_CUST103302,L_Assam,located_in
A_CUST103303,C_CARD504285,uses_card
A_CUST103303,M_MER100284,shops_at
A_CUST103303,L_Gujarat,located_in
A_CUST103303,M_MER100022,shops_at
A_CUST103304,C_CARD504287,uses_card
A_CUST103304,M_MER100472,shops_at
A_CUST103304,L_Uttar Pradesh,located_in
A_CUST103306,C_CARD504291,uses_card
A_CUST103306,M_MER100074,shops_at
A_CUST103306,L_Rajasthan,located_in
A_CUST103307,C_CARD504292,uses_card
A_CUST103307,M_MER100104,shops_at
A_CUST103307,L_Punjab,located_in
A_CUST103307,M_MER100319,shops_at
A_CUST103308,C_CARD504294,uses_card
A_CUST103308,M_MER100442,shops_at
A_CUST103308,L_Assam,located_in
A_CUST103308,M_MER100054,shops_at
A_CUST103308,C_CARD504295,uses_card
A_CUST103308,M_MER100183,shops_at
A_CUST103308,M_MER100056,shops_at
A_CUST103308,M_MER100352,shops_at
A_CUST103312,C_CARD504299,uses_card
A_CUST103312,M_MER100439,shops_at
A_CUST103312,L_West Bengal,located_in
A_CUST103314,C_CARD504302,uses_card
A_CUST103314,M_MER100493,shops_at
A_CUST103314,L_Telangana,located_in
A_CUST103314,C_CARD504303,uses_card
A_CUST103314,M_MER100051,shops_at
A_CUST103317,C_CARD504306,uses_card
A_CUST103317,M_MER100226,shops_at
A_CUST103317,L_Kerala,located_in
A_CUST103317,M_MER100475,shops_at
A_CUST103317,M_MER100146,shops_at
A_CUST103320,C_CARD504309,uses_card
A_CUST103320,M_MER100204,shops_at
A_CUST103320,L_Karnataka,located_in
A_CUST103322,C_CARD504311,uses_card
A_CUST103322,M_MER100457,shops_at
A_CUST103322,L_Bihar,located_in
A_CUST103322,C_CARD504313,uses_card
A_CUST103322,M_MER100271,shops_at
A_CUST103322,C_CARD504312,uses_card
A_CUST103322,M_MER100294,shops_at
A_CUST103323,C_CARD504314,uses_card
A_CUST103323,M_MER100043,shops_at
A_CUST103323,L_West Bengal,located_in
A_CUST103333,C_CARD504327,uses_card
A_CUST103333,M_MER100189,shops_at
A_CUST103333,L_Punjab,located_in
A_CUST103333,C_CARD504326,uses_card
A_CUST103333,M_MER100031,shops_at
A_CUST103335,C_CARD504329,uses_card
A_CUST103335,M_MER100425,shops_at
A_CUST103335,L_Madhya Pradesh,located_in
A_CUST103335,M_MER100440,shops_at
A_CUST103341,C_CARD504336,uses_card
A_CUST103341,M_MER100481,shops_at
A_CUST103341,L_Punjab,located_in
A_CUST103344,C_CARD504340,uses_card
A_CUST103344,M_MER100083,shops_at
A_CUST103344,L_Rajasthan,located_in
A_CUST103345,C_CARD504341,uses_card
A_CUST103345,M_MER100458,shops_at
A_CUST103345,L_Odisha,located_in
A_CUST103346,C_CARD504344,uses_card
A_CUST103346,M_MER100476,shops_at
A_CUST103346,L_Odisha,located_in
A_CUST103346,M_MER100470,shops_at
A_CUST103352,C_CARD504352,uses_card
A_CUST103352,M_MER100081,shops_at
A_CUST103352,L_Kerala,located_in
A_CUST103353,C_CARD504355,uses_card
A_CUST103353,M_MER100081,shops_at
A_CUST103353,L_Maharashtra,located_in
A_CUST103356,C_CARD504361,uses_card
A_CUST103356,M_MER100175,shops_at
A_CUST103356,L_Uttar Pradesh,located_in
A_CUST103356,M_MER100254,shops_at
A_CUST103356,M_MER100096,shops_at
A_CUST103358,C_CARD504363,uses_card
A_CUST103358,M_MER100022,shops_at
A_CUST103358,L_Assam,located_in
A_CUST103360,C_CARD504365,uses_card
A_CUST103360,M_MER100476,shops_at
A_CUST103360,L_Uttar Pradesh,located_in
A_CUST103364,C_CARD504373,uses_card
A_CUST103364,M_MER100073,shops_at
A_CUST103364,L_Bihar,located_in
A_CUST103364,C_CARD504374,uses_card
A_CUST103364,M_MER100059,shops_at
A_CUST103368,C_CARD504378,uses_card
A_CUST103368,M_MER100022,shops_at
A_CUST103368,L_Rajasthan,located_in
A_CUST103369,C_CARD504380,uses_card
A_CUST103369,M_MER100467,shops_at
A_CUST103369,L_Odisha,located_in
A_CUST103371,C_CARD504382,uses_card
A_CUST103371,M_MER100158,shops_at
A_CUST103371,L_Rajasthan,located_in
A_CUST103371,M_MER100444,shops_at
A_CUST103372,C_CARD504384,uses_card
A_CUST103372,M_MER100295,shops_at
A_CUST103372,L_Assam,located_in
A_CUST103372,C_CARD504385,uses_card
A_CUST103372,M_MER100389,shops_at
A_CUST103373,C_CARD504386,uses_card
A_CUST103373,M_MER100495,shops_at
A_CUST103373,L_Haryana,located_in
A_CUST103374,C_CARD504387,uses_card
A_CUST103374,M_MER100415,shops_at
A_CUST103374,L_Kerala,located_in
A_CUST103377,C_CARD504390,uses_card
A_CUST103377,M_MER100492,shops_at
A_CUST103377,L_Telangana,located_in
A_CUST103380,C_CARD504394,uses_card
A_CUST103380,M_MER100191,shops_at
A_CUST103380,L_Rajasthan,located_in
A_CUST103380,M_MER100495,shops_at
A_CUST103383,C_CARD504397,uses_card
A_CUST103383,M_MER100131,shops_at
A_CUST103383,L_Rajasthan,located_in
A_CUST103385,C_CARD504399,uses_card
A_CUST103385,M_MER100046,shops_at
A_CUST103385,L_Punjab,located_in
A_CUST103390,C_CARD504405,uses_card
A_CUST103390,M_MER100334,shops_at
A_CUST103390,L_Madhya Pradesh,located_in
A_CUST103397,C_CARD504413,uses_card
A_CUST103397,M_MER100404,shops_at
A_CUST103397,L_Rajasthan,located_in
A_CUST103405,C_CARD504423,uses_card
A_CUST103405,M_MER100235,shops_at
A_CUST103405,L_Telangana,located_in
A_CUST103409,C_CARD504427,uses_card
A_CUST103409,M_MER100445,shops_at
A_CUST103409,L_Tamil Nadu,located_in
A_CUST103410,C_CARD504429,uses_card
A_CUST103410,M_MER100218,shops_at
A_CUST103410,L_Kerala,located_in
A_CUST103418,C_CARD504440,uses_card
A_CUST103418,M_MER100117,shops_at
A_CUST103418,L_Maharashtra,located_in
A_CUST103422,C_CARD504445,uses_card
A_CUST103422,M_MER100115,shops_at
A_CUST103422,L_Assam,located_in
A_CUST103422,M_MER100496,shops_at
A_CUST103422,M_MER100228,shops_at
A_CUST103422,M_MER100212,shops_at
A_CUST103425,C_CARD504450,uses_card
A_CUST103425,M_MER100044,shops_at
A_CUST103425,L_Assam,located_in
A_CUST103425,M_MER100300,shops_at
A_CUST103425,C_CARD504449,uses_card
A_CUST103425,M_MER100365,shops_at
A_CUST103425,M_MER100330,shops_at
A_CUST103425,M_MER100129,shops_at
A_CUST103429,C_CARD504455,uses_card
A_CUST103429,M_MER100060,shops_at
A_CUST103429,L_Assam,located_in
A_CUST103429,M_MER100235,shops_at
A_CUST103431,C_CARD504457,uses_card
A_CUST103431,M_MER100358,shops_at
A_CUST103431,L_Tamil Nadu,located_in
A_CUST103437,C_CARD504463,uses_card
A_CUST103437,M_MER100278,shops_at
A_CUST103437,L_Kerala,located_in
A_CUST103440,C_CARD504466,uses_card
A_CUST103440,M_MER100162,shops_at
A_CUST103440,L_Rajasthan,located_in
A_CUST103445,C_CARD504472,uses_card
A_CUST103445,M_MER100398,shops_at
A_CUST103445,L_Assam,located_in
A_CUST103445,C_CARD504474,uses_card
A_CUST103445,M_MER100030,shops_at
A_CUST103445,M_MER100412,shops_at
A_CUST103445,M_MER100440,shops_at
A_CUST103452,C_CARD504483,uses_card
A_CUST103452,M_MER100383,shops_at
A_CUST103452,L_Uttar Pradesh,located_in
A_CUST103452,C_CARD504485,uses_card
A_CUST103452,M_MER100333,shops_at
A_CUST103452,M_MER100478,shops_at
A_CUST103455,C_CARD504488,uses_card
A_CUST103455,M_MER100288,shops_at
A_CUST103455,L_Uttar Pradesh,located_in
A_CUST103455,M_MER100431,shops_at
A_CUST103456,C_CARD504490,uses_card
A_CUST103456,M_MER100062,shops_at
A_CUST103456,L_Telangana,located_in
A_CUST103457,C_CARD504492,uses_card
A_CUST103457,M_MER100179,shops_at
A_CUST103457,L_Haryana,located_in
A_CUST103458,C_CARD504493,uses_card
A_CUST103458,M_MER100339,shops_at
A_CUST103458,L_Haryana,located_in
A_CUST103465,C_CARD504500,uses_card
A_CUST103465,M_MER100158,shops_at
A_CUST103465,L_Maharashtra,located_in
A_CUST103469,C_CARD504504,uses_card
A_CUST103469,M_MER100269,shops_at
A_CUST103469,L_West Bengal,located_in
A_CUST103481,C_CARD504522,uses_card
A_CUST103481,M_MER100089,shops_at
A_CUST103481,L_Karnataka,located_in
A_CUST103481,C_CARD504520,uses_card
A_CUST103481,M_MER100444,shops_at
A_CUST103491,C_CARD504535,uses_card
A_CUST103491,M_MER100235,shops_at
A_CUST103491,L_Telangana,located_in
A_CUST103492,C_CARD504536,uses_card
A_CUST103492,M_MER100406,shops_at
A_CUST103492,L_Odisha,located_in
A_CUST103496,C_CARD504540,uses_card
A_CUST103496,M_MER100426,shops_at
A_CUST103496,L_Karnataka,located_in
A_CUST103496,M_MER100163,shops_at
A_CUST103500,C_CARD504545,uses_card
A_CUST103500,M_MER100254,shops_at
A_CUST103500,L_Haryana,located_in
A_CUST103511,C_CARD504558,uses_card
A_CUST103511,M_MER100042,shops_at
A_CUST103511,L_Rajasthan,located_in
A_CUST103515,C_CARD504562,uses_card
A_CUST103515,M_MER100492,shops_at
A_CUST103515,L_Gujarat,located_in
A_CUST103519,C_CARD504567,uses_card
A_CUST103519,M_MER100461,shops_at
A_CUST103519,L_Telangana,located_in
A_CUST103520,C_CARD504571,uses_card
A_CUST103520,M_MER100428,shops_at
A_CUST103520,L_Maharashtra,located_in
A_CUST103520,C_CARD504569,uses_card
A_CUST103520,M_MER100492,shops_at
A_CUST103520,M_MER100080,shops_at
A_CUST103524,C_CARD504575,uses_card
A_CUST103524,M_MER100151,shops_at
A_CUST103524,L_Karnataka,located_in
A_CUST103529,C_CARD504584,uses_card
A_CUST103529,M_MER100403,shops_at
A_CUST103529,L_Maharashtra,located_in
A_CUST103529,M_MER100378,shops_at
A_CUST103539,C_CARD504598,uses_card
A_CUST103539,M_MER100305,shops_at
A_CUST103539,L_Gujarat,located_in
A_CUST103545,C_CARD504607,uses_card
A_CUST103545,M_MER100076,shops_at
A_CUST103545,L_Assam,located_in
A_CUST103547,C_CARD504609,uses_card
A_CUST103547,M_MER100273,shops_at
A_CUST103547,L_Punjab,located_in
A_CUST103547,M_MER100369,shops_at
A_CUST103553,C_CARD504619,uses_card
A_CUST103553,M_MER100198,shops_at
A_CUST103553,L_Maharashtra,located_in
A_CUST103553,M_MER100112,shops_at
A_CUST103553,C_CARD504620,uses_card
A_CUST103553,M_MER100069,shops_at
A_CUST103554,C_CARD504621,uses_card
A_CUST103554,M_MER100169,shops_at
A_CUST103554,L_Haryana,located_in
A_CUST103559,C_CARD504627,uses_card
A_CUST103559,M_MER100412,shops_at
A_CUST103559,L_Tamil Nadu,located_in
A_CUST103565,C_CARD504633,uses_card
A_CUST103565,M_MER100196,shops_at
A_CUST103565,L_Maharashtra,located_in
A_CUST103565,M_MER100059,shops_at
A_CUST103570,C_CARD504640,uses_card
A_CUST103570,M_MER100331,shops_at
A_CUST103570,L_Assam,located_in
A_CUST103572,C_CARD504642,uses_card
A_CUST103572,M_MER100167,shops_at
A_CUST103572,L_Maharashtra,located_in
A_CUST103573,C_CARD504644,uses_card
A_CUST103573,M_MER100132,shops_at
A_CUST103573,L_Haryana,located_in
A_CUST103577,C_CARD504649,uses_card
A_CUST103577,M_MER100333,shops_at
A_CUST103577,L_Tamil Nadu,located_in
A_CUST103579,C_CARD504653,uses_card
A_CUST103579,M_MER100319,shops_at
A_CUST103579,L_Gujarat,located_in
A_CUST103585,C_CARD504660,uses_card
A_CUST103585,M_MER100292,shops_at
A_CUST103585,L_Karnataka,located_in
A_CUST103588,C_CARD504664,uses_card
A_CUST103588,M_MER100385,shops_at
A_CUST103588,L_Haryana,located_in
A_CUST103588,M_MER100221,shops_at
A_CUST103588,M_MER100306,shops_at
A_CUST103589,C_CARD504666,uses_card
A_CUST103589,M_MER100278,shops_at
A_CUST103589,L_Kerala,located_in
A_CUST103591,C_CARD504668,uses_card
A_CUST103591,M_MER100426,shops_at
A_CUST103591,L_Telangana,located_in
A_CUST103591,M_MER100451,shops_at
A_CUST103594,C_CARD504673,uses_card
A_CUST103594,M_MER100146,shops_at
A_CUST103594,L_Odisha,located_in
A_CUST103594,C_CARD504672,uses_card
A_CUST103594,M_MER100097,shops_at
A_CUST103596,C_CARD504676,uses_card
A_CUST103596,M_MER100305,shops_at
A_CUST103596,L_Rajasthan,located_in
A_CUST103599,C_CARD504681,uses_card
A_CUST103599,M_MER100186,shops_at
A_CUST103599,L_Tamil Nadu,located_in
A_CUST103599,C_CARD504679,uses_card
A_CUST103599,M_MER100018,shops_at
A_CUST103599,M_MER100252,shops_at
A_CUST103599,M_MER100040,shops_at
A_CUST103605,C_CARD504688,uses_card
A_CUST103605,M_MER100040,shops_at
A_CUST103605,L_Punjab,located_in
A_CUST103605,C_CARD504687,uses_card
A_CUST103605,M_MER100291,shops_at
A_CUST103605,M_MER100035,shops_at
A_CUST103606,C_CARD504689,uses_card
A_CUST103606,M_MER100116,shops_at
A_CUST103606,L_Tamil Nadu,located_in
A_CUST103609,C_CARD504693,uses_card
A_CUST103609,M_MER100046,shops_at
A_CUST103609,L_Tamil Nadu,located_in
A_CUST103609,C_CARD504694,uses_card
A_CUST103609,M_MER100421,shops_at
A_CUST103609,C_CARD504695,uses_card
A_CUST103609,M_MER100188,shops_at
A_CUST103614,C_CARD504701,uses_card
A_CUST103614,M_MER100274,shops_at
A_CUST103614,L_Haryana,located_in
A_CUST103615,C_CARD504703,uses_card
A_CUST103615,M_MER100348,shops_at
A_CUST103615,L_Gujarat,located_in
A_CUST103617,C_CARD504708,uses_card
A_CUST103617,M_MER100124,shops_at
A_CUST103617,L_Madhya Pradesh,located_in
A_CUST103618,C_CARD504711,uses_card
A_CUST103618,M_MER100209,shops_at
A_CUST103618,L_Gujarat,located_in
A_CUST103618,C_CARD504710,uses_card
A_CUST103618,M_MER100483,shops_at
A_CUST103618,M_MER100426,shops_at
A_CUST103618,M_MER100376,shops_at
A_CUST103618,M_MER100319,shops_at
A_CUST103618,C_CARD504709,uses_card
A_CUST103618,M_MER100275,shops_at
A_CUST103619,C_CARD504714,uses_card
A_CUST103619,M_MER100430,shops_at
A_CUST103619,L_Telangana,located_in
A_CUST103626,C_CARD504723,uses_card
A_CUST103626,M_MER100326,shops_at
A_CUST103626,L_Bihar,located_in
A_CUST103628,C_CARD504726,uses_card
A_CUST103628,M_MER100274,shops_at
A_CUST103628,L_Punjab,located_in
A_CUST103633,C_CARD504732,uses_card
A_CUST103633,M_MER100071,shops_at
A_CUST103633,L_Telangana,located_in
A_CUST103643,C_CARD504743,uses_card
A_CUST103643,M_MER100222,shops_at
A_CUST103643,L_Uttar Pradesh,located_in
A_CUST103648,C_CARD504749,uses_card
A_CUST103648,M_MER100430,shops_at
A_CUST103648,L_Punjab,located_in
A_CUST103648,M_MER100323,shops_at
A_CUST103650,C_CARD504752,uses_card
A_CUST103650,M_MER100155,shops_at
A_CUST103650,L_Uttar Pradesh,located_in
A_CUST103652,C_CARD504755,uses_card
A_CUST103652,M_MER100130,shops_at
A_CUST103652,L_Tamil Nadu,located_in
A_CUST103657,C_CARD504760,uses_card
A_CUST103657,M_MER100481,shops_at
A_CUST103657,L_Punjab,located_in
A_CUST103660,C_CARD504764,uses_card
A_CUST103660,M_MER100382,shops_at
A_CUST103660,L_Gujarat,located_in
A_CUST103662,C_CARD504767,uses_card
A_CUST103662,M_MER100130,shops_at
A_CUST103662,L_Haryana,located_in
A_CUST103662,C_CARD504766,uses_card
A_CUST103662,M_MER100188,shops_at
A_CUST103662,M_MER100097,shops_at
A_CUST103664,C_CARD504769,uses_card
A_CUST103664,M_MER100500,shops_at
A_CUST103664,L_Maharashtra,located_in
A_CUST103666,C_CARD504772,uses_card
A_CUST103666,M_MER100046,shops_at
A_CUST103666,L_West Bengal,located_in
A_CUST103667,C_CARD504774,uses_card
A_CUST103667,M_MER100124,shops_at
A_CUST103667,L_Bihar,located_in
A_CUST103671,C_CARD504779,uses_card
A_CUST103671,M_MER100019,shops_at
A_CUST103671,L_Kerala,located_in
A_CUST103671,M_MER100086,shops_at
A_CUST103676,C_CARD504785,uses_card
A_CUST103676,M_MER100158,shops_at
A_CUST103676,L_Kerala,located_in
A_CUST103682,C_CARD504792,uses_card
A_CUST103682,M_MER100464,shops_at
A_CUST103682,L_Odisha,located_in
A_CUST103686,C_CARD504796,uses_card
A_CUST103686,M_MER100347,shops_at
A_CUST103686,L_Tamil Nadu,located_in
A_CUST103696,C_CARD504808,uses_card
A_CUST103696,M_MER100466,shops_at
A_CUST103696,L_Karnataka,located_in
A_CUST103699,C_CARD504812,uses_card
A_CUST103699,M_MER100062,shops_at
A_CUST103699,L_Odisha,located_in
A_CUST103703,C_CARD504817,uses_card
A_CUST103703,M_MER100347,shops_at
A_CUST103703,L_Odisha,located_in
A_CUST103708,C_CARD504823,uses_card
A_CUST103708,M_MER100092,shops_at
A_CUST103708,L_Haryana,located_in
A_CUST103716,C_CARD504832,uses_card
A_CUST103716,M_MER100055,shops_at
A_CUST103716,L_Haryana,located_in
A_CUST103716,M_MER100431,shops_at
A_CUST103717,C_CARD504834,uses_card
A_CUST103717,M_MER100496,shops_at
A_CUST103717,L_Karnataka,located_in
A_CUST103717,C_CARD504835,uses_card
A_CUST103717,M_MER100302,shops_at
A_CUST103717,M_MER100092,shops_at
A_CUST103718,C_CARD504836,uses_card
A_CUST103718,M_MER100180,shops_at
A_CUST103718,L_Bihar,located_in
A_CUST103723,C_CARD504841,uses_card
A_CUST103723,M_MER100125,shops_at
A_CUST103723,L_Assam,located_in
A_CUST103723,M_MER100011,shops_at
A_CUST103725,C_CARD504843,uses_card
A_CUST103725,M_MER100371,shops_at
A_CUST103725,L_Uttar Pradesh,located_in
A_CUST103725,M_MER100352,shops_at
A_CUST103726,C_CARD504845,uses_card
A_CUST103726,M_MER100157,shops_at
A_CUST103726,L_Tamil Nadu,located_in
A_CUST103733,C_CARD504855,uses_card
A_CUST103733,M_MER100198,shops_at
A_CUST103733,L_Haryana,located_in
A_CUST103734,C_CARD504857,uses_card
A_CUST103734,M_MER100316,shops_at
A_CUST103734,L_Maharashtra,located_in
A_CUST103734,C_CARD504856,uses_card
A_CUST103734,M_MER100235,shops_at
A_CUST103734,M_MER100237,shops_at
A_CUST103737,C_CARD504860,uses_card
A_CUST103737,M_MER100121,shops_at
A_CUST103737,L_Uttar Pradesh,located_in
A_CUST103739,C_CARD504862,uses_card
A_CUST103739,M_MER100218,shops_at
A_CUST103739,L_Haryana,located_in
A_CUST103744,C_CARD504867,uses_card
A_CUST103744,M_MER100168,shops_at
A_CUST103744,L_Madhya Pradesh,located_in
A_CUST103749,C_CARD504873,uses_card
A_CUST103749,M_MER100067,shops_at
A_CUST103749,L_Karnataka,located_in
A_CUST103749,M_MER100039,shops_at
A_CUST103754,C_CARD504880,uses_card
A_CUST103754,M_MER100152,shops_at
A_CUST103754,L_West Bengal,located_in
A_CUST103754,M_MER100441,shops_at
A_CUST103755,C_CARD504881,uses_card
A_CUST103755,M_MER100022,shops_at
A_CUST103755,L_West Bengal,located_in
A_CUST103757,C_CARD504884,uses_card
A_CUST103757,M_MER100486,shops_at
A_CUST103757,L_West Bengal,located_in
A_CUST103757,M_MER100237,shops_at
A_CUST103757,M_MER100138,shops_at
A_CUST103757,M_MER100358,shops_at
A_CUST103758,C_CARD504885,uses_card
A_CUST103758,M_MER100209,shops_at
A_CUST103758,L_Kerala,located_in
A_CUST103764,C_CARD504892,uses_card
A_CUST103764,M_MER100155,shops_at
A_CUST103764,L_West Bengal,located_in
A_CUST103764,M_MER100175,shops_at
A_CUST103764,C_CARD504891,uses_card
A_CUST103764,M_MER100214,shops_at
A_CUST103767,C_CARD504897,uses_card
A_CUST103767,M_MER100014,shops_at
A_CUST103767,L_Tamil Nadu,located_in
A_CUST103772,C_CARD504903,uses_card
A_CUST103772,M_MER100444,shops_at
A_CUST103772,L_Tamil Nadu,located_in
A_CUST103772,C_CARD504904,uses_card
A_CUST103772,M_MER100016,shops_at
A_CUST103775,C_CARD504907,uses_card
A_CUST103775,M_MER100046,shops_at
A_CUST103775,L_Bihar,located_in
A_CUST103786,C_CARD504920,uses_card
A_CUST103786,M_MER100432,shops_at
A_CUST103786,L_Karnataka,located_in
A_CUST103788,C_CARD504923,uses_card
A_CUST103788,M_MER100415,shops_at
A_CUST103788,L_Bihar,located_in
A_CUST103791,C_CARD504928,uses_card
A_CUST103791,M_MER100288,shops_at
A_CUST103791,L_Gujarat,located_in
A_CUST103798,C_CARD504936,uses_card
A_CUST103798,M_MER100333,shops_at
A_CUST103798,L_Assam,located_in
A_CUST103798,C_CARD504937,uses_card
A_CUST103798,M_MER100365,shops_at
A_CUST103801,C_CARD504941,uses_card
A_CUST103801,M_MER100138,shops_at
A_CUST103801,L_Assam,located_in
A_CUST103804,C_CARD504944,uses_card
A_CUST103804,M_MER100106,shops_at
A_CUST103804,L_Telangana,located_in
A_CUST103805,C_CARD504945,uses_card
A_CUST103805,M_MER100012,shops_at
A_CUST103805,L_Assam,located_in
A_CUST103807,C_CARD504948,uses_card
A_CUST103807,M_MER100244,shops_at
A_CUST103807,L_West Bengal,located_in
A_CUST103812,C_CARD504953,uses_card
A_CUST103812,M_MER100083,shops_at
A_CUST103812,L_Karnataka,located_in
A_CUST103812,M_MER100446,shops_at
A_CUST103817,C_CARD504961,uses_card
A_CUST103817,M_MER100162,shops_at
A_CUST103817,L_Karnataka,located_in
A_CUST103817,C_CARD504962,uses_card
A_CUST103817,M_MER100482,shops_at
A_CUST103817,M_MER100205,shops_at
A_CUST103820,C_CARD504965,uses_card
A_CUST103820,M_MER100494,shops_at
A_CUST103820,L_Gujarat,located_in
A_CUST103821,C_CARD504967,uses_card
A_CUST103821,M_MER100383,shops_at
A_CUST103821,L_Odisha,located_in
A_CUST103822,C_CARD504969,uses_card
A_CUST103822,M_MER100290,shops_at
A_CUST103822,L_Maharashtra,located_in
A_CUST103825,C_CARD504974,uses_card
A_CUST103825,M_MER100065,shops_at
A_CUST103825,L_Assam,located_in
A_CUST103828,C_CARD504978,uses_card
A_CUST103828,M_MER100433,shops_at
A_CUST103828,L_Rajasthan,located_in
A_CUST103828,M_MER100059,shops_at
A_CUST103831,C_CARD504982,uses_card
A_CUST103831,M_MER100326,shops_at
A_CUST103831,L_Kerala,located_in
A_CUST103832,C_CARD504983,uses_card
A_CUST103832,M_MER100126,shops_at
A_CUST103832,L_Maharashtra,located_in
A_CUST103849,C_CARD505006,uses_card
A_CUST103849,M_MER100402,shops_at
A_CUST103849,L_Karnataka,located_in
A_CUST103850,C_CARD505009,uses_card
A_CUST103850,M_MER100059,shops_at
A_CUST103850,L_Odisha,located_in
A_CUST103852,C_CARD505012,uses_card
A_CUST103852,M_MER100020,shops_at
A_CUST103852,L_Punjab,located_in
A_CUST103855,C_CARD505016,uses_card
A_CUST103855,M_MER100240,shops_at
A_CUST103855,L_Tamil Nadu,located_in
A_CUST103855,M_MER100444,shops_at
A_CUST103861,C_CARD505022,uses_card
A_CUST103861,M_MER100022,shops_at
A_CUST103861,L_Odisha,located_in
A_CUST103864,C_CARD505027,uses_card
A_CUST103864,M_MER100157,shops_at
A_CUST103864,L_West Bengal,located_in
A_CUST103870,C_CARD505035,uses_card
A_CUST103870,M_MER100047,shops_at
A_CUST103870,L_Uttar Pradesh,located_in
A_CUST103872,C_CARD505038,uses_card
A_CUST103872,M_MER100286,shops_at
A_CUST103872,L_Telangana,located_in
A_CUST103872,C_CARD505039,uses_card
A_CUST103872,M_MER100244,shops_at
A_CUST103873,C_CARD505041,uses_card
A_CUST103873,M_MER100172,shops_at
A_CUST103873,L_Kerala,located_in
A_CUST103874,C_CARD505042,uses_card
A_CUST103874,M_MER100105,shops_at
A_CUST103874,L_Haryana,located_in
A_CUST103885,C_CARD505057,uses_card
A_CUST103885,M_MER100412,shops_at
A_CUST103885,L_Bihar,located_in
A_CUST103887,C_CARD505059,uses_card
A_CUST103887,M_MER100156,shops_at
A_CUST103887,L_Gujarat,located_in
A_CUST103888,C_CARD505060,uses_card
A_CUST103888,M_MER100117,shops_at
A_CUST103888,L_Karnataka,located_in
A_CUST103889,C_CARD505062,uses_card
A_CUST103889,M_MER100274,shops_at
A_CUST103889,L_Gujarat,located_in
A_CUST103890,C_CARD505063,uses_card
A_CUST103890,M_MER100050,shops_at
A_CUST103890,L_Rajasthan,located_in
A_CUST103890,M_MER100337,shops_at
A_CUST103890,M_MER100028,shops_at
A_CUST103895,C_CARD505070,uses_card
A_CUST103895,M_MER100494,shops_at
A_CUST103895,L_Rajasthan,located_in
A_CUST103895,C_CARD505069,uses_card
A_CUST103895,M_MER100072,shops_at
A_CUST103895,M_MER100369,shops_at
A_CUST103899,C_CARD505075,uses_card
A_CUST103899,M_MER100284,shops_at
A_CUST103899,L_Assam,located_in
A_CUST103903,C_CARD505079,uses_card
A_CUST103903,M_MER100431,shops_at
A_CUST103903,L_Punjab,located_in
A_CUST103910,C_CARD505090,uses_card
A_CUST103910,M_MER100414,shops_at
A_CUST103910,L_Tamil Nadu,located_in
A_CUST103910,M_MER100259,shops_at
A_CUST103914,C_CARD505094,uses_card
A_CUST103914,M_MER100238,shops_at
A_CUST103914,L_Karnataka,located_in
A_CUST103915,C_CARD505095,uses_card
A_CUST103915,M_MER100495,shops_at
A_CUST103915,L_Odisha,located_in
A_CUST103921,C_CARD505101,uses_card
A_CUST103921,M_MER100175,shops_at
A_CUST103921,L_Haryana,located_in
A_CUST103921,M_MER100156,shops_at
A_CUST103924,C_CARD505105,uses_card
A_CUST103924,M_MER100349,shops_at
A_CUST103924,L_Gujarat,located_in
A_CUST103925,C_CARD505106,uses_card
A_CUST103925,M_MER100157,shops_at
A_CUST103925,L_West Bengal,located_in
A_CUST103926,C_CARD505108,uses_card
A_CUST103926,M_MER100102,shops_at
A_CUST103926,L_Tamil Nadu,located_in
A_CUST103927,C_CARD505111,uses_card
A_CUST103927,M_MER100359,shops_at
A_CUST103927,L_West Bengal,located_in
A_CUST103929,C_CARD505115,uses_card
A_CUST103929,M_MER100304,shops_at
A_CUST103929,L_Kerala,located_in
A_CUST103929,C_CARD505116,uses_card
A_CUST103929,M_MER100173,shops_at
A_CUST103936,C_CARD505126,uses_card
A_CUST103936,M_MER100273,shops_at
A_CUST103936,L_Madhya Pradesh,located_in
A_CUST103936,M_MER100014,shops_at
A_CUST103941,C_CARD505131,uses_card
A_CUST103941,M_MER100404,shops_at
A_CUST103941,L_Madhya Pradesh,located_in
A_CUST103941,M_MER100254,shops_at
A_CUST103942,C_CARD505134,uses_card
A_CUST103942,M_MER100102,shops_at
A_CUST103942,L_West Bengal,located_in
A_CUST103942,M_MER100005,shops_at
A_CUST103942,M_MER100231,shops_at
A_CUST103943,C_CARD505136,uses_card
A_CUST103943,M_MER100444,shops_at
A_CUST103943,L_Karnataka,located_in
A_CUST103943,C_CARD505135,uses_card
A_CUST103943,M_MER100102,shops_at
A_CUST103945,C_CARD505138,uses_card
A_CUST103945,M_MER100378,shops_at
A_CUST103945,L_Madhya Pradesh,located_in
A_CUST103949,C_CARD505144,uses_card
A_CUST103949,M_MER100141,shops_at
A_CUST103949,L_Tamil Nadu,located_in
A_CUST103949,C_CARD505143,uses_card
A_CUST103949,M_MER100218,shops_at
A_CUST103951,C_CARD505146,uses_card
A_CUST103951,M_MER100430,shops_at
A_CUST103951,L_Rajasthan,located_in
A_CUST103955,C_CARD505152,uses_card
A_CUST103955,M_MER100236,shops_at
A_CUST103955,L_Assam,located_in
A_CUST103956,C_CARD505153,uses_card
A_CUST103956,M_MER100138,shops_at
A_CUST103956,L_Gujarat,located_in
A_CUST103959,C_CARD505156,uses_card
A_CUST103959,M_MER100081,shops_at
A_CUST103959,L_Bihar,located_in
A_CUST103964,C_CARD505162,uses_card
A_CUST103964,M_MER100278,shops_at
A_CUST103964,L_Gujarat,located_in
A_CUST103964,C_CARD505161,uses_card
A_CUST103964,M_MER100199,shops_at
A_CUST103971,C_CARD505171,uses_card
A_CUST103971,M_MER100196,shops_at
A_CUST103971,L_Telangana,located_in
A_CUST103973,C_CARD505173,uses_card
A_CUST103973,M_MER100312,shops_at
A_CUST103973,L_Uttar Pradesh,located_in
A_CUST103975,C_CARD505175,uses_card
A_CUST103975,M_MER100424,shops_at
A_CUST103975,L_Haryana,located_in
A_CUST103976,C_CARD505176,uses_card
A_CUST103976,M_MER100453,shops_at
A_CUST103976,L_Uttar Pradesh,located_in
A_CUST103981,C_CARD505181,uses_card
A_CUST103981,M_MER100359,shops_at
A_CUST103981,L_Punjab,located_in
A_CUST103985,C_CARD505185,uses_card
A_CUST103985,M_MER100138,shops_at
A_CUST103985,L_Tamil Nadu,located_in
A_CUST103985,M_MER100035,shops_at
A_CUST103986,C_CARD505187,uses_card
A_CUST103986,M_MER100492,shops_at
A_CUST103986,L_Uttar Pradesh,located_in
A_CUST103986,M_MER100252,shops_at
A_CUST103988,C_CARD505190,uses_card
A_CUST103988,M_MER100286,shops_at
A_CUST103988,L_Assam,located_in
A_CUST103993,C_CARD505196,uses_card
A_CUST103993,M_MER100047,shops_at
A_CUST103993,L_Madhya Pradesh,located_in
A_CUST103994,C_CARD505197,uses_card
A_CUST103994,M_MER100313,shops_at
A_CUST103994,L_Tamil Nadu,located_in
A_CUST103995,C_CARD505198,uses_card
A_CUST103995,M_MER100085,shops_at
A_CUST103995,L_Tamil Nadu,located_in
A_CUST103997,C_CARD505202,uses_card
A_CUST103997,M_MER100432,shops_at
A_CUST103997,L_Karnataka,located_in
A_CUST103997,C_CARD505201,uses_card
A_CUST103997,M_MER100163,shops_at
A_CUST103997,C_CARD505200,uses_card
A_CUST103997,M_MER100490,shops_at
A_CUST103999,C_CARD505204,uses_card
A_CUST103999,M_MER100421,shops_at
A_CUST103999,L_Assam,located_in
A_CUST104002,C_CARD505207,uses_card
A_CUST104002,M_MER100273,shops_at
A_CUST104002,L_Uttar Pradesh,located_in
A_CUST104004,C_CARD505210,uses_card
A_CUST104004,M_MER100497,shops_at
A_CUST104004,L_Odisha,located_in
A_CUST104004,M_MER100342,shops_at
A_CUST104005,C_CARD505212,uses_card
A_CUST104005,M_MER100363,shops_at
A_CUST104005,L_Telangana,located_in
A_CUST104005,M_MER100459,shops_at
A_CUST104005,M_MER100035,shops_at
A_CUST104005,M_MER100260,shops_at
A_CUST104009,C_CARD505217,uses_card
A_CUST104009,M_MER100029,shops_at
A_CUST104009,L_Uttar Pradesh,located_in
A_CUST104010,C_CARD505219,uses_card
A_CUST104010,M_MER100331,shops_at
A_CUST104010,L_Punjab,located_in
A_CUST104015,C_CARD505224,uses_card
A_CUST104015,M_MER100081,shops_at
A_CUST104015,L_Madhya Pradesh,located_in
A_CUST104017,C_CARD505227,uses_card
A_CUST104017,M_MER100448,shops_at
A_CUST104017,L_Karnataka,located_in
A_CUST104017,M_MER100499,shops_at
A_CUST104019,C_CARD505230,uses_card
A_CUST104019,M_MER100454,shops_at
A_CUST104019,L_Kerala,located_in
A_CUST104022,C_CARD505234,uses_card
A_CUST104022,M_MER100497,shops_at
A_CUST104022,L_Uttar Pradesh,located_in
A_CUST104030,C_CARD505245,uses_card
A_CUST104030,M_MER100495,shops_at
A_CUST104030,L_Gujarat,located_in
A_CUST104038,C_CARD505254,uses_card
A_CUST104038,M_MER100225,shops_at
A_CUST104038,L_Karnataka,located_in
A_CUST104038,M_MER100424,shops_at
A_CUST104038,C_CARD505253,uses_card
A_CUST104038,M_MER100022,shops_at
A_CUST104041,C_CARD505258,uses_card
A_CUST104041,M_MER100421,shops_at
A_CUST104041,L_Bihar,located_in
A_CUST104042,C_CARD505259,uses_card
A_CUST104042,M_MER100408,shops_at
A_CUST104042,L_Maharashtra,located_in
A_CUST104042,C_CARD505260,uses_card
A_CUST104042,M_MER100365,shops_at
A_CUST104049,C_CARD505268,uses_card
A_CUST104049,M_MER100294,shops_at
A_CUST104049,L_Karnataka,located_in
A_CUST104049,C_CARD505267,uses_card
A_CUST104049,M_MER100282,shops_at
A_CUST104051,C_CARD505271,uses_card
A_CUST104051,M_MER100162,shops_at
A_CUST104051,L_West Bengal,located_in
A_CUST104054,C_CARD505274,uses_card
A_CUST104054,M_MER100377,shops_at
A_CUST104054,L_Gujarat,located_in
A_CUST104055,C_CARD505275,uses_card
A_CUST104055,M_MER100243,shops_at
A_CUST104055,L_Odisha,located_in
A_CUST104058,C_CARD505279,uses_card
A_CUST104058,M_MER100206,shops_at
A_CUST104058,L_Telangana,located_in
A_CUST104059,C_CARD505281,uses_card
A_CUST104059,M_MER100496,shops_at
A_CUST104059,L_Haryana,located_in
A_CUST104061,C_CARD505284,uses_card
A_CUST104061,M_MER100131,shops_at
A_CUST104061,L_Gujarat,located_in
A_CUST104063,C_CARD505286,uses_card
A_CUST104063,M_MER100440,shops_at
A_CUST104063,L_Punjab,located_in
A_CUST104064,C_CARD505287,uses_card
A_CUST104064,M_MER100319,shops_at
A_CUST104064,L_Maharashtra,located_in
A_CUST104064,M_MER100168,shops_at
A_CUST104065,C_CARD505291,uses_card
A_CUST104065,M_MER100140,shops_at
A_CUST104065,L_Punjab,located_in
A_CUST104070,C_CARD505298,uses_card
A_CUST104070,M_MER100348,shops_at
A_CUST104070,L_Gujarat,located_in
A_CUST104074,C_CARD505303,uses_card
A_CUST104074,M_MER100106,shops_at
A_CUST104074,L_Haryana,located_in
A_CUST104075,C_CARD505304,uses_card
A_CUST104075,M_MER100090,shops_at
A_CUST104075,L_West Bengal,located_in
A_CUST104076,C_CARD505305,uses_card
A_CUST104076,M_MER100234,shops_at
A_CUST104076,L_West Bengal,located_in
A_CUST104076,M_MER100145,shops_at
A_CUST104080,C_CARD505310,uses_card
A_CUST104080,M_MER100334,shops_at
A_CUST104080,L_Kerala,located_in
A_CUST104081,C_CARD505311,uses_card
A_CUST104081,M_MER100032,shops_at
A_CUST104081,L_Gujarat,located_in
A_CUST104085,C_CARD505317,uses_card
A_CUST104085,M_MER100380,shops_at
A_CUST104085,L_Kerala,located_in
A_CUST104085,C_CARD505315,uses_card
A_CUST104085,M_MER100243,shops_at
A_CUST104087,C_CARD505319,uses_card
A_CUST104087,M_MER100022,shops_at
A_CUST104087,L_Madhya Pradesh,located_in
A_CUST104094,C_CARD505328,uses_card
A_CUST104094,M_MER100445,shops_at
A_CUST104094,L_Odisha,located_in
A_CUST104095,C_CARD505330,uses_card
A_CUST104095,M_MER100218,shops_at
A_CUST104095,L_Assam,located_in
A_CUST104095,M_MER100159,shops_at
A_CUST104095,M_MER100226,shops_at
A_CUST104097,C_CARD505333,uses_card
A_CUST104097,M_MER100448,shops_at
A_CUST104097,L_Punjab,located_in
A_CUST104100,C_CARD505338,uses_card
A_CUST104100,M_MER100141,shops_at
A_CUST104100,L_Telangana,located_in
A_CUST104101,C_CARD505339,uses_card
A_CUST104101,M_MER100025,shops_at
A_CUST104101,L_Odisha,located_in
A_CUST104103,C_CARD505341,uses_card
A_CUST104103,M_MER100392,shops_at
A_CUST104103,L_Uttar Pradesh,located_in
A_CUST104103,C_CARD505342,uses_card
A_CUST104103,M_MER100131,shops_at
A_CUST104103,C_CARD505343,uses_card
A_CUST104103,M_MER100043,shops_at
A_CUST104103,M_MER100199,shops_at
A_CUST104103,M_MER100052,shops_at
A_CUST104103,M_MER100034,shops_at
A_CUST104103,M_MER100495,shops_at
A_CUST104103,M_MER100040,shops_at
A_CUST104103,M_MER100374,shops_at
A_CUST104105,C_CARD505346,uses_card
A_CUST104105,M_MER100184,shops_at
A_CUST104105,L_Haryana,located_in
A_CUST104105,M_MER100049,shops_at
A_CUST104110,C_CARD505354,uses_card
A_CUST104110,M_MER100334,shops_at
A_CUST104110,L_Punjab,located_in
A_CUST104110,M_MER100229,shops_at
A_CUST104111,C_CARD505355,uses_card
A_CUST104111,M_MER100040,shops_at
A_CUST104111,L_Assam,located_in
A_CUST104122,C_CARD505369,uses_card
A_CUST104122,M_MER100281,shops_at
A_CUST104122,L_Punjab,located_in
A_CUST104122,M_MER100302,shops_at
A_CUST104128,C_CARD505376,uses_card
A_CUST104128,M_MER100189,shops_at
A_CUST104128,L_Assam,located_in
A_CUST104131,C_CARD505380,uses_card
A_CUST104131,M_MER100500,shops_at
A_CUST104131,L_West Bengal,located_in
A_CUST104133,C_CARD505383,uses_card
A_CUST104133,M_MER100138,shops_at
A_CUST104133,L_Maharashtra,located_in
A_CUST104138,C_CARD505388,uses_card
A_CUST104138,M_MER100077,shops_at
A_CUST104138,L_Madhya Pradesh,located_in
A_CUST104142,C_CARD505392,uses_card
A_CUST104142,M_MER100444,shops_at
A_CUST104142,L_Bihar,located_in
A_CUST104145,C_CARD505396,uses_card
A_CUST104145,M_MER100185,shops_at
A_CUST104145,L_Maharashtra,located_in
A_CUST104145,M_MER100192,shops_at
A_CUST104147,C_CARD505400,uses_card
A_CUST104147,M_MER100102,shops_at
A_CUST104147,L_West Bengal,located_in
A_CUST104152,C_CARD505405,uses_card
A_CUST104152,M_MER100448,shops_at
A_CUST104152,L_Telangana,located_in
A_CUST104156,C_CARD505409,uses_card
A_CUST104156,M_MER100473,shops_at
A_CUST104156,L_Madhya Pradesh,located_in
A_CUST104157,C_CARD505411,uses_card
A_CUST104157,M_MER100106,shops_at
A_CUST104157,L_Karnataka,located_in
A_CUST104158,C_CARD505413,uses_card
A_CUST104158,M_MER100253,shops_at
A_CUST104158,L_Karnataka,located_in
A_CUST104158,M_MER100188,shops_at
A_CUST104158,M_MER100140,shops_at
A_CUST104160,C_CARD505418,uses_card
A_CUST104160,M_MER100398,shops_at
A_CUST104160,L_West Bengal,located_in
A_CUST104160,M_MER100080,shops_at
A_CUST104162,C_CARD505420,uses_card
A_CUST104162,M_MER100437,shops_at
A_CUST104162,L_Rajasthan,located_in
A_CUST104163,C_CARD505422,uses_card
A_CUST104163,M_MER100331,shops_at
A_CUST104163,L_Telangana,located_in
A_CUST104163,M_MER100004,shops_at
A_CUST104166,C_CARD505425,uses_card
A_CUST104166,M_MER100127,shops_at
A_CUST104166,L_Kerala,located_in
A_CUST104167,C_CARD505427,uses_card
A_CUST104167,M_MER100114,shops_at
A_CUST104167,L_Punjab,located_in
A_CUST104168,C_CARD505428,uses_card
A_CUST104168,M_MER100106,shops_at
A_CUST104168,L_Punjab,located_in
A_CUST104169,C_CARD505430,uses_card
A_CUST104169,M_MER100001,shops_at
A_CUST104169,L_Odisha,located_in
A_CUST104173,C_CARD505435,uses_card
A_CUST104173,M_MER100214,shops_at
A_CUST104173,L_Odisha,located_in
A_CUST104173,M_MER100122,shops_at
A_CUST104173,C_CARD505437,uses_card
A_CUST104173,M_MER100490,shops_at
A_CUST104175,C_CARD505441,uses_card
A_CUST104175,M_MER100422,shops_at
A_CUST104175,L_Maharashtra,located_in
A_CUST104175,C_CARD505440,uses_card
A_CUST104175,M_MER100014,shops_at
A_CUST104179,C_CARD505446,uses_card
A_CUST104179,M_MER100252,shops_at
A_CUST104179,L_Odisha,located_in
A_CUST104185,C_CARD505455,uses_card
A_CUST104185,M_MER100224,shops_at
A_CUST104185,L_Kerala,located_in
A_CUST104188,C_CARD505458,uses_card
A_CUST104188,M_MER100375,shops_at
A_CUST104188,L_Maharashtra,located_in
A_CUST104190,C_CARD505461,uses_card
A_CUST104190,M_MER100291,shops_at
A_CUST104190,L_Odisha,located_in
A_CUST104190,M_MER100162,shops_at
A_CUST104190,M_MER100428,shops_at
A_CUST104190,C_CARD505460,uses_card
A_CUST104190,M_MER100125,shops_at
A_CUST104191,C_CARD505462,uses_card
A_CUST104191,M_MER100042,shops_at
A_CUST104191,L_Telangana,located_in
A_CUST104198,C_CARD505470,uses_card
A_CUST104198,M_MER100495,shops_at
A_CUST104198,L_Maharashtra,located_in
A_CUST104203,C_CARD505477,uses_card
A_CUST104203,M_MER100409,shops_at
A_CUST104203,L_West Bengal,located_in
A_CUST104203,M_MER100495,shops_at
A_CUST104205,C_CARD505479,uses_card
A_CUST104205,M_MER100129,shops_at
A_CUST104205,L_Gujarat,located_in
A_CUST104205,C_CARD505480,uses_card
A_CUST104205,M_MER100426,shops_at
A_CUST104209,C_CARD505486,uses_card
A_CUST104209,M_MER100438,shops_at
A_CUST104209,L_Uttar Pradesh,located_in
A_CUST104210,C_CARD505487,uses_card
A_CUST104210,M_MER100308,shops_at
A_CUST104210,L_Tamil Nadu,located_in
A_CUST104210,M_MER100269,shops_at
A_CUST104211,C_CARD505489,uses_card
A_CUST104211,M_MER100328,shops_at
A_CUST104211,L_Maharashtra,located_in
A_CUST104211,M_MER100218,shops_at
A_CUST104211,M_MER100125,shops_at
A_CUST104213,C_CARD505492,uses_card
A_CUST104213,M_MER100235,shops_at
A_CUST104213,L_Karnataka,located_in
A_CUST104214,C_CARD505493,uses_card
A_CUST104214,M_MER100407,shops_at
A_CUST104214,L_Bihar,located_in
A_CUST104225,C_CARD505509,uses_card
A_CUST104225,M_MER100175,shops_at
A_CUST104225,L_Rajasthan,located_in
A_CUST104236,C_CARD505521,uses_card
A_CUST104236,M_MER100384,shops_at
A_CUST104236,L_Uttar Pradesh,located_in
A_CUST104240,C_CARD505525,uses_card
A_CUST104240,M_MER100040,shops_at
A_CUST104240,L_Kerala,located_in
A_CUST104242,C_CARD505528,uses_card
A_CUST104242,M_MER100337,shops_at
A_CUST104242,L_Karnataka,located_in
A_CUST104242,M_MER100328,shops_at
A_CUST104244,C_CARD505531,uses_card
A_CUST104244,M_MER100258,shops_at
A_CUST104244,L_Tamil Nadu,located_in
A_CUST104248,C_CARD505535,uses_card
A_CUST104248,M_MER100250,shops_at
A_CUST104248,L_Gujarat,located_in
A_CUST104254,C_CARD505543,uses_card
A_CUST104254,M_MER100250,shops_at
A_CUST104254,L_Assam,located_in
A_CUST104256,C_CARD505545,uses_card
A_CUST104256,M_MER100106,shops_at
A_CUST104256,L_West Bengal,located_in
A_CUST104256,M_MER100244,shops_at
A_CUST104261,C_CARD505550,uses_card
A_CUST104261,M_MER100063,shops_at
A_CUST104261,L_Kerala,located_in
A_CUST104261,M_MER100106,shops_at
A_CUST104262,C_CARD505551,uses_card
A_CUST104262,M_MER100496,shops_at
A_CUST104262,L_Tamil Nadu,located_in
A_CUST104267,C_CARD505557,uses_card
A_CUST104267,M_MER100274,shops_at
A_CUST104267,L_Punjab,located_in
A_CUST104272,C_CARD505563,uses_card
A_CUST104272,M_MER100298,shops_at
A_CUST104272,L_Telangana,located_in
A_CUST104275,C_CARD505568,uses_card
A_CUST104275,M_MER100161,shops_at
A_CUST104275,L_Telangana,located_in
A_CUST104277,C_CARD505572,uses_card
A_CUST104277,M_MER100333,shops_at
A_CUST104277,L_Maharashtra,located_in
A_CUST104282,C_CARD505577,uses_card
A_CUST104282,M_MER100092,shops_at
A_CUST104282,L_Uttar Pradesh,located_in
A_CUST104285,C_CARD505580,uses_card
A_CUST104285,M_MER100169,shops_at
A_CUST104285,L_Rajasthan,located_in
A_CUST104286,C_CARD505583,uses_card
A_CUST104286,M_MER100313,shops_at
A_CUST104286,L_Kerala,located_in
A_CUST104287,C_CARD505587,uses_card
A_CUST104287,M_MER100124,shops_at
A_CUST104287,L_Haryana,located_in
A_CUST104287,M_MER100112,shops_at
A_CUST104291,C_CARD505591,uses_card
A_CUST104291,M_MER100015,shops_at
A_CUST104291,L_Haryana,located_in
A_CUST104292,C_CARD505594,uses_card
A_CUST104292,M_MER100110,shops_at
A_CUST104292,L_Maharashtra,located_in
A_CUST104295,C_CARD505597,uses_card
A_CUST104295,M_MER100156,shops_at
A_CUST104295,L_Telangana,located_in
A_CUST104306,C_CARD505611,uses_card
A_CUST104306,M_MER100033,shops_at
A_CUST104306,L_Uttar Pradesh,located_in
A_CUST104324,C_CARD505630,uses_card
A_CUST104324,M_MER100173,shops_at
A_CUST104324,L_Rajasthan,located_in
A_CUST104325,C_CARD505631,uses_card
A_CUST104325,M_MER100409,shops_at
A_CUST104325,L_Assam,located_in
A_CUST104329,C_CARD505636,uses_card
A_CUST104329,M_MER100093,shops_at
A_CUST104329,L_Karnataka,located_in
A_CUST104330,C_CARD505639,uses_card
A_CUST104330,M_MER100422,shops_at
A_CUST104330,L_Karnataka,located_in
A_CUST104330,M_MER100303,shops_at
A_CUST104330,C_CARD505637,uses_card
A_CUST104330,M_MER100035,shops_at
A_CUST104336,C_CARD505647,uses_card
A_CUST104336,M_MER100198,shops_at
A_CUST104336,L_Gujarat,located_in
A_CUST104339,C_CARD505652,uses_card
A_CUST104339,M_MER100351,shops_at
A_CUST104339,L_Maharashtra,located_in
A_CUST104339,M_MER100276,shops_at
A_CUST104339,M_MER100153,shops_at
A_CUST104342,C_CARD505656,uses_card
A_CUST104342,M_MER100405,shops_at
A_CUST104342,L_Odisha,located_in
A_CUST104343,C_CARD505657,uses_card
A_CUST104343,M_MER100267,shops_at
A_CUST104343,L_Maharashtra,located_in
A_CUST104349,C_CARD505664,uses_card
A_CUST104349,M_MER100481,shops_at
A_CUST104349,L_Rajasthan,located_in
A_CUST104351,C_CARD505666,uses_card
A_CUST104351,M_MER100492,shops_at
A_CUST104351,L_Bihar,located_in
A_CUST104354,C_CARD505671,uses_card
A_CUST104354,M_MER100101,shops_at
A_CUST104354,L_Kerala,located_in
A_CUST104354,M_MER100030,shops_at
A_CUST104355,C_CARD505673,uses_card
A_CUST104355,M_MER100062,shops_at
A_CUST104355,L_Telangana,located_in
A_CUST104356,C_CARD505674,uses_card
A_CUST104356,M_MER100346,shops_at
A_CUST104356,L_Punjab,located_in
A_CUST104360,C_CARD505680,uses_card
A_CUST104360,M_MER100326,shops_at
A_CUST104360,L_West Bengal,located_in
A_CUST104364,C_CARD505686,uses_card
A_CUST104364,M_MER100484,shops_at
A_CUST104364,L_Uttar Pradesh,located_in
A_CUST104370,C_CARD505693,uses_card
A_CUST104370,M_MER100228,shops_at
A_CUST104370,L_Maharashtra,located_in
A_CUST104370,C_CARD505692,uses_card
A_CUST104370,M_MER100132,shops_at
A_CUST104372,C_CARD505695,uses_card
A_CUST104372,M_MER100084,shops_at
A_CUST104372,L_Rajasthan,located_in
A_CUST104372,M_MER100236,shops_at
A_CUST104391,C_CARD505715,uses_card
A_CUST104391,M_MER100280,shops_at
A_CUST104391,L_Assam,located_in
A_CUST104394,C_CARD505720,uses_card
A_CUST104394,M_MER100006,shops_at
A_CUST104394,L_Haryana,located_in
A_CUST104403,C_CARD505730,uses_card
A_CUST104403,M_MER100368,shops_at
A_CUST104403,L_Telangana,located_in
A_CUST104404,C_CARD505731,uses_card
A_CUST104404,M_MER100133,shops_at
A_CUST104404,L_Tamil Nadu,located_in
A_CUST104404,C_CARD505732,uses_card
A_CUST104404,M_MER100047,shops_at
A_CUST104408,C_CARD505739,uses_card
A_CUST104408,M_MER100148,shops_at
A_CUST104408,L_Haryana,located_in
A_CUST104420,C_CARD505752,uses_card
A_CUST104420,M_MER100442,shops_at
A_CUST104420,L_Assam,located_in
A_CUST104420,M_MER100113,shops_at
A_CUST104420,M_MER100121,shops_at
A_CUST104421,C_CARD505755,uses_card
A_CUST104421,M_MER100331,shops_at
A_CUST104421,L_Telangana,located_in
A_CUST104422,C_CARD505756,uses_card
A_CUST104422,M_MER100430,shops_at
A_CUST104422,L_Telangana,located_in
A_CUST104426,C_CARD505760,uses_card
A_CUST104426,M_MER100498,shops_at
A_CUST104426,L_Assam,located_in
A_CUST104426,M_MER100383,shops_at
A_CUST104430,C_CARD505766,uses_card
A_CUST104430,M_MER100494,shops_at
A_CUST104430,L_Gujarat,located_in
A_CUST104430,M_MER100153,shops_at
A_CUST104432,C_CARD505770,uses_card
A_CUST104432,M_MER100216,shops_at
A_CUST104432,L_Gujarat,located_in
A_CUST104434,C_CARD505772,uses_card
A_CUST104434,M_MER100021,shops_at
A_CUST104434,L_Maharashtra,located_in
A_CUST104435,C_CARD505773,uses_card
A_CUST104435,M_MER100042,shops_at
A_CUST104435,L_Karnataka,located_in
A_CUST104435,C_CARD505775,uses_card
A_CUST104435,M_MER100108,shops_at
A_CUST104435,M_MER100014,shops_at
A_CUST104435,C_CARD505774,uses_card
A_CUST104435,M_MER100352,shops_at
A_CUST104436,C_CARD505776,uses_card
A_CUST104436,M_MER100240,shops_at
A_CUST104436,L_Uttar Pradesh,located_in
A_CUST104439,C_CARD505781,uses_card
A_CUST104439,M_MER100397,shops_at
A_CUST104439,L_Gujarat,located_in
A_CUST104443,C_CARD505785,uses_card
A_CUST104443,M_MER100267,shops_at
A_CUST104443,L_Uttar Pradesh,located_in
A_CUST104451,C_CARD505793,uses_card
A_CUST104451,M_MER100424,shops_at
A_CUST104451,L_Maharashtra,located_in
A_CUST104453,C_CARD505796,uses_card
A_CUST104453,M_MER100227,shops_at
A_CUST104453,L_Telangana,located_in
A_CUST104454,C_CARD505797,uses_card
A_CUST104454,M_MER100425,shops_at
A_CUST104454,L_Madhya Pradesh,located_in
A_CUST104459,C_CARD505802,uses_card
A_CUST104459,M_MER100359,shops_at
A_CUST104459,L_Odisha,located_in
A_CUST104459,M_MER100326,shops_at
A_CUST104460,C_CARD505803,uses_card
A_CUST104460,M_MER100090,shops_at
A_CUST104460,L_West Bengal,located_in
A_CUST104460,M_MER100334,shops_at
A_CUST104461,C_CARD505805,uses_card
A_CUST104461,M_MER100420,shops_at
A_CUST104461,L_Madhya Pradesh,located_in
A_CUST104461,M_MER100424,shops_at
A_CUST104461,C_CARD505804,uses_card
A_CUST104461,M_MER100481,shops_at
A_CUST104461,M_MER100281,shops_at
A_CUST104461,M_MER100226,shops_at
A_CUST104461,C_CARD505806,uses_card
A_CUST104461,M_MER100342,shops_at
A_CUST104461,M_MER100495,shops_at
A_CUST104462,C_CARD505807,uses_card
A_CUST104462,M_MER100448,shops_at
A_CUST104462,L_Karnataka,located_in
A_CUST104466,C_CARD505813,uses_card
A_CUST104466,M_MER100337,shops_at
A_CUST104466,L_Punjab,located_in
A_CUST104466,C_CARD505811,uses_card
A_CUST104466,M_MER100499,shops_at
A_CUST104466,C_CARD505812,uses_card
A_CUST104466,M_MER100408,shops_at
A_CUST104473,C_CARD505821,uses_card
A_CUST104473,M_MER100365,shops_at
A_CUST104473,L_Punjab,located_in
A_CUST104473,C_CARD505822,uses_card
A_CUST104473,M_MER100476,shops_at
A_CUST104476,C_CARD505825,uses_card
A_CUST104476,M_MER100326,shops_at
A_CUST104476,L_Bihar,located_in
A_CUST104479,C_CARD505828,uses_card
A_CUST104479,M_MER100017,shops_at
A_CUST104479,L_Maharashtra,located_in
A_CUST104479,M_MER100492,shops_at
A_CUST104481,C_CARD505830,uses_card
A_CUST104481,M_MER100112,shops_at
A_CUST104481,L_Bihar,located_in
A_CUST104488,C_CARD505839,uses_card
A_CUST104488,M_MER100492,shops_at
A_CUST104488,L_West Bengal,located_in
A_CUST104489,C_CARD505840,uses_card
A_CUST104489,M_MER100040,shops_at
A_CUST104489,L_Uttar Pradesh,located_in
A_CUST104505,C_CARD505856,uses_card
A_CUST104505,M_MER100242,shops_at
A_CUST104505,L_West Bengal,located_in
A_CUST104506,C_CARD505857,uses_card
A_CUST104506,M_MER100049,shops_at
A_CUST104506,L_Uttar Pradesh,located_in
A_CUST104506,C_CARD505858,uses_card
A_CUST104506,M_MER100102,shops_at
A_CUST104507,C_CARD505859,uses_card
A_CUST104507,M_MER100099,shops_at
A_CUST104507,L_Kerala,located_in
A_CUST104508,C_CARD505861,uses_card
A_CUST104508,M_MER100116,shops_at
A_CUST104508,L_Gujarat,located_in
A_CUST104514,C_CARD505869,uses_card
A_CUST104514,M_MER100105,shops_at
A_CUST104514,L_Uttar Pradesh,located_in
A_CUST104524,C_CARD505880,uses_card
A_CUST104524,M_MER100249,shops_at
A_CUST104524,L_Karnataka,located_in
A_CUST104524,C_CARD505881,uses_card
A_CUST104524,M_MER100278,shops_at
A_CUST104524,M_MER100120,shops_at
A_CUST104531,C_CARD505891,uses_card
A_CUST104531,M_MER100378,shops_at
A_CUST104531,L_Karnataka,located_in
A_CUST104534,C_CARD505895,uses_card
A_CUST104534,M_MER100005,shops_at
A_CUST104534,L_Tamil Nadu,located_in
A_CUST104537,C_CARD505898,uses_card
A_CUST104537,M_MER100254,shops_at
A_CUST104537,L_Punjab,located_in
A_CUST104547,C_CARD505909,uses_card
A_CUST104547,M_MER100500,shops_at
A_CUST104547,L_Telangana,located_in
A_CUST104551,C_CARD505913,uses_card
A_CUST104551,M_MER100235,shops_at
A_CUST104551,L_Uttar Pradesh,located_in
A_CUST104553,C_CARD505916,uses_card
A_CUST104553,M_MER100140,shops_at
A_CUST104553,L_Uttar Pradesh,located_in
A_CUST104553,C_CARD505917,uses_card
A_CUST104553,M_MER100132,shops_at
A_CUST104553,M_MER100409,shops_at
A_CUST104565,C_CARD505931,uses_card
A_CUST104565,M_MER100492,shops_at
A_CUST104565,L_Karnataka,located_in
A_CUST104568,C_CARD505936,uses_card
A_CUST104568,M_MER100204,shops_at
A_CUST104568,L_Uttar Pradesh,located_in
A_CUST104569,C_CARD505937,uses_card
A_CUST104569,M_MER100079,shops_at
A_CUST104569,L_Kerala,located_in
A_CUST104569,M_MER100151,shops_at
A_CUST104571,C_CARD505942,uses_card
A_CUST104571,M_MER100493,shops_at
A_CUST104571,L_Odisha,located_in
A_CUST104571,M_MER100225,shops_at
A_CUST104571,C_CARD505943,uses_card
A_CUST104571,M_MER100364,shops_at
A_CUST104574,C_CARD505946,uses_card
A_CUST104574,M_MER100021,shops_at
A_CUST104574,L_Assam,located_in
A_CUST104574,M_MER100360,shops_at
A_CUST104575,C_CARD505948,uses_card
A_CUST104575,M_MER100218,shops_at
A_CUST104575,L_Madhya Pradesh,located_in
A_CUST104577,C_CARD505951,uses_card
A_CUST104577,M_MER100368,shops_at
A_CUST104577,L_Madhya Pradesh,located_in
A_CUST104579,C_CARD505953,uses_card
A_CUST104579,M_MER100250,shops_at
A_CUST104579,L_Odisha,located_in
A_CUST104579,M_MER100326,shops_at
A_CUST104584,C_CARD505961,uses_card
A_CUST104584,M_MER100261,shops_at
A_CUST104584,L_Haryana,located_in
A_CUST104586,C_CARD505964,uses_card
A_CUST104586,M_MER100226,shops_at
A_CUST104586,L_Maharashtra,located_in
A_CUST104586,C_CARD505963,uses_card
A_CUST104586,M_MER100496,shops_at
A_CUST104589,C_CARD505969,uses_card
A_CUST104589,M_MER100022,shops_at
A_CUST104589,L_Madhya Pradesh,located_in
A_CUST104590,C_CARD505971,uses_card
A_CUST104590,M_MER100206,shops_at
A_CUST104590,L_Telangana,located_in
A_CUST104593,C_CARD505974,uses_card
A_CUST104593,M_MER100391,shops_at
A_CUST104593,L_Odisha,located_in
A_CUST104602,C_CARD505986,uses_card
A_CUST104602,M_MER100022,shops_at
A_CUST104602,L_Tamil Nadu,located_in
A_CUST104603,C_CARD505988,uses_card
A_CUST104603,M_MER100481,shops_at
A_CUST104603,L_Rajasthan,located_in
A_CUST104604,C_CARD505989,uses_card
A_CUST104604,M_MER100452,shops_at
A_CUST104604,L_West Bengal,located_in
A_CUST104604,M_MER100405,shops_at
A_CUST104609,C_CARD505994,uses_card
A_CUST104609,M_MER100141,shops_at
A_CUST104609,L_Haryana,located_in
A_CUST104614,C_CARD506002,uses_card
A_CUST104614,M_MER100175,shops_at
A_CUST104614,L_Assam,located_in
A_CUST104614,C_CARD506001,uses_card
A_CUST104614,M_MER100432,shops_at
A_CUST104614,C_CARD506000,uses_card
A_CUST104614,M_MER100261,shops_at
A_CUST104614,M_MER100029,shops_at
A_CUST104616,C_CARD506004,uses_card
A_CUST104616,M_MER100342,shops_at
A_CUST104616,L_Rajasthan,located_in
A_CUST104616,M_MER100225,shops_at
A_CUST104616,M_MER100249,shops_at
A_CUST104619,C_CARD506008,uses_card
A_CUST104619,M_MER100304,shops_at
A_CUST104619,L_Punjab,located_in
A_CUST104619,M_MER100062,shops_at
A_CUST104623,C_CARD506015,uses_card
A_CUST104623,M_MER100455,shops_at
A_CUST104623,L_Assam,located_in
A_CUST104624,C_CARD506017,uses_card
A_CUST104624,M_MER100148,shops_at
A_CUST104624,L_Tamil Nadu,located_in
A_CUST104628,C_CARD506021,uses_card
A_CUST104628,M_MER100476,shops_at
A_CUST104628,L_Maharashtra,located_in
A_CUST104631,C_CARD506027,uses_card
A_CUST104631,M_MER100037,shops_at
A_CUST104631,L_Odisha,located_in
A_CUST104631,C_CARD506026,uses_card
A_CUST104631,M_MER100103,shops_at
A_CUST104631,M_MER100066,shops_at
A_CUST104631,M_MER100178,shops_at
A_CUST104638,C_CARD506035,uses_card
A_CUST104638,M_MER100305,shops_at
A_CUST104638,L_Tamil Nadu,located_in
A_CUST104641,C_CARD506038,uses_card
A_CUST104641,M_MER100382,shops_at
A_CUST104641,L_Odisha,located_in
A_CUST104641,M_MER100287,shops_at
A_CUST104641,M_MER100211,shops_at
A_CUST104641,M_MER100325,shops_at
A_CUST104642,C_CARD506041,uses_card
A_CUST104642,M_MER100092,shops_at
A_CUST104642,L_Bihar,located_in
A_CUST104643,C_CARD506043,uses_card
A_CUST104643,M_MER100331,shops_at
A_CUST104643,L_Kerala,located_in
A_CUST104643,M_MER100370,shops_at
A_CUST104644,C_CARD506044,uses_card
A_CUST104644,M_MER100158,shops_at
A_CUST104644,L_Kerala,located_in
A_CUST104655,C_CARD506056,uses_card
A_CUST104655,M_MER100331,shops_at
A_CUST104655,L_Haryana,located_in
A_CUST104668,C_CARD506070,uses_card
A_CUST104668,M_MER100264,shops_at
A_CUST104668,L_Punjab,located_in
A_CUST104670,C_CARD506072,uses_card
A_CUST104670,M_MER100331,shops_at
A_CUST104670,L_West Bengal,located_in
A_CUST104675,C_CARD506077,uses_card
A_CUST104675,M_MER100041,shops_at
A_CUST104675,L_Punjab,located_in
A_CUST104677,C_CARD506079,uses_card
A_CUST104677,M_MER100035,shops_at
A_CUST104677,L_Odisha,located_in
A_CUST104682,C_CARD506084,uses_card
A_CUST104682,M_MER100459,shops_at
A_CUST104682,L_Tamil Nadu,located_in
A_CUST104684,C_CARD506089,uses_card
A_CUST104684,M_MER100242,shops_at
A_CUST104684,L_Telangana,located_in
A_CUST104684,M_MER100050,shops_at
A_CUST104684,M_MER100122,shops_at
A_CUST104685,C_CARD506092,uses_card
A_CUST104685,M_MER100102,shops_at
A_CUST104685,L_Karnataka,located_in
A_CUST104691,C_CARD506098,uses_card
A_CUST104691,M_MER100237,shops_at
A_CUST104691,L_Bihar,located_in
A_CUST104691,M_MER100133,shops_at
A_CUST104692,C_CARD506099,uses_card
A_CUST104692,M_MER100166,shops_at
A_CUST104692,L_West Bengal,located_in
A_CUST104692,C_CARD506100,uses_card
A_CUST104692,M_MER100385,shops_at
A_CUST104695,C_CARD506103,uses_card
A_CUST104695,M_MER100132,shops_at
A_CUST104695,L_Assam,located_in
A_CUST104700,C_CARD506109,uses_card
A_CUST104700,M_MER100110,shops_at
A_CUST104700,L_Bihar,located_in
A_CUST104703,C_CARD506112,uses_card
A_CUST104703,M_MER100047,shops_at
A_CUST104703,L_Kerala,located_in
A_CUST104704,C_CARD506114,uses_card
A_CUST104704,M_MER100339,shops_at
A_CUST104704,L_Kerala,located_in
A_CUST104704,M_MER100366,shops_at
A_CUST104704,C_CARD506115,uses_card
A_CUST104704,M_MER100002,shops_at
A_CUST104704,C_CARD506113,uses_card
A_CUST104704,M_MER100380,shops_at
A_CUST104710,C_CARD506122,uses_card
A_CUST104710,M_MER100306,shops_at
A_CUST104710,L_Kerala,located_in
A_CUST104711,C_CARD506125,uses_card
A_CUST104711,M_MER100131,shops_at
A_CUST104711,L_Assam,located_in
A_CUST104711,M_MER100146,shops_at
A_CUST104714,C_CARD506128,uses_card
A_CUST104714,M_MER100481,shops_at
A_CUST104714,L_Bihar,located_in
A_CUST104715,C_CARD506130,uses_card
A_CUST104715,M_MER100346,shops_at
A_CUST104715,L_Assam,located_in
A_CUST104716,C_CARD506132,uses_card
A_CUST104716,M_MER100140,shops_at
A_CUST104716,L_Madhya Pradesh,located_in
A_CUST104719,C_CARD506135,uses_card
A_CUST104719,M_MER100498,shops_at
A_CUST104719,L_Madhya Pradesh,located_in
A_CUST104720,C_CARD506136,uses_card
A_CUST104720,M_MER100495,shops_at
A_CUST104720,L_Haryana,located_in
A_CUST104726,C_CARD506144,uses_card
A_CUST104726,M_MER100047,shops_at
A_CUST104726,L_Punjab,located_in
A_CUST104733,C_CARD506151,uses_card
A_CUST104733,M_MER100141,shops_at
A_CUST104733,L_Odisha,located_in
A_CUST104733,C_CARD506152,uses_card
A_CUST104733,M_MER100304,shops_at
A_CUST104733,M_MER100479,shops_at
A_CUST104735,C_CARD506155,uses_card
A_CUST104735,M_MER100340,shops_at
A_CUST104735,L_Kerala,located_in
A_CUST104736,C_CARD506156,uses_card
A_CUST104736,M_MER100183,shops_at
A_CUST104736,L_Punjab,located_in
A_CUST104746,C_CARD506168,uses_card
A_CUST104746,M_MER100333,shops_at
A_CUST104746,L_Odisha,located_in
A_CUST104746,C_CARD506169,uses_card
A_CUST104746,M_MER100033,shops_at
A_CUST104747,C_CARD506170,uses_card
A_CUST104747,M_MER100090,shops_at
A_CUST104747,L_Uttar Pradesh,located_in
A_CUST104748,C_CARD506171,uses_card
A_CUST104748,M_MER100059,shops_at
A_CUST104748,L_Haryana,located_in
A_CUST104766,C_CARD506193,uses_card
A_CUST104766,M_MER100109,shops_at
A_CUST104766,L_West Bengal,located_in
A_CUST104766,M_MER100328,shops_at
A_CUST104784,C_CARD506215,uses_card
A_CUST104784,M_MER100292,shops_at
A_CUST104784,L_Haryana,located_in
A_CUST104784,M_MER100218,shops_at
A_CUST104801,C_CARD506236,uses_card
A_CUST104801,M_MER100421,shops_at
A_CUST104801,L_Uttar Pradesh,located_in
A_CUST104801,C_CARD506235,uses_card
A_CUST104801,M_MER100040,shops_at
A_CUST104802,C_CARD506238,uses_card
A_CUST104802,M_MER100424,shops_at
A_CUST104802,L_Telangana,located_in
A_CUST104802,M_MER100490,shops_at
A_CUST104810,C_CARD506249,uses_card
A_CUST104810,M_MER100383,shops_at
A_CUST104810,L_West Bengal,located_in
A_CUST104812,C_CARD506253,uses_card
A_CUST104812,M_MER100291,shops_at
A_CUST104812,L_Telangana,located_in
A_CUST104813,C_CARD506254,uses_card
A_CUST104813,M_MER100495,shops_at
A_CUST104813,L_West Bengal,located_in
A_CUST104833,C_CARD506278,uses_card
A_CUST104833,M_MER100210,shops_at
A_CUST104833,L_Bihar,located_in
A_CUST104834,C_CARD506280,uses_card
A_CUST104834,M_MER100303,shops_at
A_CUST104834,L_Rajasthan,located_in
A_CUST104835,C_CARD506283,uses_card
A_CUST104835,M_MER100178,shops_at
A_CUST104835,L_Odisha,located_in
A_CUST104836,C_CARD506284,uses_card
A_CUST104836,M_MER100062,shops_at
A_CUST104836,L_West Bengal,located_in
A_CUST104836,C_CARD506285,uses_card
A_CUST104836,M_MER100403,shops_at
A_CUST104836,C_CARD506286,uses_card
A_CUST104836,M_MER100345,shops_at
A_CUST104836,M_MER100173,shops_at
A_CUST104837,C_CARD506287,uses_card
A_CUST104837,M_MER100465,shops_at
A_CUST104837,L_West Bengal,located_in
A_CUST104839,C_CARD506292,uses_card
A_CUST104839,M_MER100456,shops_at
A_CUST104839,L_Tamil Nadu,located_in
A_CUST104839,C_CARD506291,uses_card
A_CUST104839,M_MER100224,shops_at
A_CUST104840,C_CARD506293,uses_card
A_CUST104840,M_MER100368,shops_at
A_CUST104840,L_Rajasthan,located_in
A_CUST104852,C_CARD506306,uses_card
A_CUST104852,M_MER100263,shops_at
A_CUST104852,L_Uttar Pradesh,located_in
A_CUST104856,C_CARD506310,uses_card
A_CUST104856,M_MER100098,shops_at
A_CUST104856,L_Gujarat,located_in
A_CUST104857,C_CARD506311,uses_card
A_CUST104857,M_MER100127,shops_at
A_CUST104857,L_Rajasthan,located_in
A_CUST104859,C_CARD506315,uses_card
A_CUST104859,M_MER100220,shops_at
A_CUST104859,L_Assam,located_in
A_CUST104859,C_CARD506314,uses_card
A_CUST104859,M_MER100040,shops_at
A_CUST104860,C_CARD506316,uses_card
A_CUST104860,M_MER100324,shops_at
A_CUST104860,L_Tamil Nadu,located_in
A_CUST104860,C_CARD506317,uses_card
A_CUST104860,M_MER100235,shops_at
A_CUST104864,C_CARD506321,uses_card
A_CUST104864,M_MER100183,shops_at
A_CUST104864,L_Telangana,located_in
A_CUST104865,C_CARD506322,uses_card
A_CUST104865,M_MER100261,shops_at
A_CUST104865,L_West Bengal,located_in
A_CUST104865,C_CARD506323,uses_card
A_CUST104865,M_MER100002,shops_at
A_CUST104874,C_CARD506333,uses_card
A_CUST104874,M_MER100295,shops_at
A_CUST104874,L_Karnataka,located_in
A_CUST104882,C_CARD506342,uses_card
A_CUST104882,M_MER100305,shops_at
A_CUST104882,L_Madhya Pradesh,located_in
A_CUST104882,C_CARD506343,uses_card
A_CUST104882,M_MER100179,shops_at
A_CUST104882,M_MER100092,shops_at
A_CUST104882,M_MER100183,shops_at
A_CUST104882,M_MER100399,shops_at
A_CUST104882,M_MER100429,shops_at
A_CUST104884,C_CARD506345,uses_card
A_CUST104884,M_MER100022,shops_at
A_CUST104884,L_Kerala,located_in
A_CUST104886,C_CARD506347,uses_card
A_CUST104886,M_MER100302,shops_at
A_CUST104886,L_Punjab,located_in
A_CUST104886,C_CARD506348,uses_card
A_CUST104886,M_MER100279,shops_at
A_CUST104886,C_CARD506349,uses_card
A_CUST104886,M_MER100452,shops_at
A_CUST104888,C_CARD506352,uses_card
A_CUST104888,M_MER100197,shops_at
A_CUST104888,L_Uttar Pradesh,located_in
A_CUST104888,C_CARD506351,uses_card
A_CUST104888,M_MER100424,shops_at
A_CUST104901,C_CARD506365,uses_card
A_CUST104901,M_MER100396,shops_at
A_CUST104901,L_Haryana,located_in
A_CUST104912,C_CARD506379,uses_card
A_CUST104912,M_MER100249,shops_at
A_CUST104912,L_Uttar Pradesh,located_in
A_CUST104912,C_CARD506377,uses_card
A_CUST104912,M_MER100152,shops_at
A_CUST104912,C_CARD506378,uses_card
A_CUST104912,M_MER100352,shops_at
A_CUST104914,C_CARD506382,uses_card
A_CUST104914,M_MER100406,shops_at
A_CUST104914,L_Telangana,located_in
A_CUST104916,C_CARD506385,uses_card
A_CUST104916,M_MER100237,shops_at
A_CUST104916,L_Telangana,located_in
A_CUST104920,C_CARD506390,uses_card
A_CUST104920,M_MER100326,shops_at
A_CUST104920,L_Maharashtra,located_in
A_CUST104920,C_CARD506389,uses_card
A_CUST104920,M_MER100229,shops_at
A_CUST104929,C_CARD506402,uses_card
A_CUST104929,M_MER100492,shops_at
A_CUST104929,L_Uttar Pradesh,located_in
A_CUST104930,C_CARD506405,uses_card
A_CUST104930,M_MER100340,shops_at
A_CUST104930,L_Bihar,located_in
A_CUST104945,C_CARD506420,uses_card
A_CUST104945,M_MER100163,shops_at
A_CUST104945,L_Telangana,located_in
A_CUST104946,C_CARD506421,uses_card
A_CUST104946,M_MER100176,shops_at
A_CUST104946,L_Haryana,located_in
A_CUST104947,C_CARD506423,uses_card
A_CUST104947,M_MER100087,shops_at
A_CUST104947,L_Telangana,located_in
A_CUST104948,C_CARD506424,uses_card
A_CUST104948,M_MER100379,shops_at
A_CUST104948,L_Rajasthan,located_in
A_CUST104948,M_MER100351,shops_at
A_CUST104960,C_CARD506440,uses_card
A_CUST104960,M_MER100180,shops_at
A_CUST104960,L_Bihar,located_in
A_CUST104960,C_CARD506441,uses_card
A_CUST104960,M_MER100416,shops_at
A_CUST104961,C_CARD506443,uses_card
A_CUST104961,M_MER100040,shops_at
A_CUST104961,L_Punjab,located_in
A_CUST104967,C_CARD506449,uses_card
A_CUST104967,M_MER100235,shops_at
A_CUST104967,L_Rajasthan,located_in
A_CUST104970,C_CARD506452,uses_card
A_CUST104970,M_MER100243,shops_at
A_CUST104970,L_Assam,located_in
A_CUST104971,C_CARD506454,uses_card
A_CUST104971,M_MER100071,shops_at
A_CUST104971,L_Punjab,located_in
A_CUST104971,C_CARD506453,uses_card
A_CUST104971,M_MER100182,shops_at
A_CUST104971,M_MER100458,shops_at
A_CUST104974,C_CARD506458,uses_card
A_CUST104974,M_MER100193,shops_at
A_CUST104974,L_Uttar Pradesh,located_in
A_CUST104974,M_MER100047,shops_at
A_CUST104975,C_CARD506459,uses_card
A_CUST104975,M_MER100140,shops_at
A_CUST104975,L_Haryana,located_in
A_CUST104978,C_CARD506464,uses_card
A_CUST104978,M_MER100012,shops_at
A_CUST104978,L_Uttar Pradesh,located_in
A_CUST104978,C_CARD506463,uses_card
A_CUST104978,M_MER100130,shops_at
A_CUST104978,M_MER100360,shops_at
A_CUST104978,M_MER100450,shops_at
A_CUST104978,M_MER100327,shops_at
A_CUST104978,M_MER100292,shops_at
A_CUST104978,M_MER100217,shops_at
A_CUST104978,M_MER100299,shops_at
A_CUST104984,C_CARD506471,uses_card
A_CUST104984,M_MER100002,shops_at
A_CUST104984,L_West Bengal,located_in
A_CUST104985,C_CARD506473,uses_card
A_CUST104985,M_MER100124,shops_at
A_CUST104985,L_Tamil Nadu,located_in
A_CUST104990,C_CARD506479,uses_card
A_CUST104990,M_MER100499,shops_at
A_CUST104990,L_Assam,located_in
A_CUST104991,C_CARD506480,uses_card
A_CUST104991,M_MER100077,shops_at
A_CUST104991,L_Bihar,located_in
A_CUST104991,M_MER100005,shops_at
A_CUST105002,C_CARD506493,uses_card
A_CUST105002,M_MER100437,shops_at
A_CUST105002,L_West Bengal,located_in
A_CUST105002,M_MER100179,shops_at
A_CUST105002,C_CARD506494,uses_card
A_CUST105002,M_MER100224,shops_at
A_CUST105003,C_CARD506498,uses_card
A_CUST105003,M_MER100093,shops_at
A_CUST105003,L_Punjab,located_in
A_CUST105004,C_CARD506499,uses_card
A_CUST105004,M_MER100127,shops_at
A_CUST105004,L_Kerala,located_in
A_CUST105005,C_CARD506500,uses_card
A_CUST105005,M_MER100183,shops_at
A_CUST105005,L_West Bengal,located_in
A_CUST105010,C_CARD506506,uses_card
A_CUST105010,M_MER100013,shops_at
A_CUST105010,L_Madhya Pradesh,located_in
A_CUST105014,C_CARD506511,uses_card
A_CUST105014,M_MER100031,shops_at
A_CUST105014,L_Kerala,located_in
A_CUST105014,M_MER100104,shops_at
A_CUST105014,C_CARD506513,uses_card
A_CUST105014,M_MER100170,shops_at
A_CUST105014,M_MER100192,shops_at
A_CUST105015,C_CARD506514,uses_card
A_CUST105015,M_MER100207,shops_at
A_CUST105015,L_Gujarat,located_in
A_CUST105018,C_CARD506518,uses_card
A_CUST105018,M_MER100492,shops_at
A_CUST105018,L_Uttar Pradesh,located_in
A_CUST105018,C_CARD506517,uses_card
A_CUST105018,M_MER100459,shops_at
A_CUST105025,C_CARD506527,uses_card
A_CUST105025,M_MER100226,shops_at
A_CUST105025,L_Telangana,located_in
A_CUST105028,C_CARD506530,uses_card
A_CUST105028,M_MER100426,shops_at
A_CUST105028,L_Kerala,located_in
A_CUST105031,C_CARD506534,uses_card
A_CUST105031,M_MER100453,shops_at
A_CUST105031,L_Haryana,located_in
A_CUST105040,C_CARD506544,uses_card
A_CUST105040,M_MER100166,shops_at
A_CUST105040,L_Punjab,located_in
A_CUST105040,M_MER100426,shops_at
A_CUST105041,C_CARD506546,uses_card
A_CUST105041,M_MER100241,shops_at
A_CUST105041,L_Bihar,located_in
A_CUST105041,M_MER100250,shops_at
A_CUST105041,M_MER100087,shops_at
A_CUST105042,C_CARD506547,uses_card
A_CUST105042,M_MER100016,shops_at
A_CUST105042,L_Rajasthan,located_in
A_CUST105047,C_CARD506553,uses_card
A_CUST105047,M_MER100179,shops_at
A_CUST105047,L_Kerala,located_in
A_CUST105052,C_CARD506559,uses_card
A_CUST105052,M_MER100190,shops_at
A_CUST105052,L_Odisha,located_in
A_CUST105052,M_MER100070,shops_at
A_CUST105053,C_CARD506560,uses_card
A_CUST105053,M_MER100083,shops_at
A_CUST105053,L_Madhya Pradesh,located_in
A_CUST105057,C_CARD506564,uses_card
A_CUST105057,M_MER100240,shops_at
A_CUST105057,L_Gujarat,located_in
A_CUST105065,C_CARD506573,uses_card
A_CUST105065,M_MER100191,shops_at
A_CUST105065,L_Odisha,located_in
A_CUST105065,M_MER100382,shops_at
A_CUST105065,M_MER100218,shops_at
A_CUST105066,C_CARD506576,uses_card
A_CUST105066,M_MER100416,shops_at
A_CUST105066,L_Rajasthan,located_in
A_CUST105067,C_CARD506577,uses_card
A_CUST105067,M_MER100226,shops_at
A_CUST105067,L_Kerala,located_in
A_CUST105072,C_CARD506583,uses_card
A_CUST105072,M_MER100288,shops_at
A_CUST105072,L_Telangana,located_in
A_CUST105073,C_CARD506585,uses_card
A_CUST105073,M_MER100423,shops_at
A_CUST105073,L_Gujarat,located_in
A_CUST105074,C_CARD506586,uses_card
A_CUST105074,M_MER100262,shops_at
A_CUST105074,L_West Bengal,located_in
A_CUST105077,C_CARD506590,uses_card
A_CUST105077,M_MER100443,shops_at
A_CUST105077,L_Tamil Nadu,located_in
A_CUST105082,C_CARD506597,uses_card
A_CUST105082,M_MER100138,shops_at
A_CUST105082,L_Gujarat,located_in
A_CUST105082,C_CARD506598,uses_card
A_CUST105082,M_MER100226,shops_at
A_CUST105082,M_MER100133,shops_at
A_CUST105083,C_CARD506600,uses_card
A_CUST105083,M_MER100390,shops_at
A_CUST105083,L_West Bengal,located_in
A_CUST105085,C_CARD506603,uses_card
A_CUST105085,M_MER100334,shops_at
A_CUST105085,L_Karnataka,located_in
A_CUST105088,C_CARD506607,uses_card
A_CUST105088,M_MER100390,shops_at
A_CUST105088,L_Rajasthan,located_in
A_CUST105088,M_MER100222,shops_at
A_CUST105088,C_CARD506606,uses_card
A_CUST105088,M_MER100040,shops_at
A_CUST105089,C_CARD506608,uses_card
A_CUST105089,M_MER100158,shops_at
A_CUST105089,L_Uttar Pradesh,located_in
A_CUST105090,C_CARD506609,uses_card
A_CUST105090,M_MER100235,shops_at
A_CUST105090,L_Uttar Pradesh,located_in
A_CUST105091,C_CARD506610,uses_card
A_CUST105091,M_MER100099,shops_at
A_CUST105091,L_Haryana,located_in
A_CUST105093,C_CARD506614,uses_card
A_CUST105093,M_MER100427,shops_at
A_CUST105093,L_West Bengal,located_in
A_CUST105094,C_CARD506615,uses_card
A_CUST105094,M_MER100237,shops_at
A_CUST105094,L_Rajasthan,located_in
A_CUST105096,C_CARD506618,uses_card
A_CUST105096,M_MER100390,shops_at
A_CUST105096,L_Haryana,located_in
A_CUST105098,C_CARD506625,uses_card
A_CUST105098,M_MER100087,shops_at
A_CUST105098,L_Kerala,located_in
A_CUST105098,M_MER100385,shops_at
A_CUST105102,C_CARD506630,uses_card
A_CUST105102,M_MER100003,shops_at
A_CUST105102,L_Punjab,located_in
A_CUST105102,M_MER100073,shops_at
A_CUST105102,C_CARD506629,uses_card
A_CUST105102,M_MER100273,shops_at
A_CUST105106,C_CARD506634,uses_card
A_CUST105106,M_MER100490,shops_at
A_CUST105106,L_West Bengal,located_in
A_CUST105108,C_CARD506636,uses_card
A_CUST105108,M_MER100234,shops_at
A_CUST105108,L_Madhya Pradesh,located_in
A_CUST105112,C_CARD506644,uses_card
A_CUST105112,M_MER100120,shops_at
A_CUST105112,L_Telangana,located_in
A_CUST105115,C_CARD506647,uses_card
A_CUST105115,M_MER100152,shops_at
A_CUST105115,L_Kerala,located_in
A_CUST105124,C_CARD506658,uses_card
A_CUST105124,M_MER100434,shops_at
A_CUST105124,L_Telangana,located_in
A_CUST105127,C_CARD506662,uses_card
A_CUST105127,M_MER100138,shops_at
A_CUST105127,L_Tamil Nadu,located_in
A_CUST105128,C_CARD506665,uses_card
A_CUST105128,M_MER100358,shops_at
A_CUST105128,L_Rajasthan,located_in
A_CUST105128,M_MER100278,shops_at
A_CUST105131,C_CARD506668,uses_card
A_CUST105131,M_MER100464,shops_at
A_CUST105131,L_Telangana,located_in
A_CUST105131,M_MER100043,shops_at
A_CUST105133,C_CARD506671,uses_card
A_CUST105133,M_MER100069,shops_at
A_CUST105133,L_Odisha,located_in
A_CUST105133,M_MER100403,shops_at
A_CUST105133,M_MER100251,shops_at
A_CUST105133,M_MER100226,shops_at
A_CUST105138,C_CARD506677,uses_card
A_CUST105138,M_MER100346,shops_at
A_CUST105138,L_Madhya Pradesh,located_in
A_CUST105143,C_CARD506682,uses_card
A_CUST105143,M_MER100059,shops_at
A_CUST105143,L_Karnataka,located_in
A_CUST105145,C_CARD506686,uses_card
A_CUST105145,M_MER100019,shops_at
A_CUST105145,L_Odisha,located_in
A_CUST105145,M_MER100468,shops_at
A_CUST105145,M_MER100459,shops_at
A_CUST105145,M_MER100058,shops_at
A_CUST105145,M_MER100151,shops_at
A_CUST105145,M_MER100396,shops_at
A_CUST105146,C_CARD506687,uses_card
A_CUST105146,M_MER100346,shops_at
A_CUST105146,L_Tamil Nadu,located_in
A_CUST105149,C_CARD506691,uses_card
A_CUST105149,M_MER100230,shops_at
A_CUST105149,L_Maharashtra,located_in
A_CUST105150,C_CARD506692,uses_card
A_CUST105150,M_MER100237,shops_at
A_CUST105150,L_Haryana,located_in
A_CUST105150,M_MER100382,shops_at
A_CUST105150,C_CARD506693,uses_card
A_CUST105150,M_MER100204,shops_at
A_CUST105155,C_CARD506699,uses_card
A_CUST105155,M_MER100166,shops_at
A_CUST105155,L_Madhya Pradesh,located_in
A_CUST105155,M_MER100016,shops_at
A_CUST105158,C_CARD506702,uses_card
A_CUST105158,M_MER100465,shops_at
A_CUST105158,L_Rajasthan,located_in
A_CUST105160,C_CARD506704,uses_card
A_CUST105160,M_MER100154,shops_at
A_CUST105160,L_Madhya Pradesh,located_in
A_CUST105165,C_CARD506711,uses_card
A_CUST105165,M_MER100408,shops_at
A_CUST105165,L_Punjab,located_in
A_CUST105166,C_CARD506713,uses_card
A_CUST105166,M_MER100066,shops_at
A_CUST105166,L_Telangana,located_in
A_CUST105167,C_CARD506714,uses_card
A_CUST105167,M_MER100138,shops_at
A_CUST105167,L_Bihar,located_in
A_CUST105176,C_CARD506724,uses_card
A_CUST105176,M_MER100411,shops_at
A_CUST105176,L_Assam,located_in
A_CUST105176,M_MER100451,shops_at
A_CUST105180,C_CARD506728,uses_card
A_CUST105180,M_MER100216,shops_at
A_CUST105180,L_Uttar Pradesh,located_in
A_CUST105183,C_CARD506733,uses_card
A_CUST105183,M_MER100494,shops_at
A_CUST105183,L_Maharashtra,located_in
A_CUST105183,M_MER100138,shops_at
A_CUST105189,C_CARD506741,uses_card
A_CUST105189,M_MER100468,shops_at
A_CUST105189,L_Maharashtra,located_in
A_CUST105189,M_MER100174,shops_at
A_CUST105189,M_MER100107,shops_at
A_CUST105189,C_CARD506740,uses_card
A_CUST105189,M_MER100175,shops_at
A_CUST105193,C_CARD506745,uses_card
A_CUST105193,M_MER100154,shops_at
A_CUST105193,L_Madhya Pradesh,located_in
A_CUST105196,C_CARD506750,uses_card
A_CUST105196,M_MER100292,shops_at
A_CUST105196,L_Telangana,located_in
A_CUST105196,M_MER100102,shops_at
A_CUST105196,M_MER100163,shops_at
A_CUST105196,M_MER100451,shops_at
A_CUST105196,M_MER100138,shops_at
A_CUST105197,C_CARD506752,uses_card
A_CUST105197,M_MER100252,shops_at
A_CUST105197,L_Gujarat,located_in
A_CUST105200,C_CARD506755,uses_card
A_CUST105200,M_MER100269,shops_at
A_CUST105200,L_Uttar Pradesh,located_in
A_CUST105200,M_MER100368,shops_at
A_CUST105208,C_CARD506763,uses_card
A_CUST105208,M_MER100130,shops_at
A_CUST105208,L_Uttar Pradesh,located_in
A_CUST105209,C_CARD506765,uses_card
A_CUST105209,M_MER100424,shops_at
A_CUST105209,L_Uttar Pradesh,located_in
A_CUST105212,C_CARD506770,uses_card
A_CUST105212,M_MER100013,shops_at
A_CUST105212,L_Kerala,located_in
A_CUST105212,C_CARD506769,uses_card
A_CUST105212,M_MER100092,shops_at
A_CUST105213,C_CARD506771,uses_card
A_CUST105213,M_MER100363,shops_at
A_CUST105213,L_Madhya Pradesh,located_in
A_CUST105223,C_CARD506787,uses_card
A_CUST105223,M_MER100492,shops_at
A_CUST105223,L_Assam,located_in
A_CUST105224,C_CARD506788,uses_card
A_CUST105224,M_MER100156,shops_at
A_CUST105224,L_Punjab,located_in
A_CUST105225,C_CARD506789,uses_card
A_CUST105225,M_MER100008,shops_at
A_CUST105225,L_Maharashtra,located_in
A_CUST105226,C_CARD506791,uses_card
A_CUST105226,M_MER100453,shops_at
A_CUST105226,L_Assam,located_in
A_CUST105234,C_CARD506801,uses_card
A_CUST105234,M_MER100009,shops_at
A_CUST105234,L_Gujarat,located_in
A_CUST105235,C_CARD506802,uses_card
A_CUST105235,M_MER100035,shops_at
A_CUST105235,L_Uttar Pradesh,located_in
A_CUST105239,C_CARD506807,uses_card
A_CUST105239,M_MER100195,shops_at
A_CUST105239,L_Uttar Pradesh,located_in
A_CUST105242,C_CARD506811,uses_card
A_CUST105242,M_MER100182,shops_at
A_CUST105242,L_Maharashtra,located_in
A_CUST105242,M_MER100350,shops_at
A_CUST105247,C_CARD506819,uses_card
A_CUST105247,M_MER100219,shops_at
A_CUST105247,L_Uttar Pradesh,located_in
A_CUST105247,C_CARD506818,uses_card
A_CUST105247,M_MER100365,shops_at
A_CUST105247,C_CARD506820,uses_card
A_CUST105247,M_MER100009,shops_at
A_CUST105249,C_CARD506824,uses_card
A_CUST105249,M_MER100400,shops_at
A_CUST105249,L_Gujarat,located_in
A_CUST105249,C_CARD506822,uses_card
A_CUST105249,M_MER100495,shops_at
A_CUST105250,C_CARD506825,uses_card
A_CUST105250,M_MER100492,shops_at
A_CUST105250,L_West Bengal,located_in
A_CUST105252,C_CARD506827,uses_card
A_CUST105252,M_MER100273,shops_at
A_CUST105252,L_Assam,located_in
A_CUST105252,M_MER100213,shops_at
A_CUST105252,C_CARD506829,uses_card
A_CUST105252,M_MER100253,shops_at
A_CUST105254,C_CARD506832,uses_card
A_CUST105254,M_MER100140,shops_at
A_CUST105254,L_Kerala,located_in
A_CUST105261,C_CARD506842,uses_card
A_CUST105261,M_MER100086,shops_at
A_CUST105261,L_Rajasthan,located_in
A_CUST105261,C_CARD506841,uses_card
A_CUST105261,M_MER100014,shops_at
A_CUST105269,C_CARD506851,uses_card
A_CUST105269,M_MER100278,shops_at
A_CUST105269,L_Odisha,located_in
A_CUST105269,C_CARD506852,uses_card
A_CUST105269,M_MER100354,shops_at
A_CUST105269,M_MER100283,shops_at
A_CUST105274,C_CARD506858,uses_card
A_CUST105274,M_MER100404,shops_at
A_CUST105274,L_Bihar,located_in
A_CUST105276,C_CARD506861,uses_card
A_CUST105276,M_MER100490,shops_at
A_CUST105276,L_Maharashtra,located_in
A_CUST105285,C_CARD506873,uses_card
A_CUST105285,M_MER100087,shops_at
A_CUST105285,L_Haryana,located_in
A_CUST105285,C_CARD506874,uses_card
A_CUST105285,M_MER100072,shops_at
A_CUST105287,C_CARD506877,uses_card
A_CUST105287,M_MER100365,shops_at
A_CUST105287,L_Bihar,located_in
A_CUST105290,C_CARD506880,uses_card
A_CUST105290,M_MER100141,shops_at
A_CUST105290,L_Maharashtra,located_in
A_CUST105298,C_CARD506889,uses_card
A_CUST105298,M_MER100138,shops_at
A_CUST105298,L_Madhya Pradesh,located_in
A_CUST105311,C_CARD506904,uses_card
A_CUST105311,M_MER100032,shops_at
A_CUST105311,L_Punjab,located_in
A_CUST105314,C_CARD506910,uses_card
A_CUST105314,M_MER100209,shops_at
A_CUST105314,L_Tamil Nadu,located_in
A_CUST105314,M_MER100238,shops_at
A_CUST105314,C_CARD506909,uses_card
A_CUST105314,M_MER100286,shops_at
A_CUST105315,C_CARD506911,uses_card
A_CUST105315,M_MER100063,shops_at
A_CUST105315,L_Punjab,located_in
A_CUST105318,C_CARD506916,uses_card
A_CUST105318,M_MER100213,shops_at
A_CUST105318,L_Odisha,located_in
A_CUST105321,C_CARD506922,uses_card
A_CUST105321,M_MER100287,shops_at
A_CUST105321,L_Telangana,located_in
A_CUST105321,M_MER100492,shops_at
A_CUST105321,M_MER100331,shops_at
A_CUST105324,C_CARD506927,uses_card
A_CUST105324,M_MER100424,shops_at
A_CUST105324,L_Odisha,located_in
A_CUST105324,M_MER100404,shops_at
A_CUST105326,C_CARD506930,uses_card
A_CUST105326,M_MER100226,shops_at
A_CUST105326,L_Assam,located_in
A_CUST105327,C_CARD506931,uses_card
A_CUST105327,M_MER100173,shops_at
A_CUST105327,L_Gujarat,located_in
A_CUST105328,C_CARD506934,uses_card
A_CUST105328,M_MER100492,shops_at
A_CUST105328,L_Telangana,located_in
A_CUST105328,M_MER100500,shops_at
A_CUST105333,C_CARD506942,uses_card
A_CUST105333,M_MER100240,shops_at
A_CUST105333,L_Odisha,located_in
A_CUST105333,M_MER100046,shops_at
A_CUST105334,C_CARD506943,uses_card
A_CUST105334,M_MER100287,shops_at
A_CUST105334,L_Madhya Pradesh,located_in
A_CUST105336,C_CARD506945,uses_card
A_CUST105336,M_MER100088,shops_at
A_CUST105336,L_Gujarat,located_in
A_CUST105337,C_CARD506946,uses_card
A_CUST105337,M_MER100391,shops_at
A_CUST105337,L_Tamil Nadu,located_in
A_CUST105339,C_CARD506948,uses_card
A_CUST105339,M_MER100017,shops_at
A_CUST105339,L_Rajasthan,located_in
A_CUST105344,C_CARD506956,uses_card
A_CUST105344,M_MER100251,shops_at
A_CUST105344,L_Assam,located_in
A_CUST105347,C_CARD506962,uses_card
A_CUST105347,M_MER100479,shops_at
A_CUST105347,L_Haryana,located_in
A_CUST105349,C_CARD506964,uses_card
A_CUST105349,M_MER100217,shops_at
A_CUST105349,L_Uttar Pradesh,located_in
A_CUST105349,M_MER100047,shops_at
A_CUST105352,C_CARD506970,uses_card
A_CUST105352,M_MER100415,shops_at
A_CUST105352,L_Kerala,located_in
A_CUST105352,M_MER100381,shops_at
A_CUST105352,C_CARD506968,uses_card
A_CUST105352,M_MER100047,shops_at
A_CUST105354,C_CARD506972,uses_card
A_CUST105354,M_MER100048,shops_at
A_CUST105354,L_Telangana,located_in
A_CUST105355,C_CARD506974,uses_card
A_CUST105355,M_MER100095,shops_at
A_CUST105355,L_Telangana,located_in
A_CUST105377,C_CARD507000,uses_card
A_CUST105377,M_MER100078,shops_at
A_CUST105377,L_Tamil Nadu,located_in
A_CUST105383,C_CARD507007,uses_card
A_CUST105383,M_MER100365,shops_at
A_CUST105383,L_Assam,located_in
A_CUST105383,M_MER100334,shops_at
A_CUST105383,M_MER100421,shops_at
A_CUST105388,C_CARD507012,uses_card
A_CUST105388,M_MER100352,shops_at
A_CUST105388,L_Bihar,located_in
A_CUST105388,M_MER100322,shops_at
A_CUST105391,C_CARD507015,uses_card
A_CUST105391,M_MER100138,shops_at
A_CUST105391,L_Rajasthan,located_in
A_CUST105392,C_CARD507017,uses_card
A_CUST105392,M_MER100462,shops_at
A_CUST105392,L_Kerala,located_in
A_CUST105402,C_CARD507029,uses_card
A_CUST105402,M_MER100354,shops_at
A_CUST105402,L_West Bengal,located_in
A_CUST105405,C_CARD507036,uses_card
A_CUST105405,M_MER100249,shops_at
A_CUST105405,L_Bihar,located_in
A_CUST105406,C_CARD507037,uses_card
A_CUST105406,M_MER100191,shops_at
A_CUST105406,L_Odisha,located_in
A_CUST105406,M_MER100467,shops_at
A_CUST105406,M_MER100067,shops_at
A_CUST105412,C_CARD507044,uses_card
A_CUST105412,M_MER100399,shops_at
A_CUST105412,L_Telangana,located_in
A_CUST105412,M_MER100286,shops_at
A_CUST105412,C_CARD507043,uses_card
A_CUST105412,M_MER100397,shops_at
A_CUST105412,M_MER100059,shops_at
A_CUST105414,C_CARD507047,uses_card
A_CUST105414,M_MER100500,shops_at
A_CUST105414,L_Karnataka,located_in
A_CUST105416,C_CARD507050,uses_card
A_CUST105416,M_MER100258,shops_at
A_CUST105416,L_Karnataka,located_in
A_CUST105416,C_CARD507049,uses_card
A_CUST105416,M_MER100380,shops_at
A_CUST105419,C_CARD507053,uses_card
A_CUST105419,M_MER100047,shops_at
A_CUST105419,L_Odisha,located_in
A_CUST105421,C_CARD507055,uses_card
A_CUST105421,M_MER100369,shops_at
A_CUST105421,L_Bihar,located_in
A_CUST105424,C_CARD507058,uses_card
A_CUST105424,M_MER100415,shops_at
A_CUST105424,L_Bihar,located_in
A_CUST105425,C_CARD507062,uses_card
A_CUST105425,M_MER100235,shops_at
A_CUST105425,L_Karnataka,located_in
A_CUST105425,M_MER100290,shops_at
A_CUST105425,M_MER100453,shops_at
A_CUST105425,M_MER100184,shops_at
A_CUST105425,M_MER100230,shops_at
A_CUST105430,C_CARD507067,uses_card
A_CUST105430,M_MER100065,shops_at
A_CUST105430,L_Maharashtra,located_in
A_CUST105434,C_CARD507073,uses_card
A_CUST105434,M_MER100140,shops_at
A_CUST105434,L_Uttar Pradesh,located_in
A_CUST105438,C_CARD507077,uses_card
A_CUST105438,M_MER100292,shops_at
A_CUST105438,L_Haryana,located_in
A_CUST105438,M_MER100470,shops_at
A_CUST105438,C_CARD507078,uses_card
A_CUST105438,M_MER100059,shops_at
A_CUST105441,C_CARD507082,uses_card
A_CUST105441,M_MER100141,shops_at
A_CUST105441,L_Telangana,located_in
A_CUST105443,C_CARD507084,uses_card
A_CUST105443,M_MER100146,shops_at
A_CUST105443,L_Kerala,located_in
A_CUST105443,C_CARD507086,uses_card
A_CUST105443,M_MER100455,shops_at
A_CUST105444,C_CARD507088,uses_card
A_CUST105444,M_MER100092,shops_at
A_CUST105444,L_Kerala,located_in
A_CUST105444,M_MER100475,shops_at
A_CUST105444,M_MER100114,shops_at
A_CUST105444,M_MER100476,shops_at
A_CUST105446,C_CARD507091,uses_card
A_CUST105446,M_MER100191,shops_at
A_CUST105446,L_Madhya Pradesh,located_in
A_CUST105447,C_CARD507092,uses_card
A_CUST105447,M_MER100326,shops_at
A_CUST105447,L_Gujarat,located_in
A_CUST105449,C_CARD507096,uses_card
A_CUST105449,M_MER100235,shops_at
A_CUST105449,L_Assam,located_in
A_CUST105449,M_MER100430,shops_at
A_CUST105451,C_CARD507098,uses_card
A_CUST105451,M_MER100022,shops_at
A_CUST105451,L_Karnataka,located_in
A_CUST105453,C_CARD507100,uses_card
A_CUST105453,M_MER100106,shops_at
A_CUST105453,L_Karnataka,located_in
A_CUST105455,C_CARD507103,uses_card
A_CUST105455,M_MER100313,shops_at
A_CUST105455,L_Odisha,located_in
A_CUST105456,C_CARD507104,uses_card
A_CUST105456,M_MER100141,shops_at
A_CUST105456,L_Karnataka,located_in
A_CUST105458,C_CARD507107,uses_card
A_CUST105458,M_MER100234,shops_at
A_CUST105458,L_Gujarat,located_in
A_CUST105458,M_MER100062,shops_at
A_CUST105458,M_MER100235,shops_at
A_CUST105461,C_CARD507111,uses_card
A_CUST105461,M_MER100322,shops_at
A_CUST105461,L_West Bengal,located_in
A_CUST105461,C_CARD507110,uses_card
A_CUST105461,M_MER100218,shops_at
A_CUST105462,C_CARD507114,uses_card
A_CUST105462,M_MER100069,shops_at
A_CUST105462,L_West Bengal,located_in
A_CUST105466,C_CARD507119,uses_card
A_CUST105466,M_MER100047,shops_at
A_CUST105466,L_Karnataka,located_in
A_CUST105466,M_MER100028,shops_at
A_CUST105467,C_CARD507122,uses_card
A_CUST105467,M_MER100447,shops_at
A_CUST105467,L_Kerala,located_in
A_CUST105469,C_CARD507125,uses_card
A_CUST105469,M_MER100251,shops_at
A_CUST105469,L_Odisha,located_in
A_CUST105469,M_MER100166,shops_at
A_CUST105470,C_CARD507126,uses_card
A_CUST105470,M_MER100152,shops_at
A_CUST105470,L_West Bengal,located_in
A_CUST105472,C_CARD507130,uses_card
A_CUST105472,M_MER100495,shops_at
A_CUST105472,L_Haryana,located_in
A_CUST105472,M_MER100195,shops_at
A_CUST105472,M_MER100478,shops_at
A_CUST105473,C_CARD507131,uses_card
A_CUST105473,M_MER100117,shops_at
A_CUST105473,L_Maharashtra,located_in
A_CUST105478,C_CARD507137,uses_card
A_CUST105478,M_MER100092,shops_at
A_CUST105478,L_Punjab,located_in
A_CUST105484,C_CARD507143,uses_card
A_CUST105484,M_MER100299,shops_at
A_CUST105484,L_Gujarat,located_in
A_CUST105485,C_CARD507144,uses_card
A_CUST105485,M_MER100047,shops_at
A_CUST105485,L_Tamil Nadu,located_in
A_CUST105486,C_CARD507145,uses_card
A_CUST105486,M_MER100081,shops_at
A_CUST105486,L_Odisha,located_in
A_CUST105487,C_CARD507146,uses_card
A_CUST105487,M_MER100331,shops_at
A_CUST105487,L_Rajasthan,located_in
A_CUST105487,M_MER100398,shops_at
A_CUST105489,C_CARD507148,uses_card
A_CUST105489,M_MER100200,shops_at
A_CUST105489,L_Rajasthan,located_in
A_CUST105489,M_MER100051,shops_at
A_CUST105491,C_CARD507152,uses_card
A_CUST105491,M_MER100266,shops_at
A_CUST105491,L_Haryana,located_in
A_CUST105494,C_CARD507155,uses_card
A_CUST105494,M_MER100014,shops_at
A_CUST105494,L_Assam,located_in
A_CUST105500,C_CARD507161,uses_card
A_CUST105500,M_MER100179,shops_at
A_CUST105500,L_Kerala,located_in
A_CUST105500,M_MER100216,shops_at
A_CUST105500,C_CARD507163,uses_card
A_CUST105500,M_MER100217,shops_at
A_CUST105500,M_MER100464,shops_at
A_CUST105517,C_CARD507183,uses_card
A_CUST105517,M_MER100223,shops_at
A_CUST105517,L_Telangana,located_in
A_CUST105517,C_CARD507184,uses_card
A_CUST105517,M_MER100369,shops_at
A_CUST105519,C_CARD507187,uses_card
A_CUST105519,M_MER100188,shops_at
A_CUST105519,L_Haryana,located_in
A_CUST105519,C_CARD507188,uses_card
A_CUST105519,M_MER100136,shops_at
A_CUST105522,C_CARD507191,uses_card
A_CUST105522,M_MER100424,shops_at
A_CUST105522,L_Rajasthan,located_in
A_CUST105528,C_CARD507199,uses_card
A_CUST105528,M_MER100357,shops_at
A_CUST105528,L_Bihar,located_in
A_CUST105529,C_CARD507200,uses_card
A_CUST105529,M_MER100171,shops_at
A_CUST105529,L_Odisha,located_in
A_CUST105537,C_CARD507209,uses_card
A_CUST105537,M_MER100037,shops_at
A_CUST105537,L_Uttar Pradesh,located_in
A_CUST105538,C_CARD507210,uses_card
A_CUST105538,M_MER100181,shops_at
A_CUST105538,L_Tamil Nadu,located_in
A_CUST105541,C_CARD507213,uses_card
A_CUST105541,M_MER100016,shops_at
A_CUST105541,L_Gujarat,located_in
A_CUST105545,C_CARD507218,uses_card
A_CUST105545,M_MER100252,shops_at
A_CUST105545,L_Madhya Pradesh,located_in
A_CUST105547,C_CARD507221,uses_card
A_CUST105547,M_MER100139,shops_at
A_CUST105547,L_Odisha,located_in
A_CUST105547,M_MER100266,shops_at
A_CUST105555,C_CARD507230,uses_card
A_CUST105555,M_MER100040,shops_at
A_CUST105555,L_Telangana,located_in
A_CUST105561,C_CARD507236,uses_card
A_CUST105561,M_MER100495,shops_at
A_CUST105561,L_Punjab,located_in
A_CUST105564,C_CARD507239,uses_card
A_CUST105564,M_MER100254,shops_at
A_CUST105564,L_Madhya Pradesh,located_in
A_CUST105571,C_CARD507248,uses_card
A_CUST105571,M_MER100454,shops_at
A_CUST105571,L_Karnataka,located_in
A_CUST105571,M_MER100443,shops_at
A_CUST105573,C_CARD507250,uses_card
A_CUST105573,M_MER100190,shops_at
A_CUST105573,L_Uttar Pradesh,located_in
A_CUST105573,C_CARD507251,uses_card
A_CUST105573,M_MER100382,shops_at
A_CUST105578,C_CARD507256,uses_card
A_CUST105578,M_MER100149,shops_at
A_CUST105578,L_Punjab,located_in
A_CUST105578,M_MER100303,shops_at
A_CUST105579,C_CARD507258,uses_card
A_CUST105579,M_MER100131,shops_at
A_CUST105579,L_Tamil Nadu,located_in
A_CUST105579,M_MER100434,shops_at
A_CUST105579,M_MER100446,shops_at
A_CUST105583,C_CARD507263,uses_card
A_CUST105583,M_MER100313,shops_at
A_CUST105583,L_Rajasthan,located_in
A_CUST105585,C_CARD507266,uses_card
A_CUST105585,M_MER100345,shops_at
A_CUST105585,L_Bihar,located_in
A_CUST105585,M_MER100346,shops_at
A_CUST105585,M_MER100307,shops_at
A_CUST105594,C_CARD507276,uses_card
A_CUST105594,M_MER100333,shops_at
A_CUST105594,L_Assam,located_in
A_CUST105595,C_CARD507277,uses_card
A_CUST105595,M_MER100322,shops_at
A_CUST105595,L_Bihar,located_in
A_CUST105596,C_CARD507278,uses_card
A_CUST105596,M_MER100411,shops_at
A_CUST105596,L_Bihar,located_in
A_CUST105600,C_CARD507285,uses_card
A_CUST105600,M_MER100302,shops_at
A_CUST105600,L_Madhya Pradesh,located_in
A_CUST105606,C_CARD507291,uses_card
A_CUST105606,M_MER100254,shops_at
A_CUST105606,L_Madhya Pradesh,located_in
A_CUST105611,C_CARD507297,uses_card
A_CUST105611,M_MER100451,shops_at
A_CUST105611,L_Madhya Pradesh,located_in
A_CUST105612,C_CARD507299,uses_card
A_CUST105612,M_MER100332,shops_at
A_CUST105612,L_Punjab,located_in
A_CUST105613,C_CARD507302,uses_card
A_CUST105613,M_MER100184,shops_at
A_CUST105613,L_Gujarat,located_in
A_CUST105613,M_MER100214,shops_at
A_CUST105616,C_CARD507305,uses_card
A_CUST105616,M_MER100331,shops_at
A_CUST105616,L_Odisha,located_in
A_CUST105626,C_CARD507315,uses_card
A_CUST105626,M_MER100146,shops_at
A_CUST105626,L_Assam,located_in
A_CUST105629,C_CARD507321,uses_card
A_CUST105629,M_MER100062,shops_at
A_CUST105629,L_Karnataka,located_in
A_CUST105636,C_CARD507332,uses_card
A_CUST105636,M_MER100262,shops_at
A_CUST105636,L_Tamil Nadu,located_in
A_CUST105636,M_MER100332,shops_at
A_CUST105637,C_CARD507333,uses_card
A_CUST105637,M_MER100328,shops_at
A_CUST105637,L_Odisha,located_in
A_CUST105640,C_CARD507336,uses_card
A_CUST105640,M_MER100179,shops_at
A_CUST105640,L_Rajasthan,located_in
A_CUST105645,C_CARD507343,uses_card
A_CUST105645,M_MER100498,shops_at
A_CUST105645,L_Odisha,located_in
A_CUST105652,C_CARD507352,uses_card
A_CUST105652,M_MER100416,shops_at
A_CUST105652,L_Gujarat,located_in
A_CUST105668,C_CARD507374,uses_card
A_CUST105668,M_MER100021,shops_at
A_CUST105668,L_Rajasthan,located_in
A_CUST105685,C_CARD507394,uses_card
A_CUST105685,M_MER100088,shops_at
A_CUST105685,L_Rajasthan,located_in
A_CUST105685,C_CARD507395,uses_card
A_CUST105685,M_MER100058,shops_at
A_CUST105685,M_MER100135,shops_at
A_CUST105685,M_MER100039,shops_at
A_CUST105685,M_MER100229,shops_at
A_CUST105686,C_CARD507397,uses_card
A_CUST105686,M_MER100444,shops_at
A_CUST105686,L_Assam,located_in
A_CUST105688,C_CARD507399,uses_card
A_CUST105688,M_MER100092,shops_at
A_CUST105688,L_Uttar Pradesh,located_in
A_CUST105692,C_CARD507405,uses_card
A_CUST105692,M_MER100004,shops_at
A_CUST105692,L_Karnataka,located_in
A_CUST105693,C_CARD507407,uses_card
A_CUST105693,M_MER100105,shops_at
A_CUST105693,L_Madhya Pradesh,located_in
A_CUST105695,C_CARD507410,uses_card
A_CUST105695,M_MER100235,shops_at
A_CUST105695,L_Karnataka,located_in
A_CUST105696,C_CARD507411,uses_card
A_CUST105696,M_MER100449,shops_at
A_CUST105696,L_Punjab,located_in
A_CUST105696,M_MER100448,shops_at
A_CUST105696,M_MER100305,shops_at
A_CUST105696,M_MER100294,shops_at
A_CUST105698,C_CARD507414,uses_card
A_CUST105698,M_MER100104,shops_at
A_CUST105698,L_Rajasthan,located_in
A_CUST105702,C_CARD507419,uses_card
A_CUST105702,M_MER100069,shops_at
A_CUST105702,L_Maharashtra,located_in
A_CUST105704,C_CARD507422,uses_card
A_CUST105704,M_MER100183,shops_at
A_CUST105704,L_Tamil Nadu,located_in
A_CUST105704,C_CARD507421,uses_card
A_CUST105704,M_MER100129,shops_at
A_CUST105705,C_CARD507423,uses_card
A_CUST105705,M_MER100014,shops_at
A_CUST105705,L_Tamil Nadu,located_in
A_CUST105710,C_CARD507428,uses_card
A_CUST105710,M_MER100037,shops_at
A_CUST105710,L_Haryana,located_in
A_CUST105710,C_CARD507429,uses_card
A_CUST105710,M_MER100141,shops_at
A_CUST105711,C_CARD507430,uses_card
A_CUST105711,M_MER100192,shops_at
A_CUST105711,L_Gujarat,located_in
A_CUST105711,M_MER100295,shops_at
A_CUST105712,C_CARD507432,uses_card
A_CUST105712,M_MER100037,shops_at
A_CUST105712,L_Telangana,located_in
A_CUST105715,C_CARD507435,uses_card
A_CUST105715,M_MER100412,shops_at
A_CUST105715,L_Assam,located_in
A_CUST105715,M_MER100483,shops_at
A_CUST105716,C_CARD507437,uses_card
A_CUST105716,M_MER100016,shops_at
A_CUST105716,L_Uttar Pradesh,located_in
A_CUST105720,C_CARD507441,uses_card
A_CUST105720,M_MER100196,shops_at
A_CUST105720,L_Punjab,located_in
A_CUST105721,C_CARD507443,uses_card
A_CUST105721,M_MER100094,shops_at
A_CUST105721,L_Telangana,located_in
A_CUST105721,M_MER100500,shops_at
A_CUST105723,C_CARD507445,uses_card
A_CUST105723,M_MER100040,shops_at
A_CUST105723,L_Kerala,located_in
A_CUST105724,C_CARD507446,uses_card
A_CUST105724,M_MER100226,shops_at
A_CUST105724,L_Tamil Nadu,located_in
A_CUST105727,C_CARD507451,uses_card
A_CUST105727,M_MER100175,shops_at
A_CUST105727,L_Odisha,located_in
A_CUST105727,M_MER100449,shops_at
A_CUST105728,C_CARD507453,uses_card
A_CUST105728,M_MER100228,shops_at
A_CUST105728,L_Uttar Pradesh,located_in
A_CUST105728,M_MER100046,shops_at
A_CUST105729,C_CARD507454,uses_card
A_CUST105729,M_MER100042,shops_at
A_CUST105729,L_Rajasthan,located_in
A_CUST105734,C_CARD507460,uses_card
A_CUST105734,M_MER100121,shops_at
A_CUST105734,L_Madhya Pradesh,located_in
A_CUST105740,C_CARD507467,uses_card
A_CUST105740,M_MER100185,shops_at
A_CUST105740,L_Bihar,located_in
A_CUST105743,C_CARD507470,uses_card
A_CUST105743,M_MER100102,shops_at
A_CUST105743,L_Gujarat,located_in
A_CUST105743,M_MER100094,shops_at
A_CUST105743,M_MER100080,shops_at
A_CUST105745,C_CARD507472,uses_card
A_CUST105745,M_MER100166,shops_at
A_CUST105745,L_Kerala,located_in
A_CUST105749,C_CARD507477,uses_card
A_CUST105749,M_MER100404,shops_at
A_CUST105749,L_Telangana,located_in
A_CUST105749,M_MER100203,shops_at
A_CUST105752,C_CARD507483,uses_card
A_CUST105752,M_MER100062,shops_at
A_CUST105752,L_Bihar,located_in
A_CUST105754,C_CARD507486,uses_card
A_CUST105754,M_MER100331,shops_at
A_CUST105754,L_Tamil Nadu,located_in
A_CUST105754,M_MER100430,shops_at
A_CUST105757,C_CARD507489,uses_card
A_CUST105757,M_MER100430,shops_at
A_CUST105757,L_Karnataka,located_in
A_CUST105759,C_CARD507494,uses_card
A_CUST105759,M_MER100037,shops_at
A_CUST105759,L_Tamil Nadu,located_in
A_CUST105761,C_CARD507496,uses_card
A_CUST105761,M_MER100365,shops_at
A_CUST105761,L_Bihar,located_in
A_CUST105763,C_CARD507499,uses_card
A_CUST105763,M_MER100018,shops_at
A_CUST105763,L_Telangana,located_in
A_CUST105764,C_CARD507500,uses_card
A_CUST105764,M_MER100116,shops_at
A_CUST105764,L_Kerala,located_in
A_CUST105775,C_CARD507516,uses_card
A_CUST105775,M_MER100459,shops_at
A_CUST105775,L_Odisha,located_in
A_CUST105775,M_MER100462,shops_at
A_CUST105777,C_CARD507518,uses_card
A_CUST105777,M_MER100047,shops_at
A_CUST105777,L_West Bengal,located_in
A_CUST105780,C_CARD507523,uses_card
A_CUST105780,M_MER100249,shops_at
A_CUST105780,L_Bihar,located_in
A_CUST105781,C_CARD507525,uses_card
A_CUST105781,M_MER100359,shops_at
A_CUST105781,L_Rajasthan,located_in
A_CUST105781,C_CARD507526,uses_card
A_CUST105781,M_MER100235,shops_at
A_CUST105781,M_MER100226,shops_at
A_CUST105797,C_CARD507543,uses_card
A_CUST105797,M_MER100204,shops_at
A_CUST105797,L_Telangana,located_in
A_CUST105797,M_MER100378,shops_at
A_CUST105799,C_CARD507545,uses_card
A_CUST105799,M_MER100182,shops_at
A_CUST105799,L_Uttar Pradesh,located_in
A_CUST105799,C_CARD507546,uses_card
A_CUST105799,M_MER100428,shops_at
A_CUST105801,C_CARD507550,uses_card
A_CUST105801,M_MER100267,shops_at
A_CUST105801,L_Assam,located_in
A_CUST105801,M_MER100331,shops_at
A_CUST105801,M_MER100041,shops_at
A_CUST105801,M_MER100279,shops_at
A_CUST105801,M_MER100242,shops_at
A_CUST105801,M_MER100419,shops_at
A_CUST105801,M_MER100333,shops_at
A_CUST105808,C_CARD507558,uses_card
A_CUST105808,M_MER100348,shops_at
A_CUST105808,L_Tamil Nadu,located_in
A_CUST105815,C_CARD507569,uses_card
A_CUST105815,M_MER100080,shops_at
A_CUST105815,L_Gujarat,located_in
A_CUST105815,M_MER100405,shops_at
A_CUST105816,C_CARD507570,uses_card
A_CUST105816,M_MER100293,shops_at
A_CUST105816,L_Kerala,located_in
A_CUST105816,M_MER100431,shops_at
A_CUST105822,C_CARD507579,uses_card
A_CUST105822,M_MER100490,shops_at
A_CUST105822,L_Kerala,located_in
A_CUST105823,C_CARD507581,uses_card
A_CUST105823,M_MER100454,shops_at
A_CUST105823,L_Uttar Pradesh,located_in
A_CUST105823,C_CARD507580,uses_card
A_CUST105823,M_MER100359,shops_at
A_CUST105824,C_CARD507582,uses_card
A_CUST105824,M_MER100047,shops_at
A_CUST105824,L_Punjab,located_in
A_CUST105825,C_CARD507584,uses_card
A_CUST105825,M_MER100302,shops_at
A_CUST105825,L_Odisha,located_in
A_CUST105834,C_CARD507596,uses_card
A_CUST105834,M_MER100470,shops_at
A_CUST105834,L_Madhya Pradesh,located_in
A_CUST105837,C_CARD507601,uses_card
A_CUST105837,M_MER100294,shops_at
A_CUST105837,L_Gujarat,located_in
A_CUST105841,C_CARD507606,uses_card
A_CUST105841,M_MER100175,shops_at
A_CUST105841,L_Odisha,located_in
A_CUST105844,C_CARD507609,uses_card
A_CUST105844,M_MER100126,shops_at
A_CUST105844,L_Kerala,located_in
A_CUST105848,C_CARD507615,uses_card
A_CUST105848,M_MER100305,shops_at
A_CUST105848,L_Uttar Pradesh,located_in
A_CUST105861,C_CARD507629,uses_card
A_CUST105861,M_MER100062,shops_at
A_CUST105861,L_Karnataka,located_in
A_CUST105873,C_CARD507641,uses_card
A_CUST105873,M_MER100229,shops_at
A_CUST105873,L_Punjab,located_in
A_CUST105881,C_CARD507652,uses_card
A_CUST105881,M_MER100133,shops_at
A_CUST105881,L_Punjab,located_in
A_CUST105887,C_CARD507660,uses_card
A_CUST105887,M_MER100360,shops_at
A_CUST105887,L_Kerala,located_in
A_CUST105889,C_CARD507662,uses_card
A_CUST105889,M_MER100499,shops_at
A_CUST105889,L_Assam,located_in
A_CUST105890,C_CARD507666,uses_card
A_CUST105890,M_MER100411,shops_at
A_CUST105890,L_Madhya Pradesh,located_in
A_CUST105896,C_CARD507673,uses_card
A_CUST105896,M_MER100437,shops_at
A_CUST105896,L_Kerala,located_in
A_CUST105899,C_CARD507677,uses_card
A_CUST105899,M_MER100141,shops_at
A_CUST105899,L_Uttar Pradesh,located_in
A_CUST105901,C_CARD507680,uses_card
A_CUST105901,M_MER100155,shops_at
A_CUST105901,L_Bihar,located_in
A_CUST105901,M_MER100301,shops_at
A_CUST105901,M_MER100179,shops_at
A_CUST105906,C_CARD507687,uses_card
A_CUST105906,M_MER100348,shops_at
A_CUST105906,L_Karnataka,located_in
A_CUST105906,M_MER100069,shops_at
A_CUST105910,C_CARD507691,uses_card
A_CUST105910,M_MER100040,shops_at
A_CUST105910,L_Rajasthan,located_in
A_CUST105910,M_MER100213,shops_at
A_CUST105910,M_MER100426,shops_at
A_CUST105911,C_CARD507693,uses_card
A_CUST105911,M_MER100305,shops_at
A_CUST105911,L_West Bengal,located_in
A_CUST105914,C_CARD507697,uses_card
A_CUST105914,M_MER100358,shops_at
A_CUST105914,L_Uttar Pradesh,located_in
A_CUST105916,C_CARD507700,uses_card
A_CUST105916,M_MER100326,shops_at
A_CUST105916,L_Assam,located_in
A_CUST105916,M_MER100131,shops_at
A_CUST105922,C_CARD507707,uses_card
A_CUST105922,M_MER100269,shops_at
A_CUST105922,L_Gujarat,located_in
A_CUST105922,M_MER100422,shops_at
A_CUST105925,C_CARD507710,uses_card
A_CUST105925,M_MER100166,shops_at
A_CUST105925,L_West Bengal,located_in
A_CUST105927,C_CARD507713,uses_card
A_CUST105927,M_MER100358,shops_at
A_CUST105927,L_Assam,located_in
A_CUST105927,M_MER100205,shops_at
A_CUST105928,C_CARD507714,uses_card
A_CUST105928,M_MER100226,shops_at
A_CUST105928,L_Odisha,located_in
A_CUST105928,C_CARD507716,uses_card
A_CUST105928,M_MER100496,shops_at
A_CUST105934,C_CARD507723,uses_card
A_CUST105934,M_MER100015,shops_at
A_CUST105934,L_Bihar,located_in
A_CUST105934,M_MER100158,shops_at
A_CUST105940,C_CARD507731,uses_card
A_CUST105940,M_MER100365,shops_at
A_CUST105940,L_Assam,located_in
A_CUST105941,C_CARD507732,uses_card
A_CUST105941,M_MER100403,shops_at
A_CUST105941,L_Tamil Nadu,located_in
A_CUST105949,C_CARD507743,uses_card
A_CUST105949,M_MER100251,shops_at
A_CUST105949,L_West Bengal,located_in
A_CUST105952,C_CARD507746,uses_card
A_CUST105952,M_MER100138,shops_at
A_CUST105952,L_Uttar Pradesh,located_in
A_CUST105957,C_CARD507752,uses_card
A_CUST105957,M_MER100357,shops_at
A_CUST105957,L_Kerala,located_in
A_CUST105958,C_CARD507753,uses_card
A_CUST105958,M_MER100404,shops_at
A_CUST105958,L_Madhya Pradesh,located_in
A_CUST105965,C_CARD507763,uses_card
A_CUST105965,M_MER100238,shops_at
A_CUST105965,L_Gujarat,located_in
A_CUST105967,C_CARD507765,uses_card
A_CUST105967,M_MER100267,shops_at
A_CUST105967,L_Madhya Pradesh,located_in
A_CUST105974,C_CARD507776,uses_card
A_CUST105974,M_MER100249,shops_at
A_CUST105974,L_Assam,located_in
A_CUST105982,C_CARD507786,uses_card
A_CUST105982,M_MER100424,shops_at
A_CUST105982,L_Rajasthan,located_in
A_CUST105984,C_CARD507788,uses_card
A_CUST105984,M_MER100347,shops_at
A_CUST105984,L_Gujarat,located_in
A_CUST105985,C_CARD507789,uses_card
A_CUST105985,M_MER100352,shops_at
A_CUST105985,L_Telangana,located_in
A_CUST105986,C_CARD507791,uses_card
A_CUST105986,M_MER100132,shops_at
A_CUST105986,L_Karnataka,located_in
A_CUST105986,C_CARD507790,uses_card
A_CUST105986,M_MER100099,shops_at
A_CUST105986,M_MER100016,shops_at
A_CUST105987,C_CARD507792,uses_card
A_CUST105987,M_MER100424,shops_at
A_CUST105987,L_Telangana,located_in
A_CUST105992,C_CARD507798,uses_card
A_CUST105992,M_MER100120,shops_at
A_CUST105992,L_Tamil Nadu,located_in
A_CUST105992,C_CARD507797,uses_card
A_CUST105992,M_MER100111,shops_at
A_CUST105993,C_CARD507799,uses_card
A_CUST105993,M_MER100103,shops_at
A_CUST105993,L_Karnataka,located_in
A_CUST105996,C_CARD507803,uses_card
A_CUST105996,M_MER100211,shops_at
A_CUST105996,L_Telangana,located_in
A_CUST105996,C_CARD507802,uses_card
A_CUST105996,M_MER100495,shops_at
A_CUST105996,M_MER100176,shops_at
A_CUST106000,C_CARD507808,uses_card
A_CUST106000,M_MER100359,shops_at
A_CUST106000,L_Madhya Pradesh,located_in
A_CUST106001,C_CARD507811,uses_card
A_CUST106001,M_MER100271,shops_at
A_CUST106001,L_Maharashtra,located_in
A_CUST106001,C_CARD507810,uses_card
A_CUST106001,M_MER100319,shops_at
A_CUST106001,M_MER100317,shops_at
A_CUST106001,M_MER100152,shops_at
A_CUST106001,M_MER100179,shops_at
A_CUST106001,M_MER100346,shops_at
A_CUST106003,C_CARD507815,uses_card
A_CUST106003,M_MER100382,shops_at
A_CUST106003,L_West Bengal,located_in
A_CUST106003,M_MER100326,shops_at
A_CUST106004,C_CARD507816,uses_card
A_CUST106004,M_MER100457,shops_at
A_CUST106004,L_Odisha,located_in
A_CUST106014,C_CARD507828,uses_card
A_CUST106014,M_MER100047,shops_at
A_CUST106014,L_Uttar Pradesh,located_in
A_CUST106017,C_CARD507831,uses_card
A_CUST106017,M_MER100302,shops_at
A_CUST106017,L_Punjab,located_in
A_CUST106017,M_MER100162,shops_at
A_CUST106017,M_MER100335,shops_at
A_CUST106026,C_CARD507845,uses_card
A_CUST106026,M_MER100185,shops_at
A_CUST106026,L_West Bengal,located_in
A_CUST106039,C_CARD507860,uses_card
A_CUST106039,M_MER100005,shops_at
A_CUST106039,L_Assam,located_in
A_CUST106039,C_CARD507859,uses_card
A_CUST106039,M_MER100303,shops_at
A_CUST106039,M_MER100226,shops_at
A_CUST106040,C_CARD507862,uses_card
A_CUST106040,M_MER100444,shops_at
A_CUST106040,L_Maharashtra,located_in
A_CUST106040,M_MER100010,shops_at
A_CUST106040,M_MER100389,shops_at
A_CUST106040,M_MER100074,shops_at
A_CUST106049,C_CARD507872,uses_card
A_CUST106049,M_MER100115,shops_at
A_CUST106049,L_Assam,located_in
A_CUST106050,C_CARD507873,uses_card
A_CUST106050,M_MER100120,shops_at
A_CUST106050,L_Maharashtra,located_in
A_CUST106056,C_CARD507880,uses_card
A_CUST106056,M_MER100077,shops_at
A_CUST106056,L_Kerala,located_in
A_CUST106056,M_MER100210,shops_at
A_CUST106056,M_MER100397,shops_at
A_CUST106060,C_CARD507885,uses_card
A_CUST106060,M_MER100059,shops_at
A_CUST106060,L_West Bengal,located_in
A_CUST106061,C_CARD507887,uses_card
A_CUST106061,M_MER100022,shops_at
A_CUST106061,L_Kerala,located_in
A_CUST106061,M_MER100387,shops_at
A_CUST106061,M_MER100029,shops_at
A_CUST106068,C_CARD507894,uses_card
A_CUST106068,M_MER100083,shops_at
A_CUST106068,L_Kerala,located_in
A_CUST106069,C_CARD507895,uses_card
A_CUST106069,M_MER100152,shops_at
A_CUST106069,L_Assam,located_in
A_CUST106070,C_CARD507898,uses_card
A_CUST106070,M_MER100499,shops_at
A_CUST106070,L_Rajasthan,located_in
A_CUST106070,M_MER100022,shops_at
A_CUST106070,C_CARD507897,uses_card
A_CUST106070,M_MER100397,shops_at
A_CUST106070,M_MER100218,shops_at
A_CUST106070,C_CARD507896,uses_card
A_CUST106070,M_MER100048,shops_at
A_CUST106071,C_CARD507899,uses_card
A_CUST106071,M_MER100142,shops_at
A_CUST106071,L_Odisha,located_in
A_CUST106071,M_MER100097,shops_at
A_CUST106071,M_MER100369,shops_at
A_CUST106072,C_CARD507900,uses_card
A_CUST106072,M_MER100313,shops_at
A_CUST106072,L_Uttar Pradesh,located_in
A_CUST106076,C_CARD507904,uses_card
A_CUST106076,M_MER100332,shops_at
A_CUST106076,L_Kerala,located_in
A_CUST106077,C_CARD507906,uses_card
A_CUST106077,M_MER100228,shops_at
A_CUST106077,L_West Bengal,located_in
A_CUST106077,C_CARD507905,uses_card
A_CUST106077,M_MER100211,shops_at
A_CUST106077,M_MER100188,shops_at
A_CUST106077,M_MER100185,shops_at
A_CUST106084,C_CARD507914,uses_card
A_CUST106084,M_MER100040,shops_at
A_CUST106084,L_Haryana,located_in
A_CUST106088,C_CARD507919,uses_card
A_CUST106088,M_MER100474,shops_at
A_CUST106088,L_Madhya Pradesh,located_in
A_CUST106088,M_MER100218,shops_at
A_CUST106088,M_MER100373,shops_at
A_CUST106090,C_CARD507922,uses_card
A_CUST106090,M_MER100448,shops_at
A_CUST106090,L_Uttar Pradesh,located_in
A_CUST106091,C_CARD507923,uses_card
A_CUST106091,M_MER100485,shops_at
A_CUST106091,L_Odisha,located_in
A_CUST106091,M_MER100492,shops_at
A_CUST106091,M_MER100395,shops_at
A_CUST106096,C_CARD507929,uses_card
A_CUST106096,M_MER100291,shops_at
A_CUST106096,L_Karnataka,located_in
A_CUST106097,C_CARD507930,uses_card
A_CUST106097,M_MER100059,shops_at
A_CUST106097,L_Tamil Nadu,located_in
A_CUST106102,C_CARD507937,uses_card
A_CUST106102,M_MER100092,shops_at
A_CUST106102,L_Haryana,located_in
A_CUST106105,C_CARD507941,uses_card
A_CUST106105,M_MER100428,shops_at
A_CUST106105,L_Uttar Pradesh,located_in
A_CUST106106,C_CARD507944,uses_card
A_CUST106106,M_MER100340,shops_at
A_CUST106106,L_Tamil Nadu,located_in
A_CUST106106,M_MER100058,shops_at
A_CUST106108,C_CARD507947,uses_card
A_CUST106108,M_MER100458,shops_at
A_CUST106108,L_Punjab,located_in
A_CUST106108,C_CARD507946,uses_card
A_CUST106108,M_MER100115,shops_at
A_CUST106110,C_CARD507951,uses_card
A_CUST106110,M_MER100380,shops_at
A_CUST106110,L_Bihar,located_in
A_CUST106112,C_CARD507953,uses_card
A_CUST106112,M_MER100212,shops_at
A_CUST106112,L_Gujarat,located_in
A_CUST106112,M_MER100493,shops_at
A_CUST106112,C_CARD507954,uses_card
A_CUST106112,M_MER100251,shops_at
A_CUST106118,C_CARD507960,uses_card
A_CUST106118,M_MER100448,shops_at
A_CUST106118,L_Madhya Pradesh,located_in
A_CUST106121,C_CARD507965,uses_card
A_CUST106121,M_MER100141,shops_at
A_CUST106121,L_Karnataka,located_in
A_CUST106124,C_CARD507970,uses_card
A_CUST106124,M_MER100057,shops_at
A_CUST106124,L_Telangana,located_in
A_CUST106125,C_CARD507971,uses_card
A_CUST106125,M_MER100229,shops_at
A_CUST106125,L_Haryana,located_in
A_CUST106126,C_CARD507972,uses_card
A_CUST106126,M_MER100124,shops_at
A_CUST106126,L_Assam,located_in
A_CUST106133,C_CARD507979,uses_card
A_CUST106133,M_MER100022,shops_at
A_CUST106133,L_Uttar Pradesh,located_in
A_CUST106133,M_MER100410,shops_at
A_CUST106146,C_CARD507996,uses_card
A_CUST106146,M_MER100436,shops_at
A_CUST106146,L_Kerala,located_in
A_CUST106147,C_CARD507997,uses_card
A_CUST106147,M_MER100094,shops_at
A_CUST106147,L_Madhya Pradesh,located_in
A_CUST106151,C_CARD508001,uses_card
A_CUST106151,M_MER100369,shops_at
A_CUST106151,L_Tamil Nadu,located_in
A_CUST106156,C_CARD508006,uses_card
A_CUST106156,M_MER100102,shops_at
A_CUST106156,L_Bihar,located_in
A_CUST106156,M_MER100280,shops_at
A_CUST106157,C_CARD508007,uses_card
A_CUST106157,M_MER100062,shops_at
A_CUST106157,L_Rajasthan,located_in
A_CUST106159,C_CARD508010,uses_card
A_CUST106159,M_MER100451,shops_at
A_CUST106159,L_Karnataka,located_in
A_CUST106159,C_CARD508009,uses_card
A_CUST106159,M_MER100397,shops_at
A_CUST106164,C_CARD508017,uses_card
A_CUST106164,M_MER100014,shops_at
A_CUST106164,L_Karnataka,located_in
A_CUST106168,C_CARD508021,uses_card
A_CUST106168,M_MER100429,shops_at
A_CUST106168,L_West Bengal,located_in
A_CUST106199,C_CARD508056,uses_card
A_CUST106199,M_MER100105,shops_at
A_CUST106199,L_West Bengal,located_in
A_CUST106201,C_CARD508058,uses_card
A_CUST106201,M_MER100006,shops_at
A_CUST106201,L_Maharashtra,located_in
A_CUST106204,C_CARD508062,uses_card
A_CUST106204,M_MER100090,shops_at
A_CUST106204,L_Telangana,located_in
A_CUST106204,C_CARD508063,uses_card
A_CUST106204,M_MER100069,shops_at
A_CUST106204,M_MER100397,shops_at
A_CUST106209,C_CARD508070,uses_card
A_CUST106209,M_MER100394,shops_at
A_CUST106209,L_Punjab,located_in
A_CUST106210,C_CARD508071,uses_card
A_CUST106210,M_MER100180,shops_at
A_CUST106210,L_Assam,located_in
A_CUST106210,M_MER100454,shops_at
A_CUST106212,C_CARD508073,uses_card
A_CUST106212,M_MER100131,shops_at
A_CUST106212,L_Telangana,located_in
A_CUST106212,M_MER100351,shops_at
A_CUST106216,C_CARD508079,uses_card
A_CUST106216,M_MER100333,shops_at
A_CUST106216,L_Odisha,located_in
A_CUST106217,C_CARD508082,uses_card
A_CUST106217,M_MER100312,shops_at
A_CUST106217,L_Haryana,located_in
A_CUST106221,C_CARD508088,uses_card
A_CUST106221,M_MER100072,shops_at
A_CUST106221,L_Uttar Pradesh,located_in
A_CUST106222,C_CARD508089,uses_card
A_CUST106222,M_MER100179,shops_at
A_CUST106222,L_Assam,located_in
A_CUST106223,C_CARD508090,uses_card
A_CUST106223,M_MER100444,shops_at
A_CUST106223,L_Maharashtra,located_in
A_CUST106226,C_CARD508093,uses_card
A_CUST106226,M_MER100259,shops_at
A_CUST106226,L_Karnataka,located_in
A_CUST106230,C_CARD508099,uses_card
A_CUST106230,M_MER100062,shops_at
A_CUST106230,L_Rajasthan,located_in
A_CUST106236,C_CARD508105,uses_card
A_CUST106236,M_MER100388,shops_at
A_CUST106236,L_Gujarat,located_in
A_CUST106243,C_CARD508112,uses_card
A_CUST106243,M_MER100038,shops_at
A_CUST106243,L_Haryana,located_in
A_CUST106244,C_CARD508114,uses_card
A_CUST106244,M_MER100132,shops_at
A_CUST106244,L_Maharashtra,located_in
A_CUST106245,C_CARD508116,uses_card
A_CUST106245,M_MER100188,shops_at
A_CUST106245,L_Karnataka,located_in
A_CUST106248,C_CARD508119,uses_card
A_CUST106248,M_MER100461,shops_at
A_CUST106248,L_Tamil Nadu,located_in
A_CUST106248,M_MER100304,shops_at
A_CUST106250,C_CARD508122,uses_card
A_CUST106250,M_MER100491,shops_at
A_CUST106250,L_Tamil Nadu,located_in
A_CUST106254,C_CARD508127,uses_card
A_CUST106254,M_MER100226,shops_at
A_CUST106254,L_Punjab,located_in
A_CUST106254,C_CARD508126,uses_card
A_CUST106254,M_MER100379,shops_at
A_CUST106254,M_MER100022,shops_at
A_CUST106256,C_CARD508129,uses_card
A_CUST106256,M_MER100497,shops_at
A_CUST106256,L_Telangana,located_in
A_CUST106261,C_CARD508134,uses_card
A_CUST106261,M_MER100138,shops_at
A_CUST106261,L_Gujarat,located_in
A_CUST106261,M_MER100404,shops_at
A_CUST106263,C_CARD508137,uses_card
A_CUST106263,M_MER100380,shops_at
A_CUST106263,L_Telangana,located_in
A_CUST106273,C_CARD508150,uses_card
A_CUST106273,M_MER100320,shops_at
A_CUST106273,L_Punjab,located_in
A_CUST106277,C_CARD508154,uses_card
A_CUST106277,M_MER100342,shops_at
A_CUST106277,L_Gujarat,located_in
A_CUST106277,M_MER100276,shops_at
A_CUST106280,C_CARD508158,uses_card
A_CUST106280,M_MER100288,shops_at
A_CUST106280,L_West Bengal,located_in
A_CUST106280,C_CARD508159,uses_card
A_CUST106280,M_MER100280,shops_at
A_CUST106280,M_MER100073,shops_at
A_CUST106282,C_CARD508162,uses_card
A_CUST106282,M_MER100179,shops_at
A_CUST106282,L_Rajasthan,located_in
A_CUST106284,C_CARD508165,uses_card
A_CUST106284,M_MER100044,shops_at
A_CUST106284,L_Kerala,located_in
A_CUST106284,M_MER100135,shops_at
A_CUST106300,C_CARD508186,uses_card
A_CUST106300,M_MER100127,shops_at
A_CUST106300,L_Telangana,located_in
A_CUST106305,C_CARD508191,uses_card
A_CUST106305,M_MER100496,shops_at
A_CUST106305,L_Uttar Pradesh,located_in
A_CUST106308,C_CARD508194,uses_card
A_CUST106308,M_MER100410,shops_at
A_CUST106308,L_Maharashtra,located_in
A_CUST106308,C_CARD508195,uses_card
A_CUST106308,M_MER100159,shops_at
A_CUST106308,M_MER100351,shops_at
A_CUST106308,M_MER100087,shops_at
A_CUST106312,C_CARD508199,uses_card
A_CUST106312,M_MER100318,shops_at
A_CUST106312,L_Madhya Pradesh,located_in
A_CUST106312,M_MER100275,shops_at
A_CUST106315,C_CARD508204,uses_card
A_CUST106315,M_MER100348,shops_at
A_CUST106315,L_West Bengal,located_in
A_CUST106317,C_CARD508208,uses_card
A_CUST106317,M_MER100500,shops_at
A_CUST106317,L_Assam,located_in
A_CUST106319,C_CARD508212,uses_card
A_CUST106319,M_MER100087,shops_at
A_CUST106319,L_Gujarat,located_in
A_CUST106324,C_CARD508220,uses_card
A_CUST106324,M_MER100141,shops_at
A_CUST106324,L_Karnataka,located_in
A_CUST106325,C_CARD508222,uses_card
A_CUST106325,M_MER100043,shops_at
A_CUST106325,L_Bihar,located_in
A_CUST106325,M_MER100053,shops_at
A_CUST106325,M_MER100076,shops_at
A_CUST106326,C_CARD508223,uses_card
A_CUST106326,M_MER100351,shops_at
A_CUST106326,L_Haryana,located_in
A_CUST106326,M_MER100492,shops_at
A_CUST106329,C_CARD508227,uses_card
A_CUST106329,M_MER100050,shops_at
A_CUST106329,L_Gujarat,located_in
A_CUST106335,C_CARD508235,uses_card
A_CUST106335,M_MER100500,shops_at
A_CUST106335,L_Karnataka,located_in
A_CUST106342,C_CARD508244,uses_card
A_CUST106342,M_MER100079,shops_at
A_CUST106342,L_West Bengal,located_in
A_CUST106342,M_MER100244,shops_at
A_CUST106342,C_CARD508246,uses_card
A_CUST106342,M_MER100331,shops_at
A_CUST106343,C_CARD508247,uses_card
A_CUST106343,M_MER100476,shops_at
A_CUST106343,L_Tamil Nadu,located_in
A_CUST106346,C_CARD508253,uses_card
A_CUST106346,M_MER100237,shops_at
A_CUST106346,L_Kerala,located_in
A_CUST106346,C_CARD508251,uses_card
A_CUST106346,M_MER100211,shops_at
A_CUST106346,C_CARD508252,uses_card
A_CUST106346,M_MER100011,shops_at
A_CUST106347,C_CARD508254,uses_card
A_CUST106347,M_MER100150,shops_at
A_CUST106347,L_Rajasthan,located_in
A_CUST106350,C_CARD508258,uses_card
A_CUST106350,M_MER100226,shops_at
A_CUST106350,L_West Bengal,located_in
A_CUST106352,C_CARD508260,uses_card
A_CUST106352,M_MER100382,shops_at
A_CUST106352,L_Rajasthan,located_in
A_CUST106353,C_CARD508261,uses_card
A_CUST106353,M_MER100440,shops_at
A_CUST106353,L_Assam,located_in
A_CUST106353,M_MER100116,shops_at
A_CUST106356,C_CARD508265,uses_card
A_CUST106356,M_MER100135,shops_at
A_CUST106356,L_Kerala,located_in
A_CUST106356,C_CARD508266,uses_card
A_CUST106356,M_MER100410,shops_at
A_CUST106366,C_CARD508278,uses_card
A_CUST106366,M_MER100065,shops_at
A_CUST106366,L_Madhya Pradesh,located_in
A_CUST106371,C_CARD508284,uses_card
A_CUST106371,M_MER100205,shops_at
A_CUST106371,L_Uttar Pradesh,located_in
A_CUST106374,C_CARD508287,uses_card
A_CUST106374,M_MER100347,shops_at
A_CUST106374,L_Uttar Pradesh,located_in
A_CUST106381,C_CARD508296,uses_card
A_CUST106381,M_MER100336,shops_at
A_CUST106381,L_Telangana,located_in
A_CUST106382,C_CARD508297,uses_card
A_CUST106382,M_MER100102,shops_at
A_CUST106382,L_Rajasthan,located_in
A_CUST106387,C_CARD508302,uses_card
A_CUST106387,M_MER100436,shops_at
A_CUST106387,L_Assam,located_in
A_CUST106387,M_MER100499,shops_at
A_CUST106396,C_CARD508314,uses_card
A_CUST106396,M_MER100133,shops_at
A_CUST106396,L_Gujarat,located_in
A_CUST106398,C_CARD508316,uses_card
A_CUST106398,M_MER100355,shops_at
A_CUST106398,L_Punjab,located_in
A_CUST106398,M_MER100022,shops_at
A_CUST106401,C_CARD508320,uses_card
A_CUST106401,M_MER100428,shops_at
A_CUST106401,L_Gujarat,located_in
A_CUST106403,C_CARD508322,uses_card
A_CUST106403,M_MER100016,shops_at
A_CUST106403,L_West Bengal,located_in
A_CUST106404,C_CARD508324,uses_card
A_CUST106404,M_MER100092,shops_at
A_CUST106404,L_West Bengal,located_in
A_CUST106408,C_CARD508328,uses_card
A_CUST106408,M_MER100378,shops_at
A_CUST106408,L_Gujarat,located_in
A_CUST106408,M_MER100041,shops_at
A_CUST106408,M_MER100345,shops_at
A_CUST106410,C_CARD508331,uses_card
A_CUST106410,M_MER100216,shops_at
A_CUST106410,L_Tamil Nadu,located_in
A_CUST106410,C_CARD508332,uses_card
A_CUST106410,M_MER100179,shops_at
A_CUST106410,M_MER100237,shops_at
A_CUST106414,C_CARD508336,uses_card
A_CUST106414,M_MER100189,shops_at
A_CUST106414,L_Bihar,located_in
A_CUST106415,C_CARD508338,uses_card
A_CUST106415,M_MER100046,shops_at
A_CUST106415,L_West Bengal,located_in
A_CUST106415,M_MER100430,shops_at
A_CUST106415,M_MER100375,shops_at
A_CUST106425,C_CARD508350,uses_card
A_CUST106425,M_MER100034,shops_at
A_CUST106425,L_Rajasthan,located_in
A_CUST106430,C_CARD508356,uses_card
A_CUST106430,M_MER100116,shops_at
A_CUST106430,L_West Bengal,located_in
A_CUST106430,C_CARD508355,uses_card
A_CUST106430,M_MER100106,shops_at
A_CUST106433,C_CARD508359,uses_card
A_CUST106433,M_MER100337,shops_at
A_CUST106433,L_Telangana,located_in
A_CUST106436,C_CARD508362,uses_card
A_CUST106436,M_MER100250,shops_at
A_CUST106436,L_Uttar Pradesh,located_in
A_CUST106438,C_CARD508364,uses_card
A_CUST106438,M_MER100200,shops_at
A_CUST106438,L_Punjab,located_in
A_CUST106440,C_CARD508367,uses_card
A_CUST106440,M_MER100194,shops_at
A_CUST106440,L_Maharashtra,located_in
A_CUST106440,M_MER100005,shops_at
A_CUST106444,C_CARD508373,uses_card
A_CUST106444,M_MER100190,shops_at
A_CUST106444,L_Gujarat,located_in
A_CUST106445,C_CARD508375,uses_card
A_CUST106445,M_MER100014,shops_at
A_CUST106445,L_Haryana,located_in
A_CUST106445,C_CARD508374,uses_card
A_CUST106445,M_MER100372,shops_at
A_CUST106445,M_MER100421,shops_at
A_CUST106445,M_MER100468,shops_at
A_CUST106445,M_MER100325,shops_at
A_CUST106446,C_CARD508376,uses_card
A_CUST106446,M_MER100264,shops_at
A_CUST106446,L_Assam,located_in
A_CUST106446,C_CARD508377,uses_card
A_CUST106446,M_MER100222,shops_at
A_CUST106447,C_CARD508380,uses_card
A_CUST106447,M_MER100140,shops_at
A_CUST106447,L_Madhya Pradesh,located_in
A_CUST106448,C_CARD508384,uses_card
A_CUST106448,M_MER100050,shops_at
A_CUST106448,L_Gujarat,located_in
A_CUST106450,C_CARD508387,uses_card
A_CUST106450,M_MER100353,shops_at
A_CUST106450,L_Uttar Pradesh,located_in
A_CUST106454,C_CARD508393,uses_card
A_CUST106454,M_MER100144,shops_at
A_CUST106454,L_Madhya Pradesh,located_in
A_CUST106454,M_MER100204,shops_at
A_CUST106456,C_CARD508396,uses_card
A_CUST106456,M_MER100335,shops_at
A_CUST106456,L_Uttar Pradesh,located_in
A_CUST106456,C_CARD508397,uses_card
A_CUST106456,M_MER100369,shops_at
A_CUST106456,M_MER100428,shops_at
A_CUST106466,C_CARD508408,uses_card
A_CUST106466,M_MER100457,shops_at
A_CUST106466,L_Haryana,located_in
A_CUST106466,M_MER100323,shops_at
A_CUST106466,C_CARD508410,uses_card
A_CUST106466,M_MER100391,shops_at
A_CUST106466,M_MER100404,shops_at
A_CUST106467,C_CARD508412,uses_card
A_CUST106467,M_MER100189,shops_at
A_CUST106467,L_Uttar Pradesh,located_in
A_CUST106467,M_MER100464,shops_at
A_CUST106468,C_CARD508413,uses_card
A_CUST106468,M_MER100308,shops_at
A_CUST106468,L_Haryana,located_in
A_CUST106470,C_CARD508415,uses_card
A_CUST106470,M_MER100080,shops_at
A_CUST106470,L_Karnataka,located_in
A_CUST106470,M_MER100217,shops_at
A_CUST106472,C_CARD508418,uses_card
A_CUST106472,M_MER100439,shops_at
A_CUST106472,L_West Bengal,located_in
A_CUST106487,C_CARD508437,uses_card
A_CUST106487,M_MER100392,shops_at
A_CUST106487,L_Kerala,located_in
A_CUST106487,M_MER100285,shops_at
A_CUST106488,C_CARD508438,uses_card
A_CUST106488,M_MER100043,shops_at
A_CUST106488,L_Karnataka,located_in
A_CUST106492,C_CARD508443,uses_card
A_CUST106492,M_MER100175,shops_at
A_CUST106492,L_Tamil Nadu,located_in
A_CUST106495,C_CARD508446,uses_card
A_CUST106495,M_MER100469,shops_at
A_CUST106495,L_Maharashtra,located_in
A_CUST106496,C_CARD508449,uses_card
A_CUST106496,M_MER100452,shops_at
A_CUST106496,L_Tamil Nadu,located_in
A_CUST106496,M_MER100330,shops_at
A_CUST106499,C_CARD508454,uses_card
A_CUST106499,M_MER100440,shops_at
A_CUST106499,L_Punjab,located_in
A_CUST106503,C_CARD508459,uses_card
A_CUST106503,M_MER100376,shops_at
A_CUST106503,L_Punjab,located_in
A_CUST106503,M_MER100345,shops_at
A_CUST106503,M_MER100302,shops_at
A_CUST106508,C_CARD508464,uses_card
A_CUST106508,M_MER100451,shops_at
A_CUST106508,L_Gujarat,located_in
A_CUST106512,C_CARD508470,uses_card
A_CUST106512,M_MER100442,shops_at
A_CUST106512,L_Rajasthan,located_in
A_CUST106512,M_MER100138,shops_at
A_CUST106512,M_MER100047,shops_at
A_CUST106512,M_MER100500,shops_at
A_CUST106513,C_CARD508472,uses_card
A_CUST106513,M_MER100326,shops_at
A_CUST106513,L_Karnataka,located_in
A_CUST106516,C_CARD508475,uses_card
A_CUST106516,M_MER100179,shops_at
A_CUST106516,L_Bihar,located_in
A_CUST106522,C_CARD508483,uses_card
A_CUST106522,M_MER100419,shops_at
A_CUST106522,L_Telangana,located_in
A_CUST106524,C_CARD508487,uses_card
A_CUST106524,M_MER100070,shops_at
A_CUST106524,L_Madhya Pradesh,located_in
A_CUST106531,C_CARD508494,uses_card
A_CUST106531,M_MER100095,shops_at
A_CUST106531,L_Gujarat,located_in
A_CUST106531,M_MER100227,shops_at
A_CUST106533,C_CARD508499,uses_card
A_CUST106533,M_MER100256,shops_at
A_CUST106533,L_Haryana,located_in
A_CUST106533,C_CARD508498,uses_card
A_CUST106533,M_MER100101,shops_at
A_CUST106533,M_MER100043,shops_at
A_CUST106533,M_MER100345,shops_at
A_CUST106534,C_CARD508500,uses_card
A_CUST106534,M_MER100179,shops_at
A_CUST106534,L_Maharashtra,located_in
A_CUST106534,M_MER100102,shops_at
A_CUST106544,C_CARD508513,uses_card
A_CUST106544,M_MER100493,shops_at
A_CUST106544,L_Assam,located_in
A_CUST106548,C_CARD508520,uses_card
A_CUST106548,M_MER100201,shops_at
A_CUST106548,L_Punjab,located_in
A_CUST106549,C_CARD508521,uses_card
A_CUST106549,M_MER100411,shops_at
A_CUST106549,L_Odisha,located_in
A_CUST106551,C_CARD508524,uses_card
A_CUST106551,M_MER100333,shops_at
A_CUST106551,L_Kerala,located_in
A_CUST106552,C_CARD508525,uses_card
A_CUST106552,M_MER100347,shops_at
A_CUST106552,L_Madhya Pradesh,located_in
A_CUST106552,M_MER100426,shops_at
A_CUST106553,C_CARD508527,uses_card
A_CUST106553,M_MER100092,shops_at
A_CUST106553,L_Punjab,located_in
A_CUST106558,C_CARD508533,uses_card
A_CUST106558,M_MER100027,shops_at
A_CUST106558,L_Maharashtra,located_in
A_CUST106558,C_CARD508532,uses_card
A_CUST106558,M_MER100059,shops_at
A_CUST106558,M_MER100101,shops_at
A_CUST106558,M_MER100424,shops_at
A_CUST106566,C_CARD508542,uses_card
A_CUST106566,M_MER100500,shops_at
A_CUST106566,L_Uttar Pradesh,located_in
A_CUST106568,C_CARD508544,uses_card
A_CUST106568,M_MER100107,shops_at
A_CUST106568,L_Kerala,located_in
A_CUST106570,C_CARD508546,uses_card
A_CUST106570,M_MER100499,shops_at
A_CUST106570,L_Kerala,located_in
A_CUST106571,C_CARD508548,uses_card
A_CUST106571,M_MER100334,shops_at
A_CUST106571,L_Rajasthan,located_in
A_CUST106572,C_CARD508550,uses_card
A_CUST106572,M_MER100048,shops_at
A_CUST106572,L_Maharashtra,located_in
A_CUST106572,M_MER100013,shops_at
A_CUST106574,C_CARD508552,uses_card
A_CUST106574,M_MER100022,shops_at
A_CUST106574,L_Telangana,located_in
A_CUST106577,C_CARD508558,uses_card
A_CUST106577,M_MER100468,shops_at
A_CUST106577,L_Gujarat,located_in
A_CUST106579,C_CARD508561,uses_card
A_CUST106579,M_MER100359,shops_at
A_CUST106579,L_Kerala,located_in
A_CUST106579,M_MER100428,shops_at
A_CUST106582,C_CARD508565,uses_card
A_CUST106582,M_MER100413,shops_at
A_CUST106582,L_Madhya Pradesh,located_in
A_CUST106583,C_CARD508566,uses_card
A_CUST106583,M_MER100226,shops_at
A_CUST106583,L_Rajasthan,located_in
A_CUST106588,C_CARD508573,uses_card
A_CUST106588,M_MER100396,shops_at
A_CUST106588,L_Rajasthan,located_in
A_CUST106591,C_CARD508577,uses_card
A_CUST106591,M_MER100384,shops_at
A_CUST106591,L_Telangana,located_in
A_CUST106602,C_CARD508592,uses_card
A_CUST106602,M_MER100184,shops_at
A_CUST106602,L_Madhya Pradesh,located_in
A_CUST106602,C_CARD508590,uses_card
A_CUST106602,M_MER100365,shops_at
A_CUST106602,M_MER100411,shops_at
A_CUST106602,M_MER100315,shops_at
A_CUST106611,C_CARD508603,uses_card
A_CUST106611,M_MER100249,shops_at
A_CUST106611,L_Maharashtra,located_in
A_CUST106612,C_CARD508605,uses_card
A_CUST106612,M_MER100427,shops_at
A_CUST106612,L_Assam,located_in
A_CUST106612,C_CARD508604,uses_card
A_CUST106612,M_MER100262,shops_at
A_CUST106634,C_CARD508632,uses_card
A_CUST106634,M_MER100204,shops_at
A_CUST106634,L_Telangana,located_in
A_CUST106638,C_CARD508639,uses_card
A_CUST106638,M_MER100500,shops_at
A_CUST106638,L_Gujarat,located_in
A_CUST106638,M_MER100202,shops_at
A_CUST106638,M_MER100187,shops_at
A_CUST106639,C_CARD508641,uses_card
A_CUST106639,M_MER100047,shops_at
A_CUST106639,L_Tamil Nadu,located_in
A_CUST106641,C_CARD508643,uses_card
A_CUST106641,M_MER100210,shops_at
A_CUST106641,L_Kerala,located_in
A_CUST106644,C_CARD508648,uses_card
A_CUST106644,M_MER100055,shops_at
A_CUST106644,L_Karnataka,located_in
A_CUST106647,C_CARD508652,uses_card
A_CUST106647,M_MER100369,shops_at
A_CUST106647,L_Punjab,located_in
A_CUST106654,C_CARD508659,uses_card
A_CUST106654,M_MER100059,shops_at
A_CUST106654,L_Haryana,located_in
A_CUST106654,M_MER100146,shops_at
A_CUST106655,C_CARD508660,uses_card
A_CUST106655,M_MER100244,shops_at
A_CUST106655,L_Odisha,located_in
A_CUST106659,C_CARD508665,uses_card
A_CUST106659,M_MER100058,shops_at
A_CUST106659,L_Odisha,located_in
A_CUST106660,C_CARD508666,uses_card
A_CUST106660,M_MER100261,shops_at
A_CUST106660,L_West Bengal,located_in
A_CUST106663,C_CARD508669,uses_card
A_CUST106663,M_MER100036,shops_at
A_CUST106663,L_Odisha,located_in
A_CUST106663,M_MER100495,shops_at
A_CUST106668,C_CARD508677,uses_card
A_CUST106668,M_MER100225,shops_at
A_CUST106668,L_Madhya Pradesh,located_in
A_CUST106677,C_CARD508688,uses_card
A_CUST106677,M_MER100440,shops_at
A_CUST106677,L_Bihar,located_in
A_CUST106684,C_CARD508697,uses_card
A_CUST106684,M_MER100495,shops_at
A_CUST106684,L_Haryana,located_in
A_CUST106686,C_CARD508701,uses_card
A_CUST106686,M_MER100163,shops_at
A_CUST106686,L_West Bengal,located_in
A_CUST106690,C_CARD508705,uses_card
A_CUST106690,M_MER100206,shops_at
A_CUST106690,L_Odisha,located_in
A_CUST106691,C_CARD508707,uses_card
A_CUST106691,M_MER100243,shops_at
A_CUST106691,L_Haryana,located_in
A_CUST106691,C_CARD508708,uses_card
A_CUST106691,M_MER100052,shops_at
A_CUST106691,M_MER100468,shops_at
A_CUST106692,C_CARD508709,uses_card
A_CUST106692,M_MER100118,shops_at
A_CUST106692,L_Rajasthan,located_in
A_CUST106695,C_CARD508713,uses_card
A_CUST106695,M_MER100430,shops_at
A_CUST106695,L_Rajasthan,located_in
A_CUST106698,C_CARD508716,uses_card
A_CUST106698,M_MER100323,shops_at
A_CUST106698,L_Uttar Pradesh,located_in
A_CUST106700,C_CARD508718,uses_card
A_CUST106700,M_MER100005,shops_at
A_CUST106700,L_Karnataka,located_in
A_CUST106700,M_MER100372,shops_at
A_CUST106700,M_MER100297,shops_at
A_CUST106708,C_CARD508729,uses_card
A_CUST106708,M_MER100238,shops_at
A_CUST106708,L_Kerala,located_in
A_CUST106709,C_CARD508730,uses_card
A_CUST106709,M_MER100384,shops_at
A_CUST106709,L_Rajasthan,located_in
A_CUST106711,C_CARD508732,uses_card
A_CUST106711,M_MER100081,shops_at
A_CUST106711,L_Punjab,located_in
A_CUST106719,C_CARD508742,uses_card
A_CUST106719,M_MER100190,shops_at
A_CUST106719,L_Maharashtra,located_in
A_CUST106720,C_CARD508745,uses_card
A_CUST106720,M_MER100157,shops_at
A_CUST106720,L_Kerala,located_in
A_CUST106722,C_CARD508747,uses_card
A_CUST106722,M_MER100424,shops_at
A_CUST106722,L_Karnataka,located_in
A_CUST106722,C_CARD508748,uses_card
A_CUST106722,M_MER100009,shops_at
A_CUST106722,M_MER100139,shops_at
A_CUST106722,M_MER100480,shops_at
A_CUST106724,C_CARD508750,uses_card
A_CUST106724,M_MER100224,shops_at
A_CUST106724,L_Madhya Pradesh,located_in
A_CUST106734,C_CARD508763,uses_card
A_CUST106734,M_MER100120,shops_at
A_CUST106734,L_Assam,located_in
A_CUST106734,C_CARD508764,uses_card
A_CUST106734,M_MER100106,shops_at
A_CUST106734,C_CARD508765,uses_card
A_CUST106734,M_MER100244,shops_at
A_CUST106737,C_CARD508771,uses_card
A_CUST106737,M_MER100179,shops_at
A_CUST106737,L_Tamil Nadu,located_in
A_CUST106741,C_CARD508776,uses_card
A_CUST106741,M_MER100166,shops_at
A_CUST106741,L_Kerala,located_in
A_CUST106741,C_CARD508777,uses_card
A_CUST106741,M_MER100302,shops_at
A_CUST106741,M_MER100043,shops_at
A_CUST106742,C_CARD508779,uses_card
A_CUST106742,M_MER100368,shops_at
A_CUST106742,L_Tamil Nadu,located_in
A_CUST106742,M_MER100021,shops_at
A_CUST106742,M_MER100030,shops_at
A_CUST106742,M_MER100035,shops_at
A_CUST106744,C_CARD508782,uses_card
A_CUST106744,M_MER100484,shops_at
A_CUST106744,L_Haryana,located_in
A_CUST106744,C_CARD508781,uses_card
A_CUST106744,M_MER100065,shops_at
A_CUST106749,C_CARD508788,uses_card
A_CUST106749,M_MER100409,shops_at
A_CUST106749,L_Bihar,located_in
A_CUST106751,C_CARD508790,uses_card
A_CUST106751,M_MER100172,shops_at
A_CUST106751,L_Punjab,located_in
A_CUST106753,C_CARD508792,uses_card
A_CUST106753,M_MER100331,shops_at
A_CUST106753,L_Rajasthan,located_in
A_CUST106755,C_CARD508797,uses_card
A_CUST106755,M_MER100459,shops_at
A_CUST106755,L_Gujarat,located_in
A_CUST106759,C_CARD508801,uses_card
A_CUST106759,M_MER100378,shops_at
A_CUST106759,L_Haryana,located_in
A_CUST106771,C_CARD508814,uses_card
A_CUST106771,M_MER100039,shops_at
A_CUST106771,L_Telangana,located_in
A_CUST106773,C_CARD508816,uses_card
A_CUST106773,M_MER100179,shops_at
A_CUST106773,L_Uttar Pradesh,located_in
A_CUST106781,C_CARD508825,uses_card
A_CUST106781,M_MER100100,shops_at
A_CUST106781,L_West Bengal,located_in
A_CUST106783,C_CARD508828,uses_card
A_CUST106783,M_MER100271,shops_at
A_CUST106783,L_Uttar Pradesh,located_in
A_CUST106784,C_CARD508829,uses_card
A_CUST106784,M_MER100295,shops_at
A_CUST106784,L_Punjab,located_in
A_CUST106785,C_CARD508831,uses_card
A_CUST106785,M_MER100146,shops_at
A_CUST106785,L_Gujarat,located_in
A_CUST106785,M_MER100181,shops_at
A_CUST106797,C_CARD508844,uses_card
A_CUST106797,M_MER100041,shops_at
A_CUST106797,L_Punjab,located_in
A_CUST106797,M_MER100093,shops_at
A_CUST106798,C_CARD508846,uses_card
A_CUST106798,M_MER100378,shops_at
A_CUST106798,L_Karnataka,located_in
A_CUST106799,C_CARD508847,uses_card
A_CUST106799,M_MER100382,shops_at
A_CUST106799,L_Uttar Pradesh,located_in
A_CUST106802,C_CARD508851,uses_card
A_CUST106802,M_MER100235,shops_at
A_CUST106802,L_Uttar Pradesh,located_in
A_CUST106806,C_CARD508856,uses_card
A_CUST106806,M_MER100474,shops_at
A_CUST106806,L_Uttar Pradesh,located_in
A_CUST106807,C_CARD508857,uses_card
A_CUST106807,M_MER100138,shops_at
A_CUST106807,L_Punjab,located_in
A_CUST106807,M_MER100235,shops_at
A_CUST106815,C_CARD508866,uses_card
A_CUST106815,M_MER100085,shops_at
A_CUST106815,L_West Bengal,located_in
A_CUST106818,C_CARD508869,uses_card
A_CUST106818,M_MER100086,shops_at
A_CUST106818,L_Gujarat,located_in
A_CUST106818,M_MER100147,shops_at
A_CUST106819,C_CARD508871,uses_card
A_CUST106819,M_MER100308,shops_at
A_CUST106819,L_Karnataka,located_in
A_CUST106821,C_CARD508874,uses_card
A_CUST106821,M_MER100457,shops_at
A_CUST106821,L_Madhya Pradesh,located_in
A_CUST106821,C_CARD508873,uses_card
A_CUST106821,M_MER100253,shops_at
A_CUST106823,C_CARD508878,uses_card
A_CUST106823,M_MER100105,shops_at
A_CUST106823,L_Maharashtra,located_in
A_CUST106823,M_MER100019,shops_at
A_CUST106823,C_CARD508879,uses_card
A_CUST106823,M_MER100468,shops_at
A_CUST106823,M_MER100389,shops_at
A_CUST106824,C_CARD508880,uses_card
A_CUST106824,M_MER100109,shops_at
A_CUST106824,L_Tamil Nadu,located_in
A_CUST106828,C_CARD508885,uses_card
A_CUST106828,M_MER100240,shops_at
A_CUST106828,L_West Bengal,located_in
A_CUST106829,C_CARD508886,uses_card
A_CUST106829,M_MER100256,shops_at
A_CUST106829,L_Tamil Nadu,located_in
A_CUST106832,C_CARD508889,uses_card
A_CUST106832,M_MER100116,shops_at
A_CUST106832,L_West Bengal,located_in
A_CUST106844,C_CARD508906,uses_card
A_CUST106844,M_MER100325,shops_at
A_CUST106844,L_Telangana,located_in
A_CUST106844,M_MER100092,shops_at
A_CUST106846,C_CARD508908,uses_card
A_CUST106846,M_MER100141,shops_at
A_CUST106846,L_Tamil Nadu,located_in
A_CUST106848,C_CARD508910,uses_card
A_CUST106848,M_MER100182,shops_at
A_CUST106848,L_Kerala,located_in
A_CUST106849,C_CARD508912,uses_card
A_CUST106849,M_MER100286,shops_at
A_CUST106849,L_Kerala,located_in
A_CUST106851,C_CARD508915,uses_card
A_CUST106851,M_MER100285,shops_at
A_CUST106851,L_Punjab,located_in
A_CUST106851,M_MER100242,shops_at
A_CUST106855,C_CARD508919,uses_card
A_CUST106855,M_MER100358,shops_at
A_CUST106855,L_Assam,located_in
A_CUST106855,M_MER100442,shops_at
A_CUST106856,C_CARD508921,uses_card
A_CUST106856,M_MER100004,shops_at
A_CUST106856,L_Telangana,located_in
A_CUST106858,C_CARD508923,uses_card
A_CUST106858,M_MER100250,shops_at
A_CUST106858,L_Uttar Pradesh,located_in
A_CUST106858,M_MER100255,shops_at
A_CUST106858,C_CARD508924,uses_card
A_CUST106858,M_MER100235,shops_at
A_CUST106858,M_MER100103,shops_at
A_CUST106861,C_CARD508928,uses_card
A_CUST106861,M_MER100472,shops_at
A_CUST106861,L_Haryana,located_in
A_CUST106861,M_MER100074,shops_at
A_CUST106861,M_MER100288,shops_at
A_CUST106864,C_CARD508932,uses_card
A_CUST106864,M_MER100042,shops_at
A_CUST106864,L_Telangana,located_in
A_CUST106865,C_CARD508933,uses_card
A_CUST106865,M_MER100206,shops_at
A_CUST106865,L_Bihar,located_in
A_CUST106865,M_MER100138,shops_at
A_CUST106866,C_CARD508935,uses_card
A_CUST106866,M_MER100060,shops_at
A_CUST106866,L_Madhya Pradesh,located_in
A_CUST106873,C_CARD508942,uses_card
A_CUST106873,M_MER100394,shops_at
A_CUST106873,L_Tamil Nadu,located_in
A_CUST106876,C_CARD508947,uses_card
A_CUST106876,M_MER100319,shops_at
A_CUST106876,L_Uttar Pradesh,located_in
A_CUST106879,C_CARD508950,uses_card
A_CUST106879,M_MER100167,shops_at
A_CUST106879,L_Tamil Nadu,located_in
A_CUST106882,C_CARD508954,uses_card
A_CUST106882,M_MER100428,shops_at
A_CUST106882,L_Haryana,located_in
A_CUST106884,C_CARD508958,uses_card
A_CUST106884,M_MER100498,shops_at
A_CUST106884,L_Haryana,located_in
A_CUST106885,C_CARD508959,uses_card
A_CUST106885,M_MER100092,shops_at
A_CUST106885,L_Odisha,located_in
A_CUST106889,C_CARD508964,uses_card
A_CUST106889,M_MER100038,shops_at
A_CUST106889,L_Uttar Pradesh,located_in
A_CUST106904,C_CARD508980,uses_card
A_CUST106904,M_MER100041,shops_at
A_CUST106904,L_Tamil Nadu,located_in
A_CUST106907,C_CARD508983,uses_card
A_CUST106907,M_MER100254,shops_at
A_CUST106907,L_Kerala,located_in
A_CUST106907,C_CARD508984,uses_card
A_CUST106907,M_MER100339,shops_at
A_CUST106909,C_CARD508987,uses_card
A_CUST106909,M_MER100111,shops_at
A_CUST106909,L_Haryana,located_in
A_CUST106910,C_CARD508989,uses_card
A_CUST106910,M_MER100191,shops_at
A_CUST106910,L_Maharashtra,located_in
A_CUST106916,C_CARD508996,uses_card
A_CUST106916,M_MER100092,shops_at
A_CUST106916,L_Haryana,located_in
A_CUST106919,C_CARD509001,uses_card
A_CUST106919,M_MER100324,shops_at
A_CUST106919,L_Tamil Nadu,located_in
A_CUST106919,C_CARD509000,uses_card
A_CUST106919,M_MER100477,shops_at
A_CUST106920,C_CARD509002,uses_card
A_CUST106920,M_MER100312,shops_at
A_CUST106920,L_Rajasthan,located_in
A_CUST106920,M_MER100486,shops_at
A_CUST106921,C_CARD509004,uses_card
A_CUST106921,M_MER100359,shops_at
A_CUST106921,L_Kerala,located_in
A_CUST106921,M_MER100152,shops_at
A_CUST106921,M_MER100047,shops_at
A_CUST106922,C_CARD509006,uses_card
A_CUST106922,M_MER100191,shops_at
A_CUST106922,L_Uttar Pradesh,located_in
A_CUST106925,C_CARD509011,uses_card
A_CUST106925,M_MER100476,shops_at
A_CUST106925,L_Bihar,located_in
A_CUST106925,C_CARD509010,uses_card
A_CUST106925,M_MER100363,shops_at
A_CUST106927,C_CARD509014,uses_card
A_CUST106927,M_MER100179,shops_at
A_CUST106927,L_Tamil Nadu,located_in
A_CUST106927,C_CARD509015,uses_card
A_CUST106927,M_MER100160,shops_at
A_CUST106928,C_CARD509017,uses_card
A_CUST106928,M_MER100382,shops_at
A_CUST106928,L_Haryana,located_in
A_CUST106929,C_CARD509018,uses_card
A_CUST106929,M_MER100161,shops_at
A_CUST106929,L_Haryana,located_in
A_CUST106933,C_CARD509022,uses_card
A_CUST106933,M_MER100116,shops_at
A_CUST106933,L_Punjab,located_in
A_CUST106943,C_CARD509035,uses_card
A_CUST106943,M_MER100013,shops_at
A_CUST106943,L_Tamil Nadu,located_in
A_CUST106943,C_CARD509034,uses_card
A_CUST106943,M_MER100087,shops_at
A_CUST106947,C_CARD509041,uses_card
A_CUST106947,M_MER100265,shops_at
A_CUST106947,L_Maharashtra,located_in
A_CUST106951,C_CARD509045,uses_card
A_CUST106951,M_MER100021,shops_at
A_CUST106951,L_Madhya Pradesh,located_in
A_CUST106955,C_CARD509049,uses_card
A_CUST106955,M_MER100166,shops_at
A_CUST106955,L_Odisha,located_in
A_CUST106956,C_CARD509050,uses_card
A_CUST106956,M_MER100146,shops_at
A_CUST106956,L_Bihar,located_in
A_CUST106960,C_CARD509054,uses_card
A_CUST106960,M_MER100398,shops_at
A_CUST106960,L_Assam,located_in
A_CUST106960,M_MER100261,shops_at
A_CUST106962,C_CARD509057,uses_card
A_CUST106962,M_MER100183,shops_at
A_CUST106962,L_Punjab,located_in
A_CUST106962,M_MER100334,shops_at
A_CUST106967,C_CARD509063,uses_card
A_CUST106967,M_MER100331,shops_at
A_CUST106967,L_Uttar Pradesh,located_in
A_CUST106968,C_CARD509064,uses_card
A_CUST106968,M_MER100049,shops_at
A_CUST106968,L_Punjab,located_in
A_CUST106968,M_MER100397,shops_at
A_CUST106971,C_CARD509070,uses_card
A_CUST106971,M_MER100188,shops_at
A_CUST106971,L_West Bengal,located_in
A_CUST106977,C_CARD509077,uses_card
A_CUST106977,M_MER100319,shops_at
A_CUST106977,L_Telangana,located_in
A_CUST106977,M_MER100021,shops_at
A_CUST106979,C_CARD509080,uses_card
A_CUST106979,M_MER100210,shops_at
A_CUST106979,L_Gujarat,located_in
A_CUST106980,C_CARD509081,uses_card
A_CUST106980,M_MER100216,shops_at
A_CUST106980,L_Maharashtra,located_in
A_CUST106983,C_CARD509085,uses_card
A_CUST106983,M_MER100200,shops_at
A_CUST106983,L_Kerala,located_in
A_CUST106994,C_CARD509097,uses_card
A_CUST106994,M_MER100140,shops_at
A_CUST106994,L_Tamil Nadu,located_in
A_CUST107000,C_CARD509104,uses_card
A_CUST107000,M_MER100069,shops_at
A_CUST107000,L_Gujarat,located_in
A_CUST107012,C_CARD509117,uses_card
A_CUST107012,M_MER100175,shops_at
A_CUST107012,L_Assam,located_in
A_CUST107024,C_CARD509131,uses_card
A_CUST107024,M_MER100198,shops_at
A_CUST107024,L_Bihar,located_in
A_CUST107027,C_CARD509134,uses_card
A_CUST107027,M_MER100226,shops_at
A_CUST107027,L_Telangana,located_in
A_CUST107028,C_CARD509135,uses_card
A_CUST107028,M_MER100022,shops_at
A_CUST107028,L_Odisha,located_in
A_CUST107031,C_CARD509138,uses_card
A_CUST107031,M_MER100081,shops_at
A_CUST107031,L_Uttar Pradesh,located_in
A_CUST107031,C_CARD509139,uses_card
A_CUST107031,M_MER100086,shops_at
A_CUST107045,C_CARD509154,uses_card
A_CUST107045,M_MER100070,shops_at
A_CUST107045,L_Rajasthan,located_in
A_CUST107045,M_MER100187,shops_at
A_CUST107048,C_CARD509158,uses_card
A_CUST107048,M_MER100117,shops_at
A_CUST107048,L_Maharashtra,located_in
A_CUST107054,C_CARD509165,uses_card
A_CUST107054,M_MER100228,shops_at
A_CUST107054,L_Madhya Pradesh,located_in
A_CUST107055,C_CARD509166,uses_card
A_CUST107055,M_MER100092,shops_at
A_CUST107055,L_Assam,located_in
A_CUST107056,C_CARD509168,uses_card
A_CUST107056,M_MER100037,shops_at
A_CUST107056,L_Gujarat,located_in
A_CUST107056,C_CARD509167,uses_card
A_CUST107056,M_MER100113,shops_at
A_CUST107060,C_CARD509172,uses_card
A_CUST107060,M_MER100110,shops_at
A_CUST107060,L_West Bengal,located_in
A_CUST107063,C_CARD509176,uses_card
A_CUST107063,M_MER100323,shops_at
A_CUST107063,L_Kerala,located_in
A_CUST107067,C_CARD509180,uses_card
A_CUST107067,M_MER100335,shops_at
A_CUST107067,L_Rajasthan,located_in
A_CUST107069,C_CARD509184,uses_card
A_CUST107069,M_MER100237,shops_at
A_CUST107069,L_Bihar,located_in
A_CUST107072,C_CARD509187,uses_card
A_CUST107072,M_MER100480,shops_at
A_CUST107072,L_Maharashtra,located_in
A_CUST107076,C_CARD509192,uses_card
A_CUST107076,M_MER100230,shops_at
A_CUST107076,L_Punjab,located_in
A_CUST107076,C_CARD509193,uses_card
A_CUST107076,M_MER100336,shops_at
A_CUST107076,C_CARD509194,uses_card
A_CUST107076,M_MER100065,shops_at
A_CUST107078,C_CARD509196,uses_card
A_CUST107078,M_MER100219,shops_at
A_CUST107078,L_Rajasthan,located_in
A_CUST107080,C_CARD509202,uses_card
A_CUST107080,M_MER100349,shops_at
A_CUST107080,L_Madhya Pradesh,located_in
A_CUST107080,M_MER100346,shops_at
A_CUST107080,C_CARD509200,uses_card
A_CUST107080,M_MER100254,shops_at
A_CUST107084,C_CARD509207,uses_card
A_CUST107084,M_MER100476,shops_at
A_CUST107084,L_Bihar,located_in
A_CUST107084,M_MER100383,shops_at
A_CUST107088,C_CARD509212,uses_card
A_CUST107088,M_MER100240,shops_at
A_CUST107088,L_Bihar,located_in
A_CUST107088,C_CARD509211,uses_card
A_CUST107088,M_MER100467,shops_at
A_CUST107092,C_CARD509218,uses_card
A_CUST107092,M_MER100410,shops_at
A_CUST107092,L_Tamil Nadu,located_in
A_CUST107093,C_CARD509219,uses_card
A_CUST107093,M_MER100158,shops_at
A_CUST107093,L_Maharashtra,located_in
A_CUST107094,C_CARD509220,uses_card
A_CUST107094,M_MER100495,shops_at
A_CUST107094,L_Karnataka,located_in
A_CUST107094,M_MER100369,shops_at
A_CUST107094,M_MER100087,shops_at
A_CUST107094,M_MER100105,shops_at
A_CUST107097,C_CARD509223,uses_card
A_CUST107097,M_MER100331,shops_at
A_CUST107097,L_Gujarat,located_in
A_CUST107100,C_CARD509227,uses_card
A_CUST107100,M_MER100003,shops_at
A_CUST107100,L_West Bengal,located_in
A_CUST107100,C_CARD509228,uses_card
A_CUST107100,M_MER100245,shops_at
A_CUST107101,C_CARD509229,uses_card
A_CUST107101,M_MER100062,shops_at
A_CUST107101,L_Rajasthan,located_in
A_CUST107106,C_CARD509235,uses_card
A_CUST107106,M_MER100235,shops_at
A_CUST107106,L_Bihar,located_in
A_CUST107106,C_CARD509234,uses_card
A_CUST107106,M_MER100322,shops_at
A_CUST107108,C_CARD509237,uses_card
A_CUST107108,M_MER100415,shops_at
A_CUST107108,L_Punjab,located_in
A_CUST107109,C_CARD509240,uses_card
A_CUST107109,M_MER100002,shops_at
A_CUST107109,L_Tamil Nadu,located_in
A_CUST107109,M_MER100394,shops_at
A_CUST107109,C_CARD509239,uses_card
A_CUST107109,M_MER100477,shops_at
A_CUST107113,C_CARD509244,uses_card
A_CUST107113,M_MER100438,shops_at
A_CUST107113,L_Rajasthan,located_in
A_CUST107113,M_MER100353,shops_at
A_CUST107114,C_CARD509246,uses_card
A_CUST107114,M_MER100399,shops_at
A_CUST107114,L_Madhya Pradesh,located_in
A_CUST107114,M_MER100224,shops_at
A_CUST107118,C_CARD509250,uses_card
A_CUST107118,M_MER100424,shops_at
A_CUST107118,L_Bihar,located_in
A_CUST107125,C_CARD509258,uses_card
A_CUST107125,M_MER100409,shops_at
A_CUST107125,L_Uttar Pradesh,located_in
A_CUST107129,C_CARD509262,uses_card
A_CUST107129,M_MER100416,shops_at
A_CUST107129,L_Maharashtra,located_in
A_CUST107131,C_CARD509265,uses_card
A_CUST107131,M_MER100364,shops_at
A_CUST107131,L_West Bengal,located_in
A_CUST107132,C_CARD509266,uses_card
A_CUST107132,M_MER100326,shops_at
A_CUST107132,L_Odisha,located_in
A_CUST107133,C_CARD509267,uses_card
A_CUST107133,M_MER100468,shops_at
A_CUST107133,L_Bihar,located_in
A_CUST107133,M_MER100037,shops_at
A_CUST107134,C_CARD509268,uses_card
A_CUST107134,M_MER100118,shops_at
A_CUST107134,L_Maharashtra,located_in
A_CUST107139,C_CARD509274,uses_card
A_CUST107139,M_MER100349,shops_at
A_CUST107139,L_Madhya Pradesh,located_in
A_CUST107140,C_CARD509275,uses_card
A_CUST107140,M_MER100072,shops_at
A_CUST107140,L_West Bengal,located_in
A_CUST107147,C_CARD509284,uses_card
A_CUST107147,M_MER100204,shops_at
A_CUST107147,L_Madhya Pradesh,located_in
A_CUST107148,C_CARD509285,uses_card
A_CUST107148,M_MER100425,shops_at
A_CUST107148,L_Telangana,located_in
A_CUST107150,C_CARD509289,uses_card
A_CUST107150,M_MER100303,shops_at
A_CUST107150,L_Maharashtra,located_in
A_CUST107150,C_CARD509288,uses_card
A_CUST107150,M_MER100378,shops_at
A_CUST107155,C_CARD509296,uses_card
A_CUST107155,M_MER100246,shops_at
A_CUST107155,L_Punjab,located_in
A_CUST107157,C_CARD509298,uses_card
A_CUST107157,M_MER100365,shops_at
A_CUST107157,L_Telangana,located_in
A_CUST107168,C_CARD509313,uses_card
A_CUST107168,M_MER100204,shops_at
A_CUST107168,L_Madhya Pradesh,located_in
A_CUST107170,C_CARD509315,uses_card
A_CUST107170,M_MER100375,shops_at
A_CUST107170,L_Haryana,located_in
A_CUST107174,C_CARD509319,uses_card
A_CUST107174,M_MER100387,shops_at
A_CUST107174,L_Odisha,located_in
A_CUST107179,C_CARD509324,uses_card
A_CUST107179,M_MER100029,shops_at
A_CUST107179,L_Haryana,located_in
A_CUST107180,C_CARD509325,uses_card
A_CUST107180,M_MER100269,shops_at
A_CUST107180,L_Tamil Nadu,located_in
A_CUST107181,C_CARD509326,uses_card
A_CUST107181,M_MER100175,shops_at
A_CUST107181,L_Gujarat,located_in
A_CUST107181,M_MER100089,shops_at
A_CUST107181,M_MER100384,shops_at
A_CUST107187,C_CARD509333,uses_card
A_CUST107187,M_MER100022,shops_at
A_CUST107187,L_West Bengal,located_in
A_CUST107193,C_CARD509339,uses_card
A_CUST107193,M_MER100437,shops_at
A_CUST107193,L_Haryana,located_in
A_CUST107195,C_CARD509343,uses_card
A_CUST107195,M_MER100495,shops_at
A_CUST107195,L_Bihar,located_in
A_CUST107196,C_CARD509344,uses_card
A_CUST107196,M_MER100169,shops_at
A_CUST107196,L_Maharashtra,located_in
A_CUST107197,C_CARD509345,uses_card
A_CUST107197,M_MER100102,shops_at
A_CUST107197,L_Karnataka,located_in
A_CUST107197,M_MER100138,shops_at
A_CUST107197,M_MER100046,shops_at
A_CUST107197,M_MER100319,shops_at
A_CUST107200,C_CARD509348,uses_card
A_CUST107200,M_MER100399,shops_at
A_CUST107200,L_Punjab,located_in
A_CUST107205,C_CARD509354,uses_card
A_CUST107205,M_MER100404,shops_at
A_CUST107205,L_Kerala,located_in
A_CUST107212,C_CARD509366,uses_card
A_CUST107212,M_MER100039,shops_at
A_CUST107212,L_Madhya Pradesh,located_in
A_CUST107213,C_CARD509367,uses_card
A_CUST107213,M_MER100268,shops_at
A_CUST107213,L_Madhya Pradesh,located_in
A_CUST107222,C_CARD509377,uses_card
A_CUST107222,M_MER100013,shops_at
A_CUST107222,L_Assam,located_in
A_CUST107222,M_MER100021,shops_at
A_CUST107231,C_CARD509387,uses_card
A_CUST107231,M_MER100102,shops_at
A_CUST107231,L_Uttar Pradesh,located_in
A_CUST107236,C_CARD509394,uses_card
A_CUST107236,M_MER100421,shops_at
A_CUST107236,L_Rajasthan,located_in
A_CUST107237,C_CARD509396,uses_card
A_CUST107237,M_MER100345,shops_at
A_CUST107237,L_Tamil Nadu,located_in
A_CUST107243,C_CARD509402,uses_card
A_CUST107243,M_MER100446,shops_at
A_CUST107243,L_Rajasthan,located_in
A_CUST107249,C_CARD509410,uses_card
A_CUST107249,M_MER100278,shops_at
A_CUST107249,L_Bihar,located_in
A_CUST107252,C_CARD509414,uses_card
A_CUST107252,M_MER100314,shops_at
A_CUST107252,L_Kerala,located_in
A_CUST107253,C_CARD509415,uses_card
A_CUST107253,M_MER100355,shops_at
A_CUST107253,L_West Bengal,located_in
A_CUST107253,C_CARD509416,uses_card
A_CUST107253,M_MER100116,shops_at
A_CUST107253,M_MER100293,shops_at
A_CUST107253,C_CARD509417,uses_card
A_CUST107253,M_MER100022,shops_at
A_CUST107253,M_MER100206,shops_at
A_CUST107253,M_MER100474,shops_at
A_CUST107253,M_MER100120,shops_at
A_CUST107261,C_CARD509425,uses_card
A_CUST107261,M_MER100302,shops_at
A_CUST107261,L_Uttar Pradesh,located_in
A_CUST107261,M_MER100170,shops_at
A_CUST107264,C_CARD509429,uses_card
A_CUST107264,M_MER100047,shops_at
A_CUST107264,L_Odisha,located_in
A_CUST107264,M_MER100092,shops_at
A_CUST107264,M_MER100404,shops_at
A_CUST107272,C_CARD509438,uses_card
A_CUST107272,M_MER100013,shops_at
A_CUST107272,L_Haryana,located_in
A_CUST107274,C_CARD509441,uses_card
A_CUST107274,M_MER100382,shops_at
A_CUST107274,L_Rajasthan,located_in
A_CUST107284,C_CARD509452,uses_card
A_CUST107284,M_MER100075,shops_at
A_CUST107284,L_Tamil Nadu,located_in
A_CUST107286,C_CARD509454,uses_card
A_CUST107286,M_MER100062,shops_at
A_CUST107286,L_Uttar Pradesh,located_in
A_CUST107286,C_CARD509455,uses_card
A_CUST107286,M_MER100348,shops_at
A_CUST107290,C_CARD509459,uses_card
A_CUST107290,M_MER100171,shops_at
A_CUST107290,L_Tamil Nadu,located_in
A_CUST107292,C_CARD509461,uses_card
A_CUST107292,M_MER100069,shops_at
A_CUST107292,L_Haryana,located_in
A_CUST107294,C_CARD509463,uses_card
A_CUST107294,M_MER100043,shops_at
A_CUST107294,L_Haryana,located_in
A_CUST107298,C_CARD509467,uses_card
A_CUST107298,M_MER100105,shops_at
A_CUST107298,L_Telangana,located_in
A_CUST107299,C_CARD509469,uses_card
A_CUST107299,M_MER100458,shops_at
A_CUST107299,L_Madhya Pradesh,located_in
A_CUST107299,C_CARD509470,uses_card
A_CUST107299,M_MER100213,shops_at
A_CUST107302,C_CARD509473,uses_card
A_CUST107302,M_MER100292,shops_at
A_CUST107302,L_Uttar Pradesh,located_in
A_CUST107304,C_CARD509477,uses_card
A_CUST107304,M_MER100470,shops_at
A_CUST107304,L_Uttar Pradesh,located_in
A_CUST107304,C_CARD509478,uses_card
A_CUST107304,M_MER100424,shops_at
A_CUST107308,C_CARD509482,uses_card
A_CUST107308,M_MER100009,shops_at
A_CUST107308,L_Haryana,located_in
A_CUST107313,C_CARD509490,uses_card
A_CUST107313,M_MER100062,shops_at
A_CUST107313,L_Haryana,located_in
A_CUST107321,C_CARD509500,uses_card
A_CUST107321,M_MER100382,shops_at
A_CUST107321,L_Uttar Pradesh,located_in
A_CUST107330,C_CARD509510,uses_card
A_CUST107330,M_MER100198,shops_at
A_CUST107330,L_Madhya Pradesh,located_in
A_CUST107330,M_MER100326,shops_at
A_CUST107330,C_CARD509511,uses_card
A_CUST107330,M_MER100444,shops_at
A_CUST107339,C_CARD509523,uses_card
A_CUST107339,M_MER100235,shops_at
A_CUST107339,L_Bihar,located_in
A_CUST107339,M_MER100288,shops_at
A_CUST107339,C_CARD509522,uses_card
A_CUST107339,M_MER100226,shops_at
A_CUST107340,C_CARD509525,uses_card
A_CUST107340,M_MER100122,shops_at
A_CUST107340,L_Karnataka,located_in
A_CUST107340,C_CARD509524,uses_card
A_CUST107340,M_MER100107,shops_at
A_CUST107344,C_CARD509529,uses_card
A_CUST107344,M_MER100424,shops_at
A_CUST107344,L_Assam,located_in
A_CUST107344,M_MER100046,shops_at
A_CUST107345,C_CARD509530,uses_card
A_CUST107345,M_MER100138,shops_at
A_CUST107345,L_Odisha,located_in
A_CUST107345,M_MER100182,shops_at
A_CUST107346,C_CARD509532,uses_card
A_CUST107346,M_MER100491,shops_at
A_CUST107346,L_Kerala,located_in
A_CUST107347,C_CARD509533,uses_card
A_CUST107347,M_MER100141,shops_at
A_CUST107347,L_Gujarat,located_in
A_CUST107363,C_CARD509552,uses_card
A_CUST107363,M_MER100048,shops_at
A_CUST107363,L_Gujarat,located_in
A_CUST107363,C_CARD509553,uses_card
A_CUST107363,M_MER100231,shops_at
A_CUST107363,M_MER100348,shops_at
A_CUST107363,M_MER100492,shops_at
A_CUST107363,M_MER100116,shops_at
A_CUST107363,M_MER100332,shops_at
A_CUST107370,C_CARD509561,uses_card
A_CUST107370,M_MER100057,shops_at
A_CUST107370,L_Bihar,located_in
A_CUST107370,M_MER100295,shops_at
A_CUST107370,M_MER100378,shops_at
A_CUST107371,C_CARD509563,uses_card
A_CUST107371,M_MER100331,shops_at
A_CUST107371,L_Haryana,located_in
A_CUST107371,M_MER100326,shops_at
A_CUST107371,M_MER100102,shops_at
A_CUST107374,C_CARD509567,uses_card
A_CUST107374,M_MER100185,shops_at
A_CUST107374,L_West Bengal,located_in
A_CUST107376,C_CARD509571,uses_card
A_CUST107376,M_MER100329,shops_at
A_CUST107376,L_Maharashtra,located_in
A_CUST107378,C_CARD509573,uses_card
A_CUST107378,M_MER100094,shops_at
A_CUST107378,L_Odisha,located_in
A_CUST107380,C_CARD509576,uses_card
A_CUST107380,M_MER100166,shops_at
A_CUST107380,L_Gujarat,located_in
A_CUST107382,C_CARD509578,uses_card
A_CUST107382,M_MER100120,shops_at
A_CUST107382,L_Telangana,located_in
A_CUST107382,M_MER100022,shops_at
A_CUST107383,C_CARD509581,uses_card
A_CUST107383,M_MER100143,shops_at
A_CUST107383,L_Tamil Nadu,located_in
A_CUST107383,M_MER100438,shops_at
A_CUST107383,M_MER100157,shops_at
A_CUST107383,M_MER100320,shops_at
A_CUST107393,C_CARD509594,uses_card
A_CUST107393,M_MER100356,shops_at
A_CUST107393,L_Gujarat,located_in
A_CUST107397,C_CARD509599,uses_card
A_CUST107397,M_MER100035,shops_at
A_CUST107397,L_Kerala,located_in
A_CUST107397,M_MER100149,shops_at
A_CUST107397,C_CARD509601,uses_card
A_CUST107397,M_MER100292,shops_at
A_CUST107402,C_CARD509607,uses_card
A_CUST107402,M_MER100431,shops_at
A_CUST107402,L_Haryana,located_in
A_CUST107405,C_CARD509612,uses_card
A_CUST107405,M_MER100305,shops_at
A_CUST107405,L_Telangana,located_in
A_CUST107405,M_MER100406,shops_at
A_CUST107405,M_MER100382,shops_at
A_CUST107408,C_CARD509615,uses_card
A_CUST107408,M_MER100424,shops_at
A_CUST107408,L_Karnataka,located_in
A_CUST107411,C_CARD509619,uses_card
A_CUST107411,M_MER100286,shops_at
A_CUST107411,L_Bihar,located_in
A_CUST107411,M_MER100358,shops_at
A_CUST107413,C_CARD509624,uses_card
A_CUST107413,M_MER100311,shops_at
A_CUST107413,L_Assam,located_in
A_CUST107414,C_CARD509626,uses_card
A_CUST107414,M_MER100468,shops_at
A_CUST107414,L_Karnataka,located_in
A_CUST107416,C_CARD509629,uses_card
A_CUST107416,M_MER100358,shops_at
A_CUST107416,L_West Bengal,located_in
A_CUST107417,C_CARD509630,uses_card
A_CUST107417,M_MER100405,shops_at
A_CUST107417,L_Haryana,located_in
A_CUST107420,C_CARD509634,uses_card
A_CUST107420,M_MER100271,shops_at
A_CUST107420,L_Haryana,located_in
A_CUST107425,C_CARD509640,uses_card
A_CUST107425,M_MER100305,shops_at
A_CUST107425,L_West Bengal,located_in
A_CUST107425,M_MER100326,shops_at
A_CUST107430,C_CARD509645,uses_card
A_CUST107430,M_MER100035,shops_at
A_CUST107430,L_Assam,located_in
A_CUST107435,C_CARD509651,uses_card
A_CUST107435,M_MER100467,shops_at
A_CUST107435,L_Madhya Pradesh,located_in
A_CUST107435,M_MER100178,shops_at
A_CUST107438,C_CARD509657,uses_card
A_CUST107438,M_MER100390,shops_at
A_CUST107438,L_Telangana,located_in
A_CUST107440,C_CARD509660,uses_card
A_CUST107440,M_MER100302,shops_at
A_CUST107440,L_Telangana,located_in
A_CUST107441,C_CARD509661,uses_card
A_CUST107441,M_MER100218,shops_at
A_CUST107441,L_Karnataka,located_in
A_CUST107445,C_CARD509667,uses_card
A_CUST107445,M_MER100153,shops_at
A_CUST107445,L_Kerala,located_in
A_CUST107447,C_CARD509670,uses_card
A_CUST107447,M_MER100122,shops_at
A_CUST107447,L_West Bengal,located_in
A_CUST107447,C_CARD509671,uses_card
A_CUST107447,M_MER100255,shops_at
A_CUST107447,M_MER100307,shops_at
A_CUST107447,M_MER100040,shops_at
A_CUST107447,M_MER100252,shops_at
A_CUST107450,C_CARD509675,uses_card
A_CUST107450,M_MER100333,shops_at
A_CUST107450,L_Karnataka,located_in
A_CUST107453,C_CARD509678,uses_card
A_CUST107453,M_MER100437,shops_at
A_CUST107453,L_Punjab,located_in
A_CUST107453,M_MER100142,shops_at
A_CUST107453,C_CARD509679,uses_card
A_CUST107453,M_MER100383,shops_at
A_CUST107453,M_MER100431,shops_at
A_CUST107453,M_MER100315,shops_at
A_CUST107453,C_CARD509680,uses_card
A_CUST107453,M_MER100365,shops_at
A_CUST107453,M_MER100257,shops_at
A_CUST107466,C_CARD509694,uses_card
A_CUST107466,M_MER100291,shops_at
A_CUST107466,L_Telangana,located_in
A_CUST107466,M_MER100333,shops_at
A_CUST107466,M_MER100326,shops_at
A_CUST107470,C_CARD509699,uses_card
A_CUST107470,M_MER100173,shops_at
A_CUST107470,L_Haryana,located_in
A_CUST107473,C_CARD509703,uses_card
A_CUST107473,M_MER100448,shops_at
A_CUST107473,L_Punjab,located_in
A_CUST107474,C_CARD509705,uses_card
A_CUST107474,M_MER100175,shops_at
A_CUST107474,L_Tamil Nadu,located_in
A_CUST107474,C_CARD509704,uses_card
A_CUST107474,M_MER100274,shops_at
A_CUST107474,M_MER100325,shops_at
A_CUST107474,M_MER100013,shops_at
A_CUST107478,C_CARD509711,uses_card
A_CUST107478,M_MER100175,shops_at
A_CUST107478,L_Tamil Nadu,located_in
A_CUST107483,C_CARD509716,uses_card
A_CUST107483,M_MER100256,shops_at
A_CUST107483,L_Gujarat,located_in
A_CUST107487,C_CARD509721,uses_card
A_CUST107487,M_MER100261,shops_at
A_CUST107487,L_Uttar Pradesh,located_in
A_CUST107490,C_CARD509727,uses_card
A_CUST107490,M_MER100249,shops_at
A_CUST107490,L_Haryana,located_in
A_CUST107492,C_CARD509729,uses_card
A_CUST107492,M_MER100216,shops_at
A_CUST107492,L_Bihar,located_in
A_CUST107494,C_CARD509732,uses_card
A_CUST107494,M_MER100243,shops_at
A_CUST107494,L_Kerala,located_in
A_CUST107496,C_CARD509735,uses_card
A_CUST107496,M_MER100439,shops_at
A_CUST107496,L_Gujarat,located_in
A_CUST107496,M_MER100308,shops_at
A_CUST107498,C_CARD509737,uses_card
A_CUST107498,M_MER100224,shops_at
A_CUST107498,L_West Bengal,located_in
A_CUST107498,M_MER100242,shops_at
A_CUST107504,C_CARD509745,uses_card
A_CUST107504,M_MER100018,shops_at
A_CUST107504,L_Bihar,located_in
A_CUST107504,M_MER100237,shops_at
A_CUST107505,C_CARD509747,uses_card
A_CUST107505,M_MER100367,shops_at
A_CUST107505,L_Assam,located_in
A_CUST107505,M_MER100138,shops_at
A_CUST107506,C_CARD509748,uses_card
A_CUST107506,M_MER100022,shops_at
A_CUST107506,L_Assam,located_in
A_CUST107512,C_CARD509754,uses_card
A_CUST107512,M_MER100323,shops_at
A_CUST107512,L_Gujarat,located_in
A_CUST107512,C_CARD509755,uses_card
A_CUST107512,M_MER100367,shops_at
A_CUST107515,C_CARD509759,uses_card
A_CUST107515,M_MER100146,shops_at
A_CUST107515,L_Punjab,located_in
A_CUST107515,M_MER100108,shops_at
A_CUST107515,M_MER100051,shops_at
A_CUST107519,C_CARD509766,uses_card
A_CUST107519,M_MER100416,shops_at
A_CUST107519,L_Maharashtra,located_in
A_CUST107524,C_CARD509771,uses_card
A_CUST107524,M_MER100004,shops_at
A_CUST107524,L_Karnataka,located_in
A_CUST107527,C_CARD509780,uses_card
A_CUST107527,M_MER100375,shops_at
A_CUST107527,L_Gujarat,located_in
A_CUST107528,C_CARD509782,uses_card
A_CUST107528,M_MER100443,shops_at
A_CUST107528,L_Telangana,located_in
A_CUST107532,C_CARD509786,uses_card
A_CUST107532,M_MER100225,shops_at
A_CUST107532,L_Rajasthan,located_in
A_CUST107539,C_CARD509796,uses_card
A_CUST107539,M_MER100456,shops_at
A_CUST107539,L_Tamil Nadu,located_in
A_CUST107542,C_CARD509799,uses_card
A_CUST107542,M_MER100140,shops_at
A_CUST107542,L_Bihar,located_in
A_CUST107550,C_CARD509811,uses_card
A_CUST107550,M_MER100047,shops_at
A_CUST107550,L_Kerala,located_in
A_CUST107559,C_CARD509821,uses_card
A_CUST107559,M_MER100237,shops_at
A_CUST107559,L_Maharashtra,located_in
A_CUST107559,C_CARD509822,uses_card
A_CUST107559,M_MER100068,shops_at
A_CUST107559,M_MER100226,shops_at
A_CUST107559,M_MER100218,shops_at
A_CUST107561,C_CARD509826,uses_card
A_CUST107561,M_MER100041,shops_at
A_CUST107561,L_Tamil Nadu,located_in
A_CUST107566,C_CARD509834,uses_card
A_CUST107566,M_MER100055,shops_at
A_CUST107566,L_Bihar,located_in
A_CUST107566,C_CARD509832,uses_card
A_CUST107566,M_MER100303,shops_at
A_CUST107566,M_MER100495,shops_at
A_CUST107569,C_CARD509838,uses_card
A_CUST107569,M_MER100199,shops_at
A_CUST107569,L_Punjab,located_in
A_CUST107571,C_CARD509840,uses_card
A_CUST107571,M_MER100179,shops_at
A_CUST107571,L_Haryana,located_in
A_CUST107578,C_CARD509847,uses_card
A_CUST107578,M_MER100439,shops_at
A_CUST107578,L_Gujarat,located_in
A_CUST107578,M_MER100234,shops_at
A_CUST107578,M_MER100020,shops_at
A_CUST107578,M_MER100466,shops_at
A_CUST107579,C_CARD509849,uses_card
A_CUST107579,M_MER100234,shops_at
A_CUST107579,L_Assam,located_in
A_CUST107579,M_MER100482,shops_at
A_CUST107583,C_CARD509854,uses_card
A_CUST107583,M_MER100282,shops_at
A_CUST107583,L_Rajasthan,located_in
A_CUST107584,C_CARD509855,uses_card
A_CUST107584,M_MER100342,shops_at
A_CUST107584,L_Bihar,located_in
A_CUST107584,C_CARD509856,uses_card
A_CUST107584,M_MER100326,shops_at
A_CUST107586,C_CARD509860,uses_card
A_CUST107586,M_MER100117,shops_at
A_CUST107586,L_Bihar,located_in
A_CUST107589,C_CARD509864,uses_card
A_CUST107589,M_MER100089,shops_at
A_CUST107589,L_Karnataka,located_in
A_CUST107589,C_CARD509865,uses_card
A_CUST107589,M_MER100039,shops_at
A_CUST107598,C_CARD509878,uses_card
A_CUST107598,M_MER100466,shops_at
A_CUST107598,L_Uttar Pradesh,located_in
A_CUST107604,C_CARD509885,uses_card
A_CUST107604,M_MER100225,shops_at
A_CUST107604,L_Maharashtra,located_in
A_CUST107604,M_MER100022,shops_at
A_CUST107604,C_CARD509884,uses_card
A_CUST107604,M_MER100360,shops_at
A_CUST107605,C_CARD509887,uses_card
A_CUST107605,M_MER100322,shops_at
A_CUST107605,L_Maharashtra,located_in
A_CUST107605,C_CARD509886,uses_card
A_CUST107605,M_MER100438,shops_at
A_CUST107605,M_MER100328,shops_at
A_CUST107609,C_CARD509895,uses_card
A_CUST107609,M_MER100464,shops_at
A_CUST107609,L_Maharashtra,located_in
A_CUST107610,C_CARD509896,uses_card
A_CUST107610,M_MER100252,shops_at
A_CUST107610,L_Punjab,located_in
A_CUST107613,C_CARD509900,uses_card
A_CUST107613,M_MER100205,shops_at
A_CUST107613,L_Uttar Pradesh,located_in
A_CUST107613,M_MER100383,shops_at
A_CUST107615,C_CARD509903,uses_card
A_CUST107615,M_MER100291,shops_at
A_CUST107615,L_Rajasthan,located_in
A_CUST107616,C_CARD509904,uses_card
A_CUST107616,M_MER100359,shops_at
A_CUST107616,L_Haryana,located_in
A_CUST107617,C_CARD509905,uses_card
A_CUST107617,M_MER100235,shops_at
A_CUST107617,L_Madhya Pradesh,located_in
A_CUST107617,C_CARD509906,uses_card
A_CUST107617,M_MER100045,shops_at
A_CUST107619,C_CARD509909,uses_card
A_CUST107619,M_MER100297,shops_at
A_CUST107619,L_West Bengal,located_in
A_CUST107619,C_CARD509911,uses_card
A_CUST107619,M_MER100314,shops_at
A_CUST107619,M_MER100031,shops_at
A_CUST107619,M_MER100332,shops_at
A_CUST107623,C_CARD509916,uses_card
A_CUST107623,M_MER100454,shops_at
A_CUST107623,L_Punjab,located_in
A_CUST107623,M_MER100227,shops_at
A_CUST107626,C_CARD509919,uses_card
A_CUST107626,M_MER100235,shops_at
A_CUST107626,L_Madhya Pradesh,located_in
A_CUST107626,M_MER100046,shops_at
A_CUST107631,C_CARD509924,uses_card
A_CUST107631,M_MER100463,shops_at
A_CUST107631,L_Assam,located_in
A_CUST107631,C_CARD509925,uses_card
A_CUST107631,M_MER100406,shops_at
A_CUST107639,C_CARD509933,uses_card
A_CUST107639,M_MER100021,shops_at
A_CUST107639,L_Tamil Nadu,located_in
A_CUST107641,C_CARD509938,uses_card
A_CUST107641,M_MER100500,shops_at
A_CUST107641,L_Maharashtra,located_in
A_CUST107643,C_CARD509941,uses_card
A_CUST107643,M_MER100476,shops_at
A_CUST107643,L_West Bengal,located_in
A_CUST107643,C_CARD509940,uses_card
A_CUST107643,M_MER100083,shops_at
A_CUST107643,M_MER100470,shops_at
A_CUST107671,C_CARD509973,uses_card
A_CUST107671,M_MER100197,shops_at
A_CUST107671,L_Kerala,located_in
A_CUST107671,C_CARD509972,uses_card
A_CUST107671,M_MER100196,shops_at
A_CUST107675,C_CARD509979,uses_card
A_CUST107675,M_MER100022,shops_at
A_CUST107675,L_Assam,located_in
A_CUST107675,M_MER100236,shops_at
A_CUST107676,C_CARD509980,uses_card
A_CUST107676,M_MER100135,shops_at
A_CUST107676,L_Haryana,located_in
A_CUST107680,C_CARD509984,uses_card
A_CUST107680,M_MER100186,shops_at
A_CUST107680,L_Haryana,located_in
A_CUST107683,C_CARD509987,uses_card
A_CUST107683,M_MER100268,shops_at
A_CUST107683,L_Odisha,located_in
A_CUST107688,C_CARD509992,uses_card
A_CUST107688,M_MER100333,shops_at
A_CUST107688,L_Karnataka,located_in
A_CUST107689,C_CARD509993,uses_card
A_CUST107689,M_MER100290,shops_at
A_CUST107689,L_Assam,located_in
A_CUST107691,C_CARD509996,uses_card
A_CUST107691,M_MER100473,shops_at
A_CUST107691,L_Uttar Pradesh,located_in
A_CUST107691,M_MER100383,shops_at
A_CUST107692,C_CARD509998,uses_card
A_CUST107692,M_MER100379,shops_at
A_CUST107692,L_Maharashtra,located_in
A_CUST107699,C_CARD510005,uses_card
A_CUST107699,M_MER100156,shops_at
A_CUST107699,L_Maharashtra,located_in
A_CUST107700,C_CARD510007,uses_card
A_CUST107700,M_MER100022,shops_at
A_CUST107700,L_Bihar,located_in
A_CUST107702,C_CARD510010,uses_card
A_CUST107702,M_MER100178,shops_at
A_CUST107702,L_Uttar Pradesh,located_in
A_CUST107703,C_CARD510011,uses_card
A_CUST107703,M_MER100046,shops_at
A_CUST107703,L_Kerala,located_in
A_CUST107706,C_CARD510015,uses_card
A_CUST107706,M_MER100149,shops_at
A_CUST107706,L_Bihar,located_in
A_CUST107713,C_CARD510025,uses_card
A_CUST107713,M_MER100404,shops_at
A_CUST107713,L_Gujarat,located_in
A_CUST107714,C_CARD510027,uses_card
A_CUST107714,M_MER100146,shops_at
A_CUST107714,L_Madhya Pradesh,located_in
A_CUST107721,C_CARD510034,uses_card
A_CUST107721,M_MER100382,shops_at
A_CUST107721,L_Haryana,located_in
A_CUST107721,M_MER100163,shops_at
A_CUST107727,C_CARD510042,uses_card
A_CUST107727,M_MER100036,shops_at
A_CUST107727,L_Gujarat,located_in
A_CUST107731,C_CARD510048,uses_card
A_CUST107731,M_MER100049,shops_at
A_CUST107731,L_Haryana,located_in
A_CUST107732,C_CARD510050,uses_card
A_CUST107732,M_MER100085,shops_at
A_CUST107732,L_Odisha,located_in
A_CUST107732,M_MER100495,shops_at
A_CUST107733,C_CARD510051,uses_card
A_CUST107733,M_MER100067,shops_at
A_CUST107733,L_West Bengal,located_in
A_CUST107733,M_MER100400,shops_at
A_CUST107736,C_CARD510055,uses_card
A_CUST107736,M_MER100221,shops_at
A_CUST107736,L_Kerala,located_in
A_CUST107737,C_CARD510057,uses_card
A_CUST107737,M_MER100500,shops_at
A_CUST107737,L_Karnataka,located_in
A_CUST107737,C_CARD510059,uses_card
A_CUST107737,M_MER100227,shops_at
A_CUST107737,M_MER100055,shops_at
A_CUST107737,M_MER100430,shops_at
A_CUST107738,C_CARD510060,uses_card
A_CUST107738,M_MER100132,shops_at
A_CUST107738,L_Assam,located_in
A_CUST107739,C_CARD510062,uses_card
A_CUST107739,M_MER100358,shops_at
A_CUST107739,L_Madhya Pradesh,located_in
A_CUST107739,C_CARD510061,uses_card
A_CUST107739,M_MER100382,shops_at
A_CUST107741,C_CARD510064,uses_card
A_CUST107741,M_MER100189,shops_at
A_CUST107741,L_Tamil Nadu,located_in
A_CUST107742,C_CARD510065,uses_card
A_CUST107742,M_MER100108,shops_at
A_CUST107742,L_Bihar,located_in
A_CUST107748,C_CARD510071,uses_card
A_CUST107748,M_MER100218,shops_at
A_CUST107748,L_Bihar,located_in
A_CUST107748,M_MER100236,shops_at
A_CUST107749,C_CARD510074,uses_card
A_CUST107749,M_MER100424,shops_at
A_CUST107749,L_Kerala,located_in
A_CUST107750,C_CARD510076,uses_card
A_CUST107750,M_MER100456,shops_at
A_CUST107750,L_Rajasthan,located_in
A_CUST107750,M_MER100279,shops_at
A_CUST107750,M_MER100007,shops_at
A_CUST107752,C_CARD510079,uses_card
A_CUST107752,M_MER100203,shops_at
A_CUST107752,L_Haryana,located_in
A_CUST107760,C_CARD510088,uses_card
A_CUST107760,M_MER100107,shops_at
A_CUST107760,L_Tamil Nadu,located_in
A_CUST107761,C_CARD510090,uses_card
A_CUST107761,M_MER100022,shops_at
A_CUST107761,L_Haryana,located_in
A_CUST107763,C_CARD510092,uses_card
A_CUST107763,M_MER100326,shops_at
A_CUST107763,L_Uttar Pradesh,located_in
A_CUST107766,C_CARD510096,uses_card
A_CUST107766,M_MER100291,shops_at
A_CUST107766,L_Uttar Pradesh,located_in
A_CUST107770,C_CARD510102,uses_card
A_CUST107770,M_MER100050,shops_at
A_CUST107770,L_Assam,located_in
A_CUST107770,M_MER100305,shops_at
A_CUST107770,C_CARD510101,uses_card
A_CUST107770,M_MER100237,shops_at
A_CUST107770,M_MER100474,shops_at
A_CUST107770,C_CARD510100,uses_card
A_CUST107770,M_MER100127,shops_at
A_CUST107773,C_CARD510105,uses_card
A_CUST107773,M_MER100326,shops_at
A_CUST107773,L_Assam,located_in
A_CUST107773,C_CARD510106,uses_card
A_CUST107773,M_MER100081,shops_at
A_CUST107777,C_CARD510111,uses_card
A_CUST107777,M_MER100474,shops_at
A_CUST107777,L_Punjab,located_in
A_CUST107777,M_MER100478,shops_at
A_CUST107777,M_MER100151,shops_at
A_CUST107778,C_CARD510113,uses_card
A_CUST107778,M_MER100059,shops_at
A_CUST107778,L_Madhya Pradesh,located_in
A_CUST107782,C_CARD510118,uses_card
A_CUST107782,M_MER100242,shops_at
A_CUST107782,L_Assam,located_in
A_CUST107783,C_CARD510119,uses_card
A_CUST107783,M_MER100031,shops_at
A_CUST107783,L_Uttar Pradesh,located_in
A_CUST107783,M_MER100022,shops_at
A_CUST107784,C_CARD510122,uses_card
A_CUST107784,M_MER100046,shops_at
A_CUST107784,L_Tamil Nadu,located_in
A_CUST107784,M_MER100062,shops_at
A_CUST107784,M_MER100091,shops_at
A_CUST107787,C_CARD510126,uses_card
A_CUST107787,M_MER100307,shops_at
A_CUST107787,L_Punjab,located_in
A_CUST107798,C_CARD510140,uses_card
A_CUST107798,M_MER100072,shops_at
A_CUST107798,L_Telangana,located_in
A_CUST107798,C_CARD510139,uses_card
A_CUST107798,M_MER100333,shops_at
A_CUST107800,C_CARD510144,uses_card
A_CUST107800,M_MER100278,shops_at
A_CUST107800,L_Gujarat,located_in
A_CUST107800,C_CARD510145,uses_card
A_CUST107800,M_MER100199,shops_at
A_CUST107813,C_CARD510158,uses_card
A_CUST107813,M_MER100367,shops_at
A_CUST107813,L_Assam,located_in
A_CUST107814,C_CARD510159,uses_card
A_CUST107814,M_MER100343,shops_at
A_CUST107814,L_Uttar Pradesh,located_in
A_CUST107814,M_MER100469,shops_at
A_CUST107814,C_CARD510160,uses_card
A_CUST107814,M_MER100055,shops_at
A_CUST107818,C_CARD510164,uses_card
A_CUST107818,M_MER100152,shops_at
A_CUST107818,L_Odisha,located_in
A_CUST107820,C_CARD510167,uses_card
A_CUST107820,M_MER100057,shops_at
A_CUST107820,L_Madhya Pradesh,located_in
A_CUST107820,M_MER100353,shops_at
A_CUST107821,C_CARD510169,uses_card
A_CUST107821,M_MER100059,shops_at
A_CUST107821,L_Gujarat,located_in
A_CUST107833,C_CARD510182,uses_card
A_CUST107833,M_MER100358,shops_at
A_CUST107833,L_Kerala,located_in
A_CUST107835,C_CARD510184,uses_card
A_CUST107835,M_MER100323,shops_at
A_CUST107835,L_Tamil Nadu,located_in
A_CUST107840,C_CARD510190,uses_card
A_CUST107840,M_MER100086,shops_at
A_CUST107840,L_Maharashtra,located_in
A_CUST107840,M_MER100212,shops_at
A_CUST107846,C_CARD510198,uses_card
A_CUST107846,M_MER100254,shops_at
A_CUST107846,L_Haryana,located_in
A_CUST107846,C_CARD510197,uses_card
A_CUST107846,M_MER100328,shops_at
A_CUST107850,C_CARD510202,uses_card
A_CUST107850,M_MER100414,shops_at
A_CUST107850,L_West Bengal,located_in
A_CUST107852,C_CARD510205,uses_card
A_CUST107852,M_MER100500,shops_at
A_CUST107852,L_Tamil Nadu,located_in
A_CUST107852,M_MER100158,shops_at
A_CUST107859,C_CARD510212,uses_card
A_CUST107859,M_MER100312,shops_at
A_CUST107859,L_Punjab,located_in
A_CUST107863,C_CARD510217,uses_card
A_CUST107863,M_MER100256,shops_at
A_CUST107863,L_Haryana,located_in
A_CUST107864,C_CARD510219,uses_card
A_CUST107864,M_MER100393,shops_at
A_CUST107864,L_Haryana,located_in
A_CUST107865,C_CARD510220,uses_card
A_CUST107865,M_MER100290,shops_at
A_CUST107865,L_Punjab,located_in
A_CUST107866,C_CARD510221,uses_card
A_CUST107866,M_MER100389,shops_at
A_CUST107866,L_Rajasthan,located_in
A_CUST107870,C_CARD510225,uses_card
A_CUST107870,M_MER100319,shops_at
A_CUST107870,L_Telangana,located_in
A_CUST107875,C_CARD510231,uses_card
A_CUST107875,M_MER100451,shops_at
A_CUST107875,L_Karnataka,located_in
A_CUST107875,M_MER100481,shops_at
A_CUST107887,C_CARD510245,uses_card
A_CUST107887,M_MER100394,shops_at
A_CUST107887,L_Rajasthan,located_in
A_CUST107887,M_MER100028,shops_at
A_CUST107887,M_MER100110,shops_at
A_CUST107887,M_MER100158,shops_at
A_CUST107889,C_CARD510250,uses_card
A_CUST107889,M_MER100339,shops_at
A_CUST107889,L_Rajasthan,located_in
A_CUST107889,C_CARD510249,uses_card
A_CUST107889,M_MER100406,shops_at
A_CUST107894,C_CARD510258,uses_card
A_CUST107894,M_MER100250,shops_at
A_CUST107894,L_Bihar,located_in
A_CUST107896,C_CARD510262,uses_card
A_CUST107896,M_MER100018,shops_at
A_CUST107896,L_Gujarat,located_in
A_CUST107904,C_CARD510272,uses_card
A_CUST107904,M_MER100413,shops_at
A_CUST107904,L_Kerala,located_in
A_CUST107904,M_MER100018,shops_at
A_CUST107904,M_MER100347,shops_at
A_CUST107905,C_CARD510274,uses_card
A_CUST107905,M_MER100183,shops_at
A_CUST107905,L_Rajasthan,located_in
A_CUST107905,M_MER100335,shops_at
A_CUST107909,C_CARD510279,uses_card
A_CUST107909,M_MER100357,shops_at
A_CUST107909,L_Assam,located_in
A_CUST107909,C_CARD510280,uses_card
A_CUST107909,M_MER100002,shops_at
A_CUST107911,C_CARD510282,uses_card
A_CUST107911,M_MER100291,shops_at
A_CUST107911,L_Madhya Pradesh,located_in
A_CUST107923,C_CARD510299,uses_card
A_CUST107923,M_MER100052,shops_at
A_CUST107923,L_Punjab,located_in
A_CUST107924,C_CARD510300,uses_card
A_CUST107924,M_MER100367,shops_at
A_CUST107924,L_Karnataka,located_in
A_CUST107931,C_CARD510310,uses_card
A_CUST107931,M_MER100369,shops_at
A_CUST107931,L_Maharashtra,located_in
A_CUST107931,M_MER100237,shops_at
A_CUST107931,M_MER100391,shops_at
A_CUST107931,C_CARD510311,uses_card
A_CUST107931,M_MER100495,shops_at
A_CUST107940,C_CARD510320,uses_card
A_CUST107940,M_MER100473,shops_at
A_CUST107940,L_Gujarat,located_in
A_CUST107948,C_CARD510331,uses_card
A_CUST107948,M_MER100003,shops_at
A_CUST107948,L_Karnataka,located_in
A_CUST107949,C_CARD510334,uses_card
A_CUST107949,M_MER100005,shops_at
A_CUST107949,L_Telangana,located_in
A_CUST107949,M_MER100331,shops_at
A_CUST107949,M_MER100490,shops_at
A_CUST107950,C_CARD510335,uses_card
A_CUST107950,M_MER100437,shops_at
A_CUST107950,L_Tamil Nadu,located_in
A_CUST107952,C_CARD510337,uses_card
A_CUST107952,M_MER100495,shops_at
A_CUST107952,L_Odisha,located_in
A_CUST107960,C_CARD510347,uses_card
A_CUST107960,M_MER100148,shops_at
A_CUST107960,L_Gujarat,located_in
A_CUST107965,C_CARD510352,uses_card
A_CUST107965,M_MER100077,shops_at
A_CUST107965,L_Karnataka,located_in
A_CUST107967,C_CARD510355,uses_card
A_CUST107967,M_MER100307,shops_at
A_CUST107967,L_Odisha,located_in
A_CUST107967,M_MER100364,shops_at
A_CUST107967,M_MER100010,shops_at
A_CUST107967,M_MER100099,shops_at
A_CUST107968,C_CARD510357,uses_card
A_CUST107968,M_MER100292,shops_at
A_CUST107968,L_Assam,located_in
A_CUST107971,C_CARD510361,uses_card
A_CUST107971,M_MER100179,shops_at
A_CUST107971,L_Kerala,located_in
A_CUST107971,M_MER100325,shops_at
A_CUST107971,M_MER100062,shops_at
A_CUST107971,M_MER100069,shops_at
A_CUST107971,M_MER100237,shops_at
A_CUST107971,M_MER100244,shops_at
A_CUST107971,M_MER100468,shops_at
A_CUST107971,M_MER100305,shops_at
A_CUST107972,C_CARD510362,uses_card
A_CUST107972,M_MER100336,shops_at
A_CUST107972,L_Maharashtra,located_in
A_CUST107979,C_CARD510372,uses_card
A_CUST107979,M_MER100475,shops_at
A_CUST107979,L_Odisha,located_in
A_CUST107989,C_CARD510384,uses_card
A_CUST107989,M_MER100081,shops_at
A_CUST107989,L_Karnataka,located_in
A_CUST107990,C_CARD510386,uses_card
A_CUST107990,M_MER100288,shops_at
A_CUST107990,L_Haryana,located_in
A_CUST107993,C_CARD510391,uses_card
A_CUST107993,M_MER100062,shops_at
A_CUST107993,L_Odisha,located_in
A_CUST107995,C_CARD510393,uses_card
A_CUST107995,M_MER100179,shops_at
A_CUST107995,L_Haryana,located_in
A_CUST107995,M_MER100424,shops_at
A_CUST107996,C_CARD510396,uses_card
A_CUST107996,M_MER100155,shops_at
A_CUST107996,L_Rajasthan,located_in
A_CUST107999,C_CARD510399,uses_card
A_CUST107999,M_MER100398,shops_at
A_CUST107999,L_Telangana,located_in
A_CUST107999,M_MER100233,shops_at
A_CUST108005,C_CARD510406,uses_card
A_CUST108005,M_MER100257,shops_at
A_CUST108005,L_Uttar Pradesh,located_in
A_CUST108011,C_CARD510413,uses_card
A_CUST108011,M_MER100298,shops_at
A_CUST108011,L_Madhya Pradesh,located_in
A_CUST108012,C_CARD510414,uses_card
A_CUST108012,M_MER100495,shops_at
A_CUST108012,L_Assam,located_in
A_CUST108016,C_CARD510420,uses_card
A_CUST108016,M_MER100430,shops_at
A_CUST108016,L_Haryana,located_in
A_CUST108020,C_CARD510424,uses_card
A_CUST108020,M_MER100221,shops_at
A_CUST108020,L_Uttar Pradesh,located_in
A_CUST108020,M_MER100451,shops_at
A_CUST108027,C_CARD510433,uses_card
A_CUST108027,M_MER100207,shops_at
A_CUST108027,L_Madhya Pradesh,located_in
A_CUST108033,C_CARD510439,uses_card
A_CUST108033,M_MER100495,shops_at
A_CUST108033,L_Tamil Nadu,located_in
A_CUST108034,C_CARD510440,uses_card
A_CUST108034,M_MER100004,shops_at
A_CUST108034,L_Gujarat,located_in
A_CUST108043,C_CARD510452,uses_card
A_CUST108043,M_MER100443,shops_at
A_CUST108043,L_Kerala,located_in
A_CUST108053,C_CARD510465,uses_card
A_CUST108053,M_MER100328,shops_at
A_CUST108053,L_Madhya Pradesh,located_in
A_CUST108053,C_CARD510466,uses_card
A_CUST108053,M_MER100364,shops_at
A_CUST108056,C_CARD510471,uses_card
A_CUST108056,M_MER100384,shops_at
A_CUST108056,L_Maharashtra,located_in
A_CUST108056,M_MER100114,shops_at
A_CUST108059,C_CARD510475,uses_card
A_CUST108059,M_MER100404,shops_at
A_CUST108059,L_Rajasthan,located_in
A_CUST108064,C_CARD510482,uses_card
A_CUST108064,M_MER100406,shops_at
A_CUST108064,L_Maharashtra,located_in
A_CUST108069,C_CARD510490,uses_card
A_CUST108069,M_MER100494,shops_at
A_CUST108069,L_Odisha,located_in
A_CUST108072,C_CARD510495,uses_card
A_CUST108072,M_MER100280,shops_at
A_CUST108072,L_Maharashtra,located_in
A_CUST108075,C_CARD510499,uses_card
A_CUST108075,M_MER100495,shops_at
A_CUST108075,L_Telangana,located_in
A_CUST108080,C_CARD510504,uses_card
A_CUST108080,M_MER100275,shops_at
A_CUST108080,L_West Bengal,located_in
A_CUST108083,C_CARD510508,uses_card
A_CUST108083,M_MER100226,shops_at
A_CUST108083,L_Rajasthan,located_in
A_CUST108086,C_CARD510515,uses_card
A_CUST108086,M_MER100015,shops_at
A_CUST108086,L_Kerala,located_in
A_CUST108090,C_CARD510519,uses_card
A_CUST108090,M_MER100465,shops_at
A_CUST108090,L_Haryana,located_in
A_CUST108095,C_CARD510526,uses_card
A_CUST108095,M_MER100215,shops_at
A_CUST108095,L_Kerala,located_in
A_CUST108096,C_CARD510527,uses_card
A_CUST108096,M_MER100141,shops_at
A_CUST108096,L_Telangana,located_in
A_CUST108097,C_CARD510529,uses_card
A_CUST108097,M_MER100102,shops_at
A_CUST108097,L_Bihar,located_in
A_CUST108097,C_CARD510530,uses_card
A_CUST108097,M_MER100249,shops_at
A_CUST108106,C_CARD510542,uses_card
A_CUST108106,M_MER100106,shops_at
A_CUST108106,L_Madhya Pradesh,located_in
A_CUST108106,M_MER100021,shops_at
A_CUST108107,C_CARD510543,uses_card
A_CUST108107,M_MER100424,shops_at
A_CUST108107,L_Punjab,located_in
A_CUST108108,C_CARD510544,uses_card
A_CUST108108,M_MER100334,shops_at
A_CUST108108,L_Karnataka,located_in
A_CUST108112,C_CARD510548,uses_card
A_CUST108112,M_MER100065,shops_at
A_CUST108112,L_Maharashtra,located_in
A_CUST108112,M_MER100471,shops_at
A_CUST108112,M_MER100115,shops_at
A_CUST108116,C_CARD510553,uses_card
A_CUST108116,M_MER100359,shops_at
A_CUST108116,L_Punjab,located_in
A_CUST108120,C_CARD510557,uses_card
A_CUST108120,M_MER100490,shops_at
A_CUST108120,L_Bihar,located_in
A_CUST108121,C_CARD510559,uses_card
A_CUST108121,M_MER100014,shops_at
A_CUST108121,L_Punjab,located_in
A_CUST108121,C_CARD510560,uses_card
A_CUST108121,M_MER100007,shops_at
A_CUST108121,M_MER100401,shops_at
A_CUST108122,C_CARD510561,uses_card
A_CUST108122,M_MER100237,shops_at
A_CUST108122,L_Bihar,located_in
A_CUST108124,C_CARD510564,uses_card
A_CUST108124,M_MER100339,shops_at
A_CUST108124,L_Maharashtra,located_in
A_CUST108128,C_CARD510569,uses_card
A_CUST108128,M_MER100226,shops_at
A_CUST108128,L_Assam,located_in
A_CUST108143,C_CARD510585,uses_card
A_CUST108143,M_MER100089,shops_at
A_CUST108143,L_Rajasthan,located_in
A_CUST108145,C_CARD510587,uses_card
A_CUST108145,M_MER100198,shops_at
A_CUST108145,L_Odisha,located_in
A_CUST108146,C_CARD510588,uses_card
A_CUST108146,M_MER100405,shops_at
A_CUST108146,L_Telangana,located_in
A_CUST108148,C_CARD510592,uses_card
A_CUST108148,M_MER100254,shops_at
A_CUST108148,L_Gujarat,located_in
A_CUST108152,C_CARD510597,uses_card
A_CUST108152,M_MER100105,shops_at
A_CUST108152,L_Maharashtra,located_in
A_CUST108162,C_CARD510612,uses_card
A_CUST108162,M_MER100225,shops_at
A_CUST108162,L_Kerala,located_in
A_CUST108162,C_CARD510610,uses_card
A_CUST108162,M_MER100446,shops_at
A_CUST108162,M_MER100254,shops_at
A_CUST108162,M_MER100069,shops_at
A_CUST108162,M_MER100473,shops_at
A_CUST108163,C_CARD510613,uses_card
A_CUST108163,M_MER100004,shops_at
A_CUST108163,L_Maharashtra,located_in
A_CUST108163,M_MER100226,shops_at
A_CUST108168,C_CARD510619,uses_card
A_CUST108168,M_MER100159,shops_at
A_CUST108168,L_Karnataka,located_in
A_CUST108168,M_MER100227,shops_at
A_CUST108173,C_CARD510626,uses_card
A_CUST108173,M_MER100425,shops_at
A_CUST108173,L_Gujarat,located_in
A_CUST108177,C_CARD510630,uses_card
A_CUST108177,M_MER100410,shops_at
A_CUST108177,L_Assam,located_in
A_CUST108180,C_CARD510634,uses_card
A_CUST108180,M_MER100369,shops_at
A_CUST108180,L_Kerala,located_in
A_CUST108189,C_CARD510643,uses_card
A_CUST108189,M_MER100087,shops_at
A_CUST108189,L_Uttar Pradesh,located_in
A_CUST108189,M_MER100413,shops_at
A_CUST108189,C_CARD510644,uses_card
A_CUST108189,M_MER100365,shops_at
A_CUST108190,C_CARD510647,uses_card
A_CUST108190,M_MER100032,shops_at
A_CUST108190,L_Uttar Pradesh,located_in
A_CUST108190,C_CARD510646,uses_card
A_CUST108190,M_MER100023,shops_at
A_CUST108193,C_CARD510651,uses_card
A_CUST108193,M_MER100102,shops_at
A_CUST108193,L_Tamil Nadu,located_in
A_CUST108195,C_CARD510654,uses_card
A_CUST108195,M_MER100399,shops_at
A_CUST108195,L_Karnataka,located_in
A_CUST108196,C_CARD510656,uses_card
A_CUST108196,M_MER100138,shops_at
A_CUST108196,L_Uttar Pradesh,located_in
A_CUST108197,C_CARD510657,uses_card
A_CUST108197,M_MER100051,shops_at
A_CUST108197,L_Kerala,located_in
A_CUST108198,C_CARD510660,uses_card
A_CUST108198,M_MER100475,shops_at
A_CUST108198,L_West Bengal,located_in
A_CUST108198,M_MER100190,shops_at
A_CUST108200,C_CARD510662,uses_card
A_CUST108200,M_MER100499,shops_at
A_CUST108200,L_Karnataka,located_in
A_CUST108202,C_CARD510664,uses_card
A_CUST108202,M_MER100190,shops_at
A_CUST108202,L_Assam,located_in
A_CUST108203,C_CARD510666,uses_card
A_CUST108203,M_MER100167,shops_at
A_CUST108203,L_Gujarat,located_in
A_CUST108215,C_CARD510680,uses_card
A_CUST108215,M_MER100286,shops_at
A_CUST108215,L_Haryana,located_in
A_CUST108215,M_MER100480,shops_at
A_CUST108217,C_CARD510684,uses_card
A_CUST108217,M_MER100465,shops_at
A_CUST108217,L_West Bengal,located_in
A_CUST108217,C_CARD510683,uses_card
A_CUST108217,M_MER100250,shops_at
A_CUST108217,C_CARD510682,uses_card
A_CUST108217,M_MER100014,shops_at
A_CUST108218,C_CARD510686,uses_card
A_CUST108218,M_MER100415,shops_at
A_CUST108218,L_Kerala,located_in
A_CUST108229,C_CARD510700,uses_card
A_CUST108229,M_MER100458,shops_at
A_CUST108229,L_Gujarat,located_in
A_CUST108233,C_CARD510705,uses_card
A_CUST108233,M_MER100352,shops_at
A_CUST108233,L_Madhya Pradesh,located_in
A_CUST108233,M_MER100364,shops_at
A_CUST108235,C_CARD510708,uses_card
A_CUST108235,M_MER100404,shops_at
A_CUST108235,L_Gujarat,located_in
A_CUST108238,C_CARD510711,uses_card
A_CUST108238,M_MER100062,shops_at
A_CUST108238,L_Telangana,located_in
A_CUST108239,C_CARD510713,uses_card
A_CUST108239,M_MER100333,shops_at
A_CUST108239,L_Maharashtra,located_in
A_CUST108252,C_CARD510729,uses_card
A_CUST108252,M_MER100141,shops_at
A_CUST108252,L_West Bengal,located_in
A_CUST108253,C_CARD510730,uses_card
A_CUST108253,M_MER100470,shops_at
A_CUST108253,L_Rajasthan,located_in
A_CUST108253,M_MER100423,shops_at
A_CUST108258,C_CARD510737,uses_card
A_CUST108258,M_MER100347,shops_at
A_CUST108258,L_Uttar Pradesh,located_in
A_CUST108259,C_CARD510738,uses_card
A_CUST108259,M_MER100059,shops_at
A_CUST108259,L_West Bengal,located_in
A_CUST108262,C_CARD510741,uses_card
A_CUST108262,M_MER100442,shops_at
A_CUST108262,L_Maharashtra,located_in
A_CUST108265,C_CARD510744,uses_card
A_CUST108265,M_MER100074,shops_at
A_CUST108265,L_Madhya Pradesh,located_in
A_CUST108267,C_CARD510746,uses_card
A_CUST108267,M_MER100333,shops_at
A_CUST108267,L_Uttar Pradesh,located_in
A_CUST108269,C_CARD510749,uses_card
A_CUST108269,M_MER100495,shops_at
A_CUST108269,L_West Bengal,located_in
A_CUST108269,M_MER100288,shops_at
A_CUST108273,C_CARD510754,uses_card
A_CUST108273,M_MER100074,shops_at
A_CUST108273,L_Telangana,located_in
A_CUST108273,M_MER100288,shops_at
A_CUST108273,M_MER100492,shops_at
A_CUST108276,C_CARD510759,uses_card
A_CUST108276,M_MER100234,shops_at
A_CUST108276,L_Karnataka,located_in
A_CUST108277,C_CARD510760,uses_card
A_CUST108277,M_MER100071,shops_at
A_CUST108277,L_Madhya Pradesh,located_in
A_CUST108277,C_CARD510761,uses_card
A_CUST108277,M_MER100226,shops_at
A_CUST108282,C_CARD510769,uses_card
A_CUST108282,M_MER100302,shops_at
A_CUST108282,L_Haryana,located_in
A_CUST108282,C_CARD510768,uses_card
A_CUST108282,M_MER100365,shops_at
A_CUST108287,C_CARD510774,uses_card
A_CUST108287,M_MER100444,shops_at
A_CUST108287,L_Maharashtra,located_in
A_CUST108292,C_CARD510779,uses_card
A_CUST108292,M_MER100472,shops_at
A_CUST108292,L_Karnataka,located_in
A_CUST108295,C_CARD510783,uses_card
A_CUST108295,M_MER100178,shops_at
A_CUST108295,L_Tamil Nadu,located_in
A_CUST108295,M_MER100385,shops_at
A_CUST108295,M_MER100360,shops_at
A_CUST108297,C_CARD510785,uses_card
A_CUST108297,M_MER100167,shops_at
A_CUST108297,L_Rajasthan,located_in
A_CUST108307,C_CARD510796,uses_card
A_CUST108307,M_MER100392,shops_at
A_CUST108307,L_Haryana,located_in
A_CUST108316,C_CARD510807,uses_card
A_CUST108316,M_MER100092,shops_at
A_CUST108316,L_Gujarat,located_in
A_CUST108317,C_CARD510808,uses_card
A_CUST108317,M_MER100365,shops_at
A_CUST108317,L_Haryana,located_in
A_CUST108317,M_MER100499,shops_at
A_CUST108319,C_CARD510811,uses_card
A_CUST108319,M_MER100380,shops_at
A_CUST108319,L_Telangana,located_in
A_CUST108319,C_CARD510810,uses_card
A_CUST108319,M_MER100427,shops_at
A_CUST108319,M_MER100393,shops_at
A_CUST108319,M_MER100136,shops_at
A_CUST108324,C_CARD510817,uses_card
A_CUST108324,M_MER100431,shops_at
A_CUST108324,L_Haryana,located_in
A_CUST108330,C_CARD510825,uses_card
A_CUST108330,M_MER100214,shops_at
A_CUST108330,L_Kerala,located_in
A_CUST108331,C_CARD510827,uses_card
A_CUST108331,M_MER100254,shops_at
A_CUST108331,L_Odisha,located_in
A_CUST108332,C_CARD510829,uses_card
A_CUST108332,M_MER100179,shops_at
A_CUST108332,L_Uttar Pradesh,located_in
A_CUST108335,C_CARD510832,uses_card
A_CUST108335,M_MER100081,shops_at
A_CUST108335,L_Madhya Pradesh,located_in
A_CUST108336,C_CARD510833,uses_card
A_CUST108336,M_MER100462,shops_at
A_CUST108336,L_Rajasthan,located_in
A_CUST108336,C_CARD510834,uses_card
A_CUST108336,M_MER100092,shops_at
A_CUST108341,C_CARD510841,uses_card
A_CUST108341,M_MER100011,shops_at
A_CUST108341,L_Bihar,located_in
A_CUST108341,M_MER100087,shops_at
A_CUST108343,C_CARD510845,uses_card
A_CUST108343,M_MER100249,shops_at
A_CUST108343,L_Tamil Nadu,located_in
A_CUST108349,C_CARD510852,uses_card
A_CUST108349,M_MER100326,shops_at
A_CUST108349,L_Karnataka,located_in
A_CUST108350,C_CARD510854,uses_card
A_CUST108350,M_MER100360,shops_at
A_CUST108350,L_Uttar Pradesh,located_in
A_CUST108352,C_CARD510857,uses_card
A_CUST108352,M_MER100495,shops_at
A_CUST108352,L_Gujarat,located_in
A_CUST108355,C_CARD510860,uses_card
A_CUST108355,M_MER100499,shops_at
A_CUST108355,L_Gujarat,located_in
A_CUST108355,M_MER100021,shops_at
A_CUST108355,C_CARD510861,uses_card
A_CUST108355,M_MER100500,shops_at
A_CUST108356,C_CARD510862,uses_card
A_CUST108356,M_MER100470,shops_at
A_CUST108356,L_Assam,located_in
A_CUST108372,C_CARD510880,uses_card
A_CUST108372,M_MER100158,shops_at
A_CUST108372,L_Gujarat,located_in
A_CUST108377,C_CARD510885,uses_card
A_CUST108377,M_MER100454,shops_at
A_CUST108377,L_Rajasthan,located_in
A_CUST108379,C_CARD510887,uses_card
A_CUST108379,M_MER100495,shops_at
A_CUST108379,L_Haryana,located_in
A_CUST108382,C_CARD510890,uses_card
A_CUST108382,M_MER100291,shops_at
A_CUST108382,L_Madhya Pradesh,located_in
A_CUST108389,C_CARD510898,uses_card
A_CUST108389,M_MER100181,shops_at
A_CUST108389,L_Madhya Pradesh,located_in
A_CUST108389,M_MER100127,shops_at
A_CUST108390,C_CARD510902,uses_card
A_CUST108390,M_MER100387,shops_at
A_CUST108390,L_Uttar Pradesh,located_in
A_CUST108390,C_CARD510901,uses_card
A_CUST108390,M_MER100105,shops_at
A_CUST108390,M_MER100065,shops_at
A_CUST108394,C_CARD510906,uses_card
A_CUST108394,M_MER100200,shops_at
A_CUST108394,L_Rajasthan,located_in
A_CUST108394,M_MER100175,shops_at
A_CUST108394,M_MER100369,shops_at
A_CUST108397,C_CARD510914,uses_card
A_CUST108397,M_MER100217,shops_at
A_CUST108397,L_Telangana,located_in
A_CUST108397,M_MER100331,shops_at
A_CUST108400,C_CARD510919,uses_card
A_CUST108400,M_MER100331,shops_at
A_CUST108400,L_Tamil Nadu,located_in
A_CUST108400,M_MER100124,shops_at
A_CUST108403,C_CARD_INJECTED_01,uses_card
A_CUST108403,M_MER100466,shops_at
A_CUST108403,L_Lakshadweep,located_in
A_CUST108405,C_CARD510925,uses_card
A_CUST108405,M_MER100286,shops_at
A_CUST108405,L_Uttar Pradesh,located_in
A_CUST108410,C_CARD510933,uses_card
A_CUST108410,M_MER100404,shops_at
A_CUST108410,L_Rajasthan,located_in
A_CUST108410,M_MER100237,shops_at
A_CUST108414,C_CARD510937,uses_card
A_CUST108414,M_MER100313,shops_at
A_CUST108414,L_Kerala,located_in
A_CUST108417,C_CARD510941,uses_card
A_CUST108417,M_MER100367,shops_at
A_CUST108417,L_Odisha,located_in
A_CUST108420,C_CARD510945,uses_card
A_CUST108420,M_MER100266,shops_at
A_CUST108420,L_Karnataka,located_in
A_CUST108424,C_CARD510951,uses_card
A_CUST108424,M_MER100450,shops_at
A_CUST108424,L_Madhya Pradesh,located_in
A_CUST108431,C_CARD510960,uses_card
A_CUST108431,M_MER100261,shops_at
A_CUST108431,L_Rajasthan,located_in
A_CUST108435,C_CARD510966,uses_card
A_CUST108435,M_MER100113,shops_at
A_CUST108435,L_Rajasthan,located_in
A_CUST108443,C_CARD510978,uses_card
A_CUST108443,M_MER100070,shops_at
A_CUST108443,L_Odisha,located_in
A_CUST108444,C_CARD510979,uses_card
A_CUST108444,M_MER100444,shops_at
A_CUST108444,L_Odisha,located_in
A_CUST108453,C_CARD510990,uses_card
A_CUST108453,M_MER100175,shops_at
A_CUST108453,L_Uttar Pradesh,located_in
A_CUST108457,C_CARD510995,uses_card
A_CUST108457,M_MER100441,shops_at
A_CUST108457,L_Madhya Pradesh,located_in
A_CUST108457,M_MER100470,shops_at
A_CUST108458,C_CARD510996,uses_card
A_CUST108458,M_MER100130,shops_at
A_CUST108458,L_Rajasthan,located_in
A_CUST108467,C_CARD511005,uses_card
A_CUST108467,M_MER100262,shops_at
A_CUST108467,L_Kerala,located_in
A_CUST108467,M_MER100069,shops_at
A_CUST108468,C_CARD511007,uses_card
A_CUST108468,M_MER100486,shops_at
A_CUST108468,L_West Bengal,located_in
A_CUST108470,C_CARD511010,uses_card
A_CUST108470,M_MER100132,shops_at
A_CUST108470,L_Gujarat,located_in
A_CUST108476,C_CARD511016,uses_card
A_CUST108476,M_MER100326,shops_at
A_CUST108476,L_Madhya Pradesh,located_in
A_CUST108480,C_CARD511023,uses_card
A_CUST108480,M_MER100046,shops_at
A_CUST108480,L_Uttar Pradesh,located_in
A_CUST108482,C_CARD511027,uses_card
A_CUST108482,M_MER100247,shops_at
A_CUST108482,L_Punjab,located_in
A_CUST108483,C_CARD511028,uses_card
A_CUST108483,M_MER100307,shops_at
A_CUST108483,L_Telangana,located_in
A_CUST108486,C_CARD511032,uses_card
A_CUST108486,M_MER100339,shops_at
A_CUST108486,L_Assam,located_in
A_CUST108490,C_CARD511037,uses_card
A_CUST108490,M_MER100467,shops_at
A_CUST108490,L_West Bengal,located_in
A_CUST108490,C_CARD511036,uses_card
A_CUST108490,M_MER100102,shops_at
A_CUST108500,C_CARD511051,uses_card
A_CUST108500,M_MER100076,shops_at
A_CUST108500,L_Odisha,located_in
A_CUST108500,C_CARD511050,uses_card
A_CUST108500,M_MER100012,shops_at
A_CUST108511,C_CARD511065,uses_card
A_CUST108511,M_MER100111,shops_at
A_CUST108511,L_Rajasthan,located_in
A_CUST108516,C_CARD511073,uses_card
A_CUST108516,M_MER100069,shops_at
A_CUST108516,L_Bihar,located_in
A_CUST108516,M_MER100037,shops_at
A_CUST108519,C_CARD511077,uses_card
A_CUST108519,M_MER100495,shops_at
A_CUST108519,L_Bihar,located_in
A_CUST108520,C_CARD511078,uses_card
A_CUST108520,M_MER100369,shops_at
A_CUST108520,L_Kerala,located_in
A_CUST108520,M_MER100339,shops_at
A_CUST108521,C_CARD511080,uses_card
A_CUST108521,M_MER100404,shops_at
A_CUST108521,L_Telangana,located_in
A_CUST108521,M_MER100115,shops_at
A_CUST108521,M_MER100290,shops_at
A_CUST108521,M_MER100355,shops_at
A_CUST108523,C_CARD511083,uses_card
A_CUST108523,M_MER100428,shops_at
A_CUST108523,L_Haryana,located_in
A_CUST108523,M_MER100332,shops_at
A_CUST108526,C_CARD511086,uses_card
A_CUST108526,M_MER100282,shops_at
A_CUST108526,L_Gujarat,located_in
A_CUST108531,C_CARD511094,uses_card
A_CUST108531,M_MER100279,shops_at
A_CUST108531,L_Odisha,located_in
A_CUST108531,C_CARD511095,uses_card
A_CUST108531,M_MER100035,shops_at
A_CUST108531,M_MER100326,shops_at
A_CUST108540,C_CARD511107,uses_card
A_CUST108540,M_MER100323,shops_at
A_CUST108540,L_Maharashtra,located_in
A_CUST108540,M_MER100255,shops_at
A_CUST108542,C_CARD511109,uses_card
A_CUST108542,M_MER100171,shops_at
A_CUST108542,L_Telangana,located_in
A_CUST108545,C_CARD511113,uses_card
A_CUST108545,M_MER100363,shops_at
A_CUST108545,L_Telangana,located_in
A_CUST108545,C_CARD511112,uses_card
A_CUST108545,M_MER100022,shops_at
A_CUST108545,M_MER100333,shops_at
A_CUST108546,C_CARD511115,uses_card
A_CUST108546,M_MER100427,shops_at
A_CUST108546,L_Maharashtra,located_in
A_CUST108548,C_CARD511117,uses_card
A_CUST108548,M_MER100254,shops_at
A_CUST108548,L_Odisha,located_in
A_CUST108548,M_MER100094,shops_at
A_CUST108549,C_CARD511119,uses_card
A_CUST108549,M_MER100171,shops_at
A_CUST108549,L_Madhya Pradesh,located_in
A_CUST108555,C_CARD511128,uses_card
A_CUST108555,M_MER100294,shops_at
A_CUST108555,L_Uttar Pradesh,located_in
A_CUST108569,C_CARD511146,uses_card
A_CUST108569,M_MER100076,shops_at
A_CUST108569,L_Assam,located_in
A_CUST108578,C_CARD511156,uses_card
A_CUST108578,M_MER100043,shops_at
A_CUST108578,L_Tamil Nadu,located_in
A_CUST108593,C_CARD511174,uses_card
A_CUST108593,M_MER100195,shops_at
A_CUST108593,L_Maharashtra,located_in
A_CUST108594,C_CARD511175,uses_card
A_CUST108594,M_MER100158,shops_at
A_CUST108594,L_Punjab,located_in
A_CUST108596,C_CARD511180,uses_card
A_CUST108596,M_MER100331,shops_at
A_CUST108596,L_Gujarat,located_in
A_CUST108598,C_CARD511184,uses_card
A_CUST108598,M_MER100361,shops_at
A_CUST108598,L_Madhya Pradesh,located_in
A_CUST108598,M_MER100289,shops_at
A_CUST108600,C_CARD511187,uses_card
A_CUST108600,M_MER100166,shops_at
A_CUST108600,L_Maharashtra,located_in
A_CUST108602,C_CARD511191,uses_card
A_CUST108602,M_MER100033,shops_at
A_CUST108602,L_Punjab,located_in
A_CUST108602,M_MER100208,shops_at
A_CUST108606,C_CARD511197,uses_card
A_CUST108606,M_MER100141,shops_at
A_CUST108606,L_Madhya Pradesh,located_in
A_CUST108611,C_CARD511203,uses_card
A_CUST108611,M_MER100264,shops_at
A_CUST108611,L_Rajasthan,located_in
A_CUST108613,C_CARD511206,uses_card
A_CUST108613,M_MER100358,shops_at
A_CUST108613,L_Bihar,located_in
A_CUST108615,C_CARD511208,uses_card
A_CUST108615,M_MER100006,shops_at
A_CUST108615,L_Kerala,located_in
A_CUST108619,C_CARD511212,uses_card
A_CUST108619,M_MER100110,shops_at
A_CUST108619,L_Maharashtra,located_in
A_CUST108620,C_CARD511213,uses_card
A_CUST108620,M_MER100071,shops_at
A_CUST108620,L_Punjab,located_in
A_CUST108623,C_CARD511216,uses_card
A_CUST108623,M_MER100345,shops_at
A_CUST108623,L_Karnataka,located_in
A_CUST108625,C_CARD511218,uses_card
A_CUST108625,M_MER100220,shops_at
A_CUST108625,L_Kerala,located_in
A_CUST108625,M_MER100091,shops_at
A_CUST108625,C_CARD511219,uses_card
A_CUST108625,M_MER100059,shops_at
A_CUST108626,C_CARD511220,uses_card
A_CUST108626,M_MER100390,shops_at
A_CUST108626,L_Odisha,located_in
A_CUST108629,C_CARD511223,uses_card
A_CUST108629,M_MER100411,shops_at
A_CUST108629,L_Karnataka,located_in
A_CUST108629,M_MER100420,shops_at
A_CUST108629,C_CARD511224,uses_card
A_CUST108629,M_MER100492,shops_at
A_CUST108629,M_MER100042,shops_at
A_CUST108633,C_CARD511228,uses_card
A_CUST108633,M_MER100250,shops_at
A_CUST108633,L_Uttar Pradesh,located_in
A_CUST108634,C_CARD511229,uses_card
A_CUST108634,M_MER100278,shops_at
A_CUST108634,L_Tamil Nadu,located_in
A_CUST108637,C_CARD511233,uses_card
A_CUST108637,M_MER100254,shops_at
A_CUST108637,L_Assam,located_in
A_CUST108643,C_CARD511242,uses_card
A_CUST108643,M_MER100220,shops_at
A_CUST108643,L_Assam,located_in
A_CUST108643,C_CARD511241,uses_card
A_CUST108643,M_MER100176,shops_at
A_CUST108647,C_CARD511246,uses_card
A_CUST108647,M_MER100484,shops_at
A_CUST108647,L_West Bengal,located_in
A_CUST108648,C_CARD511247,uses_card
A_CUST108648,M_MER100414,shops_at
A_CUST108648,L_Gujarat,located_in
A_CUST108650,C_CARD511250,uses_card
A_CUST108650,M_MER100005,shops_at
A_CUST108650,L_Bihar,located_in
A_CUST108658,C_CARD511260,uses_card
A_CUST108658,M_MER100250,shops_at
A_CUST108658,L_Gujarat,located_in
A_CUST108658,C_CARD511259,uses_card
A_CUST108658,M_MER100457,shops_at
A_CUST108663,C_CARD511265,uses_card
A_CUST108663,M_MER100267,shops_at
A_CUST108663,L_Maharashtra,located_in
A_CUST108670,C_CARD511273,uses_card
A_CUST108670,M_MER100174,shops_at
A_CUST108670,L_Maharashtra,located_in
A_CUST108672,C_CARD511277,uses_card
A_CUST108672,M_MER100191,shops_at
A_CUST108672,L_Gujarat,located_in
A_CUST108676,C_CARD511281,uses_card
A_CUST108676,M_MER100291,shops_at
A_CUST108676,L_West Bengal,located_in
A_CUST108676,M_MER100243,shops_at
A_CUST108680,C_CARD511286,uses_card
A_CUST108680,M_MER100207,shops_at
A_CUST108680,L_Punjab,located_in
A_CUST108682,C_CARD511289,uses_card
A_CUST108682,M_MER100175,shops_at
A_CUST108682,L_Assam,located_in
A_CUST108682,C_CARD511288,uses_card
A_CUST108682,M_MER100456,shops_at
A_CUST108690,C_CARD511297,uses_card
A_CUST108690,M_MER100199,shops_at
A_CUST108690,L_Assam,located_in
A_CUST108694,C_CARD511301,uses_card
A_CUST108694,M_MER100045,shops_at
A_CUST108694,L_Gujarat,located_in
A_CUST108694,M_MER100239,shops_at
A_CUST108694,M_MER100178,shops_at
A_CUST108694,M_MER100442,shops_at
A_CUST108696,C_CARD511305,uses_card
A_CUST108696,M_MER100411,shops_at
A_CUST108696,L_Rajasthan,located_in
A_CUST108699,C_CARD511308,uses_card
A_CUST108699,M_MER100218,shops_at
A_CUST108699,L_Gujarat,located_in
A_CUST108701,C_CARD511311,uses_card
A_CUST108701,M_MER100432,shops_at
A_CUST108701,L_Tamil Nadu,located_in
A_CUST108701,M_MER100492,shops_at
A_CUST108702,C_CARD511312,uses_card
A_CUST108702,M_MER100055,shops_at
A_CUST108702,L_Karnataka,located_in
A_CUST108702,M_MER100493,shops_at
A_CUST108702,C_CARD511313,uses_card
A_CUST108702,M_MER100313,shops_at
A_CUST108702,M_MER100193,shops_at
A_CUST108703,C_CARD511314,uses_card
A_CUST108703,M_MER100370,shops_at
A_CUST108703,L_Maharashtra,located_in
A_CUST108705,C_CARD511316,uses_card
A_CUST108705,M_MER100457,shops_at
A_CUST108705,L_Gujarat,located_in
A_CUST108711,C_CARD511324,uses_card
A_CUST108711,M_MER100001,shops_at
A_CUST108711,L_Assam,located_in
A_CUST108715,C_CARD511329,uses_card
A_CUST108715,M_MER100410,shops_at
A_CUST108715,L_Odisha,located_in
A_CUST108715,M_MER100162,shops_at
A_CUST108716,C_CARD511331,uses_card
A_CUST108716,M_MER100497,shops_at
A_CUST108716,L_Haryana,located_in
A_CUST108719,C_CARD511336,uses_card
A_CUST108719,M_MER100084,shops_at
A_CUST108719,L_Telangana,located_in
A_CUST108719,M_MER100111,shops_at
A_CUST108722,C_CARD511339,uses_card
A_CUST108722,M_MER100235,shops_at
A_CUST108722,L_Haryana,located_in
A_CUST108722,M_MER100047,shops_at
A_CUST108724,C_CARD511343,uses_card
A_CUST108724,M_MER100162,shops_at
A_CUST108724,L_Haryana,located_in
A_CUST108724,M_MER100055,shops_at
A_CUST108724,M_MER100178,shops_at
A_CUST108725,C_CARD511347,uses_card
A_CUST108725,M_MER100326,shops_at
A_CUST108725,L_Tamil Nadu,located_in
A_CUST108730,C_CARD511352,uses_card
A_CUST108730,M_MER100365,shops_at
A_CUST108730,L_Assam,located_in
A_CUST108730,C_CARD511353,uses_card
A_CUST108730,M_MER100254,shops_at
A_CUST108730,M_MER100257,shops_at
A_CUST108730,M_MER100014,shops_at
A_CUST108731,C_CARD511357,uses_card
A_CUST108731,M_MER100177,shops_at
A_CUST108731,L_Haryana,located_in
A_CUST108731,C_CARD511356,uses_card
A_CUST108731,M_MER100427,shops_at
A_CUST108736,C_CARD511363,uses_card
A_CUST108736,M_MER100443,shops_at
A_CUST108736,L_Bihar,located_in
A_CUST108736,M_MER100138,shops_at
A_CUST108738,C_CARD511365,uses_card
A_CUST108738,M_MER100090,shops_at
A_CUST108738,L_Uttar Pradesh,located_in
A_CUST108738,M_MER100429,shops_at
A_CUST108747,C_CARD511379,uses_card
A_CUST108747,M_MER100107,shops_at
A_CUST108747,L_Haryana,located_in
A_CUST108750,C_CARD511384,uses_card
A_CUST108750,M_MER100351,shops_at
A_CUST108750,L_Bihar,located_in
A_CUST108751,C_CARD511385,uses_card
A_CUST108751,M_MER100100,shops_at
A_CUST108751,L_Karnataka,located_in
A_CUST108751,M_MER100472,shops_at
A_CUST108753,C_CARD511388,uses_card
A_CUST108753,M_MER100277,shops_at
A_CUST108753,L_Telangana,located_in
A_CUST108753,M_MER100048,shops_at
A_CUST108753,M_MER100108,shops_at
A_CUST108758,C_CARD511393,uses_card
A_CUST108758,M_MER100063,shops_at
A_CUST108758,L_Karnataka,located_in
A_CUST108760,C_CARD511396,uses_card
A_CUST108760,M_MER100250,shops_at
A_CUST108760,L_Rajasthan,located_in
A_CUST108766,C_CARD511402,uses_card
A_CUST108766,M_MER100115,shops_at
A_CUST108766,L_Gujarat,located_in
A_CUST108768,C_CARD511406,uses_card
A_CUST108768,M_MER100141,shops_at
A_CUST108768,L_Odisha,located_in
A_CUST108771,C_CARD511411,uses_card
A_CUST108771,M_MER100102,shops_at
A_CUST108771,L_Odisha,located_in
A_CUST108772,C_CARD511412,uses_card
A_CUST108772,M_MER100030,shops_at
A_CUST108772,L_Haryana,located_in
A_CUST108772,C_CARD511413,uses_card
A_CUST108772,M_MER100159,shops_at
A_CUST108778,C_CARD511420,uses_card
A_CUST108778,M_MER100059,shops_at
A_CUST108778,L_Odisha,located_in
A_CUST108778,M_MER100398,shops_at
A_CUST108780,C_CARD511422,uses_card
A_CUST108780,M_MER100408,shops_at
A_CUST108780,L_Gujarat,located_in
A_CUST108787,C_CARD511429,uses_card
A_CUST108787,M_MER100358,shops_at
A_CUST108787,L_Bihar,located_in
A_CUST108787,M_MER100485,shops_at
A_CUST108790,C_CARD511432,uses_card
A_CUST108790,M_MER100481,shops_at
A_CUST108790,L_Madhya Pradesh,located_in
A_CUST108791,C_CARD511433,uses_card
A_CUST108791,M_MER100160,shops_at
A_CUST108791,L_Gujarat,located_in
A_CUST108800,C_CARD511443,uses_card
A_CUST108800,M_MER100381,shops_at
A_CUST108800,L_Odisha,located_in
A_CUST108806,C_CARD511449,uses_card
A_CUST108806,M_MER100358,shops_at
A_CUST108806,L_Bihar,located_in
A_CUST108807,C_CARD511453,uses_card
A_CUST108807,M_MER100061,shops_at
A_CUST108807,L_West Bengal,located_in
A_CUST108807,C_CARD511452,uses_card
A_CUST108807,M_MER100042,shops_at
A_CUST108814,C_CARD511461,uses_card
A_CUST108814,M_MER100065,shops_at
A_CUST108814,L_Tamil Nadu,located_in
A_CUST108817,C_CARD511467,uses_card
A_CUST108817,M_MER100092,shops_at
A_CUST108817,L_Telangana,located_in
A_CUST108818,C_CARD511468,uses_card
A_CUST108818,M_MER100369,shops_at
A_CUST108818,L_Odisha,located_in
A_CUST108819,C_CARD511470,uses_card
A_CUST108819,M_MER100249,shops_at
A_CUST108819,L_Punjab,located_in
A_CUST108827,C_CARD511482,uses_card
A_CUST108827,M_MER100429,shops_at
A_CUST108827,L_West Bengal,located_in
A_CUST108827,C_CARD511481,uses_card
A_CUST108827,M_MER100174,shops_at
A_CUST108832,C_CARD511489,uses_card
A_CUST108832,M_MER100386,shops_at
A_CUST108832,L_Odisha,located_in
A_CUST108833,C_CARD511490,uses_card
A_CUST108833,M_MER100063,shops_at
A_CUST108833,L_West Bengal,located_in
A_CUST108836,C_CARD511493,uses_card
A_CUST108836,M_MER100004,shops_at
A_CUST108836,L_Kerala,located_in
A_CUST108846,C_CARD511507,uses_card
A_CUST108846,M_MER100171,shops_at
A_CUST108846,L_Assam,located_in
A_CUST108849,C_CARD511510,uses_card
A_CUST108849,M_MER100142,shops_at
A_CUST108849,L_Rajasthan,located_in
A_CUST108849,M_MER100301,shops_at
A_CUST108850,C_CARD511512,uses_card
A_CUST108850,M_MER100148,shops_at
A_CUST108850,L_Bihar,located_in
A_CUST108852,C_CARD511516,uses_card
A_CUST108852,M_MER100396,shops_at
A_CUST108852,L_Bihar,located_in
A_CUST108859,C_CARD511524,uses_card
A_CUST108859,M_MER100411,shops_at
A_CUST108859,L_Gujarat,located_in
A_CUST108867,C_CARD511534,uses_card
A_CUST108867,M_MER100229,shops_at
A_CUST108867,L_Tamil Nadu,located_in
A_CUST108869,C_CARD511537,uses_card
A_CUST108869,M_MER100479,shops_at
A_CUST108869,L_Maharashtra,located_in
A_CUST108874,C_CARD511546,uses_card
A_CUST108874,M_MER100352,shops_at
A_CUST108874,L_Telangana,located_in
A_CUST108874,M_MER100475,shops_at
A_CUST108885,C_CARD511559,uses_card
A_CUST108885,M_MER100092,shops_at
A_CUST108885,L_Karnataka,located_in
A_CUST108889,C_CARD511564,uses_card
A_CUST108889,M_MER100023,shops_at
A_CUST108889,L_Haryana,located_in
A_CUST108889,M_MER100126,shops_at
A_CUST108889,M_MER100116,shops_at
A_CUST108889,C_CARD511563,uses_card
A_CUST108889,M_MER100047,shops_at
A_CUST108895,C_CARD511574,uses_card
A_CUST108895,M_MER100116,shops_at
A_CUST108895,L_Haryana,located_in
A_CUST108895,M_MER100365,shops_at
A_CUST108897,C_CARD511576,uses_card
A_CUST108897,M_MER100404,shops_at
A_CUST108897,L_Punjab,located_in
A_CUST108911,C_CARD511594,uses_card
A_CUST108911,M_MER100016,shops_at
A_CUST108911,L_Uttar Pradesh,located_in
A_CUST108911,M_MER100028,shops_at
A_CUST108911,M_MER100433,shops_at
A_CUST108916,C_CARD511601,uses_card
A_CUST108916,M_MER100434,shops_at
A_CUST108916,L_Uttar Pradesh,located_in
A_CUST108916,M_MER100351,shops_at
A_CUST108916,M_MER100481,shops_at
A_CUST108916,M_MER100467,shops_at
A_CUST108922,C_CARD511609,uses_card
A_CUST108922,M_MER100186,shops_at
A_CUST108922,L_Haryana,located_in
A_CUST108922,C_CARD511610,uses_card
A_CUST108922,M_MER100130,shops_at
A_CUST108922,M_MER100029,shops_at
A_CUST108923,C_CARD511611,uses_card
A_CUST108923,M_MER100126,shops_at
A_CUST108923,L_Kerala,located_in
A_CUST108925,C_CARD511615,uses_card
A_CUST108925,M_MER100131,shops_at
A_CUST108925,L_Odisha,located_in
A_CUST108925,C_CARD511614,uses_card
A_CUST108925,M_MER100440,shops_at
A_CUST108930,C_CARD511620,uses_card
A_CUST108930,M_MER100036,shops_at
A_CUST108930,L_Kerala,located_in
A_CUST108937,C_CARD511628,uses_card
A_CUST108937,M_MER100267,shops_at
A_CUST108937,L_Punjab,located_in
A_CUST108939,C_CARD511630,uses_card
A_CUST108939,M_MER100253,shops_at
A_CUST108939,L_Punjab,located_in
A_CUST108940,C_CARD511632,uses_card
A_CUST108940,M_MER100040,shops_at
A_CUST108940,L_Bihar,located_in
A_CUST108941,C_CARD511634,uses_card
A_CUST108941,M_MER100263,shops_at
A_CUST108941,L_Maharashtra,located_in
A_CUST108941,M_MER100115,shops_at
A_CUST108946,C_CARD511640,uses_card
A_CUST108946,M_MER100267,shops_at
A_CUST108946,L_Tamil Nadu,located_in
A_CUST108947,C_CARD511641,uses_card
A_CUST108947,M_MER100497,shops_at
A_CUST108947,L_Odisha,located_in
A_CUST108956,C_CARD511652,uses_card
A_CUST108956,M_MER100446,shops_at
A_CUST108956,L_Madhya Pradesh,located_in
A_CUST108958,C_CARD511654,uses_card
A_CUST108958,M_MER100376,shops_at
A_CUST108958,L_Karnataka,located_in
A_CUST108958,C_CARD511656,uses_card
A_CUST108958,M_MER100304,shops_at
A_CUST108959,C_CARD511657,uses_card
A_CUST108959,M_MER100334,shops_at
A_CUST108959,L_Karnataka,located_in
A_CUST108962,C_CARD511661,uses_card
A_CUST108962,M_MER100271,shops_at
A_CUST108962,L_Assam,located_in
A_CUST108968,C_CARD511667,uses_card
A_CUST108968,M_MER100343,shops_at
A_CUST108968,L_Kerala,located_in
A_CUST108974,C_CARD511676,uses_card
A_CUST108974,M_MER100133,shops_at
A_CUST108974,L_Kerala,located_in
A_CUST108974,C_CARD511675,uses_card
A_CUST108974,M_MER100369,shops_at
A_CUST108978,C_CARD511680,uses_card
A_CUST108978,M_MER100457,shops_at
A_CUST108978,L_Madhya Pradesh,located_in
A_CUST108978,M_MER100206,shops_at
A_CUST108978,M_MER100210,shops_at
A_CUST108979,C_CARD511682,uses_card
A_CUST108979,M_MER100182,shops_at
A_CUST108979,L_Haryana,located_in
A_CUST108979,C_CARD511681,uses_card
A_CUST108979,M_MER100213,shops_at
A_CUST108979,M_MER100207,shops_at
A_CUST108983,C_CARD511686,uses_card
A_CUST108983,M_MER100222,shops_at
A_CUST108983,L_Karnataka,located_in
A_CUST108985,C_CARD511690,uses_card
A_CUST108985,M_MER100047,shops_at
A_CUST108985,L_Madhya Pradesh,located_in
A_CUST108985,M_MER100267,shops_at
A_CUST108988,C_CARD511693,uses_card
A_CUST108988,M_MER100383,shops_at
A_CUST108988,L_Telangana,located_in
A_CUST108999,C_CARD511705,uses_card
A_CUST108999,M_MER100329,shops_at
A_CUST108999,L_Tamil Nadu,located_in
A_CUST108999,C_CARD511704,uses_card
A_CUST108999,M_MER100090,shops_at
A_CUST108999,M_MER100305,shops_at
A_CUST109002,C_CARD511710,uses_card
A_CUST109002,M_MER100444,shops_at
A_CUST109002,L_Kerala,located_in
A_CUST109002,C_CARD511709,uses_card
A_CUST109002,M_MER100173,shops_at
A_CUST109003,C_CARD511711,uses_card
A_CUST109003,M_MER100057,shops_at
A_CUST109003,L_Telangana,located_in
A_CUST109003,M_MER100073,shops_at
A_CUST109007,C_CARD511717,uses_card
A_CUST109007,M_MER100475,shops_at
A_CUST109007,L_Uttar Pradesh,located_in
A_CUST109013,C_CARD511724,uses_card
A_CUST109013,M_MER100141,shops_at
A_CUST109013,L_Karnataka,located_in
A_CUST109017,C_CARD511728,uses_card
A_CUST109017,M_MER100414,shops_at
A_CUST109017,L_Gujarat,located_in
A_CUST109017,M_MER100358,shops_at
A_CUST109017,M_MER100367,shops_at
A_CUST109020,C_CARD511733,uses_card
A_CUST109020,M_MER100065,shops_at
A_CUST109020,L_Karnataka,located_in
A_CUST109024,C_CARD511737,uses_card
A_CUST109024,M_MER100152,shops_at
A_CUST109024,L_Tamil Nadu,located_in
A_CUST109025,C_CARD511740,uses_card
A_CUST109025,M_MER100150,shops_at
A_CUST109025,L_Karnataka,located_in
A_CUST109025,M_MER100249,shops_at
A_CUST109028,C_CARD511745,uses_card
A_CUST109028,M_MER100492,shops_at
A_CUST109028,L_Bihar,located_in
A_CUST109031,C_CARD511749,uses_card
A_CUST109031,M_MER100110,shops_at
A_CUST109031,L_Assam,located_in
A_CUST109031,M_MER100043,shops_at
A_CUST109031,M_MER100481,shops_at
A_CUST109037,C_CARD511759,uses_card
A_CUST109037,M_MER100330,shops_at
A_CUST109037,L_Rajasthan,located_in
A_CUST109038,C_CARD511760,uses_card
A_CUST109038,M_MER100354,shops_at
A_CUST109038,L_Tamil Nadu,located_in
A_CUST109046,C_CARD511769,uses_card
A_CUST109046,M_MER100363,shops_at
A_CUST109046,L_Punjab,located_in
A_CUST109048,C_CARD511772,uses_card
A_CUST109048,M_MER100004,shops_at
A_CUST109048,L_Gujarat,located_in
A_CUST109059,C_CARD511787,uses_card
A_CUST109059,M_MER100138,shops_at
A_CUST109059,L_Tamil Nadu,located_in
A_CUST109060,C_CARD511788,uses_card
A_CUST109060,M_MER100231,shops_at
A_CUST109060,L_Punjab,located_in
A_CUST109061,C_CARD511789,uses_card
A_CUST109061,M_MER100249,shops_at
A_CUST109061,L_Gujarat,located_in
A_CUST109063,C_CARD511791,uses_card
A_CUST109063,M_MER100131,shops_at
A_CUST109063,L_Odisha,located_in
A_CUST109069,C_CARD511797,uses_card
A_CUST109069,M_MER100465,shops_at
A_CUST109069,L_Odisha,located_in
A_CUST109069,C_CARD511798,uses_card
A_CUST109069,M_MER100410,shops_at
A_CUST109070,C_CARD511800,uses_card
A_CUST109070,M_MER100453,shops_at
A_CUST109070,L_Tamil Nadu,located_in
A_CUST109071,C_CARD511801,uses_card
A_CUST109071,M_MER100307,shops_at
A_CUST109071,L_Odisha,located_in
A_CUST109074,C_CARD511804,uses_card
A_CUST109074,M_MER100226,shops_at
A_CUST109074,L_Telangana,located_in
A_CUST109076,C_CARD511807,uses_card
A_CUST109076,M_MER100102,shops_at
A_CUST109076,L_Haryana,located_in
A_CUST109076,M_MER100024,shops_at
A_CUST109078,C_CARD511809,uses_card
A_CUST109078,M_MER100140,shops_at
A_CUST109078,L_West Bengal,located_in
A_CUST109081,C_CARD511812,uses_card
A_CUST109081,M_MER100261,shops_at
A_CUST109081,L_West Bengal,located_in
A_CUST109084,C_CARD511817,uses_card
A_CUST109084,M_MER100068,shops_at
A_CUST109084,L_West Bengal,located_in
A_CUST109086,C_CARD511820,uses_card
A_CUST109086,M_MER100002,shops_at
A_CUST109086,L_Tamil Nadu,located_in
A_CUST109087,C_CARD511822,uses_card
A_CUST109087,M_MER100071,shops_at
A_CUST109087,L_Bihar,located_in
A_CUST109092,C_CARD511830,uses_card
A_CUST109092,M_MER100116,shops_at
A_CUST109092,L_Maharashtra,located_in
A_CUST109092,M_MER100249,shops_at
A_CUST109101,C_CARD511840,uses_card
A_CUST109101,M_MER100013,shops_at
A_CUST109101,L_Madhya Pradesh,located_in
A_CUST109101,M_MER100454,shops_at
A_CUST109102,C_CARD511843,uses_card
A_CUST109102,M_MER100293,shops_at
A_CUST109102,L_Bihar,located_in
A_CUST109102,M_MER100245,shops_at
A_CUST109102,C_CARD511842,uses_card
A_CUST109102,M_MER100129,shops_at
A_CUST109106,C_CARD511847,uses_card
A_CUST109106,M_MER100437,shops_at
A_CUST109106,L_West Bengal,located_in
A_CUST109106,M_MER100046,shops_at
A_CUST109108,C_CARD511850,uses_card
A_CUST109108,M_MER100113,shops_at
A_CUST109108,L_Rajasthan,located_in
A_CUST109108,M_MER100106,shops_at
A_CUST109108,M_MER100424,shops_at
A_CUST109108,M_MER100231,shops_at
A_CUST109114,C_CARD511858,uses_card
A_CUST109114,M_MER100267,shops_at
A_CUST109114,L_Tamil Nadu,located_in
A_CUST109114,M_MER100251,shops_at
A_CUST109123,C_CARD511870,uses_card
A_CUST109123,M_MER100313,shops_at
A_CUST109123,L_Punjab,located_in
A_CUST109125,C_CARD511872,uses_card
A_CUST109125,M_MER100090,shops_at
A_CUST109125,L_Tamil Nadu,located_in
A_CUST109127,C_CARD511874,uses_card
A_CUST109127,M_MER100409,shops_at
A_CUST109127,L_Bihar,located_in
A_CUST109130,C_CARD511877,uses_card
A_CUST109130,M_MER100189,shops_at
A_CUST109130,L_West Bengal,located_in
A_CUST109130,M_MER100287,shops_at
A_CUST109130,C_CARD511879,uses_card
A_CUST109130,M_MER100398,shops_at
A_CUST109133,C_CARD511882,uses_card
A_CUST109133,M_MER100346,shops_at
A_CUST109133,L_Kerala,located_in
A_CUST109136,C_CARD511886,uses_card
A_CUST109136,M_MER100405,shops_at
A_CUST109136,L_Bihar,located_in
A_CUST109136,C_CARD511887,uses_card
A_CUST109136,M_MER100426,shops_at
A_CUST109136,M_MER100282,shops_at
A_CUST109137,C_CARD511889,uses_card
A_CUST109137,M_MER100332,shops_at
A_CUST109137,L_Maharashtra,located_in
A_CUST109137,C_CARD511890,uses_card
A_CUST109137,M_MER100002,shops_at
A_CUST109147,C_CARD511903,uses_card
A_CUST109147,M_MER100398,shops_at
A_CUST109147,L_Rajasthan,located_in
A_CUST109147,M_MER100148,shops_at
A_CUST109154,C_CARD511911,uses_card
A_CUST109154,M_MER100033,shops_at
A_CUST109154,L_Bihar,located_in
A_CUST109154,M_MER100291,shops_at
A_CUST109157,C_CARD511917,uses_card
A_CUST109157,M_MER100229,shops_at
A_CUST109157,L_Telangana,located_in
A_CUST109157,C_CARD511915,uses_card
A_CUST109157,M_MER100138,shops_at
A_CUST109159,C_CARD511921,uses_card
A_CUST109159,M_MER100337,shops_at
A_CUST109159,L_Kerala,located_in
A_CUST109160,C_CARD511922,uses_card
A_CUST109160,M_MER100097,shops_at
A_CUST109160,L_Gujarat,located_in
A_CUST109171,C_CARD511933,uses_card
A_CUST109171,M_MER100141,shops_at
A_CUST109171,L_West Bengal,located_in
A_CUST109171,C_CARD511934,uses_card
A_CUST109171,M_MER100096,shops_at
A_CUST109171,M_MER100484,shops_at
A_CUST109177,C_CARD511940,uses_card
A_CUST109177,M_MER100140,shops_at
A_CUST109177,L_Odisha,located_in
A_CUST109177,C_CARD511941,uses_card
A_CUST109177,M_MER100158,shops_at
A_CUST109178,C_CARD511942,uses_card
A_CUST109178,M_MER100235,shops_at
A_CUST109178,L_Assam,located_in
A_CUST109179,C_CARD511944,uses_card
A_CUST109179,M_MER100102,shops_at
A_CUST109179,L_West Bengal,located_in
A_CUST109182,C_CARD511947,uses_card
A_CUST109182,M_MER100189,shops_at
A_CUST109182,L_Karnataka,located_in
A_CUST109187,C_CARD_INJECTED_01,uses_card
A_CUST109187,M_MER100466,shops_at
A_CUST109187,L_Lakshadweep,located_in
A_CUST109191,C_CARD511958,uses_card
A_CUST109191,M_MER100282,shops_at
A_CUST109191,L_Rajasthan,located_in
A_CUST109210,C_CARD511981,uses_card
A_CUST109210,M_MER100014,shops_at
A_CUST109210,L_Tamil Nadu,located_in
A_CUST109215,C_CARD511988,uses_card
A_CUST109215,M_MER100123,shops_at
A_CUST109215,L_Odisha,located_in
A_CUST109216,C_CARD511991,uses_card
A_CUST109216,M_MER100305,shops_at
A_CUST109216,L_Kerala,located_in
A_CUST109216,M_MER100329,shops_at
A_CUST109216,C_CARD511990,uses_card
A_CUST109216,M_MER100015,shops_at
A_CUST109216,M_MER100036,shops_at
A_CUST109217,C_CARD511992,uses_card
A_CUST109217,M_MER100415,shops_at
A_CUST109217,L_Rajasthan,located_in
A_CUST109220,C_CARD511995,uses_card
A_CUST109220,M_MER100105,shops_at
A_CUST109220,L_Tamil Nadu,located_in
A_CUST109222,C_CARD511998,uses_card
A_CUST109222,M_MER100039,shops_at
A_CUST109222,L_Assam,located_in
A_CUST109233,C_CARD512011,uses_card
A_CUST109233,M_MER100359,shops_at
A_CUST109233,L_Maharashtra,located_in
A_CUST109233,M_MER100334,shops_at
A_CUST109234,C_CARD512012,uses_card
A_CUST109234,M_MER100264,shops_at
A_CUST109234,L_Kerala,located_in
A_CUST109234,M_MER100109,shops_at
A_CUST109234,M_MER100261,shops_at
A_CUST109234,M_MER100219,shops_at
A_CUST109235,C_CARD512014,uses_card
A_CUST109235,M_MER100369,shops_at
A_CUST109235,L_Maharashtra,located_in
A_CUST109235,C_CARD512015,uses_card
A_CUST109235,M_MER100014,shops_at
A_CUST109240,C_CARD512020,uses_card
A_CUST109240,M_MER100271,shops_at
A_CUST109240,L_Haryana,located_in
A_CUST109240,M_MER100352,shops_at
A_CUST109244,C_CARD512024,uses_card
A_CUST109244,M_MER100252,shops_at
A_CUST109244,L_Assam,located_in
A_CUST109245,C_CARD512025,uses_card
A_CUST109245,M_MER100286,shops_at
A_CUST109245,L_Gujarat,located_in
A_CUST109246,C_CARD512026,uses_card
A_CUST109246,M_MER100059,shops_at
A_CUST109246,L_Bihar,located_in
A_CUST109247,C_CARD512028,uses_card
A_CUST109247,M_MER100481,shops_at
A_CUST109247,L_Odisha,located_in
A_CUST109250,C_CARD512031,uses_card
A_CUST109250,M_MER100409,shops_at
A_CUST109250,L_Bihar,located_in
A_CUST109251,C_CARD512035,uses_card
A_CUST109251,M_MER100139,shops_at
A_CUST109251,L_Karnataka,located_in
A_CUST109251,M_MER100244,shops_at
A_CUST109251,C_CARD512034,uses_card
A_CUST109251,M_MER100367,shops_at
A_CUST109255,C_CARD512040,uses_card
A_CUST109255,M_MER100244,shops_at
A_CUST109255,L_Haryana,located_in
A_CUST109257,C_CARD512043,uses_card
A_CUST109257,M_MER100442,shops_at
A_CUST109257,L_West Bengal,located_in
A_CUST109259,C_CARD512046,uses_card
A_CUST109259,M_MER100174,shops_at
A_CUST109259,L_Odisha,located_in
A_CUST109261,C_CARD512049,uses_card
A_CUST109261,M_MER100200,shops_at
A_CUST109261,L_Bihar,located_in
A_CUST109264,C_CARD512052,uses_card
A_CUST109264,M_MER100097,shops_at
A_CUST109264,L_Gujarat,located_in
A_CUST109267,C_CARD512056,uses_card
A_CUST109267,M_MER100146,shops_at
A_CUST109267,L_West Bengal,located_in
A_CUST109267,M_MER100184,shops_at
A_CUST109268,C_CARD512057,uses_card
A_CUST109268,M_MER100108,shops_at
A_CUST109268,L_Punjab,located_in
A_CUST109269,C_CARD512059,uses_card
A_CUST109269,M_MER100085,shops_at
A_CUST109269,L_Haryana,located_in
A_CUST109274,C_CARD512065,uses_card
A_CUST109274,M_MER100085,shops_at
A_CUST109274,L_Bihar,located_in
A_CUST109277,C_CARD512069,uses_card
A_CUST109277,M_MER100216,shops_at
A_CUST109277,L_Madhya Pradesh,located_in
A_CUST109281,C_CARD512074,uses_card
A_CUST109281,M_MER100121,shops_at
A_CUST109281,L_Assam,located_in
A_CUST109285,C_CARD512079,uses_card
A_CUST109285,M_MER100387,shops_at
A_CUST109285,L_Uttar Pradesh,located_in
A_CUST109288,C_CARD512082,uses_card
A_CUST109288,M_MER100090,shops_at
A_CUST109288,L_Punjab,located_in
A_CUST109297,C_CARD512095,uses_card
A_CUST109297,M_MER100260,shops_at
A_CUST109297,L_Telangana,located_in
A_CUST109297,M_MER100331,shops_at
A_CUST109297,M_MER100288,shops_at
A_CUST109298,C_CARD512097,uses_card
A_CUST109298,M_MER100340,shops_at
A_CUST109298,L_Odisha,located_in
A_CUST109298,M_MER100401,shops_at
A_CUST109301,C_CARD512100,uses_card
A_CUST109301,M_MER100141,shops_at
A_CUST109301,L_Punjab,located_in
A_CUST109303,C_CARD512103,uses_card
A_CUST109303,M_MER100376,shops_at
A_CUST109303,L_Karnataka,located_in
A_CUST109310,C_CARD512111,uses_card
A_CUST109310,M_MER100035,shops_at
A_CUST109310,L_Gujarat,located_in
A_CUST109310,C_CARD512112,uses_card
A_CUST109310,M_MER100365,shops_at
A_CUST109310,C_CARD512110,uses_card
A_CUST109310,M_MER100223,shops_at
A_CUST109318,C_CARD512122,uses_card
A_CUST109318,M_MER100387,shops_at
A_CUST109318,L_Tamil Nadu,located_in
A_CUST109324,C_CARD512133,uses_card
A_CUST109324,M_MER100025,shops_at
A_CUST109324,L_Telangana,located_in
A_CUST109328,C_CARD512138,uses_card
A_CUST109328,M_MER100046,shops_at
A_CUST109328,L_Haryana,located_in
A_CUST109330,C_CARD512140,uses_card
A_CUST109330,M_MER100168,shops_at
A_CUST109330,L_Kerala,located_in
A_CUST109332,C_CARD512142,uses_card
A_CUST109332,M_MER100014,shops_at
A_CUST109332,L_Telangana,located_in
A_CUST109332,C_CARD512143,uses_card
A_CUST109332,M_MER100397,shops_at
A_CUST109338,C_CARD512150,uses_card
A_CUST109338,M_MER100151,shops_at
A_CUST109338,L_Bihar,located_in
A_CUST109338,M_MER100003,shops_at
A_CUST109339,C_CARD512152,uses_card
A_CUST109339,M_MER100109,shops_at
A_CUST109339,L_Assam,located_in
A_CUST109342,C_CARD512156,uses_card
A_CUST109342,M_MER100390,shops_at
A_CUST109342,L_Haryana,located_in
A_CUST109342,M_MER100305,shops_at
A_CUST109342,M_MER100405,shops_at
A_CUST109345,C_CARD512160,uses_card
A_CUST109345,M_MER100141,shops_at
A_CUST109345,L_Karnataka,located_in
A_CUST109345,C_CARD512159,uses_card
A_CUST109345,M_MER100352,shops_at
A_CUST109346,C_CARD512161,uses_card
A_CUST109346,M_MER100330,shops_at
A_CUST109346,L_Maharashtra,located_in
A_CUST109353,C_CARD512171,uses_card
A_CUST109353,M_MER100464,shops_at
A_CUST109353,L_Bihar,located_in
A_CUST109359,C_CARD512179,uses_card
A_CUST109359,M_MER100456,shops_at
A_CUST109359,L_Odisha,located_in
A_CUST109359,C_CARD512177,uses_card
A_CUST109359,M_MER100275,shops_at
A_CUST109359,M_MER100224,shops_at
A_CUST109359,M_MER100353,shops_at
A_CUST109360,C_CARD512180,uses_card
A_CUST109360,M_MER100365,shops_at
A_CUST109360,L_Punjab,located_in
A_CUST109361,C_CARD512181,uses_card
A_CUST109361,M_MER100033,shops_at
A_CUST109361,L_Rajasthan,located_in
A_CUST109361,M_MER100066,shops_at
A_CUST109361,M_MER100318,shops_at
A_CUST109363,C_CARD512184,uses_card
A_CUST109363,M_MER100154,shops_at
A_CUST109363,L_Kerala,located_in
A_CUST109369,C_CARD512192,uses_card
A_CUST109369,M_MER100087,shops_at
A_CUST109369,L_Tamil Nadu,located_in
A_CUST109369,C_CARD512191,uses_card
A_CUST109369,M_MER100204,shops_at
A_CUST109369,M_MER100219,shops_at
A_CUST109372,C_CARD512195,uses_card
A_CUST109372,M_MER100235,shops_at
A_CUST109372,L_Telangana,located_in
A_CUST109375,C_CARD512198,uses_card
A_CUST109375,M_MER100180,shops_at
A_CUST109375,L_Tamil Nadu,located_in
A_CUST109378,C_CARD512202,uses_card
A_CUST109378,M_MER100413,shops_at
A_CUST109378,L_Maharashtra,located_in
A_CUST109383,C_CARD512208,uses_card
A_CUST109383,M_MER100078,shops_at
A_CUST109383,L_Assam,located_in
A_CUST109385,C_CARD512210,uses_card
A_CUST109385,M_MER100249,shops_at
A_CUST109385,L_Maharashtra,located_in
A_CUST109386,C_CARD512211,uses_card
A_CUST109386,M_MER100230,shops_at
A_CUST109386,L_Bihar,located_in
A_CUST109387,C_CARD512212,uses_card
A_CUST109387,M_MER100154,shops_at
A_CUST109387,L_Karnataka,located_in
A_CUST109388,C_CARD512213,uses_card
A_CUST109388,M_MER100427,shops_at
A_CUST109388,L_Punjab,located_in
A_CUST109392,C_CARD512219,uses_card
A_CUST109392,M_MER100023,shops_at
A_CUST109392,L_West Bengal,located_in
A_CUST109392,M_MER100374,shops_at
A_CUST109392,M_MER100117,shops_at
A_CUST109392,M_MER100439,shops_at
A_CUST109394,C_CARD512224,uses_card
A_CUST109394,M_MER100330,shops_at
A_CUST109394,L_Maharashtra,located_in
A_CUST109399,C_CARD512230,uses_card
A_CUST109399,M_MER100391,shops_at
A_CUST109399,L_West Bengal,located_in
A_CUST109407,C_CARD512240,uses_card
A_CUST109407,M_MER100467,shops_at
A_CUST109407,L_Madhya Pradesh,located_in
A_CUST109407,C_CARD512239,uses_card
A_CUST109407,M_MER100159,shops_at
A_CUST109407,M_MER100224,shops_at
A_CUST109416,C_CARD512249,uses_card
A_CUST109416,M_MER100394,shops_at
A_CUST109416,L_Bihar,located_in
A_CUST109419,C_CARD512252,uses_card
A_CUST109419,M_MER100156,shops_at
A_CUST109419,L_Punjab,located_in
A_CUST109421,C_CARD512255,uses_card
A_CUST109421,M_MER100311,shops_at
A_CUST109421,L_Uttar Pradesh,located_in
A_CUST109421,C_CARD512254,uses_card
A_CUST109421,M_MER100329,shops_at
A_CUST109421,M_MER100317,shops_at
A_CUST109423,C_CARD512259,uses_card
A_CUST109423,M_MER100035,shops_at
A_CUST109423,L_Karnataka,located_in
A_CUST109427,C_CARD512263,uses_card
A_CUST109427,M_MER100245,shops_at
A_CUST109427,L_Madhya Pradesh,located_in
A_CUST109427,C_CARD512264,uses_card
A_CUST109427,M_MER100292,shops_at
A_CUST109429,C_CARD512266,uses_card
A_CUST109429,M_MER100115,shops_at
A_CUST109429,L_Bihar,located_in
A_CUST109429,C_CARD512267,uses_card
A_CUST109429,M_MER100048,shops_at
A_CUST109437,C_CARD512276,uses_card
A_CUST109437,M_MER100457,shops_at
A_CUST109437,L_Uttar Pradesh,located_in
A_CUST109439,C_CARD512278,uses_card
A_CUST109439,M_MER100347,shops_at
A_CUST109439,L_Karnataka,located_in
A_CUST109439,M_MER100326,shops_at
A_CUST109439,M_MER100253,shops_at
A_CUST109447,C_CARD512287,uses_card
A_CUST109447,M_MER100059,shops_at
A_CUST109447,L_Assam,located_in
A_CUST109451,C_CARD512292,uses_card
A_CUST109451,M_MER100490,shops_at
A_CUST109451,L_West Bengal,located_in
A_CUST109451,M_MER100489,shops_at
A_CUST109451,C_CARD512293,uses_card
A_CUST109451,M_MER100191,shops_at
A_CUST109451,C_CARD512294,uses_card
A_CUST109451,M_MER100255,shops_at
A_CUST109456,C_CARD512301,uses_card
A_CUST109456,M_MER100102,shops_at
A_CUST109456,L_Odisha,located_in
A_CUST109459,C_CARD512305,uses_card
A_CUST109459,M_MER100487,shops_at
A_CUST109459,L_Gujarat,located_in
A_CUST109467,C_CARD512314,uses_card
A_CUST109467,M_MER100474,shops_at
A_CUST109467,L_Punjab,located_in
A_CUST109472,C_CARD512319,uses_card
A_CUST109472,M_MER100066,shops_at
A_CUST109472,L_Kerala,located_in
A_CUST109473,C_CARD512320,uses_card
A_CUST109473,M_MER100378,shops_at
A_CUST109473,L_Maharashtra,located_in
A_CUST109473,M_MER100256,shops_at
A_CUST109475,C_CARD512324,uses_card
A_CUST109475,M_MER100113,shops_at
A_CUST109475,L_Assam,located_in
A_CUST109477,C_CARD512328,uses_card
A_CUST109477,M_MER100108,shops_at
A_CUST109477,L_West Bengal,located_in
A_CUST109478,C_CARD512329,uses_card
A_CUST109478,M_MER100099,shops_at
A_CUST109478,L_Uttar Pradesh,located_in
A_CUST109481,C_CARD512333,uses_card
A_CUST109481,M_MER100205,shops_at
A_CUST109481,L_Gujarat,located_in
A_CUST109483,C_CARD512336,uses_card
A_CUST109483,M_MER100499,shops_at
A_CUST109483,L_Madhya Pradesh,located_in
A_CUST109483,M_MER100358,shops_at
A_CUST109484,C_CARD512337,uses_card
A_CUST109484,M_MER100358,shops_at
A_CUST109484,L_Gujarat,located_in
A_CUST109486,C_CARD512341,uses_card
A_CUST109486,M_MER100092,shops_at
A_CUST109486,L_Karnataka,located_in
A_CUST109486,C_CARD512340,uses_card
A_CUST109486,M_MER100446,shops_at
A_CUST109486,C_CARD512342,uses_card
A_CUST109486,M_MER100369,shops_at
A_CUST109492,C_CARD512349,uses_card
A_CUST109492,M_MER100183,shops_at
A_CUST109492,L_Telangana,located_in
A_CUST109492,M_MER100278,shops_at
A_CUST109496,C_CARD512354,uses_card
A_CUST109496,M_MER100385,shops_at
A_CUST109496,L_Maharashtra,located_in
A_CUST109498,C_CARD512359,uses_card
A_CUST109498,M_MER100495,shops_at
A_CUST109498,L_Assam,located_in
A_CUST109499,C_CARD512362,uses_card
A_CUST109499,M_MER100010,shops_at
A_CUST109499,L_Tamil Nadu,located_in
A_CUST109500,C_CARD512363,uses_card
A_CUST109500,M_MER100275,shops_at
A_CUST109500,L_Madhya Pradesh,located_in
A_CUST109502,C_CARD512365,uses_card
A_CUST109502,M_MER100141,shops_at
A_CUST109502,L_Punjab,located_in
A_CUST109504,C_CARD512368,uses_card
A_CUST109504,M_MER100243,shops_at
A_CUST109504,L_Uttar Pradesh,located_in
A_CUST109508,C_CARD512373,uses_card
A_CUST109508,M_MER100371,shops_at
A_CUST109508,L_Punjab,located_in
A_CUST109515,C_CARD512380,uses_card
A_CUST109515,M_MER100368,shops_at
A_CUST109515,L_Rajasthan,located_in
A_CUST109519,C_CARD512386,uses_card
A_CUST109519,M_MER100469,shops_at
A_CUST109519,L_Kerala,located_in
A_CUST109519,M_MER100138,shops_at
A_CUST109522,C_CARD512389,uses_card
A_CUST109522,M_MER100431,shops_at
A_CUST109522,L_Kerala,located_in
A_CUST109524,C_CARD512391,uses_card
A_CUST109524,M_MER100296,shops_at
A_CUST109524,L_Kerala,located_in
A_CUST109533,C_CARD512402,uses_card
A_CUST109533,M_MER100128,shops_at
A_CUST109533,L_Bihar,located_in
A_CUST109535,C_CARD512405,uses_card
A_CUST109535,M_MER100393,shops_at
A_CUST109535,L_Bihar,located_in
A_CUST109545,C_CARD512417,uses_card
A_CUST109545,M_MER100010,shops_at
A_CUST109545,L_Odisha,located_in
A_CUST109545,M_MER100398,shops_at
A_CUST109547,C_CARD512420,uses_card
A_CUST109547,M_MER100117,shops_at
A_CUST109547,L_West Bengal,located_in
A_CUST109547,M_MER100237,shops_at
A_CUST109552,C_CARD512425,uses_card
A_CUST109552,M_MER100014,shops_at
A_CUST109552,L_Rajasthan,located_in
A_CUST109562,C_CARD512436,uses_card
A_CUST109562,M_MER100040,shops_at
A_CUST109562,L_Haryana,located_in
A_CUST109567,C_CARD512443,uses_card
A_CUST109567,M_MER100358,shops_at
A_CUST109567,L_Assam,located_in
A_CUST109567,C_CARD512444,uses_card
A_CUST109567,M_MER100009,shops_at
A_CUST109567,M_MER100309,shops_at
A_CUST109567,M_MER100043,shops_at
A_CUST109567,M_MER100236,shops_at
A_CUST109568,C_CARD512445,uses_card
A_CUST109568,M_MER100028,shops_at
A_CUST109568,L_Telangana,located_in
A_CUST109585,C_CARD512464,uses_card
A_CUST109585,M_MER100276,shops_at
A_CUST109585,L_Uttar Pradesh,located_in
A_CUST109588,C_CARD512469,uses_card
A_CUST109588,M_MER100062,shops_at
A_CUST109588,L_Madhya Pradesh,located_in
A_CUST109590,C_CARD512473,uses_card
A_CUST109590,M_MER100194,shops_at
A_CUST109590,L_Telangana,located_in
A_CUST109591,C_CARD512474,uses_card
A_CUST109591,M_MER100345,shops_at
A_CUST109591,L_Punjab,located_in
A_CUST109606,C_CARD512489,uses_card
A_CUST109606,M_MER100179,shops_at
A_CUST109606,L_Tamil Nadu,located_in
A_CUST109611,C_CARD512495,uses_card
A_CUST109611,M_MER100183,shops_at
A_CUST109611,L_Bihar,located_in
A_CUST109611,M_MER100090,shops_at
A_CUST109615,C_CARD512502,uses_card
A_CUST109615,M_MER100157,shops_at
A_CUST109615,L_Haryana,located_in
A_CUST109616,C_CARD512503,uses_card
A_CUST109616,M_MER100334,shops_at
A_CUST109616,L_West Bengal,located_in
A_CUST109616,M_MER100238,shops_at
A_CUST109617,C_CARD512506,uses_card
A_CUST109617,M_MER100443,shops_at
A_CUST109617,L_Rajasthan,located_in
A_CUST109626,C_CARD512517,uses_card
A_CUST109626,M_MER100212,shops_at
A_CUST109626,L_Uttar Pradesh,located_in
A_CUST109627,C_CARD512518,uses_card
A_CUST109627,M_MER100278,shops_at
A_CUST109627,L_West Bengal,located_in
A_CUST109632,C_CARD512523,uses_card
A_CUST109632,M_MER100317,shops_at
A_CUST109632,L_Rajasthan,located_in
A_CUST109635,C_CARD512526,uses_card
A_CUST109635,M_MER100383,shops_at
A_CUST109635,L_Haryana,located_in
A_CUST109639,C_CARD512532,uses_card
A_CUST109639,M_MER100323,shops_at
A_CUST109639,L_Uttar Pradesh,located_in
A_CUST109641,C_CARD512534,uses_card
A_CUST109641,M_MER100348,shops_at
A_CUST109641,L_Maharashtra,located_in
A_CUST109641,C_CARD512535,uses_card
A_CUST109641,M_MER100059,shops_at
A_CUST109642,C_CARD512537,uses_card
A_CUST109642,M_MER100071,shops_at
A_CUST109642,L_Haryana,located_in
A_CUST109647,C_CARD512544,uses_card
A_CUST109647,M_MER100409,shops_at
A_CUST109647,L_Uttar Pradesh,located_in
A_CUST109647,M_MER100254,shops_at
A_CUST109647,M_MER100357,shops_at
A_CUST109647,M_MER100046,shops_at
A_CUST109654,C_CARD512554,uses_card
A_CUST109654,M_MER100180,shops_at
A_CUST109654,L_Odisha,located_in
A_CUST109654,C_CARD512553,uses_card
A_CUST109654,M_MER100399,shops_at
A_CUST109654,M_MER100291,shops_at
A_CUST109659,C_CARD512562,uses_card
A_CUST109659,M_MER100200,shops_at
A_CUST109659,L_Telangana,located_in
A_CUST109663,C_CARD512568,uses_card
A_CUST109663,M_MER100336,shops_at
A_CUST109663,L_Bihar,located_in
A_CUST109664,C_CARD512569,uses_card
A_CUST109664,M_MER100178,shops_at
A_CUST109664,L_Haryana,located_in
A_CUST109669,C_CARD512575,uses_card
A_CUST109669,M_MER100198,shops_at
A_CUST109669,L_Haryana,located_in
A_CUST109669,M_MER100369,shops_at
A_CUST109688,C_CARD512601,uses_card
A_CUST109688,M_MER100188,shops_at
A_CUST109688,L_West Bengal,located_in
A_CUST109696,C_CARD512609,uses_card
A_CUST109696,M_MER100175,shops_at
A_CUST109696,L_Tamil Nadu,located_in
A_CUST109697,C_CARD512611,uses_card
A_CUST109697,M_MER100110,shops_at
A_CUST109697,L_Haryana,located_in
A_CUST109698,C_CARD512613,uses_card
A_CUST109698,M_MER100199,shops_at
A_CUST109698,L_Punjab,located_in
A_CUST109700,C_CARD512615,uses_card
A_CUST109700,M_MER100009,shops_at
A_CUST109700,L_Bihar,located_in
A_CUST109700,M_MER100152,shops_at
A_CUST109701,C_CARD512617,uses_card
A_CUST109701,M_MER100235,shops_at
A_CUST109701,L_Punjab,located_in
A_CUST109702,C_CARD512619,uses_card
A_CUST109702,M_MER100015,shops_at
A_CUST109702,L_Madhya Pradesh,located_in
A_CUST109705,C_CARD512622,uses_card
A_CUST109705,M_MER100243,shops_at
A_CUST109705,L_Madhya Pradesh,located_in
A_CUST109705,C_CARD512623,uses_card
A_CUST109705,M_MER100269,shops_at
A_CUST109707,C_CARD512626,uses_card
A_CUST109707,M_MER100339,shops_at
A_CUST109707,L_Bihar,located_in
A_CUST109708,C_CARD512627,uses_card
A_CUST109708,M_MER100149,shops_at
A_CUST109708,L_West Bengal,located_in
A_CUST109710,C_CARD512629,uses_card
A_CUST109710,M_MER100182,shops_at
A_CUST109710,L_Kerala,located_in
A_CUST109710,M_MER100335,shops_at
A_CUST109720,C_CARD512642,uses_card
A_CUST109720,M_MER100062,shops_at
A_CUST109720,L_Rajasthan,located_in
A_CUST109722,C_CARD512645,uses_card
A_CUST109722,M_MER100132,shops_at
A_CUST109722,L_Uttar Pradesh,located_in
A_CUST109722,C_CARD512646,uses_card
A_CUST109722,M_MER100037,shops_at
A_CUST109722,M_MER100284,shops_at
A_CUST109727,C_CARD512651,uses_card
A_CUST109727,M_MER100014,shops_at
A_CUST109727,L_Maharashtra,located_in
A_CUST109729,C_CARD512654,uses_card
A_CUST109729,M_MER100492,shops_at
A_CUST109729,L_Punjab,located_in
A_CUST109729,C_CARD512653,uses_card
A_CUST109729,M_MER100162,shops_at
A_CUST109729,M_MER100054,shops_at
A_CUST109729,C_CARD512655,uses_card
A_CUST109729,M_MER100495,shops_at
A_CUST109732,C_CARD512658,uses_card
A_CUST109732,M_MER100339,shops_at
A_CUST109732,L_Tamil Nadu,located_in
A_CUST109733,C_CARD512660,uses_card
A_CUST109733,M_MER100480,shops_at
A_CUST109733,L_Gujarat,located_in
A_CUST109733,M_MER100444,shops_at
A_CUST109734,C_CARD512663,uses_card
A_CUST109734,M_MER100376,shops_at
A_CUST109734,L_Punjab,located_in
A_CUST109734,M_MER100194,shops_at
A_CUST109741,C_CARD512672,uses_card
A_CUST109741,M_MER100150,shops_at
A_CUST109741,L_Rajasthan,located_in
A_CUST109741,M_MER100365,shops_at
A_CUST109741,C_CARD512673,uses_card
A_CUST109741,M_MER100229,shops_at
A_CUST109741,C_CARD512671,uses_card
A_CUST109741,M_MER100148,shops_at
A_CUST109748,C_CARD512682,uses_card
A_CUST109748,M_MER100266,shops_at
A_CUST109748,L_Tamil Nadu,located_in
A_CUST109749,C_CARD512683,uses_card
A_CUST109749,M_MER100494,shops_at
A_CUST109749,L_Tamil Nadu,located_in
A_CUST109752,C_CARD512686,uses_card
A_CUST109752,M_MER100063,shops_at
A_CUST109752,L_West Bengal,located_in
A_CUST109755,C_CARD512692,uses_card
A_CUST109755,M_MER100417,shops_at
A_CUST109755,L_Punjab,located_in
A_CUST109755,C_CARD512690,uses_card
A_CUST109755,M_MER100116,shops_at
A_CUST109757,C_CARD512696,uses_card
A_CUST109757,M_MER100358,shops_at
A_CUST109757,L_Odisha,located_in
A_CUST109758,C_CARD512698,uses_card
A_CUST109758,M_MER100305,shops_at
A_CUST109758,L_Maharashtra,located_in
A_CUST109760,C_CARD512700,uses_card
A_CUST109760,M_MER100433,shops_at
A_CUST109760,L_Rajasthan,located_in
A_CUST109761,C_CARD512702,uses_card
A_CUST109761,M_MER100352,shops_at
A_CUST109761,L_Gujarat,located_in
A_CUST109761,M_MER100335,shops_at
A_CUST109761,M_MER100148,shops_at
A_CUST109769,C_CARD512712,uses_card
A_CUST109769,M_MER100007,shops_at
A_CUST109769,L_Rajasthan,located_in
A_CUST109769,M_MER100380,shops_at
A_CUST109771,C_CARD512715,uses_card
A_CUST109771,M_MER100102,shops_at
A_CUST109771,L_Gujarat,located_in
A_CUST109774,C_CARD512719,uses_card
A_CUST109774,M_MER100069,shops_at
A_CUST109774,L_Madhya Pradesh,located_in
A_CUST109777,C_CARD512723,uses_card
A_CUST109777,M_MER100382,shops_at
A_CUST109777,L_Kerala,located_in
A_CUST109778,C_CARD512724,uses_card
A_CUST109778,M_MER100041,shops_at
A_CUST109778,L_Tamil Nadu,located_in
A_CUST109786,C_CARD512734,uses_card
A_CUST109786,M_MER100051,shops_at
A_CUST109786,L_Kerala,located_in
A_CUST109787,C_CARD512736,uses_card
A_CUST109787,M_MER100229,shops_at
A_CUST109787,L_Punjab,located_in
A_CUST109788,C_CARD512737,uses_card
A_CUST109788,M_MER100432,shops_at
A_CUST109788,L_Tamil Nadu,located_in
A_CUST109788,M_MER100140,shops_at
A_CUST109795,C_CARD512747,uses_card
A_CUST109795,M_MER100065,shops_at
A_CUST109795,L_Kerala,located_in
A_CUST109795,M_MER100390,shops_at
A_CUST109800,C_CARD512755,uses_card
A_CUST109800,M_MER100496,shops_at
A_CUST109800,L_Kerala,located_in
A_CUST109802,C_CARD512758,uses_card
A_CUST109802,M_MER100291,shops_at
A_CUST109802,L_Maharashtra,located_in
A_CUST109802,M_MER100293,shops_at
A_CUST109802,M_MER100276,shops_at
A_CUST109802,M_MER100374,shops_at
A_CUST109802,M_MER100266,shops_at
A_CUST109802,M_MER100352,shops_at
A_CUST109810,C_CARD512767,uses_card
A_CUST109810,M_MER100451,shops_at
A_CUST109810,L_Odisha,located_in
A_CUST109811,C_CARD512768,uses_card
A_CUST109811,M_MER100262,shops_at
A_CUST109811,L_Uttar Pradesh,located_in
A_CUST109814,C_CARD512771,uses_card
A_CUST109814,M_MER100269,shops_at
A_CUST109814,L_Maharashtra,located_in
A_CUST109814,M_MER100476,shops_at
A_CUST109817,C_CARD512775,uses_card
A_CUST109817,M_MER100141,shops_at
A_CUST109817,L_Tamil Nadu,located_in
A_CUST109817,M_MER100369,shops_at
A_CUST109818,C_CARD512779,uses_card
A_CUST109818,M_MER100252,shops_at
A_CUST109818,L_West Bengal,located_in
A_CUST109826,C_CARD512789,uses_card
A_CUST109826,M_MER100141,shops_at
A_CUST109826,L_Rajasthan,located_in
A_CUST109835,C_CARD512798,uses_card
A_CUST109835,M_MER100146,shops_at
A_CUST109835,L_Bihar,located_in
A_CUST109835,M_MER100150,shops_at
A_CUST109840,C_CARD512806,uses_card
A_CUST109840,M_MER100351,shops_at
A_CUST109840,L_Rajasthan,located_in
A_CUST109840,M_MER100415,shops_at
A_CUST109843,C_CARD512810,uses_card
A_CUST109843,M_MER100210,shops_at
A_CUST109843,L_Karnataka,located_in
A_CUST109847,C_CARD512816,uses_card
A_CUST109847,M_MER100351,shops_at
A_CUST109847,L_Gujarat,located_in
A_CUST109850,C_CARD512819,uses_card
A_CUST109850,M_MER100323,shops_at
A_CUST109850,L_Rajasthan,located_in
A_CUST109851,C_CARD512821,uses_card
A_CUST109851,M_MER100379,shops_at
A_CUST109851,L_Assam,located_in
A_CUST109855,C_CARD512827,uses_card
A_CUST109855,M_MER100200,shops_at
A_CUST109855,L_Haryana,located_in
A_CUST109857,C_CARD512829,uses_card
A_CUST109857,M_MER100256,shops_at
A_CUST109857,L_Rajasthan,located_in
A_CUST109859,C_CARD512833,uses_card
A_CUST109859,M_MER100443,shops_at
A_CUST109859,L_Haryana,located_in
A_CUST109865,C_CARD512841,uses_card
A_CUST109865,M_MER100171,shops_at
A_CUST109865,L_Tamil Nadu,located_in
A_CUST109865,C_CARD512840,uses_card
A_CUST109865,M_MER100321,shops_at
A_CUST109865,M_MER100491,shops_at
A_CUST109865,M_MER100431,shops_at
A_CUST109875,C_CARD512854,uses_card
A_CUST109875,M_MER100429,shops_at
A_CUST109875,L_Telangana,located_in
A_CUST109880,C_CARD512859,uses_card
A_CUST109880,M_MER100398,shops_at
A_CUST109880,L_Maharashtra,located_in
A_CUST109880,M_MER100071,shops_at
A_CUST109881,C_CARD512861,uses_card
A_CUST109881,M_MER100349,shops_at
A_CUST109881,L_Assam,located_in
A_CUST109882,C_CARD512862,uses_card
A_CUST109882,M_MER100110,shops_at
A_CUST109882,L_Uttar Pradesh,located_in
A_CUST109882,M_MER100163,shops_at
A_CUST109898,C_CARD512879,uses_card
A_CUST109898,M_MER100234,shops_at
A_CUST109898,L_Rajasthan,located_in
A_CUST109898,M_MER100410,shops_at
A_CUST109898,M_MER100383,shops_at
A_CUST109898,C_CARD512878,uses_card
A_CUST109898,M_MER100495,shops_at
A_CUST109900,C_CARD512881,uses_card
A_CUST109900,M_MER100251,shops_at
A_CUST109900,L_Bihar,located_in
A_CUST109907,C_CARD512890,uses_card
A_CUST109907,M_MER100346,shops_at
A_CUST109907,L_Punjab,located_in
A_CUST109910,C_CARD512893,uses_card
A_CUST109910,M_MER100179,shops_at
A_CUST109910,L_Karnataka,located_in
A_CUST109910,M_MER100162,shops_at
A_CUST109912,C_CARD512896,uses_card
A_CUST109912,M_MER100282,shops_at
A_CUST109912,L_Maharashtra,located_in
A_CUST109921,C_CARD512907,uses_card
A_CUST109921,M_MER100062,shops_at
A_CUST109921,L_Gujarat,located_in
A_CUST109924,C_CARD512911,uses_card
A_CUST109924,M_MER100101,shops_at
A_CUST109924,L_Assam,located_in
A_CUST109924,M_MER100043,shops_at
A_CUST109924,M_MER100222,shops_at
A_CUST109927,C_CARD512914,uses_card
A_CUST109927,M_MER100094,shops_at
A_CUST109927,L_Rajasthan,located_in
A_CUST109927,M_MER100448,shops_at
A_CUST109931,C_CARD512920,uses_card
A_CUST109931,M_MER100394,shops_at
A_CUST109931,L_Punjab,located_in
A_CUST109933,C_CARD512923,uses_card
A_CUST109933,M_MER100125,shops_at
A_CUST109933,L_Madhya Pradesh,located_in
A_CUST109937,C_CARD512928,uses_card
A_CUST109937,M_MER100418,shops_at
A_CUST109937,L_Maharashtra,located_in
A_CUST109939,C_CARD512932,uses_card
A_CUST109939,M_MER100324,shops_at
A_CUST109939,L_Odisha,located_in
A_CUST109958,C_CARD512952,uses_card
A_CUST109958,M_MER100315,shops_at
A_CUST109958,L_Haryana,located_in
A_CUST109962,C_CARD512956,uses_card
A_CUST109962,M_MER100382,shops_at
A_CUST109962,L_Telangana,located_in
A_CUST109963,C_CARD512957,uses_card
A_CUST109963,M_MER100495,shops_at
A_CUST109963,L_Punjab,located_in
A_CUST109981,C_CARD512979,uses_card
A_CUST109981,M_MER100492,shops_at
A_CUST109981,L_West Bengal,located_in
A_CUST109981,M_MER100249,shops_at
A_CUST109986,C_CARD512986,uses_card
A_CUST109986,M_MER100383,shops_at
A_CUST109986,L_West Bengal,located_in
A_CUST109987,C_CARD512987,uses_card
A_CUST109987,M_MER100184,shops_at
A_CUST109987,L_Uttar Pradesh,located_in
A_CUST109987,M_MER100253,shops_at
A_CUST109988,C_CARD512988,uses_card
A_CUST109988,M_MER100267,shops_at
A_CUST109988,L_Odisha,located_in
A_CUST109998,C_CARD513000,uses_card
A_CUST109998,M_MER100482,shops_at
A_CUST109998,L_West Bengal,located_in
A_CUST109998,M_MER100138,shops_at
A_CUST109999,C_CARD513001,uses_card
A_CUST109999,M_MER100425,shops_at
A_CUST109999,L_Madhya Pradesh,located_in
A_CUST110004,C_CARD513007,uses_card
A_CUST110004,M_MER100432,shops_at
A_CUST110004,L_Uttar Pradesh,located_in
A_CUST110005,C_CARD513008,uses_card
A_CUST110005,M_MER100090,shops_at
A_CUST110005,L_Tamil Nadu,located_in
A_CUST110010,C_CARD513015,uses_card
A_CUST110010,M_MER100022,shops_at
A_CUST110010,L_Punjab,located_in
A_CUST110010,M_MER100162,shops_at
A_CUST110012,C_CARD513019,uses_card
A_CUST110012,M_MER100323,shops_at
A_CUST110012,L_Gujarat,located_in
A_CUST110016,C_CARD513024,uses_card
A_CUST110016,M_MER100384,shops_at
A_CUST110016,L_Maharashtra,located_in
A_CUST110016,C_CARD513025,uses_card
A_CUST110016,M_MER100194,shops_at
A_CUST110017,C_CARD513027,uses_card
A_CUST110017,M_MER100271,shops_at
A_CUST110017,L_Maharashtra,located_in
A_CUST110018,C_CARD513028,uses_card
A_CUST110018,M_MER100424,shops_at
A_CUST110018,L_Bihar,located_in
A_CUST110018,M_MER100479,shops_at
A_CUST110023,C_CARD513033,uses_card
A_CUST110023,M_MER100166,shops_at
A_CUST110023,L_Gujarat,located_in
A_CUST110030,C_CARD513040,uses_card
A_CUST110030,M_MER100358,shops_at
A_CUST110030,L_Assam,located_in
A_CUST110034,C_CARD513047,uses_card
A_CUST110034,M_MER100220,shops_at
A_CUST110034,L_Bihar,located_in
A_CUST110041,C_CARD513056,uses_card
A_CUST110041,M_MER100113,shops_at
A_CUST110041,L_Haryana,located_in
A_CUST110057,C_CARD513074,uses_card
A_CUST110057,M_MER100469,shops_at
A_CUST110057,L_Rajasthan,located_in
A_CUST110068,C_CARD513088,uses_card
A_CUST110068,M_MER100204,shops_at
A_CUST110068,L_Gujarat,located_in
A_CUST110069,C_CARD513089,uses_card
A_CUST110069,M_MER100249,shops_at
A_CUST110069,L_Gujarat,located_in
A_CUST110069,M_MER100040,shops_at
A_CUST110075,C_CARD513097,uses_card
A_CUST110075,M_MER100252,shops_at
A_CUST110075,L_Maharashtra,located_in
A_CUST110075,M_MER100318,shops_at
A_CUST110081,C_CARD513103,uses_card
A_CUST110081,M_MER100345,shops_at
A_CUST110081,L_Assam,located_in
A_CUST110083,C_CARD513105,uses_card
A_CUST110083,M_MER100256,shops_at
A_CUST110083,L_Madhya Pradesh,located_in
A_CUST110084,C_CARD513106,uses_card
A_CUST110084,M_MER100072,shops_at
A_CUST110084,L_Haryana,located_in
A_CUST110085,C_CARD513107,uses_card
A_CUST110085,M_MER100141,shops_at
A_CUST110085,L_Maharashtra,located_in
A_CUST110090,C_CARD513112,uses_card
A_CUST110090,M_MER100228,shops_at
A_CUST110090,L_Madhya Pradesh,located_in
A_CUST110090,M_MER100219,shops_at
A_CUST110091,C_CARD513113,uses_card
A_CUST110091,M_MER100173,shops_at
A_CUST110091,L_Tamil Nadu,located_in
A_CUST110093,C_CARD513116,uses_card
A_CUST110093,M_MER100014,shops_at
A_CUST110093,L_Tamil Nadu,located_in
A_CUST110093,M_MER100480,shops_at
A_CUST110105,C_CARD513128,uses_card
A_CUST110105,M_MER100014,shops_at
A_CUST110105,L_West Bengal,located_in
A_CUST110105,M_MER100456,shops_at
A_CUST110111,C_CARD513134,uses_card
A_CUST110111,M_MER100235,shops_at
A_CUST110111,L_Uttar Pradesh,located_in
A_CUST110114,C_CARD513138,uses_card
A_CUST110114,M_MER100021,shops_at
A_CUST110114,L_Telangana,located_in
A_CUST110122,C_CARD513147,uses_card
A_CUST110122,M_MER100327,shops_at
A_CUST110122,L_Bihar,located_in
A_CUST110127,C_CARD513152,uses_card
A_CUST110127,M_MER100499,shops_at
A_CUST110127,L_Assam,located_in
A_CUST110127,M_MER100097,shops_at
A_CUST110128,C_CARD513153,uses_card
A_CUST110128,M_MER100369,shops_at
A_CUST110128,L_Uttar Pradesh,located_in
A_CUST110129,C_CARD513154,uses_card
A_CUST110129,M_MER100026,shops_at
A_CUST110129,L_Odisha,located_in
A_CUST110130,C_CARD513155,uses_card
A_CUST110130,M_MER100426,shops_at
A_CUST110130,L_Maharashtra,located_in
A_CUST110130,M_MER100463,shops_at
A_CUST110130,M_MER100066,shops_at
A_CUST110130,M_MER100316,shops_at
A_CUST110141,C_CARD513167,uses_card
A_CUST110141,M_MER100052,shops_at
A_CUST110141,L_Odisha,located_in
A_CUST110153,C_CARD513180,uses_card
A_CUST110153,M_MER100459,shops_at
A_CUST110153,L_Gujarat,located_in
A_CUST110156,C_CARD513184,uses_card
A_CUST110156,M_MER100040,shops_at
A_CUST110156,L_Odisha,located_in
A_CUST110158,C_CARD513188,uses_card
A_CUST110158,M_MER100431,shops_at
A_CUST110158,L_Punjab,located_in
A_CUST110158,M_MER100192,shops_at
A_CUST110158,C_CARD513187,uses_card
A_CUST110158,M_MER100346,shops_at
A_CUST110166,C_CARD513198,uses_card
A_CUST110166,M_MER100192,shops_at
A_CUST110166,L_Telangana,located_in
A_CUST110176,C_CARD513209,uses_card
A_CUST110176,M_MER100251,shops_at
A_CUST110176,L_Rajasthan,located_in
A_CUST110176,M_MER100197,shops_at
A_CUST110179,C_CARD513214,uses_card
A_CUST110179,M_MER100059,shops_at
A_CUST110179,L_Uttar Pradesh,located_in
A_CUST110180,C_CARD513217,uses_card
A_CUST110180,M_MER100254,shops_at
A_CUST110180,L_Madhya Pradesh,located_in
A_CUST110180,M_MER100283,shops_at
A_CUST110180,C_CARD513215,uses_card
A_CUST110180,M_MER100402,shops_at
A_CUST110187,C_CARD513226,uses_card
A_CUST110187,M_MER100183,shops_at
A_CUST110187,L_Bihar,located_in
A_CUST110190,C_CARD513230,uses_card
A_CUST110190,M_MER100325,shops_at
A_CUST110190,L_West Bengal,located_in
A_CUST110193,C_CARD513233,uses_card
A_CUST110193,M_MER100448,shops_at
A_CUST110193,L_Karnataka,located_in
A_CUST110195,C_CARD513235,uses_card
A_CUST110195,M_MER100043,shops_at
A_CUST110195,L_Karnataka,located_in
A_CUST110195,M_MER100292,shops_at
A_CUST110198,C_CARD513238,uses_card
A_CUST110198,M_MER100278,shops_at
A_CUST110198,L_Maharashtra,located_in
A_CUST110204,C_CARD513245,uses_card
A_CUST110204,M_MER100010,shops_at
A_CUST110204,L_Odisha,located_in
A_CUST110204,M_MER100304,shops_at
A_CUST110210,C_CARD513255,uses_card
A_CUST110210,M_MER100090,shops_at
A_CUST110210,L_Uttar Pradesh,located_in
A_CUST110210,C_CARD513254,uses_card
A_CUST110210,M_MER100017,shops_at
A_CUST110214,C_CARD513260,uses_card
A_CUST110214,M_MER100461,shops_at
A_CUST110214,L_Madhya Pradesh,located_in
A_CUST110214,M_MER100305,shops_at
A_CUST110214,M_MER100272,shops_at
A_CUST110215,C_CARD513261,uses_card
A_CUST110215,M_MER100430,shops_at
A_CUST110215,L_Uttar Pradesh,located_in
A_CUST110216,C_CARD513262,uses_card
A_CUST110216,M_MER100028,shops_at
A_CUST110216,L_Telangana,located_in
A_CUST110220,C_CARD513266,uses_card
A_CUST110220,M_MER100059,shops_at
A_CUST110220,L_Uttar Pradesh,located_in
A_CUST110220,M_MER100383,shops_at
A_CUST110221,C_CARD513267,uses_card
A_CUST110221,M_MER100159,shops_at
A_CUST110221,L_Tamil Nadu,located_in
A_CUST110236,C_CARD513287,uses_card
A_CUST110236,M_MER100199,shops_at
A_CUST110236,L_Karnataka,located_in
A_CUST110237,C_CARD513289,uses_card
A_CUST110237,M_MER100200,shops_at
A_CUST110237,L_Haryana,located_in
A_CUST110239,C_CARD513293,uses_card
A_CUST110239,M_MER100332,shops_at
A_CUST110239,L_Haryana,located_in
A_CUST110242,C_CARD513297,uses_card
A_CUST110242,M_MER100065,shops_at
A_CUST110242,L_West Bengal,located_in
A_CUST110243,C_CARD513298,uses_card
A_CUST110243,M_MER100097,shops_at
A_CUST110243,L_Karnataka,located_in
A_CUST110245,C_CARD513300,uses_card
A_CUST110245,M_MER100041,shops_at
A_CUST110245,L_Madhya Pradesh,located_in
A_CUST110247,C_CARD513304,uses_card
A_CUST110247,M_MER100262,shops_at
A_CUST110247,L_Telangana,located_in
A_CUST110247,C_CARD513305,uses_card
A_CUST110247,M_MER100352,shops_at
A_CUST110252,C_CARD513314,uses_card
A_CUST110252,M_MER100280,shops_at
A_CUST110252,L_Uttar Pradesh,located_in
A_CUST110254,C_CARD513317,uses_card
A_CUST110254,M_MER100452,shops_at
A_CUST110254,L_Madhya Pradesh,located_in
A_CUST110254,M_MER100395,shops_at
A_CUST110271,C_CARD513336,uses_card
A_CUST110271,M_MER100207,shops_at
A_CUST110271,L_Karnataka,located_in
A_CUST110278,C_CARD513343,uses_card
A_CUST110278,M_MER100046,shops_at
A_CUST110278,L_Tamil Nadu,located_in
A_CUST110282,C_CARD513347,uses_card
A_CUST110282,M_MER100357,shops_at
A_CUST110282,L_Odisha,located_in
A_CUST110283,C_CARD513348,uses_card
A_CUST110283,M_MER100301,shops_at
A_CUST110283,L_Maharashtra,located_in
A_CUST110289,C_CARD513357,uses_card
A_CUST110289,M_MER100028,shops_at
A_CUST110289,L_Tamil Nadu,located_in
A_CUST110289,M_MER100109,shops_at
A_CUST110289,M_MER100152,shops_at
A_CUST110293,C_CARD513363,uses_card
A_CUST110293,M_MER100426,shops_at
A_CUST110293,L_Rajasthan,located_in
A_CUST110294,C_CARD513365,uses_card
A_CUST110294,M_MER100467,shops_at
A_CUST110294,L_Haryana,located_in
A_CUST110294,M_MER100094,shops_at
A_CUST110296,C_CARD513369,uses_card
A_CUST110296,M_MER100491,shops_at
A_CUST110296,L_Telangana,located_in
A_CUST110296,C_CARD513368,uses_card
A_CUST110296,M_MER100432,shops_at
A_CUST110296,C_CARD513367,uses_card
A_CUST110296,M_MER100281,shops_at
A_CUST110296,M_MER100443,shops_at
A_CUST110296,M_MER100074,shops_at
A_CUST110297,C_CARD513370,uses_card
A_CUST110297,M_MER100216,shops_at
A_CUST110297,L_Kerala,located_in
A_CUST110298,C_CARD513373,uses_card
A_CUST110298,M_MER100059,shops_at
A_CUST110298,L_Rajasthan,located_in
A_CUST110298,C_CARD513372,uses_card
A_CUST110298,M_MER100014,shops_at
A_CUST110298,M_MER100397,shops_at
A_CUST110298,M_MER100389,shops_at
A_CUST110305,C_CARD513381,uses_card
A_CUST110305,M_MER100093,shops_at
A_CUST110305,L_Rajasthan,located_in
A_CUST110305,M_MER100294,shops_at
A_CUST110306,C_CARD513383,uses_card
A_CUST110306,M_MER100138,shops_at
A_CUST110306,L_Gujarat,located_in
A_CUST110307,C_CARD513384,uses_card
A_CUST110307,M_MER100043,shops_at
A_CUST110307,L_Haryana,located_in
A_CUST110309,C_CARD513386,uses_card
A_CUST110309,M_MER100173,shops_at
A_CUST110309,L_Telangana,located_in
A_CUST110309,C_CARD513387,uses_card
A_CUST110309,M_MER100051,shops_at
A_CUST110309,M_MER100493,shops_at
A_CUST110309,M_MER100382,shops_at
A_CUST110309,M_MER100457,shops_at
A_CUST110314,C_CARD513394,uses_card
A_CUST110314,M_MER100158,shops_at
A_CUST110314,L_Odisha,located_in
A_CUST110318,C_CARD513400,uses_card
A_CUST110318,M_MER100301,shops_at
A_CUST110318,L_Bihar,located_in
A_CUST110320,C_CARD513403,uses_card
A_CUST110320,M_MER100389,shops_at
A_CUST110320,L_Haryana,located_in
A_CUST110320,C_CARD513404,uses_card
A_CUST110320,M_MER100335,shops_at
A_CUST110321,C_CARD513405,uses_card
A_CUST110321,M_MER100344,shops_at
A_CUST110321,L_Maharashtra,located_in
A_CUST110327,C_CARD513413,uses_card
A_CUST110327,M_MER100095,shops_at
A_CUST110327,L_Maharashtra,located_in
A_CUST110332,C_CARD513418,uses_card
A_CUST110332,M_MER100179,shops_at
A_CUST110332,L_Madhya Pradesh,located_in
A_CUST110337,C_CARD513425,uses_card
A_CUST110337,M_MER100233,shops_at
A_CUST110337,L_Madhya Pradesh,located_in
A_CUST110337,M_MER100363,shops_at
A_CUST110338,C_CARD513426,uses_card
A_CUST110338,M_MER100352,shops_at
A_CUST110338,L_Karnataka,located_in
A_CUST110343,C_CARD513433,uses_card
A_CUST110343,M_MER100010,shops_at
A_CUST110343,L_Telangana,located_in
A_CUST110345,C_CARD513435,uses_card
A_CUST110345,M_MER100148,shops_at
A_CUST110345,L_Karnataka,located_in
A_CUST110345,M_MER100305,shops_at
A_CUST110346,C_CARD513437,uses_card
A_CUST110346,M_MER100240,shops_at
A_CUST110346,L_West Bengal,located_in
A_CUST110346,M_MER100404,shops_at
A_CUST110354,C_CARD513447,uses_card
A_CUST110354,M_MER100087,shops_at
A_CUST110354,L_Punjab,located_in
A_CUST110358,C_CARD513451,uses_card
A_CUST110358,M_MER100299,shops_at
A_CUST110358,L_Bihar,located_in
A_CUST110364,C_CARD513459,uses_card
A_CUST110364,M_MER100195,shops_at
A_CUST110364,L_Telangana,located_in
A_CUST110368,C_CARD513464,uses_card
A_CUST110368,M_MER100059,shops_at
A_CUST110368,L_Telangana,located_in
A_CUST110369,C_CARD513465,uses_card
A_CUST110369,M_MER100422,shops_at
A_CUST110369,L_Odisha,located_in
A_CUST110369,C_CARD513466,uses_card
A_CUST110369,M_MER100227,shops_at
A_CUST110369,M_MER100344,shops_at
A_CUST110369,M_MER100131,shops_at
A_CUST110369,M_MER100124,shops_at
A_CUST110370,C_CARD513468,uses_card
A_CUST110370,M_MER100014,shops_at
A_CUST110370,L_Karnataka,located_in
A_CUST110381,C_CARD513483,uses_card
A_CUST110381,M_MER100059,shops_at
A_CUST110381,L_Bihar,located_in
A_CUST110385,C_CARD513487,uses_card
A_CUST110385,M_MER100047,shops_at
A_CUST110385,L_Tamil Nadu,located_in
A_CUST110385,M_MER100022,shops_at
A_CUST110389,C_CARD513492,uses_card
A_CUST110389,M_MER100047,shops_at
A_CUST110389,L_Odisha,located_in
A_CUST110392,C_CARD513495,uses_card
A_CUST110392,M_MER100092,shops_at
A_CUST110392,L_Kerala,located_in
A_CUST110393,C_CARD513496,uses_card
A_CUST110393,M_MER100365,shops_at
A_CUST110393,L_Kerala,located_in
A_CUST110401,C_CARD513506,uses_card
A_CUST110401,M_MER100246,shops_at
A_CUST110401,L_Uttar Pradesh,located_in
A_CUST110405,C_CARD513510,uses_card
A_CUST110405,M_MER100291,shops_at
A_CUST110405,L_Bihar,located_in
A_CUST110407,C_CARD513513,uses_card
A_CUST110407,M_MER100348,shops_at
A_CUST110407,L_Madhya Pradesh,located_in
A_CUST110407,M_MER100166,shops_at
A_CUST110407,M_MER100141,shops_at
A_CUST110410,C_CARD513517,uses_card
A_CUST110410,M_MER100275,shops_at
A_CUST110410,L_Assam,located_in
A_CUST110410,C_CARD513516,uses_card
A_CUST110410,M_MER100193,shops_at
A_CUST110410,M_MER100257,shops_at
A_CUST110411,C_CARD513518,uses_card
A_CUST110411,M_MER100198,shops_at
A_CUST110411,L_Kerala,located_in
A_CUST110414,C_CARD513522,uses_card
A_CUST110414,M_MER100339,shops_at
A_CUST110414,L_Gujarat,located_in
A_CUST110418,C_CARD513526,uses_card
A_CUST110418,M_MER100040,shops_at
A_CUST110418,L_Telangana,located_in
A_CUST110423,C_CARD513531,uses_card
A_CUST110423,M_MER100121,shops_at
A_CUST110423,L_Bihar,located_in
A_CUST110425,C_CARD513535,uses_card
A_CUST110425,M_MER100037,shops_at
A_CUST110425,L_Punjab,located_in
A_CUST110425,M_MER100287,shops_at
A_CUST110425,C_CARD513534,uses_card
A_CUST110425,M_MER100289,shops_at
A_CUST110425,M_MER100192,shops_at
A_CUST110426,C_CARD513538,uses_card
A_CUST110426,M_MER100275,shops_at
A_CUST110426,L_Madhya Pradesh,located_in
A_CUST110426,M_MER100424,shops_at
A_CUST110427,C_CARD513539,uses_card
A_CUST110427,M_MER100102,shops_at
A_CUST110427,L_Kerala,located_in
A_CUST110433,C_CARD513546,uses_card
A_CUST110433,M_MER100365,shops_at
A_CUST110433,L_Rajasthan,located_in
A_CUST110433,M_MER100250,shops_at
A_CUST110435,C_CARD513548,uses_card
A_CUST110435,M_MER100015,shops_at
A_CUST110435,L_Kerala,located_in
A_CUST110437,C_CARD513552,uses_card
A_CUST110437,M_MER100220,shops_at
A_CUST110437,L_Telangana,located_in
A_CUST110447,C_CARD513565,uses_card
A_CUST110447,M_MER100291,shops_at
A_CUST110447,L_Kerala,located_in
A_CUST110447,M_MER100162,shops_at
A_CUST110447,M_MER100175,shops_at
A_CUST110456,C_CARD513576,uses_card
A_CUST110456,M_MER100404,shops_at
A_CUST110456,L_Tamil Nadu,located_in
A_CUST110456,C_CARD513575,uses_card
A_CUST110456,M_MER100204,shops_at
A_CUST110456,M_MER100390,shops_at
A_CUST110460,C_CARD513581,uses_card
A_CUST110460,M_MER100282,shops_at
A_CUST110460,L_Madhya Pradesh,located_in
A_CUST110463,C_CARD513584,uses_card
A_CUST110463,M_MER100022,shops_at
A_CUST110463,L_Tamil Nadu,located_in
A_CUST110464,C_CARD513585,uses_card
A_CUST110464,M_MER100200,shops_at
A_CUST110464,L_Bihar,located_in
A_CUST110473,C_CARD513599,uses_card
A_CUST110473,M_MER100305,shops_at
A_CUST110473,L_Tamil Nadu,located_in
A_CUST110474,C_CARD513600,uses_card
A_CUST110474,M_MER100092,shops_at
A_CUST110474,L_Tamil Nadu,located_in
A_CUST110478,C_CARD513606,uses_card
A_CUST110478,M_MER100047,shops_at
A_CUST110478,L_Telangana,located_in
A_CUST110481,C_CARD513609,uses_card
A_CUST110481,M_MER100094,shops_at
A_CUST110481,L_Assam,located_in
A_CUST110481,M_MER100209,shops_at
A_CUST110482,C_CARD513610,uses_card
A_CUST110482,M_MER100403,shops_at
A_CUST110482,L_Punjab,located_in
A_CUST110483,C_CARD513611,uses_card
A_CUST110483,M_MER100142,shops_at
A_CUST110483,L_Maharashtra,located_in
A_CUST110483,M_MER100003,shops_at
A_CUST110485,C_CARD513614,uses_card
A_CUST110485,M_MER100457,shops_at
A_CUST110485,L_Kerala,located_in
A_CUST110485,M_MER100040,shops_at
A_CUST110485,M_MER100025,shops_at
A_CUST110485,C_CARD513615,uses_card
A_CUST110485,M_MER100353,shops_at
A_CUST110485,M_MER100043,shops_at
A_CUST110485,M_MER100466,shops_at
A_CUST110486,C_CARD513616,uses_card
A_CUST110486,M_MER100291,shops_at
A_CUST110486,L_Punjab,located_in
A_CUST110486,M_MER100235,shops_at
A_CUST110486,M_MER100210,shops_at
A_CUST110486,M_MER100140,shops_at
A_CUST110486,M_MER100163,shops_at
A_CUST110487,C_CARD513618,uses_card
A_CUST110487,M_MER100249,shops_at
A_CUST110487,L_Kerala,located_in
A_CUST110490,C_CARD513622,uses_card
A_CUST110490,M_MER100022,shops_at
A_CUST110490,L_Punjab,located_in
A_CUST110494,C_CARD513628,uses_card
A_CUST110494,M_MER100102,shops_at
A_CUST110494,L_Telangana,located_in
A_CUST110496,C_CARD513632,uses_card
A_CUST110496,M_MER100226,shops_at
A_CUST110496,L_Kerala,located_in
A_CUST110498,C_CARD513634,uses_card
A_CUST110498,M_MER100062,shops_at
A_CUST110498,L_Haryana,located_in
A_CUST110499,C_CARD513638,uses_card
A_CUST110499,M_MER100276,shops_at
A_CUST110499,L_Bihar,located_in
A_CUST110499,C_CARD513637,uses_card
A_CUST110499,M_MER100372,shops_at
A_CUST110499,M_MER100286,shops_at
A_CUST110499,C_CARD513636,uses_card
A_CUST110499,M_MER100012,shops_at
A_CUST110503,C_CARD513642,uses_card
A_CUST110503,M_MER100141,shops_at
A_CUST110503,L_West Bengal,located_in
A_CUST110507,C_CARD513646,uses_card
A_CUST110507,M_MER100432,shops_at
A_CUST110507,L_Rajasthan,located_in
A_CUST110511,C_CARD513650,uses_card
A_CUST110511,M_MER100166,shops_at
A_CUST110511,L_Gujarat,located_in
A_CUST110511,M_MER100195,shops_at
A_CUST110511,M_MER100058,shops_at
A_CUST110511,M_MER100083,shops_at
A_CUST110515,C_CARD513654,uses_card
A_CUST110515,M_MER100347,shops_at
A_CUST110515,L_Kerala,located_in
A_CUST110515,M_MER100454,shops_at
A_CUST110517,C_CARD513656,uses_card
A_CUST110517,M_MER100239,shops_at
A_CUST110517,L_Punjab,located_in
A_CUST110523,C_CARD513662,uses_card
A_CUST110523,M_MER100132,shops_at
A_CUST110523,L_Assam,located_in
A_CUST110529,C_CARD513673,uses_card
A_CUST110529,M_MER100336,shops_at
A_CUST110529,L_Uttar Pradesh,located_in
A_CUST110529,M_MER100026,shops_at
A_CUST110529,M_MER100441,shops_at
A_CUST110531,C_CARD513675,uses_card
A_CUST110531,M_MER100158,shops_at
A_CUST110531,L_Uttar Pradesh,located_in
A_CUST110541,C_CARD513688,uses_card
A_CUST110541,M_MER100369,shops_at
A_CUST110541,L_Bihar,located_in
A_CUST110541,M_MER100108,shops_at
A_CUST110554,C_CARD513703,uses_card
A_CUST110554,M_MER100254,shops_at
A_CUST110554,L_Maharashtra,located_in
A_CUST110554,C_CARD513702,uses_card
A_CUST110554,M_MER100486,shops_at
A_CUST110557,C_CARD513706,uses_card
A_CUST110557,M_MER100494,shops_at
A_CUST110557,L_Uttar Pradesh,located_in
A_CUST110558,C_CARD513707,uses_card
A_CUST110558,M_MER100084,shops_at
A_CUST110558,L_Maharashtra,located_in
A_CUST110561,C_CARD513710,uses_card
A_CUST110561,M_MER100188,shops_at
A_CUST110561,L_Telangana,located_in
A_CUST110565,C_CARD513714,uses_card
A_CUST110565,M_MER100022,shops_at
A_CUST110565,L_Maharashtra,located_in
A_CUST110565,M_MER100241,shops_at
A_CUST110574,C_CARD513726,uses_card
A_CUST110574,M_MER100472,shops_at
A_CUST110574,L_Maharashtra,located_in
A_CUST110574,M_MER100237,shops_at
A_CUST110576,C_CARD513729,uses_card
A_CUST110576,M_MER100210,shops_at
A_CUST110576,L_Uttar Pradesh,located_in
A_CUST110582,C_CARD513737,uses_card
A_CUST110582,M_MER100401,shops_at
A_CUST110582,L_Haryana,located_in
A_CUST110586,C_CARD513742,uses_card
A_CUST110586,M_MER100495,shops_at
A_CUST110586,L_Assam,located_in
A_CUST110586,C_CARD513743,uses_card
A_CUST110586,M_MER100476,shops_at
A_CUST110587,C_CARD513744,uses_card
A_CUST110587,M_MER100038,shops_at
A_CUST110587,L_Bihar,located_in
A_CUST110588,C_CARD513747,uses_card
A_CUST110588,M_MER100147,shops_at
A_CUST110588,L_Karnataka,located_in
A_CUST110588,M_MER100405,shops_at
A_CUST110588,C_CARD513745,uses_card
A_CUST110588,M_MER100364,shops_at
A_CUST110592,C_CARD513752,uses_card
A_CUST110592,M_MER100226,shops_at
A_CUST110592,L_Punjab,located_in
A_CUST110592,M_MER100339,shops_at
A_CUST110598,C_CARD513759,uses_card
A_CUST110598,M_MER100390,shops_at
A_CUST110598,L_Assam,located_in
A_CUST110600,C_CARD513762,uses_card
A_CUST110600,M_MER100451,shops_at
A_CUST110600,L_Madhya Pradesh,located_in
A_CUST110602,C_CARD513765,uses_card
A_CUST110602,M_MER100331,shops_at
A_CUST110602,L_Assam,located_in
A_CUST110604,C_CARD513767,uses_card
A_CUST110604,M_MER100322,shops_at
A_CUST110604,L_Uttar Pradesh,located_in
A_CUST110604,M_MER100124,shops_at
A_CUST110604,M_MER100427,shops_at
A_CUST110604,M_MER100040,shops_at
A_CUST110605,C_CARD513771,uses_card
A_CUST110605,M_MER100492,shops_at
A_CUST110605,L_Uttar Pradesh,located_in
A_CUST110607,C_CARD513774,uses_card
A_CUST110607,M_MER100383,shops_at
A_CUST110607,L_Rajasthan,located_in
A_CUST110608,C_CARD513776,uses_card
A_CUST110608,M_MER100235,shops_at
A_CUST110608,L_Haryana,located_in
A_CUST110608,M_MER100017,shops_at
A_CUST110608,M_MER100464,shops_at
A_CUST110615,C_CARD513785,uses_card
A_CUST110615,M_MER100392,shops_at
A_CUST110615,L_Madhya Pradesh,located_in
A_CUST110616,C_CARD513786,uses_card
A_CUST110616,M_MER100369,shops_at
A_CUST110616,L_Haryana,located_in
A_CUST110623,C_CARD513794,uses_card
A_CUST110623,M_MER100226,shops_at
A_CUST110623,L_Tamil Nadu,located_in
A_CUST110623,M_MER100278,shops_at
A_CUST110623,C_CARD513793,uses_card
A_CUST110623,M_MER100291,shops_at
A_CUST110626,C_CARD513797,uses_card
A_CUST110626,M_MER100356,shops_at
A_CUST110626,L_Karnataka,located_in
A_CUST110631,C_CARD513804,uses_card
A_CUST110631,M_MER100368,shops_at
A_CUST110631,L_Tamil Nadu,located_in
A_CUST110633,C_CARD513807,uses_card
A_CUST110633,M_MER100290,shops_at
A_CUST110633,L_Bihar,located_in
A_CUST110637,C_CARD513811,uses_card
A_CUST110637,M_MER100313,shops_at
A_CUST110637,L_Assam,located_in
A_CUST110637,M_MER100109,shops_at
A_CUST110647,C_CARD513822,uses_card
A_CUST110647,M_MER100325,shops_at
A_CUST110647,L_West Bengal,located_in
A_CUST110649,C_CARD513824,uses_card
A_CUST110649,M_MER100218,shops_at
A_CUST110649,L_Karnataka,located_in
A_CUST110649,M_MER100240,shops_at
A_CUST110651,C_CARD513830,uses_card
A_CUST110651,M_MER100409,shops_at
A_CUST110651,L_Assam,located_in
A_CUST110651,M_MER100097,shops_at
A_CUST110651,M_MER100115,shops_at
A_CUST110656,C_CARD513836,uses_card
A_CUST110656,M_MER100142,shops_at
A_CUST110656,L_Madhya Pradesh,located_in
A_CUST110656,C_CARD513837,uses_card
A_CUST110656,M_MER100409,shops_at
A_CUST110656,M_MER100083,shops_at
A_CUST110656,M_MER100092,shops_at
A_CUST110665,C_CARD513847,uses_card
A_CUST110665,M_MER100191,shops_at
A_CUST110665,L_Tamil Nadu,located_in
A_CUST110669,C_CARD513851,uses_card
A_CUST110669,M_MER100159,shops_at
A_CUST110669,L_Karnataka,located_in
A_CUST110672,C_CARD513854,uses_card
A_CUST110672,M_MER100286,shops_at
A_CUST110672,L_Bihar,located_in
A_CUST110673,C_CARD513856,uses_card
A_CUST110673,M_MER100486,shops_at
A_CUST110673,L_Haryana,located_in
A_CUST110673,M_MER100383,shops_at
A_CUST110673,M_MER100065,shops_at
A_CUST110673,M_MER100113,shops_at
A_CUST110674,C_CARD513859,uses_card
A_CUST110674,M_MER100415,shops_at
A_CUST110674,L_Bihar,located_in
A_CUST110675,C_CARD513860,uses_card
A_CUST110675,M_MER100443,shops_at
A_CUST110675,L_Karnataka,located_in
A_CUST110675,M_MER100288,shops_at
A_CUST110677,C_CARD513862,uses_card
A_CUST110677,M_MER100401,shops_at
A_CUST110677,L_Punjab,located_in
A_CUST110677,C_CARD513863,uses_card
A_CUST110677,M_MER100046,shops_at
A_CUST110677,M_MER100288,shops_at
A_CUST110679,C_CARD513867,uses_card
A_CUST110679,M_MER100182,shops_at
A_CUST110679,L_Gujarat,located_in
A_CUST110679,C_CARD513866,uses_card
A_CUST110679,M_MER100273,shops_at
A_CUST110679,M_MER100291,shops_at
A_CUST110679,M_MER100345,shops_at
A_CUST110685,C_CARD513875,uses_card
A_CUST110685,M_MER100403,shops_at
A_CUST110685,L_Karnataka,located_in
A_CUST110685,C_CARD513874,uses_card
A_CUST110685,M_MER100252,shops_at
A_CUST110685,M_MER100323,shops_at
A_CUST110688,C_CARD513878,uses_card
A_CUST110688,M_MER100071,shops_at
A_CUST110688,L_Odisha,located_in
A_CUST110691,C_CARD513881,uses_card
A_CUST110691,M_MER100014,shops_at
A_CUST110691,L_Madhya Pradesh,located_in
A_CUST110691,M_MER100164,shops_at
A_CUST110691,M_MER100323,shops_at
A_CUST110691,M_MER100325,shops_at
A_CUST110691,M_MER100438,shops_at
A_CUST110691,M_MER100483,shops_at
A_CUST110692,C_CARD513882,uses_card
A_CUST110692,M_MER100405,shops_at
A_CUST110692,L_Haryana,located_in
A_CUST110709,C_CARD513901,uses_card
A_CUST110709,M_MER100059,shops_at
A_CUST110709,L_Bihar,located_in
A_CUST110716,C_CARD513908,uses_card
A_CUST110716,M_MER100254,shops_at
A_CUST110716,L_Gujarat,located_in
A_CUST110722,C_CARD513916,uses_card
A_CUST110722,M_MER100254,shops_at
A_CUST110722,L_Kerala,located_in
A_CUST110725,C_CARD513919,uses_card
A_CUST110725,M_MER100286,shops_at
A_CUST110725,L_Haryana,located_in
A_CUST110727,C_CARD513922,uses_card
A_CUST110727,M_MER100243,shops_at
A_CUST110727,L_Rajasthan,located_in
A_CUST110727,M_MER100438,shops_at
A_CUST110729,C_CARD513925,uses_card
A_CUST110729,M_MER100097,shops_at
A_CUST110729,L_Kerala,located_in
A_CUST110729,M_MER100207,shops_at
A_CUST110731,C_CARD513928,uses_card
A_CUST110731,M_MER100106,shops_at
A_CUST110731,L_Odisha,located_in
A_CUST110745,C_CARD513943,uses_card
A_CUST110745,M_MER100236,shops_at
A_CUST110745,L_Telangana,located_in
A_CUST110757,C_CARD513956,uses_card
A_CUST110757,M_MER100496,shops_at
A_CUST110757,L_Madhya Pradesh,located_in
A_CUST110761,C_CARD513962,uses_card
A_CUST110761,M_MER100201,shops_at
A_CUST110761,L_Odisha,located_in
A_CUST110761,M_MER100138,shops_at
A_CUST110770,C_CARD513974,uses_card
A_CUST110770,M_MER100480,shops_at
A_CUST110770,L_Odisha,located_in
A_CUST110773,C_CARD513979,uses_card
A_CUST110773,M_MER100196,shops_at
A_CUST110773,L_Karnataka,located_in
A_CUST110781,C_CARD513988,uses_card
A_CUST110781,M_MER100120,shops_at
A_CUST110781,L_Odisha,located_in
A_CUST110782,C_CARD513989,uses_card
A_CUST110782,M_MER100009,shops_at
A_CUST110782,L_Bihar,located_in
A_CUST110783,C_CARD513991,uses_card
A_CUST110783,M_MER100210,shops_at
A_CUST110783,L_Odisha,located_in
A_CUST110788,C_CARD513998,uses_card
A_CUST110788,M_MER100329,shops_at
A_CUST110788,L_Karnataka,located_in
A_CUST110789,C_CARD513999,uses_card
A_CUST110789,M_MER100120,shops_at
A_CUST110789,L_Rajasthan,located_in
A_CUST110793,C_CARD514006,uses_card
A_CUST110793,M_MER100302,shops_at
A_CUST110793,L_Uttar Pradesh,located_in
A_CUST110793,M_MER100063,shops_at
A_CUST110794,C_CARD514007,uses_card
A_CUST110794,M_MER100397,shops_at
A_CUST110794,L_Haryana,located_in
A_CUST110795,C_CARD514009,uses_card
A_CUST110795,M_MER100130,shops_at
A_CUST110795,L_Gujarat,located_in
A_CUST110796,C_CARD514010,uses_card
A_CUST110796,M_MER100443,shops_at
A_CUST110796,L_Telangana,located_in
A_CUST110798,C_CARD514013,uses_card
A_CUST110798,M_MER100325,shops_at
A_CUST110798,L_Punjab,located_in
A_CUST110799,C_CARD514016,uses_card
A_CUST110799,M_MER100112,shops_at
A_CUST110799,L_Punjab,located_in
A_CUST110799,C_CARD514015,uses_card
A_CUST110799,M_MER100244,shops_at
A_CUST110799,M_MER100397,shops_at
A_CUST110809,C_CARD514029,uses_card
A_CUST110809,M_MER100275,shops_at
A_CUST110809,L_Odisha,located_in
A_CUST110811,C_CARD514031,uses_card
A_CUST110811,M_MER100383,shops_at
A_CUST110811,L_Karnataka,located_in
A_CUST110812,C_CARD514033,uses_card
A_CUST110812,M_MER100387,shops_at
A_CUST110812,L_Rajasthan,located_in
A_CUST110813,C_CARD514035,uses_card
A_CUST110813,M_MER100226,shops_at
A_CUST110813,L_Rajasthan,located_in
A_CUST110815,C_CARD514038,uses_card
A_CUST110815,M_MER100252,shops_at
A_CUST110815,L_Tamil Nadu,located_in
A_CUST110816,C_CARD514039,uses_card
A_CUST110816,M_MER100392,shops_at
A_CUST110816,L_Gujarat,located_in
A_CUST110817,C_CARD514040,uses_card
A_CUST110817,M_MER100049,shops_at
A_CUST110817,L_Bihar,located_in
A_CUST110820,C_CARD514043,uses_card
A_CUST110820,M_MER100323,shops_at
A_CUST110820,L_Odisha,located_in
A_CUST110820,M_MER100108,shops_at
A_CUST110823,C_CARD514046,uses_card
A_CUST110823,M_MER100069,shops_at
A_CUST110823,L_Odisha,located_in
A_CUST110825,C_CARD514049,uses_card
A_CUST110825,M_MER100140,shops_at
A_CUST110825,L_Bihar,located_in
A_CUST110825,M_MER100479,shops_at
A_CUST110825,C_CARD514050,uses_card
A_CUST110825,M_MER100454,shops_at
A_CUST110825,M_MER100261,shops_at
A_CUST110825,M_MER100150,shops_at
A_CUST110830,C_CARD514057,uses_card
A_CUST110830,M_MER100002,shops_at
A_CUST110830,L_Tamil Nadu,located_in
A_CUST110830,M_MER100358,shops_at
A_CUST110832,C_CARD514059,uses_card
A_CUST110832,M_MER100472,shops_at
A_CUST110832,L_Madhya Pradesh,located_in
A_CUST110838,C_CARD514066,uses_card
A_CUST110838,M_MER100448,shops_at
A_CUST110838,L_Madhya Pradesh,located_in
A_CUST110840,C_CARD514068,uses_card
A_CUST110840,M_MER100499,shops_at
A_CUST110840,L_Punjab,located_in
A_CUST110840,M_MER100102,shops_at
A_CUST110841,C_CARD514069,uses_card
A_CUST110841,M_MER100319,shops_at
A_CUST110841,L_Maharashtra,located_in
A_CUST110843,C_CARD514071,uses_card
A_CUST110843,M_MER100403,shops_at
A_CUST110843,L_Haryana,located_in
A_CUST110849,C_CARD514078,uses_card
A_CUST110849,M_MER100382,shops_at
A_CUST110849,L_Rajasthan,located_in
A_CUST110849,C_CARD514079,uses_card
A_CUST110849,M_MER100096,shops_at
A_CUST110849,M_MER100340,shops_at
A_CUST110853,C_CARD514083,uses_card
A_CUST110853,M_MER100167,shops_at
A_CUST110853,L_Telangana,located_in
A_CUST110854,C_CARD514085,uses_card
A_CUST110854,M_MER100390,shops_at
A_CUST110854,L_Assam,located_in
A_CUST110854,M_MER100488,shops_at
A_CUST110855,C_CARD514087,uses_card
A_CUST110855,M_MER100116,shops_at
A_CUST110855,L_Madhya Pradesh,located_in
A_CUST110858,C_CARD514091,uses_card
A_CUST110858,M_MER100141,shops_at
A_CUST110858,L_Karnataka,located_in
A_CUST110863,C_CARD514099,uses_card
A_CUST110863,M_MER100355,shops_at
A_CUST110863,L_Telangana,located_in
A_CUST110863,M_MER100102,shops_at
A_CUST110864,C_CARD514100,uses_card
A_CUST110864,M_MER100018,shops_at
A_CUST110864,L_Punjab,located_in
A_CUST110869,C_CARD514107,uses_card
A_CUST110869,M_MER100159,shops_at
A_CUST110869,L_Punjab,located_in
A_CUST110871,C_CARD514109,uses_card
A_CUST110871,M_MER100076,shops_at
A_CUST110871,L_Assam,located_in
A_CUST110871,M_MER100022,shops_at
A_CUST110871,C_CARD514110,uses_card
A_CUST110871,M_MER100202,shops_at
A_CUST110873,C_CARD514112,uses_card
A_CUST110873,M_MER100118,shops_at
A_CUST110873,L_Maharashtra,located_in
A_CUST110876,C_CARD514116,uses_card
A_CUST110876,M_MER100152,shops_at
A_CUST110876,L_Haryana,located_in
A_CUST110878,C_CARD514119,uses_card
A_CUST110878,M_MER100269,shops_at
A_CUST110878,L_Assam,located_in
A_CUST110879,C_CARD514121,uses_card
A_CUST110879,M_MER100087,shops_at
A_CUST110879,L_Karnataka,located_in
A_CUST110883,C_CARD514126,uses_card
A_CUST110883,M_MER100442,shops_at
A_CUST110883,L_Bihar,located_in
A_CUST110883,M_MER100218,shops_at
A_CUST110892,C_CARD514137,uses_card
A_CUST110892,M_MER100321,shops_at
A_CUST110892,L_West Bengal,located_in
A_CUST110896,C_CARD514141,uses_card
A_CUST110896,M_MER100120,shops_at
A_CUST110896,L_Bihar,located_in
A_CUST110897,C_CARD514142,uses_card
A_CUST110897,M_MER100040,shops_at
A_CUST110897,L_Rajasthan,located_in
A_CUST110900,C_CARD514147,uses_card
A_CUST110900,M_MER100099,shops_at
A_CUST110900,L_Odisha,located_in
A_CUST110901,C_CARD514148,uses_card
A_CUST110901,M_MER100308,shops_at
A_CUST110901,L_West Bengal,located_in
A_CUST110906,C_CARD514155,uses_card
A_CUST110906,M_MER100253,shops_at
A_CUST110906,L_Kerala,located_in
A_CUST110906,M_MER100173,shops_at
A_CUST110910,C_CARD514160,uses_card
A_CUST110910,M_MER100416,shops_at
A_CUST110910,L_Tamil Nadu,located_in
A_CUST110910,M_MER100105,shops_at
A_CUST110910,M_MER100424,shops_at
A_CUST110910,M_MER100307,shops_at
A_CUST110910,M_MER100483,shops_at
A_CUST110917,C_CARD514169,uses_card
A_CUST110917,M_MER100278,shops_at
A_CUST110917,L_Assam,located_in
A_CUST110917,M_MER100271,shops_at
A_CUST110922,C_CARD514175,uses_card
A_CUST110922,M_MER100353,shops_at
A_CUST110922,L_Gujarat,located_in
A_CUST110925,C_CARD514180,uses_card
A_CUST110925,M_MER100059,shops_at
A_CUST110925,L_Madhya Pradesh,located_in
A_CUST110925,M_MER100254,shops_at
A_CUST110930,C_CARD514185,uses_card
A_CUST110930,M_MER100493,shops_at
A_CUST110930,L_Odisha,located_in
A_CUST110930,M_MER100485,shops_at
A_CUST110936,C_CARD514192,uses_card
A_CUST110936,M_MER100313,shops_at
A_CUST110936,L_Karnataka,located_in
A_CUST110940,C_CARD514196,uses_card
A_CUST110940,M_MER100008,shops_at
A_CUST110940,L_Tamil Nadu,located_in
A_CUST110940,M_MER100046,shops_at
A_CUST110942,C_CARD514200,uses_card
A_CUST110942,M_MER100319,shops_at
A_CUST110942,L_Odisha,located_in
A_CUST110945,C_CARD514204,uses_card
A_CUST110945,M_MER100423,shops_at
A_CUST110945,L_Odisha,located_in
A_CUST110951,C_CARD514211,uses_card
A_CUST110951,M_MER100254,shops_at
A_CUST110951,L_Kerala,located_in
A_CUST110954,C_CARD514215,uses_card
A_CUST110954,M_MER100235,shops_at
A_CUST110954,L_Gujarat,located_in
A_CUST110956,C_CARD514218,uses_card
A_CUST110956,M_MER100062,shops_at
A_CUST110956,L_Assam,located_in
A_CUST110957,C_CARD514220,uses_card
A_CUST110957,M_MER100031,shops_at
A_CUST110957,L_Tamil Nadu,located_in
A_CUST110960,C_CARD514224,uses_card
A_CUST110960,M_MER100356,shops_at
A_CUST110960,L_Gujarat,located_in
A_CUST110973,C_CARD514240,uses_card
A_CUST110973,M_MER100043,shops_at
A_CUST110973,L_West Bengal,located_in
A_CUST110973,M_MER100190,shops_at
A_CUST110974,C_CARD514242,uses_card
A_CUST110974,M_MER100366,shops_at
A_CUST110974,L_Punjab,located_in
A_CUST110976,C_CARD514244,uses_card
A_CUST110976,M_MER100152,shops_at
A_CUST110976,L_Karnataka,located_in
A_CUST110978,C_CARD514247,uses_card
A_CUST110978,M_MER100424,shops_at
A_CUST110978,L_Punjab,located_in
A_CUST110979,C_CARD514248,uses_card
A_CUST110979,M_MER100141,shops_at
A_CUST110979,L_Tamil Nadu,located_in
A_CUST110979,C_CARD514249,uses_card
A_CUST110979,M_MER100205,shops_at
A_CUST110979,C_CARD514250,uses_card
A_CUST110979,M_MER100252,shops_at
A_CUST110982,C_CARD514254,uses_card
A_CUST110982,M_MER100031,shops_at
A_CUST110982,L_Odisha,located_in
A_CUST110985,C_CARD514258,uses_card
A_CUST110985,M_MER100413,shops_at
A_CUST110985,L_Telangana,located_in
A_CUST110995,C_CARD514269,uses_card
A_CUST110995,M_MER100304,shops_at
A_CUST110995,L_Karnataka,located_in
A_CUST110995,C_CARD514270,uses_card
A_CUST110995,M_MER100399,shops_at
A_CUST110995,C_CARD514271,uses_card
A_CUST110995,M_MER100195,shops_at
A_CUST110999,C_CARD514278,uses_card
A_CUST110999,M_MER100087,shops_at
A_CUST110999,L_Tamil Nadu,located_in
A_CUST110999,C_CARD514277,uses_card
A_CUST110999,M_MER100026,shops_at
A_CUST110999,M_MER100048,shops_at
A_CUST110999,M_MER100179,shops_at
A_CUST111000,C_CARD514281,uses_card
A_CUST111000,M_MER100404,shops_at
A_CUST111000,L_Uttar Pradesh,located_in
A_CUST111001,C_CARD514282,uses_card
A_CUST111001,M_MER100210,shops_at
A_CUST111001,L_Maharashtra,located_in
A_CUST111002,C_CARD514284,uses_card
A_CUST111002,M_MER100134,shops_at
A_CUST111002,L_Punjab,located_in
A_CUST111008,C_CARD514292,uses_card
A_CUST111008,M_MER100015,shops_at
A_CUST111008,L_Madhya Pradesh,located_in
A_CUST111008,C_CARD514291,uses_card
A_CUST111008,M_MER100223,shops_at
A_CUST111010,C_CARD514295,uses_card
A_CUST111010,M_MER100500,shops_at
A_CUST111010,L_Uttar Pradesh,located_in
A_CUST111010,M_MER100110,shops_at
A_CUST111016,C_CARD514301,uses_card
A_CUST111016,M_MER100454,shops_at
A_CUST111016,L_Madhya Pradesh,located_in
A_CUST111024,C_CARD514309,uses_card
A_CUST111024,M_MER100358,shops_at
A_CUST111024,L_Karnataka,located_in
A_CUST111025,C_CARD514310,uses_card
A_CUST111025,M_MER100085,shops_at
A_CUST111025,L_West Bengal,located_in
A_CUST111028,C_CARD514316,uses_card
A_CUST111028,M_MER100141,shops_at
A_CUST111028,L_West Bengal,located_in
A_CUST111028,M_MER100184,shops_at
A_CUST111033,C_CARD514321,uses_card
A_CUST111033,M_MER100234,shops_at
A_CUST111033,L_Uttar Pradesh,located_in
A_CUST111033,M_MER100362,shops_at
A_CUST111033,M_MER100310,shops_at
A_CUST111033,M_MER100333,shops_at
A_CUST111035,C_CARD514324,uses_card
A_CUST111035,M_MER100205,shops_at
A_CUST111035,L_Gujarat,located_in
A_CUST111037,C_CARD514326,uses_card
A_CUST111037,M_MER100092,shops_at
A_CUST111037,L_Telangana,located_in
A_CUST111038,C_CARD514327,uses_card
A_CUST111038,M_MER100427,shops_at
A_CUST111038,L_Karnataka,located_in
A_CUST111042,C_CARD514333,uses_card
A_CUST111042,M_MER100136,shops_at
A_CUST111042,L_Assam,located_in
A_CUST111044,C_CARD514335,uses_card
A_CUST111044,M_MER100409,shops_at
A_CUST111044,L_Tamil Nadu,located_in
A_CUST111047,C_CARD514339,uses_card
A_CUST111047,M_MER100006,shops_at
A_CUST111047,L_Gujarat,located_in
A_CUST111047,M_MER100014,shops_at
A_CUST111053,C_CARD514346,uses_card
A_CUST111053,M_MER100038,shops_at
A_CUST111053,L_Odisha,located_in
A_CUST111055,C_CARD514348,uses_card
A_CUST111055,M_MER100055,shops_at
A_CUST111055,L_Haryana,located_in
A_CUST111059,C_CARD514354,uses_card
A_CUST111059,M_MER100015,shops_at
A_CUST111059,L_Rajasthan,located_in
A_CUST111061,C_CARD514356,uses_card
A_CUST111061,M_MER100446,shops_at
A_CUST111061,L_Karnataka,located_in
A_CUST111062,C_CARD514357,uses_card
A_CUST111062,M_MER100443,shops_at
A_CUST111062,L_Punjab,located_in
A_CUST111066,C_CARD514361,uses_card
A_CUST111066,M_MER100060,shops_at
A_CUST111066,L_Assam,located_in
A_CUST111067,C_CARD514362,uses_card
A_CUST111067,M_MER100256,shops_at
A_CUST111067,L_Punjab,located_in
A_CUST111068,C_CARD514366,uses_card
A_CUST111068,M_MER100072,shops_at
A_CUST111068,L_West Bengal,located_in
A_CUST111076,C_CARD514374,uses_card
A_CUST111076,M_MER100040,shops_at
A_CUST111076,L_Bihar,located_in
A_CUST111076,M_MER100105,shops_at
A_CUST111077,C_CARD514375,uses_card
A_CUST111077,M_MER100129,shops_at
A_CUST111077,L_Tamil Nadu,located_in
A_CUST111077,M_MER100412,shops_at
A_CUST111078,C_CARD514376,uses_card
A_CUST111078,M_MER100470,shops_at
A_CUST111078,L_West Bengal,located_in
A_CUST111085,C_CARD514384,uses_card
A_CUST111085,M_MER100280,shops_at
A_CUST111085,L_Rajasthan,located_in
A_CUST111085,M_MER100493,shops_at
A_CUST111087,C_CARD514388,uses_card
A_CUST111087,M_MER100013,shops_at
A_CUST111087,L_Odisha,located_in
A_CUST111092,C_CARD514396,uses_card
A_CUST111092,M_MER100184,shops_at
A_CUST111092,L_Tamil Nadu,located_in
A_CUST111092,M_MER100474,shops_at
A_CUST111093,C_CARD514398,uses_card
A_CUST111093,M_MER100158,shops_at
A_CUST111093,L_Assam,located_in
A_CUST111098,C_CARD514403,uses_card
A_CUST111098,M_MER100132,shops_at
A_CUST111098,L_Kerala,located_in
A_CUST111107,C_CARD514415,uses_card
A_CUST111107,M_MER100394,shops_at
A_CUST111107,L_Maharashtra,located_in
A_CUST111107,M_MER100220,shops_at
A_CUST111107,M_MER100418,shops_at
A_CUST111109,C_CARD514417,uses_card
A_CUST111109,M_MER100145,shops_at
A_CUST111109,L_Punjab,located_in
A_CUST111116,C_CARD514427,uses_card
A_CUST111116,M_MER100102,shops_at
A_CUST111116,L_Odisha,located_in
A_CUST111119,C_CARD514430,uses_card
A_CUST111119,M_MER100474,shops_at
A_CUST111119,L_Karnataka,located_in
A_CUST111120,C_CARD514431,uses_card
A_CUST111120,M_MER100135,shops_at
A_CUST111120,L_Tamil Nadu,located_in
A_CUST111122,C_CARD514433,uses_card
A_CUST111122,M_MER100382,shops_at
A_CUST111122,L_Telangana,located_in
A_CUST111123,C_CARD514434,uses_card
A_CUST111123,M_MER100014,shops_at
A_CUST111123,L_Haryana,located_in
A_CUST111123,M_MER100028,shops_at
A_CUST111124,C_CARD514435,uses_card
A_CUST111124,M_MER100226,shops_at
A_CUST111124,L_Tamil Nadu,located_in
A_CUST111125,C_CARD514437,uses_card
A_CUST111125,M_MER100464,shops_at
A_CUST111125,L_Madhya Pradesh,located_in
A_CUST111126,C_CARD514440,uses_card
A_CUST111126,M_MER100007,shops_at
A_CUST111126,L_Karnataka,located_in
A_CUST111128,C_CARD514443,uses_card
A_CUST111128,M_MER100374,shops_at
A_CUST111128,L_Assam,located_in
A_CUST111129,C_CARD514445,uses_card
A_CUST111129,M_MER100177,shops_at
A_CUST111129,L_Karnataka,located_in
A_CUST111132,C_CARD514448,uses_card
A_CUST111132,M_MER100039,shops_at
A_CUST111132,L_Punjab,located_in
A_CUST111133,C_CARD514450,uses_card
A_CUST111133,M_MER100140,shops_at
A_CUST111133,L_Rajasthan,located_in
A_CUST111140,C_CARD514458,uses_card
A_CUST111140,M_MER100059,shops_at
A_CUST111140,L_Telangana,located_in
A_CUST111143,C_CARD514461,uses_card
A_CUST111143,M_MER100415,shops_at
A_CUST111143,L_Kerala,located_in
A_CUST111145,C_CARD514464,uses_card
A_CUST111145,M_MER100438,shops_at
A_CUST111145,L_Gujarat,located_in
A_CUST111147,C_CARD514466,uses_card
A_CUST111147,M_MER100259,shops_at
A_CUST111147,L_Karnataka,located_in
A_CUST111148,C_CARD514467,uses_card
A_CUST111148,M_MER100012,shops_at
A_CUST111148,L_Rajasthan,located_in
A_CUST111148,M_MER100040,shops_at
A_CUST111149,C_CARD514468,uses_card
A_CUST111149,M_MER100358,shops_at
A_CUST111149,L_West Bengal,located_in
A_CUST111149,M_MER100382,shops_at
A_CUST111151,C_CARD514470,uses_card
A_CUST111151,M_MER100046,shops_at
A_CUST111151,L_Telangana,located_in
A_CUST111152,C_CARD514472,uses_card
A_CUST111152,M_MER100492,shops_at
A_CUST111152,L_Punjab,located_in
A_CUST111152,C_CARD514471,uses_card
A_CUST111152,M_MER100040,shops_at
A_CUST111163,C_CARD514485,uses_card
A_CUST111163,M_MER100249,shops_at
A_CUST111163,L_Uttar Pradesh,located_in
A_CUST111164,C_CARD514487,uses_card
A_CUST111164,M_MER100014,shops_at
A_CUST111164,L_Haryana,located_in
A_CUST111164,M_MER100423,shops_at
A_CUST111165,C_CARD514488,uses_card
A_CUST111165,M_MER100012,shops_at
A_CUST111165,L_Tamil Nadu,located_in
A_CUST111166,C_CARD514490,uses_card
A_CUST111166,M_MER100099,shops_at
A_CUST111166,L_West Bengal,located_in
A_CUST111166,C_CARD514489,uses_card
A_CUST111166,M_MER100138,shops_at
A_CUST111167,C_CARD514491,uses_card
A_CUST111167,M_MER100304,shops_at
A_CUST111167,L_Tamil Nadu,located_in
A_CUST111169,C_CARD514493,uses_card
A_CUST111169,M_MER100175,shops_at
A_CUST111169,L_Telangana,located_in
A_CUST111172,C_CARD514497,uses_card
A_CUST111172,M_MER100321,shops_at
A_CUST111172,L_Karnataka,located_in
A_CUST111173,C_CARD514499,uses_card
A_CUST111173,M_MER100092,shops_at
A_CUST111173,L_West Bengal,located_in
A_CUST111173,M_MER100135,shops_at
A_CUST111174,C_CARD514500,uses_card
A_CUST111174,M_MER100425,shops_at
A_CUST111174,L_Punjab,located_in
A_CUST111174,M_MER100252,shops_at
A_CUST111177,C_CARD514503,uses_card
A_CUST111177,M_MER100484,shops_at
A_CUST111177,L_Assam,located_in
A_CUST111183,C_CARD514511,uses_card
A_CUST111183,M_MER100376,shops_at
A_CUST111183,L_Assam,located_in
A_CUST111185,C_CARD514513,uses_card
A_CUST111185,M_MER100172,shops_at
A_CUST111185,L_Bihar,located_in
A_CUST111185,M_MER100165,shops_at
A_CUST111185,C_CARD514514,uses_card
A_CUST111185,M_MER100444,shops_at
A_CUST111185,M_MER100162,shops_at
A_CUST111186,C_CARD514515,uses_card
A_CUST111186,M_MER100105,shops_at
A_CUST111186,L_Karnataka,located_in
A_CUST111186,M_MER100207,shops_at
A_CUST111195,C_CARD514525,uses_card
A_CUST111195,M_MER100323,shops_at
A_CUST111195,L_Punjab,located_in
A_CUST111196,C_CARD514527,uses_card
A_CUST111196,M_MER100335,shops_at
A_CUST111196,L_Rajasthan,located_in
A_CUST111199,C_CARD514531,uses_card
A_CUST111199,M_MER100182,shops_at
A_CUST111199,L_Haryana,located_in
A_CUST111199,C_CARD514530,uses_card
A_CUST111199,M_MER100185,shops_at
A_CUST111201,C_CARD514533,uses_card
A_CUST111201,M_MER100331,shops_at
A_CUST111201,L_Maharashtra,located_in
A_CUST111206,C_CARD514540,uses_card
A_CUST111206,M_MER100439,shops_at
A_CUST111206,L_Assam,located_in
A_CUST111207,C_CARD514541,uses_card
A_CUST111207,M_MER100152,shops_at
A_CUST111207,L_Rajasthan,located_in
A_CUST111207,M_MER100368,shops_at
A_CUST111209,C_CARD514543,uses_card
A_CUST111209,M_MER100014,shops_at
A_CUST111209,L_West Bengal,located_in
A_CUST111212,C_CARD514546,uses_card
A_CUST111212,M_MER100178,shops_at
A_CUST111212,L_Haryana,located_in
A_CUST111212,M_MER100365,shops_at
A_CUST111214,C_CARD514550,uses_card
A_CUST111214,M_MER100059,shops_at
A_CUST111214,L_Uttar Pradesh,located_in
A_CUST111216,C_CARD514554,uses_card
A_CUST111216,M_MER100426,shops_at
A_CUST111216,L_West Bengal,located_in
A_CUST111219,C_CARD514557,uses_card
A_CUST111219,M_MER100345,shops_at
A_CUST111219,L_Uttar Pradesh,located_in
A_CUST111227,C_CARD514568,uses_card
A_CUST111227,M_MER100173,shops_at
A_CUST111227,L_Odisha,located_in
A_CUST111234,C_CARD514576,uses_card
A_CUST111234,M_MER100266,shops_at
A_CUST111234,L_Haryana,located_in
A_CUST111234,M_MER100448,shops_at
A_CUST111234,C_CARD514575,uses_card
A_CUST111234,M_MER100358,shops_at
A_CUST111242,C_CARD514585,uses_card
A_CUST111242,M_MER100460,shops_at
A_CUST111242,L_West Bengal,located_in
A_CUST111248,C_CARD514592,uses_card
A_CUST111248,M_MER100028,shops_at
A_CUST111248,L_Haryana,located_in
A_CUST111254,C_CARD514600,uses_card
A_CUST111254,M_MER100308,shops_at
A_CUST111254,L_Telangana,located_in
A_CUST111255,C_CARD514601,uses_card
A_CUST111255,M_MER100210,shops_at
A_CUST111255,L_Madhya Pradesh,located_in
A_CUST111256,C_CARD514603,uses_card
A_CUST111256,M_MER100249,shops_at
A_CUST111256,L_Telangana,located_in
A_CUST111257,C_CARD514604,uses_card
A_CUST111257,M_MER100426,shops_at
A_CUST111257,L_Karnataka,located_in
A_CUST111261,C_CARD514609,uses_card
A_CUST111261,M_MER100492,shops_at
A_CUST111261,L_Rajasthan,located_in
A_CUST111264,C_CARD514612,uses_card
A_CUST111264,M_MER100059,shops_at
A_CUST111264,L_Rajasthan,located_in
A_CUST111265,C_CARD514613,uses_card
A_CUST111265,M_MER100104,shops_at
A_CUST111265,L_Rajasthan,located_in
A_CUST111290,C_CARD514643,uses_card
A_CUST111290,M_MER100490,shops_at
A_CUST111290,L_Kerala,located_in
A_CUST111290,M_MER100294,shops_at
A_CUST111293,C_CARD514648,uses_card
A_CUST111293,M_MER100152,shops_at
A_CUST111293,L_Gujarat,located_in
A_CUST111306,C_CARD514664,uses_card
A_CUST111306,M_MER100055,shops_at
A_CUST111306,L_Punjab,located_in
A_CUST111306,M_MER100133,shops_at
A_CUST111317,C_CARD514676,uses_card
A_CUST111317,M_MER100291,shops_at
A_CUST111317,L_Bihar,located_in
A_CUST111317,M_MER100205,shops_at
A_CUST111317,M_MER100209,shops_at
A_CUST111317,C_CARD514677,uses_card
A_CUST111317,M_MER100059,shops_at
A_CUST111319,C_CARD514679,uses_card
A_CUST111319,M_MER100027,shops_at
A_CUST111319,L_Maharashtra,located_in
A_CUST111321,C_CARD514681,uses_card
A_CUST111321,M_MER100353,shops_at
A_CUST111321,L_Telangana,located_in
A_CUST111322,C_CARD514682,uses_card
A_CUST111322,M_MER100014,shops_at
A_CUST111322,L_Tamil Nadu,located_in
A_CUST111322,M_MER100068,shops_at
A_CUST111325,C_CARD514686,uses_card
A_CUST111325,M_MER100022,shops_at
A_CUST111325,L_Punjab,located_in
A_CUST111328,C_CARD514689,uses_card
A_CUST111328,M_MER100110,shops_at
A_CUST111328,L_Tamil Nadu,located_in
A_CUST111329,C_CARD514692,uses_card
A_CUST111329,M_MER100252,shops_at
A_CUST111329,L_Haryana,located_in
A_CUST111340,C_CARD514705,uses_card
A_CUST111340,M_MER100319,shops_at
A_CUST111340,L_Uttar Pradesh,located_in
A_CUST111342,C_CARD514709,uses_card
A_CUST111342,M_MER100326,shops_at
A_CUST111342,L_Bihar,located_in
A_CUST111348,C_CARD514715,uses_card
A_CUST111348,M_MER100254,shops_at
A_CUST111348,L_Telangana,located_in
A_CUST111353,C_CARD514722,uses_card
A_CUST111353,M_MER100083,shops_at
A_CUST111353,L_Punjab,located_in
A_CUST111353,M_MER100182,shops_at
A_CUST111353,M_MER100428,shops_at
A_CUST111354,C_CARD514724,uses_card
A_CUST111354,M_MER100179,shops_at
A_CUST111354,L_Kerala,located_in
A_CUST111354,M_MER100397,shops_at
A_CUST111356,C_CARD514726,uses_card
A_CUST111356,M_MER100356,shops_at
A_CUST111356,L_Haryana,located_in
A_CUST111360,C_CARD514731,uses_card
A_CUST111360,M_MER100102,shops_at
A_CUST111360,L_Madhya Pradesh,located_in
A_CUST111361,C_CARD514732,uses_card
A_CUST111361,M_MER100016,shops_at
A_CUST111361,L_Bihar,located_in
A_CUST111363,C_CARD514735,uses_card
A_CUST111363,M_MER100077,shops_at
A_CUST111363,L_Bihar,located_in
A_CUST111363,M_MER100181,shops_at
A_CUST111366,C_CARD514740,uses_card
A_CUST111366,M_MER100467,shops_at
A_CUST111366,L_Telangana,located_in
A_CUST111366,M_MER100308,shops_at
A_CUST111368,C_CARD514744,uses_card
A_CUST111368,M_MER100169,shops_at
A_CUST111368,L_Punjab,located_in
A_CUST111368,M_MER100014,shops_at
A_CUST111369,C_CARD514746,uses_card
A_CUST111369,M_MER100412,shops_at
A_CUST111369,L_Assam,located_in
A_CUST111369,C_CARD514745,uses_card
A_CUST111369,M_MER100418,shops_at
A_CUST111381,C_CARD514762,uses_card
A_CUST111381,M_MER100481,shops_at
A_CUST111381,L_Haryana,located_in
A_CUST111383,C_CARD514765,uses_card
A_CUST111383,M_MER100179,shops_at
A_CUST111383,L_Odisha,located_in
A_CUST111385,C_CARD514768,uses_card
A_CUST111385,M_MER100141,shops_at
A_CUST111385,L_Punjab,located_in
A_CUST111386,C_CARD514770,uses_card
A_CUST111386,M_MER100010,shops_at
A_CUST111386,L_Assam,located_in
A_CUST111387,C_CARD514771,uses_card
A_CUST111387,M_MER100012,shops_at
A_CUST111387,L_Tamil Nadu,located_in
A_CUST111388,C_CARD514772,uses_card
A_CUST111388,M_MER100291,shops_at
A_CUST111388,L_Kerala,located_in
A_CUST111389,C_CARD514774,uses_card
A_CUST111389,M_MER100342,shops_at
A_CUST111389,L_Rajasthan,located_in
A_CUST111389,M_MER100168,shops_at
A_CUST111394,C_CARD514780,uses_card
A_CUST111394,M_MER100191,shops_at
A_CUST111394,L_Odisha,located_in
A_CUST111396,C_CARD514783,uses_card
A_CUST111396,M_MER100021,shops_at
A_CUST111396,L_Gujarat,located_in
A_CUST111398,C_CARD514785,uses_card
A_CUST111398,M_MER100337,shops_at
A_CUST111398,L_Kerala,located_in
A_CUST111399,C_CARD514787,uses_card
A_CUST111399,M_MER100364,shops_at
A_CUST111399,L_Madhya Pradesh,located_in
A_CUST111399,M_MER100457,shops_at
A_CUST111399,C_CARD514786,uses_card
A_CUST111399,M_MER100275,shops_at
A_CUST111399,M_MER100352,shops_at
A_CUST111403,C_CARD514792,uses_card
A_CUST111403,M_MER100210,shops_at
A_CUST111403,L_Haryana,located_in
A_CUST111410,C_CARD514801,uses_card
A_CUST111410,M_MER100389,shops_at
A_CUST111410,L_Rajasthan,located_in
A_CUST111411,C_CARD514804,uses_card
A_CUST111411,M_MER100347,shops_at
A_CUST111411,L_Rajasthan,located_in
A_CUST111412,C_CARD514805,uses_card
A_CUST111412,M_MER100403,shops_at
A_CUST111412,L_Gujarat,located_in
A_CUST111412,M_MER100175,shops_at
A_CUST111412,C_CARD514806,uses_card
A_CUST111412,M_MER100179,shops_at
A_CUST111412,M_MER100495,shops_at
A_CUST111414,C_CARD514809,uses_card
A_CUST111414,M_MER100030,shops_at
A_CUST111414,L_Karnataka,located_in
A_CUST111417,C_CARD514812,uses_card
A_CUST111417,M_MER100258,shops_at
A_CUST111417,L_West Bengal,located_in
A_CUST111418,C_CARD514813,uses_card
A_CUST111418,M_MER100141,shops_at
A_CUST111418,L_Tamil Nadu,located_in
A_CUST111423,C_CARD514821,uses_card
A_CUST111423,M_MER100410,shops_at
A_CUST111423,L_Telangana,located_in
A_CUST111423,M_MER100326,shops_at
A_CUST111423,M_MER100179,shops_at
A_CUST111424,C_CARD514823,uses_card
A_CUST111424,M_MER100239,shops_at
A_CUST111424,L_Bihar,located_in
A_CUST111424,M_MER100277,shops_at
A_CUST111424,M_MER100072,shops_at
A_CUST111426,C_CARD514826,uses_card
A_CUST111426,M_MER100076,shops_at
A_CUST111426,L_Gujarat,located_in
A_CUST111427,C_CARD514827,uses_card
A_CUST111427,M_MER100396,shops_at
A_CUST111427,L_Karnataka,located_in
A_CUST111436,C_CARD514837,uses_card
A_CUST111436,M_MER100087,shops_at
A_CUST111436,L_Odisha,located_in
A_CUST111439,C_CARD514841,uses_card
A_CUST111439,M_MER100105,shops_at
A_CUST111439,L_Kerala,located_in
A_CUST111441,C_CARD514844,uses_card
A_CUST111441,M_MER100292,shops_at
A_CUST111441,L_Haryana,located_in
A_CUST111442,C_CARD514845,uses_card
A_CUST111442,M_MER100312,shops_at
A_CUST111442,L_Kerala,located_in
A_CUST111442,C_CARD514847,uses_card
A_CUST111442,M_MER100023,shops_at
A_CUST111450,C_CARD514857,uses_card
A_CUST111450,M_MER100367,shops_at
A_CUST111450,L_Kerala,located_in
A_CUST111455,C_CARD514862,uses_card
A_CUST111455,M_MER100448,shops_at
A_CUST111455,L_Kerala,located_in
A_CUST111455,C_CARD514863,uses_card
A_CUST111455,M_MER100188,shops_at
A_CUST111461,C_CARD514869,uses_card
A_CUST111461,M_MER100410,shops_at
A_CUST111461,L_Gujarat,located_in
A_CUST111462,C_CARD514872,uses_card
A_CUST111462,M_MER100192,shops_at
A_CUST111462,L_Odisha,located_in
A_CUST111471,C_CARD514882,uses_card
A_CUST111471,M_MER100021,shops_at
A_CUST111471,L_Uttar Pradesh,located_in
A_CUST111474,C_CARD514886,uses_card
A_CUST111474,M_MER100034,shops_at
A_CUST111474,L_Punjab,located_in
A_CUST111481,C_CARD514897,uses_card
A_CUST111481,M_MER100492,shops_at
A_CUST111481,L_Punjab,located_in
A_CUST111481,M_MER100379,shops_at
A_CUST111481,C_CARD514896,uses_card
A_CUST111481,M_MER100431,shops_at
A_CUST111481,C_CARD514895,uses_card
A_CUST111481,M_MER100092,shops_at
A_CUST111485,C_CARD514902,uses_card
A_CUST111485,M_MER100166,shops_at
A_CUST111485,L_Odisha,located_in
A_CUST111487,C_CARD514904,uses_card
A_CUST111487,M_MER100371,shops_at
A_CUST111487,L_Gujarat,located_in
A_CUST111488,C_CARD514905,uses_card
A_CUST111488,M_MER100367,shops_at
A_CUST111488,L_Karnataka,located_in
A_CUST111488,C_CARD514906,uses_card
A_CUST111488,M_MER100435,shops_at
A_CUST111488,M_MER100409,shops_at
A_CUST111490,C_CARD514909,uses_card
A_CUST111490,M_MER100062,shops_at
A_CUST111490,L_Madhya Pradesh,located_in
A_CUST111492,C_CARD514912,uses_card
A_CUST111492,M_MER100494,shops_at
A_CUST111492,L_Haryana,located_in
A_CUST111492,C_CARD514913,uses_card
A_CUST111492,M_MER100011,shops_at
A_CUST111495,C_CARD514917,uses_card
A_CUST111495,M_MER100381,shops_at
A_CUST111495,L_Karnataka,located_in
A_CUST111495,M_MER100307,shops_at
A_CUST111497,C_CARD514920,uses_card
A_CUST111497,M_MER100097,shops_at
A_CUST111497,L_Assam,located_in
A_CUST111497,M_MER100069,shops_at
A_CUST111501,C_CARD514925,uses_card
A_CUST111501,M_MER100249,shops_at
A_CUST111501,L_Madhya Pradesh,located_in
A_CUST111501,M_MER100043,shops_at
A_CUST111504,C_CARD514928,uses_card
A_CUST111504,M_MER100254,shops_at
A_CUST111504,L_Assam,located_in
A_CUST111505,C_CARD514931,uses_card
A_CUST111505,M_MER100367,shops_at
A_CUST111505,L_Bihar,located_in
A_CUST111505,M_MER100102,shops_at
A_CUST111507,C_CARD514934,uses_card
A_CUST111507,M_MER100085,shops_at
A_CUST111507,L_Madhya Pradesh,located_in
A_CUST111511,C_CARD514940,uses_card
A_CUST111511,M_MER100273,shops_at
A_CUST111511,L_Madhya Pradesh,located_in
A_CUST111511,M_MER100286,shops_at
A_CUST111512,C_CARD514941,uses_card
A_CUST111512,M_MER100369,shops_at
A_CUST111512,L_Kerala,located_in
A_CUST111517,C_CARD514948,uses_card
A_CUST111517,M_MER100242,shops_at
A_CUST111517,L_Maharashtra,located_in
A_CUST111523,C_CARD514954,uses_card
A_CUST111523,M_MER100216,shops_at
A_CUST111523,L_Maharashtra,located_in
A_CUST111525,C_CARD514956,uses_card
A_CUST111525,M_MER100275,shops_at
A_CUST111525,L_Tamil Nadu,located_in
A_CUST111528,C_CARD514959,uses_card
A_CUST111528,M_MER100357,shops_at
A_CUST111528,L_Kerala,located_in
A_CUST111530,C_CARD514961,uses_card
A_CUST111530,M_MER100202,shops_at
A_CUST111530,L_Uttar Pradesh,located_in
A_CUST111543,C_CARD514979,uses_card
A_CUST111543,M_MER100252,shops_at
A_CUST111543,L_Bihar,located_in
A_CUST111551,C_CARD514988,uses_card
A_CUST111551,M_MER100064,shops_at
A_CUST111551,L_Odisha,located_in
A_CUST111557,C_CARD514994,uses_card
A_CUST111557,M_MER100277,shops_at
A_CUST111557,L_Maharashtra,located_in
A_CUST111557,C_CARD514995,uses_card
A_CUST111557,M_MER100368,shops_at
A_CUST111573,C_CARD515013,uses_card
A_CUST111573,M_MER100132,shops_at
A_CUST111573,L_West Bengal,located_in
A_CUST111575,C_CARD515017,uses_card
A_CUST111575,M_MER100222,shops_at
A_CUST111575,L_Maharashtra,located_in
A_CUST111580,C_CARD515023,uses_card
A_CUST111580,M_MER100372,shops_at
A_CUST111580,L_Madhya Pradesh,located_in
A_CUST111588,C_CARD515033,uses_card
A_CUST111588,M_MER100144,shops_at
A_CUST111588,L_Bihar,located_in
A_CUST111594,C_CARD515040,uses_card
A_CUST111594,M_MER100334,shops_at
A_CUST111594,L_Tamil Nadu,located_in
A_CUST111612,C_CARD515063,uses_card
A_CUST111612,M_MER100313,shops_at
A_CUST111612,L_Assam,located_in
A_CUST111614,C_CARD515066,uses_card
A_CUST111614,M_MER100029,shops_at
A_CUST111614,L_Telangana,located_in
A_CUST111619,C_CARD515073,uses_card
A_CUST111619,M_MER100320,shops_at
A_CUST111619,L_Madhya Pradesh,located_in
A_CUST111619,C_CARD515072,uses_card
A_CUST111619,M_MER100358,shops_at
A_CUST111619,M_MER100494,shops_at
A_CUST111624,C_CARD515078,uses_card
A_CUST111624,M_MER100445,shops_at
A_CUST111624,L_Karnataka,located_in
A_CUST111631,C_CARD515085,uses_card
A_CUST111631,M_MER100040,shops_at
A_CUST111631,L_Uttar Pradesh,located_in
A_CUST111631,M_MER100021,shops_at
A_CUST111636,C_CARD515090,uses_card
A_CUST111636,M_MER100129,shops_at
A_CUST111636,L_Karnataka,located_in
A_CUST111637,C_CARD515091,uses_card
A_CUST111637,M_MER100495,shops_at
A_CUST111637,L_Gujarat,located_in
A_CUST111640,C_CARD515095,uses_card
A_CUST111640,M_MER100244,shops_at
A_CUST111640,L_Punjab,located_in
A_CUST111643,C_CARD515098,uses_card
A_CUST111643,M_MER100357,shops_at
A_CUST111643,L_Kerala,located_in
A_CUST111646,C_CARD515101,uses_card
A_CUST111646,M_MER100369,shops_at
A_CUST111646,L_Maharashtra,located_in
A_CUST111647,C_CARD515104,uses_card
A_CUST111647,M_MER100326,shops_at
A_CUST111647,L_Haryana,located_in
A_CUST111649,C_CARD515106,uses_card
A_CUST111649,M_MER100179,shops_at
A_CUST111649,L_Odisha,located_in
A_CUST111653,C_CARD515116,uses_card
A_CUST111653,M_MER100378,shops_at
A_CUST111653,L_West Bengal,located_in
A_CUST111656,C_CARD515120,uses_card
A_CUST111656,M_MER100237,shops_at
A_CUST111656,L_Uttar Pradesh,located_in
A_CUST111657,C_CARD515121,uses_card
A_CUST111657,M_MER100390,shops_at
A_CUST111657,L_Karnataka,located_in
A_CUST111658,C_CARD515122,uses_card
A_CUST111658,M_MER100436,shops_at
A_CUST111658,L_Bihar,located_in
A_CUST111661,C_CARD515126,uses_card
A_CUST111661,M_MER100130,shops_at
A_CUST111661,L_Gujarat,located_in
A_CUST111663,C_CARD515129,uses_card
A_CUST111663,M_MER100147,shops_at
A_CUST111663,L_Uttar Pradesh,located_in
A_CUST111664,C_CARD515130,uses_card
A_CUST111664,M_MER100305,shops_at
A_CUST111664,L_Kerala,located_in
A_CUST111665,C_CARD515131,uses_card
A_CUST111665,M_MER100059,shops_at
A_CUST111665,L_Odisha,located_in
A_CUST111668,C_CARD515134,uses_card
A_CUST111668,M_MER100276,shops_at
A_CUST111668,L_Gujarat,located_in
A_CUST111672,C_CARD515139,uses_card
A_CUST111672,M_MER100378,shops_at
A_CUST111672,L_West Bengal,located_in
A_CUST111672,C_CARD515138,uses_card
A_CUST111672,M_MER100350,shops_at
A_CUST111673,C_CARD515141,uses_card
A_CUST111673,M_MER100443,shops_at
A_CUST111673,L_Tamil Nadu,located_in
A_CUST111673,M_MER100447,shops_at
A_CUST111674,C_CARD515142,uses_card
A_CUST111674,M_MER100263,shops_at
A_CUST111674,L_Gujarat,located_in
A_CUST111674,C_CARD515143,uses_card
A_CUST111674,M_MER100173,shops_at
A_CUST111674,M_MER100182,shops_at
A_CUST111676,C_CARD515146,uses_card
A_CUST111676,M_MER100310,shops_at
A_CUST111676,L_Karnataka,located_in
A_CUST111676,C_CARD515147,uses_card
A_CUST111676,M_MER100137,shops_at
A_CUST111676,C_CARD515148,uses_card
A_CUST111676,M_MER100016,shops_at
A_CUST111680,C_CARD515154,uses_card
A_CUST111680,M_MER100250,shops_at
A_CUST111680,L_Tamil Nadu,located_in
A_CUST111680,M_MER100086,shops_at
A_CUST111680,C_CARD515153,uses_card
A_CUST111680,M_MER100179,shops_at
A_CUST111692,C_CARD515166,uses_card
A_CUST111692,M_MER100305,shops_at
A_CUST111692,L_Karnataka,located_in
A_CUST111696,C_CARD515173,uses_card
A_CUST111696,M_MER100346,shops_at
A_CUST111696,L_Rajasthan,located_in
A_CUST111696,M_MER100278,shops_at
A_CUST111696,M_MER100495,shops_at
A_CUST111697,C_CARD515176,uses_card
A_CUST111697,M_MER100061,shops_at
A_CUST111697,L_Gujarat,located_in
A_CUST111701,C_CARD515181,uses_card
A_CUST111701,M_MER100229,shops_at
A_CUST111701,L_Kerala,located_in
A_CUST111703,C_CARD515184,uses_card
A_CUST111703,M_MER100047,shops_at
A_CUST111703,L_Punjab,located_in
A_CUST111703,M_MER100273,shops_at
A_CUST111703,M_MER100160,shops_at
A_CUST111703,C_CARD515185,uses_card
A_CUST111703,M_MER100181,shops_at
A_CUST111706,C_CARD515190,uses_card
A_CUST111706,M_MER100287,shops_at
A_CUST111706,L_Uttar Pradesh,located_in
A_CUST111706,C_CARD515189,uses_card
A_CUST111706,M_MER100127,shops_at
A_CUST111707,C_CARD515191,uses_card
A_CUST111707,M_MER100097,shops_at
A_CUST111707,L_Karnataka,located_in
A_CUST111708,C_CARD515192,uses_card
A_CUST111708,M_MER100108,shops_at
A_CUST111708,L_Haryana,located_in
A_CUST111708,M_MER100440,shops_at
A_CUST111710,C_CARD515195,uses_card
A_CUST111710,M_MER100046,shops_at
A_CUST111710,L_Punjab,located_in
A_CUST111711,C_CARD515196,uses_card
A_CUST111711,M_MER100462,shops_at
A_CUST111711,L_Kerala,located_in
A_CUST111712,C_CARD515197,uses_card
A_CUST111712,M_MER100057,shops_at
A_CUST111712,L_Kerala,located_in
A_CUST111713,C_CARD515198,uses_card
A_CUST111713,M_MER100292,shops_at
A_CUST111713,L_Telangana,located_in
A_CUST111714,C_CARD515199,uses_card
A_CUST111714,M_MER100188,shops_at
A_CUST111714,L_Karnataka,located_in
A_CUST111714,C_CARD515200,uses_card
A_CUST111714,M_MER100234,shops_at
A_CUST111722,C_CARD515209,uses_card
A_CUST111722,M_MER100377,shops_at
A_CUST111722,L_West Bengal,located_in
A_CUST111722,M_MER100412,shops_at
A_CUST111723,C_CARD515210,uses_card
A_CUST111723,M_MER100022,shops_at
A_CUST111723,L_Telangana,located_in
A_CUST111724,C_CARD515211,uses_card
A_CUST111724,M_MER100089,shops_at
A_CUST111724,L_Kerala,located_in
A_CUST111725,C_CARD515212,uses_card
A_CUST111725,M_MER100140,shops_at
A_CUST111725,L_Uttar Pradesh,located_in
A_CUST111727,C_CARD515215,uses_card
A_CUST111727,M_MER100255,shops_at
A_CUST111727,L_Punjab,located_in
A_CUST111728,C_CARD515217,uses_card
A_CUST111728,M_MER100022,shops_at
A_CUST111728,L_Uttar Pradesh,located_in
A_CUST111732,C_CARD515223,uses_card
A_CUST111732,M_MER100196,shops_at
A_CUST111732,L_Gujarat,located_in
A_CUST111736,C_CARD515229,uses_card
A_CUST111736,M_MER100138,shops_at
A_CUST111736,L_Maharashtra,located_in
A_CUST111741,C_CARD515234,uses_card
A_CUST111741,M_MER100372,shops_at
A_CUST111741,L_Kerala,located_in
A_CUST111742,C_CARD515236,uses_card
A_CUST111742,M_MER100210,shops_at
A_CUST111742,L_Haryana,located_in
A_CUST111744,C_CARD515238,uses_card
A_CUST111744,M_MER100113,shops_at
A_CUST111744,L_Karnataka,located_in
A_CUST111749,C_CARD515243,uses_card
A_CUST111749,M_MER100063,shops_at
A_CUST111749,L_Telangana,located_in
A_CUST111758,C_CARD515254,uses_card
A_CUST111758,M_MER100225,shops_at
A_CUST111758,L_Punjab,located_in
A_CUST111759,C_CARD515257,uses_card
A_CUST111759,M_MER100235,shops_at
A_CUST111759,L_West Bengal,located_in
A_CUST111759,C_CARD515255,uses_card
A_CUST111759,M_MER100179,shops_at
A_CUST111759,M_MER100358,shops_at
A_CUST111759,M_MER100086,shops_at
A_CUST111760,C_CARD515258,uses_card
A_CUST111760,M_MER100148,shops_at
A_CUST111760,L_Karnataka,located_in
A_CUST111764,C_CARD515262,uses_card
A_CUST111764,M_MER100130,shops_at
A_CUST111764,L_Rajasthan,located_in
A_CUST111767,C_CARD515265,uses_card
A_CUST111767,M_MER100174,shops_at
A_CUST111767,L_Madhya Pradesh,located_in
A_CUST111767,C_CARD515267,uses_card
A_CUST111767,M_MER100326,shops_at
A_CUST111773,C_CARD515275,uses_card
A_CUST111773,M_MER100063,shops_at
A_CUST111773,L_Maharashtra,located_in
A_CUST111776,C_CARD515279,uses_card
A_CUST111776,M_MER100447,shops_at
A_CUST111776,L_Rajasthan,located_in
A_CUST111788,C_CARD515293,uses_card
A_CUST111788,M_MER100429,shops_at
A_CUST111788,L_Madhya Pradesh,located_in
A_CUST111788,C_CARD515292,uses_card
A_CUST111788,M_MER100182,shops_at
A_CUST111791,C_CARD515298,uses_card
A_CUST111791,M_MER100381,shops_at
A_CUST111791,L_Uttar Pradesh,located_in
A_CUST111791,M_MER100100,shops_at
A_CUST111791,M_MER100289,shops_at
A_CUST111798,C_CARD515308,uses_card
A_CUST111798,M_MER100348,shops_at
A_CUST111798,L_Madhya Pradesh,located_in
A_CUST111798,C_CARD515309,uses_card
A_CUST111798,M_MER100105,shops_at
A_CUST111798,M_MER100204,shops_at
A_CUST111800,C_CARD515312,uses_card
A_CUST111800,M_MER100162,shops_at
A_CUST111800,L_Rajasthan,located_in
A_CUST111800,M_MER100250,shops_at
A_CUST111800,M_MER100061,shops_at
A_CUST111800,M_MER100050,shops_at
A_CUST111800,C_CARD515311,uses_card
A_CUST111800,M_MER100142,shops_at
A_CUST111800,M_MER100382,shops_at
A_CUST111804,C_CARD515318,uses_card
A_CUST111804,M_MER100405,shops_at
A_CUST111804,L_Telangana,located_in
A_CUST111804,C_CARD515317,uses_card
A_CUST111804,M_MER100440,shops_at
A_CUST111807,C_CARD515324,uses_card
A_CUST111807,M_MER100001,shops_at
A_CUST111807,L_Odisha,located_in
A_CUST111814,C_CARD515332,uses_card
A_CUST111814,M_MER100062,shops_at
A_CUST111814,L_Gujarat,located_in
A_CUST111816,C_CARD515334,uses_card
A_CUST111816,M_MER100206,shops_at
A_CUST111816,L_Rajasthan,located_in
A_CUST111821,C_CARD515340,uses_card
A_CUST111821,M_MER100025,shops_at
A_CUST111821,L_Assam,located_in
A_CUST111838,C_CARD515359,uses_card
A_CUST111838,M_MER100108,shops_at
A_CUST111838,L_Kerala,located_in
A_CUST111842,C_CARD515366,uses_card
A_CUST111842,M_MER100156,shops_at
A_CUST111842,L_Karnataka,located_in
A_CUST111843,C_CARD515368,uses_card
A_CUST111843,M_MER100028,shops_at
A_CUST111843,L_Uttar Pradesh,located_in
A_CUST111847,C_CARD515372,uses_card
A_CUST111847,M_MER100398,shops_at
A_CUST111847,L_Kerala,located_in
A_CUST111847,C_CARD515373,uses_card
A_CUST111847,M_MER100490,shops_at
A_CUST111847,M_MER100331,shops_at
A_CUST111847,M_MER100212,shops_at
A_CUST111847,M_MER100138,shops_at
A_CUST111849,C_CARD515375,uses_card
A_CUST111849,M_MER100492,shops_at
A_CUST111849,L_Rajasthan,located_in
A_CUST111854,C_CARD515381,uses_card
A_CUST111854,M_MER100494,shops_at
A_CUST111854,L_Kerala,located_in
A_CUST111861,C_CARD515388,uses_card
A_CUST111861,M_MER100276,shops_at
A_CUST111861,L_Kerala,located_in
A_CUST111865,C_CARD515394,uses_card
A_CUST111865,M_MER100146,shops_at
A_CUST111865,L_West Bengal,located_in
A_CUST111872,C_CARD515402,uses_card
A_CUST111872,M_MER100174,shops_at
A_CUST111872,L_Bihar,located_in
A_CUST111873,C_CARD515403,uses_card
A_CUST111873,M_MER100055,shops_at
A_CUST111873,L_Madhya Pradesh,located_in
A_CUST111874,C_CARD515405,uses_card
A_CUST111874,M_MER100463,shops_at
A_CUST111874,L_Karnataka,located_in
A_CUST111874,M_MER100256,shops_at
A_CUST111877,C_CARD515408,uses_card
A_CUST111877,M_MER100404,shops_at
A_CUST111877,L_Karnataka,located_in
A_CUST111881,C_CARD515416,uses_card
A_CUST111881,M_MER100051,shops_at
A_CUST111881,L_Assam,located_in
A_CUST111881,C_CARD515415,uses_card
A_CUST111881,M_MER100489,shops_at
A_CUST111883,C_CARD515419,uses_card
A_CUST111883,M_MER100105,shops_at
A_CUST111883,L_Odisha,located_in
A_CUST111888,C_CARD515425,uses_card
A_CUST111888,M_MER100037,shops_at
A_CUST111888,L_Rajasthan,located_in
A_CUST111890,C_CARD515428,uses_card
A_CUST111890,M_MER100359,shops_at
A_CUST111890,L_Rajasthan,located_in
A_CUST111892,C_CARD515432,uses_card
A_CUST111892,M_MER100132,shops_at
A_CUST111892,L_Maharashtra,located_in
A_CUST111900,C_CARD515442,uses_card
A_CUST111900,M_MER100237,shops_at
A_CUST111900,L_Odisha,located_in
A_CUST111901,C_CARD515443,uses_card
A_CUST111901,M_MER100144,shops_at
A_CUST111901,L_Rajasthan,located_in
A_CUST111902,C_CARD515444,uses_card
A_CUST111902,M_MER100382,shops_at
A_CUST111902,L_Bihar,located_in
A_CUST111905,C_CARD515448,uses_card
A_CUST111905,M_MER100301,shops_at
A_CUST111905,L_Haryana,located_in
A_CUST111908,C_CARD515451,uses_card
A_CUST111908,M_MER100167,shops_at
A_CUST111908,L_Maharashtra,located_in
A_CUST111908,C_CARD515453,uses_card
A_CUST111908,M_MER100282,shops_at
A_CUST111908,M_MER100022,shops_at
A_CUST111910,C_CARD515455,uses_card
A_CUST111910,M_MER100062,shops_at
A_CUST111910,L_Maharashtra,located_in
A_CUST111914,C_CARD515460,uses_card
A_CUST111914,M_MER100500,shops_at
A_CUST111914,L_West Bengal,located_in
A_CUST111914,M_MER100175,shops_at
A_CUST111914,M_MER100254,shops_at
A_CUST111915,C_CARD515462,uses_card
A_CUST111915,M_MER100042,shops_at
A_CUST111915,L_Maharashtra,located_in
A_CUST111918,C_CARD515465,uses_card
A_CUST111918,M_MER100476,shops_at
A_CUST111918,L_Maharashtra,located_in
A_CUST111920,C_CARD515467,uses_card
A_CUST111920,M_MER100226,shops_at
A_CUST111920,L_Haryana,located_in
A_CUST111924,C_CARD515475,uses_card
A_CUST111924,M_MER100495,shops_at
A_CUST111924,L_Madhya Pradesh,located_in
A_CUST111928,C_CARD515480,uses_card
A_CUST111928,M_MER100194,shops_at
A_CUST111928,L_Kerala,located_in
A_CUST111928,M_MER100373,shops_at
A_CUST111929,C_CARD515481,uses_card
A_CUST111929,M_MER100213,shops_at
A_CUST111929,L_Maharashtra,located_in
A_CUST111930,C_CARD515483,uses_card
A_CUST111930,M_MER100132,shops_at
A_CUST111930,L_Karnataka,located_in
A_CUST111932,C_CARD515485,uses_card
A_CUST111932,M_MER100127,shops_at
A_CUST111932,L_Madhya Pradesh,located_in
A_CUST111933,C_CARD515487,uses_card
A_CUST111933,M_MER100022,shops_at
A_CUST111933,L_West Bengal,located_in
A_CUST111939,C_CARD515495,uses_card
A_CUST111939,M_MER100218,shops_at
A_CUST111939,L_Karnataka,located_in
A_CUST111939,C_CARD515496,uses_card
A_CUST111939,M_MER100021,shops_at
A_CUST111942,C_CARD515501,uses_card
A_CUST111942,M_MER100406,shops_at
A_CUST111942,L_Kerala,located_in
A_CUST111942,C_CARD515500,uses_card
A_CUST111942,M_MER100334,shops_at
A_CUST111945,C_CARD515504,uses_card
A_CUST111945,M_MER100312,shops_at
A_CUST111945,L_Bihar,located_in
A_CUST111946,C_CARD515505,uses_card
A_CUST111946,M_MER100183,shops_at
A_CUST111946,L_Gujarat,located_in
A_CUST111949,C_CARD515508,uses_card
A_CUST111949,M_MER100367,shops_at
A_CUST111949,L_Telangana,located_in
A_CUST111952,C_CARD515512,uses_card
A_CUST111952,M_MER100352,shops_at
A_CUST111952,L_Bihar,located_in
A_CUST111953,C_CARD515515,uses_card
A_CUST111953,M_MER100047,shops_at
A_CUST111953,L_Gujarat,located_in
A_CUST111953,M_MER100287,shops_at
A_CUST111956,C_CARD515519,uses_card
A_CUST111956,M_MER100466,shops_at
A_CUST111956,L_Telangana,located_in
A_CUST111957,C_CARD515521,uses_card
A_CUST111957,M_MER100495,shops_at
A_CUST111957,L_Haryana,located_in
A_CUST111957,C_CARD515522,uses_card
A_CUST111957,M_MER100375,shops_at
A_CUST111957,C_CARD515520,uses_card
A_CUST111957,M_MER100076,shops_at
A_CUST111957,M_MER100408,shops_at
A_CUST111957,M_MER100278,shops_at
A_CUST111958,C_CARD515523,uses_card
A_CUST111958,M_MER100444,shops_at
A_CUST111958,L_Madhya Pradesh,located_in
A_CUST111959,C_CARD515525,uses_card
A_CUST111959,M_MER100047,shops_at
A_CUST111959,L_Karnataka,located_in
A_CUST111959,M_MER100059,shops_at
A_CUST111963,C_CARD515529,uses_card
A_CUST111963,M_MER100250,shops_at
A_CUST111963,L_Assam,located_in
A_CUST111963,M_MER100326,shops_at
A_CUST111968,C_CARD515534,uses_card
A_CUST111968,M_MER100235,shops_at
A_CUST111968,L_Tamil Nadu,located_in
A_CUST111968,M_MER100003,shops_at
A_CUST111969,C_CARD515535,uses_card
A_CUST111969,M_MER100358,shops_at
A_CUST111969,L_Tamil Nadu,located_in
A_CUST111974,C_CARD515541,uses_card
A_CUST111974,M_MER100183,shops_at
A_CUST111974,L_Tamil Nadu,located_in
A_CUST111977,C_CARD515544,uses_card
A_CUST111977,M_MER100430,shops_at
A_CUST111977,L_Haryana,located_in
A_CUST111983,C_CARD515551,uses_card
A_CUST111983,M_MER100196,shops_at
A_CUST111983,L_Odisha,located_in
A_CUST111986,C_CARD515554,uses_card
A_CUST111986,M_MER100031,shops_at
A_CUST111986,L_West Bengal,located_in
A_CUST111986,M_MER100276,shops_at
A_CUST111986,C_CARD515555,uses_card
A_CUST111986,M_MER100318,shops_at
A_CUST111987,C_CARD515556,uses_card
A_CUST111987,M_MER100096,shops_at
A_CUST111987,L_Haryana,located_in
A_CUST111988,C_CARD515557,uses_card
A_CUST111988,M_MER100378,shops_at
A_CUST111988,L_Bihar,located_in
A_CUST111990,C_CARD515560,uses_card
A_CUST111990,M_MER100396,shops_at
A_CUST111990,L_Karnataka,located_in
A_CUST111992,C_CARD515563,uses_card
A_CUST111992,M_MER100175,shops_at
A_CUST111992,L_Assam,located_in
A_CUST111997,C_CARD515568,uses_card
A_CUST111997,M_MER100249,shops_at
A_CUST111997,L_Odisha,located_in
A_CUST112000,C_CARD515573,uses_card
A_CUST112000,M_MER100273,shops_at
A_CUST112000,L_Tamil Nadu,located_in
A_CUST112001,C_CARD515576,uses_card
A_CUST112001,M_MER100404,shops_at
A_CUST112001,L_Rajasthan,located_in
A_CUST112001,C_CARD515577,uses_card
A_CUST112001,M_MER100016,shops_at
A_CUST112001,M_MER100216,shops_at
A_CUST112003,C_CARD515581,uses_card
A_CUST112003,M_MER100474,shops_at
A_CUST112003,L_Maharashtra,located_in
A_CUST112003,C_CARD515582,uses_card
A_CUST112003,M_MER100459,shops_at
A_CUST112003,M_MER100062,shops_at
A_CUST112004,C_CARD515583,uses_card
A_CUST112004,M_MER100249,shops_at
A_CUST112004,L_Maharashtra,located_in
A_CUST112007,C_CARD515586,uses_card
A_CUST112007,M_MER100152,shops_at
A_CUST112007,L_Kerala,located_in
A_CUST112016,C_CARD515599,uses_card
A_CUST112016,M_MER100174,shops_at
A_CUST112016,L_Rajasthan,located_in
A_CUST112019,C_CARD515602,uses_card
A_CUST112019,M_MER100491,shops_at
A_CUST112019,L_Gujarat,located_in
A_CUST112020,C_CARD515604,uses_card
A_CUST112020,M_MER100008,shops_at
A_CUST112020,L_Karnataka,located_in
A_CUST112021,C_CARD515605,uses_card
A_CUST112021,M_MER100344,shops_at
A_CUST112021,L_Bihar,located_in
A_CUST112021,C_CARD515606,uses_card
A_CUST112021,M_MER100390,shops_at
A_CUST112029,C_CARD515616,uses_card
A_CUST112029,M_MER100422,shops_at
A_CUST112029,L_Bihar,located_in
A_CUST112035,C_CARD515623,uses_card
A_CUST112035,M_MER100408,shops_at
A_CUST112035,L_Tamil Nadu,located_in
A_CUST112041,C_CARD515631,uses_card
A_CUST112041,M_MER100357,shops_at
A_CUST112041,L_Gujarat,located_in
A_CUST112052,C_CARD515646,uses_card
A_CUST112052,M_MER100486,shops_at
A_CUST112052,L_Rajasthan,located_in
A_CUST112055,C_CARD515651,uses_card
A_CUST112055,M_MER100405,shops_at
A_CUST112055,L_Uttar Pradesh,located_in
A_CUST112055,C_CARD515650,uses_card
A_CUST112055,M_MER100308,shops_at
A_CUST112055,M_MER100089,shops_at
A_CUST112056,C_CARD515652,uses_card
A_CUST112056,M_MER100135,shops_at
A_CUST112056,L_Assam,located_in
A_CUST112056,C_CARD515653,uses_card
A_CUST112056,M_MER100226,shops_at
A_CUST112060,C_CARD515658,uses_card
A_CUST112060,M_MER100227,shops_at
A_CUST112060,L_West Bengal,located_in
A_CUST112065,C_CARD515663,uses_card
A_CUST112065,M_MER100466,shops_at
A_CUST112065,L_Assam,located_in
A_CUST112068,C_CARD515667,uses_card
A_CUST112068,M_MER100096,shops_at
A_CUST112068,L_Tamil Nadu,located_in
A_CUST112071,C_CARD515670,uses_card
A_CUST112071,M_MER100225,shops_at
A_CUST112071,L_Rajasthan,located_in
A_CUST112073,C_CARD515672,uses_card
A_CUST112073,M_MER100038,shops_at
A_CUST112073,L_Madhya Pradesh,located_in
A_CUST112073,C_CARD515673,uses_card
A_CUST112073,M_MER100106,shops_at
A_CUST112074,C_CARD515674,uses_card
A_CUST112074,M_MER100043,shops_at
A_CUST112074,L_Assam,located_in
A_CUST112076,C_CARD515676,uses_card
A_CUST112076,M_MER100215,shops_at
A_CUST112076,L_Maharashtra,located_in
A_CUST112080,C_CARD515680,uses_card
A_CUST112080,M_MER100115,shops_at
A_CUST112080,L_Assam,located_in
A_CUST112080,M_MER100444,shops_at
A_CUST112080,M_MER100031,shops_at
A_CUST112083,C_CARD515686,uses_card
A_CUST112083,M_MER100288,shops_at
A_CUST112083,L_Uttar Pradesh,located_in
A_CUST112084,C_CARD515688,uses_card
A_CUST112084,M_MER100198,shops_at
A_CUST112084,L_Uttar Pradesh,located_in
A_CUST112084,M_MER100496,shops_at
A_CUST112086,C_CARD515691,uses_card
A_CUST112086,M_MER100021,shops_at
A_CUST112086,L_Tamil Nadu,located_in
A_CUST112086,M_MER100363,shops_at
A_CUST112086,M_MER100448,shops_at
A_CUST112091,C_CARD515697,uses_card
A_CUST112091,M_MER100254,shops_at
A_CUST112091,L_Bihar,located_in
A_CUST112091,M_MER100457,shops_at
A_CUST112092,C_CARD515698,uses_card
A_CUST112092,M_MER100382,shops_at
A_CUST112092,L_Punjab,located_in
A_CUST112093,C_CARD515701,uses_card
A_CUST112093,M_MER100022,shops_at
A_CUST112093,L_Assam,located_in
A_CUST112099,C_CARD515708,uses_card
A_CUST112099,M_MER100048,shops_at
A_CUST112099,L_Rajasthan,located_in
A_CUST112099,M_MER100381,shops_at
A_CUST112102,C_CARD515712,uses_card
A_CUST112102,M_MER100339,shops_at
A_CUST112102,L_Punjab,located_in
A_CUST112103,C_CARD515714,uses_card
A_CUST112103,M_MER100479,shops_at
A_CUST112103,L_Bihar,located_in
A_CUST112110,C_CARD515723,uses_card
A_CUST112110,M_MER100046,shops_at
A_CUST112110,L_Uttar Pradesh,located_in
A_CUST112113,C_CARD515727,uses_card
A_CUST112113,M_MER100221,shops_at
A_CUST112113,L_Bihar,located_in
A_CUST112114,C_CARD515728,uses_card
A_CUST112114,M_MER100326,shops_at
A_CUST112114,L_Bihar,located_in
A_CUST112116,C_CARD515731,uses_card
A_CUST112116,M_MER100235,shops_at
A_CUST112116,L_Punjab,located_in
A_CUST112120,C_CARD515737,uses_card
A_CUST112120,M_MER100112,shops_at
A_CUST112120,L_Assam,located_in
A_CUST112120,C_CARD515738,uses_card
A_CUST112120,M_MER100312,shops_at
A_CUST112120,C_CARD515736,uses_card
A_CUST112120,M_MER100439,shops_at
A_CUST112127,C_CARD515746,uses_card
A_CUST112127,M_MER100009,shops_at
A_CUST112127,L_Odisha,located_in
A_CUST112127,M_MER100014,shops_at
A_CUST112131,C_CARD515750,uses_card
A_CUST112131,M_MER100457,shops_at
A_CUST112131,L_Telangana,located_in
A_CUST112138,C_CARD515759,uses_card
A_CUST112138,M_MER100216,shops_at
A_CUST112138,L_Assam,located_in
A_CUST112138,C_CARD515758,uses_card
A_CUST112138,M_MER100057,shops_at
A_CUST112138,M_MER100125,shops_at
A_CUST112138,M_MER100232,shops_at
A_CUST112145,C_CARD515767,uses_card
A_CUST112145,M_MER100295,shops_at
A_CUST112145,L_Bihar,located_in
A_CUST112145,C_CARD515768,uses_card
A_CUST112145,M_MER100258,shops_at
A_CUST112145,M_MER100349,shops_at
A_CUST112148,C_CARD515772,uses_card
A_CUST112148,M_MER100386,shops_at
A_CUST112148,L_Punjab,located_in
A_CUST112148,M_MER100442,shops_at
A_CUST112148,M_MER100367,shops_at
A_CUST112156,C_CARD515781,uses_card
A_CUST112156,M_MER100344,shops_at
A_CUST112156,L_Gujarat,located_in
A_CUST112156,C_CARD515780,uses_card
A_CUST112156,M_MER100081,shops_at
A_CUST112162,C_CARD515788,uses_card
A_CUST112162,M_MER100437,shops_at
A_CUST112162,L_Uttar Pradesh,located_in
A_CUST112162,M_MER100357,shops_at
A_CUST112162,M_MER100235,shops_at
A_CUST112165,C_CARD515791,uses_card
A_CUST112165,M_MER100492,shops_at
A_CUST112165,L_Telangana,located_in
A_CUST112167,C_CARD515794,uses_card
A_CUST112167,M_MER100072,shops_at
A_CUST112167,L_Haryana,located_in
A_CUST112167,C_CARD515795,uses_card
A_CUST112167,M_MER100109,shops_at
A_CUST112171,C_CARD515799,uses_card
A_CUST112171,M_MER100138,shops_at
A_CUST112171,L_Karnataka,located_in
A_CUST112173,C_CARD515803,uses_card
A_CUST112173,M_MER100031,shops_at
A_CUST112173,L_Tamil Nadu,located_in
A_CUST112173,M_MER100179,shops_at
A_CUST112175,C_CARD515805,uses_card
A_CUST112175,M_MER100163,shops_at
A_CUST112175,L_Odisha,located_in
A_CUST112176,C_CARD515808,uses_card
A_CUST112176,M_MER100105,shops_at
A_CUST112176,L_Maharashtra,located_in
A_CUST112176,C_CARD515806,uses_card
A_CUST112176,M_MER100266,shops_at
A_CUST112178,C_CARD515810,uses_card
A_CUST112178,M_MER100497,shops_at
A_CUST112178,L_Maharashtra,located_in
A_CUST112185,C_CARD515817,uses_card
A_CUST112185,M_MER100431,shops_at
A_CUST112185,L_West Bengal,located_in
A_CUST112192,C_CARD515825,uses_card
A_CUST112192,M_MER100043,shops_at
A_CUST112192,L_Bihar,located_in
A_CUST112195,C_CARD515831,uses_card
A_CUST112195,M_MER100188,shops_at
A_CUST112195,L_Bihar,located_in
A_CUST112195,M_MER100106,shops_at
A_CUST112195,M_MER100244,shops_at
A_CUST112195,M_MER100197,shops_at
A_CUST112195,M_MER100339,shops_at
A_CUST112199,C_CARD515835,uses_card
A_CUST112199,M_MER100382,shops_at
A_CUST112199,L_Gujarat,located_in
A_CUST112202,C_CARD515838,uses_card
A_CUST112202,M_MER100148,shops_at
A_CUST112202,L_Uttar Pradesh,located_in
A_CUST112222,C_CARD515860,uses_card
A_CUST112222,M_MER100235,shops_at
A_CUST112222,L_Haryana,located_in
A_CUST112222,M_MER100037,shops_at
A_CUST112232,C_CARD515871,uses_card
A_CUST112232,M_MER100408,shops_at
A_CUST112232,L_Karnataka,located_in
A_CUST112233,C_CARD515872,uses_card
A_CUST112233,M_MER100433,shops_at
A_CUST112233,L_Rajasthan,located_in
A_CUST112233,M_MER100276,shops_at
A_CUST112236,C_CARD515876,uses_card
A_CUST112236,M_MER100195,shops_at
A_CUST112236,L_West Bengal,located_in
A_CUST112242,C_CARD515884,uses_card
A_CUST112242,M_MER100057,shops_at
A_CUST112242,L_West Bengal,located_in
A_CUST112242,C_CARD515885,uses_card
A_CUST112242,M_MER100152,shops_at
A_CUST112245,C_CARD515888,uses_card
A_CUST112245,M_MER100242,shops_at
A_CUST112245,L_Maharashtra,located_in
A_CUST112246,C_CARD515889,uses_card
A_CUST112246,M_MER100062,shops_at
A_CUST112246,L_Punjab,located_in
A_CUST112247,C_CARD515890,uses_card
A_CUST112247,M_MER100423,shops_at
A_CUST112247,L_Punjab,located_in
A_CUST112247,M_MER100369,shops_at
A_CUST112248,C_CARD515892,uses_card
A_CUST112248,M_MER100318,shops_at
A_CUST112248,L_Telangana,located_in
A_CUST112250,C_CARD515895,uses_card
A_CUST112250,M_MER100053,shops_at
A_CUST112250,L_Punjab,located_in
A_CUST112250,C_CARD515896,uses_card
A_CUST112250,M_MER100175,shops_at
A_CUST112254,C_CARD515901,uses_card
A_CUST112254,M_MER100476,shops_at
A_CUST112254,L_Uttar Pradesh,located_in
A_CUST112254,M_MER100349,shops_at
A_CUST112255,C_CARD515904,uses_card
A_CUST112255,M_MER100345,shops_at
A_CUST112255,L_Assam,located_in
A_CUST112255,M_MER100140,shops_at
A_CUST112257,C_CARD515906,uses_card
A_CUST112257,M_MER100465,shops_at
A_CUST112257,L_Telangana,located_in
A_CUST112257,M_MER100334,shops_at
A_CUST112257,M_MER100358,shops_at
A_CUST112259,C_CARD515909,uses_card
A_CUST112259,M_MER100175,shops_at
A_CUST112259,L_Maharashtra,located_in
A_CUST112263,C_CARD515914,uses_card
A_CUST112263,M_MER100102,shops_at
A_CUST112263,L_Maharashtra,located_in
A_CUST112264,C_CARD515915,uses_card
A_CUST112264,M_MER100254,shops_at
A_CUST112264,L_Haryana,located_in
A_CUST112270,C_CARD515923,uses_card
A_CUST112270,M_MER100259,shops_at
A_CUST112270,L_Haryana,located_in
A_CUST112275,C_CARD515930,uses_card
A_CUST112275,M_MER100305,shops_at
A_CUST112275,L_Gujarat,located_in
A_CUST112275,C_CARD515929,uses_card
A_CUST112275,M_MER100357,shops_at
A_CUST112280,C_CARD515935,uses_card
A_CUST112280,M_MER100022,shops_at
A_CUST112280,L_Haryana,located_in
A_CUST112286,C_CARD515941,uses_card
A_CUST112286,M_MER100448,shops_at
A_CUST112286,L_Maharashtra,located_in
A_CUST112287,C_CARD515944,uses_card
A_CUST112287,M_MER100042,shops_at
A_CUST112287,L_Haryana,located_in
A_CUST112287,C_CARD515945,uses_card
A_CUST112287,M_MER100059,shops_at
A_CUST112287,C_CARD515943,uses_card
A_CUST112287,M_MER100169,shops_at
A_CUST112287,M_MER100369,shops_at
A_CUST112288,C_CARD515946,uses_card
A_CUST112288,M_MER100331,shops_at
A_CUST112288,L_Tamil Nadu,located_in
A_CUST112289,C_CARD515947,uses_card
A_CUST112289,M_MER100318,shops_at
A_CUST112289,L_Uttar Pradesh,located_in
A_CUST112291,C_CARD515952,uses_card
A_CUST112291,M_MER100100,shops_at
A_CUST112291,L_Gujarat,located_in
A_CUST112291,M_MER100237,shops_at
A_CUST112291,M_MER100147,shops_at
A_CUST112291,M_MER100361,shops_at
A_CUST112291,M_MER100041,shops_at
A_CUST112291,M_MER100221,shops_at
A_CUST112294,C_CARD515955,uses_card
A_CUST112294,M_MER100240,shops_at
A_CUST112294,L_Uttar Pradesh,located_in
A_CUST112298,C_CARD515961,uses_card
A_CUST112298,M_MER100340,shops_at
A_CUST112298,L_Uttar Pradesh,located_in
A_CUST112298,M_MER100187,shops_at
A_CUST112298,M_MER100003,shops_at
A_CUST112301,C_CARD515965,uses_card
A_CUST112301,M_MER100382,shops_at
A_CUST112301,L_Bihar,located_in
A_CUST112303,C_CARD515967,uses_card
A_CUST112303,M_MER100140,shops_at
A_CUST112303,L_Punjab,located_in
A_CUST112305,C_CARD515969,uses_card
A_CUST112305,M_MER100279,shops_at
A_CUST112305,L_Odisha,located_in
A_CUST112308,C_CARD515972,uses_card
A_CUST112308,M_MER100495,shops_at
A_CUST112308,L_Maharashtra,located_in
A_CUST112314,C_CARD515980,uses_card
A_CUST112314,M_MER100236,shops_at
A_CUST112314,L_Madhya Pradesh,located_in
A_CUST112319,C_CARD515986,uses_card
A_CUST112319,M_MER100180,shops_at
A_CUST112319,L_Gujarat,located_in
A_CUST112320,C_CARD515989,uses_card
A_CUST112320,M_MER100421,shops_at
A_CUST112320,L_Bihar,located_in
A_CUST112320,C_CARD515987,uses_card
A_CUST112320,M_MER100148,shops_at
A_CUST112320,M_MER100451,shops_at
A_CUST112339,C_CARD516011,uses_card
A_CUST112339,M_MER100169,shops_at
A_CUST112339,L_Tamil Nadu,located_in
A_CUST112340,C_CARD516012,uses_card
A_CUST112340,M_MER100102,shops_at
A_CUST112340,L_Punjab,located_in
A_CUST112342,C_CARD516014,uses_card
A_CUST112342,M_MER100234,shops_at
A_CUST112342,L_Maharashtra,located_in
A_CUST112345,C_CARD516017,uses_card
A_CUST112345,M_MER100420,shops_at
A_CUST112345,L_Maharashtra,located_in
A_CUST112345,M_MER100466,shops_at
A_CUST112354,C_CARD516027,uses_card
A_CUST112354,M_MER100014,shops_at
A_CUST112354,L_Punjab,located_in
A_CUST112362,C_CARD516039,uses_card
A_CUST112362,M_MER100138,shops_at
A_CUST112362,L_Madhya Pradesh,located_in
A_CUST112363,C_CARD516040,uses_card
A_CUST112363,M_MER100112,shops_at
A_CUST112363,L_Bihar,located_in
A_CUST112368,C_CARD516047,uses_card
A_CUST112368,M_MER100222,shops_at
A_CUST112368,L_Madhya Pradesh,located_in
A_CUST112369,C_CARD516050,uses_card
A_CUST112369,M_MER100102,shops_at
A_CUST112369,L_Odisha,located_in
A_CUST112369,M_MER100360,shops_at
A_CUST112373,C_CARD516055,uses_card
A_CUST112373,M_MER100434,shops_at
A_CUST112373,L_Tamil Nadu,located_in
A_CUST112375,C_CARD516058,uses_card
A_CUST112375,M_MER100457,shops_at
A_CUST112375,L_Uttar Pradesh,located_in
A_CUST112381,C_CARD516064,uses_card
A_CUST112381,M_MER100235,shops_at
A_CUST112381,L_Haryana,located_in
A_CUST112381,M_MER100291,shops_at
A_CUST112381,C_CARD516065,uses_card
A_CUST112381,M_MER100428,shops_at
A_CUST112391,C_CARD516077,uses_card
A_CUST112391,M_MER100380,shops_at
A_CUST112391,L_Uttar Pradesh,located_in
A_CUST112396,C_CARD516083,uses_card
A_CUST112396,M_MER100328,shops_at
A_CUST112396,L_Madhya Pradesh,located_in
A_CUST112396,M_MER100391,shops_at
A_CUST112398,C_CARD516085,uses_card
A_CUST112398,M_MER100046,shops_at
A_CUST112398,L_Assam,located_in
A_CUST112399,C_CARD516086,uses_card
A_CUST112399,M_MER100369,shops_at
A_CUST112399,L_Assam,located_in
A_CUST112402,C_CARD516092,uses_card
A_CUST112402,M_MER100432,shops_at
A_CUST112402,L_Uttar Pradesh,located_in
A_CUST112402,M_MER100272,shops_at
A_CUST112405,C_CARD516095,uses_card
A_CUST112405,M_MER100495,shops_at
A_CUST112405,L_Madhya Pradesh,located_in
A_CUST112405,M_MER100072,shops_at
A_CUST112408,C_CARD516098,uses_card
A_CUST112408,M_MER100378,shops_at
A_CUST112408,L_Uttar Pradesh,located_in
A_CUST112412,C_CARD516102,uses_card
A_CUST112412,M_MER100199,shops_at
A_CUST112412,L_Tamil Nadu,located_in
A_CUST112414,C_CARD516105,uses_card
A_CUST112414,M_MER100280,shops_at
A_CUST112414,L_West Bengal,located_in
A_CUST112422,C_CARD516115,uses_card
A_CUST112422,M_MER100352,shops_at
A_CUST112422,L_Madhya Pradesh,located_in
A_CUST112422,C_CARD516116,uses_card
A_CUST112422,M_MER100314,shops_at
A_CUST112422,M_MER100455,shops_at
A_CUST112425,C_CARD516120,uses_card
A_CUST112425,M_MER100152,shops_at
A_CUST112425,L_Gujarat,located_in
A_CUST112425,M_MER100179,shops_at
A_CUST112425,C_CARD516121,uses_card
A_CUST112425,M_MER100264,shops_at
A_CUST112427,C_CARD516124,uses_card
A_CUST112427,M_MER100115,shops_at
A_CUST112427,L_Punjab,located_in
A_CUST112427,M_MER100017,shops_at
A_CUST112427,M_MER100428,shops_at
A_CUST112431,C_CARD516129,uses_card
A_CUST112431,M_MER100145,shops_at
A_CUST112431,L_Assam,located_in
A_CUST112431,M_MER100237,shops_at
A_CUST112433,C_CARD516133,uses_card
A_CUST112433,M_MER100022,shops_at
A_CUST112433,L_West Bengal,located_in
A_CUST112434,C_CARD516134,uses_card
A_CUST112434,M_MER100496,shops_at
A_CUST112434,L_Assam,located_in
A_CUST112434,M_MER100060,shops_at
A_CUST112435,C_CARD516135,uses_card
A_CUST112435,M_MER100238,shops_at
A_CUST112435,L_Haryana,located_in
A_CUST112435,M_MER100368,shops_at
A_CUST112437,C_CARD516137,uses_card
A_CUST112437,M_MER100256,shops_at
A_CUST112437,L_Punjab,located_in
A_CUST112439,C_CARD516140,uses_card
A_CUST112439,M_MER100421,shops_at
A_CUST112439,L_Gujarat,located_in
A_CUST112440,C_CARD516142,uses_card
A_CUST112440,M_MER100178,shops_at
A_CUST112440,L_West Bengal,located_in
A_CUST112440,M_MER100292,shops_at
A_CUST112440,M_MER100133,shops_at
A_CUST112442,C_CARD516145,uses_card
A_CUST112442,M_MER100308,shops_at
A_CUST112442,L_Tamil Nadu,located_in
A_CUST112451,C_CARD516156,uses_card
A_CUST112451,M_MER100199,shops_at
A_CUST112451,L_Odisha,located_in
A_CUST112451,C_CARD516158,uses_card
A_CUST112451,M_MER100029,shops_at
A_CUST112454,C_CARD516162,uses_card
A_CUST112454,M_MER100126,shops_at
A_CUST112454,L_Maharashtra,located_in
A_CUST112465,C_CARD516175,uses_card
A_CUST112465,M_MER100427,shops_at
A_CUST112465,L_Tamil Nadu,located_in
A_CUST112469,C_CARD516180,uses_card
A_CUST112469,M_MER100189,shops_at
A_CUST112469,L_Assam,located_in
A_CUST112470,C_CARD516181,uses_card
A_CUST112470,M_MER100189,shops_at
A_CUST112470,L_West Bengal,located_in
A_CUST112474,C_CARD516185,uses_card
A_CUST112474,M_MER100275,shops_at
A_CUST112474,L_Kerala,located_in
A_CUST112481,C_CARD516193,uses_card
A_CUST112481,M_MER100124,shops_at
A_CUST112481,L_Madhya Pradesh,located_in
A_CUST112487,C_CARD516200,uses_card
A_CUST112487,M_MER100352,shops_at
A_CUST112487,L_Rajasthan,located_in
A_CUST112489,C_CARD516203,uses_card
A_CUST112489,M_MER100402,shops_at
A_CUST112489,L_Gujarat,located_in
A_CUST112496,C_CARD516211,uses_card
A_CUST112496,M_MER100034,shops_at
A_CUST112496,L_Bihar,located_in
A_CUST112496,C_CARD516210,uses_card
A_CUST112496,M_MER100429,shops_at
A_CUST112501,C_CARD516218,uses_card
A_CUST112501,M_MER100188,shops_at
A_CUST112501,L_Odisha,located_in
A_CUST112502,C_CARD516221,uses_card
A_CUST112502,M_MER100140,shops_at
A_CUST112502,L_Rajasthan,located_in
A_CUST112502,C_CARD516219,uses_card
A_CUST112502,M_MER100102,shops_at
A_CUST112504,C_CARD516223,uses_card
A_CUST112504,M_MER100179,shops_at
A_CUST112504,L_Telangana,located_in
A_CUST112507,C_CARD516227,uses_card
A_CUST112507,M_MER100052,shops_at
A_CUST112507,L_Telangana,located_in
A_CUST112508,C_CARD516228,uses_card
A_CUST112508,M_MER100138,shops_at
A_CUST112508,L_Maharashtra,located_in
A_CUST112515,C_CARD516238,uses_card
A_CUST112515,M_MER100389,shops_at
A_CUST112515,L_West Bengal,located_in
A_CUST112515,M_MER100405,shops_at
A_CUST112518,C_CARD516242,uses_card
A_CUST112518,M_MER100500,shops_at
A_CUST112518,L_Bihar,located_in
A_CUST112522,C_CARD516246,uses_card
A_CUST112522,M_MER100199,shops_at
A_CUST112522,L_Maharashtra,located_in
A_CUST112527,C_CARD516252,uses_card
A_CUST112527,M_MER100127,shops_at
A_CUST112527,L_Haryana,located_in
A_CUST112550,C_CARD516280,uses_card
A_CUST112550,M_MER100454,shops_at
A_CUST112550,L_Telangana,located_in
A_CUST112558,C_CARD516292,uses_card
A_CUST112558,M_MER100148,shops_at
A_CUST112558,L_Haryana,located_in
A_CUST112568,C_CARD516304,uses_card
A_CUST112568,M_MER100043,shops_at
A_CUST112568,L_Bihar,located_in
A_CUST112573,C_CARD516310,uses_card
A_CUST112573,M_MER100412,shops_at
A_CUST112573,L_Karnataka,located_in
A_CUST112573,M_MER100249,shops_at
A_CUST112594,C_CARD516336,uses_card
A_CUST112594,M_MER100349,shops_at
A_CUST112594,L_Madhya Pradesh,located_in
A_CUST112596,C_CARD516339,uses_card
A_CUST112596,M_MER100474,shops_at
A_CUST112596,L_Kerala,located_in
A_CUST112598,C_CARD516342,uses_card
A_CUST112598,M_MER100382,shops_at
A_CUST112598,L_Punjab,located_in
A_CUST112599,C_CARD516343,uses_card
A_CUST112599,M_MER100175,shops_at
A_CUST112599,L_West Bengal,located_in
A_CUST112602,C_CARD516346,uses_card
A_CUST112602,M_MER100185,shops_at
A_CUST112602,L_Gujarat,located_in
A_CUST112602,C_CARD516347,uses_card
A_CUST112602,M_MER100407,shops_at
A_CUST112602,M_MER100130,shops_at
A_CUST112609,C_CARD516355,uses_card
A_CUST112609,M_MER100226,shops_at
A_CUST112609,L_Rajasthan,located_in
A_CUST112617,C_CARD516363,uses_card
A_CUST112617,M_MER100113,shops_at
A_CUST112617,L_Haryana,located_in
A_CUST112617,M_MER100474,shops_at
A_CUST112617,M_MER100065,shops_at
A_CUST112622,C_CARD516369,uses_card
A_CUST112622,M_MER100380,shops_at
A_CUST112622,L_Kerala,located_in
A_CUST112623,C_CARD516370,uses_card
A_CUST112623,M_MER100093,shops_at
A_CUST112623,L_Tamil Nadu,located_in
A_CUST112626,C_CARD516374,uses_card
A_CUST112626,M_MER100009,shops_at
A_CUST112626,L_Bihar,located_in
A_CUST112626,M_MER100362,shops_at
A_CUST112629,C_CARD516377,uses_card
A_CUST112629,M_MER100404,shops_at
A_CUST112629,L_Kerala,located_in
A_CUST112631,C_CARD516379,uses_card
A_CUST112631,M_MER100496,shops_at
A_CUST112631,L_Assam,located_in
A_CUST112631,M_MER100134,shops_at
A_CUST112631,M_MER100168,shops_at
A_CUST112634,C_CARD516384,uses_card
A_CUST112634,M_MER100438,shops_at
A_CUST112634,L_Punjab,located_in
A_CUST112634,C_CARD516383,uses_card
A_CUST112634,M_MER100297,shops_at
A_CUST112634,M_MER100380,shops_at
A_CUST112638,C_CARD516389,uses_card
A_CUST112638,M_MER100034,shops_at
A_CUST112638,L_West Bengal,located_in
A_CUST112638,M_MER100121,shops_at
A_CUST112640,C_CARD516391,uses_card
A_CUST112640,M_MER100305,shops_at
A_CUST112640,L_Maharashtra,located_in
A_CUST112641,C_CARD516394,uses_card
A_CUST112641,M_MER100266,shops_at
A_CUST112641,L_Madhya Pradesh,located_in
A_CUST112642,C_CARD516395,uses_card
A_CUST112642,M_MER100226,shops_at
A_CUST112642,L_Madhya Pradesh,located_in
A_CUST112644,C_CARD516398,uses_card
A_CUST112644,M_MER100366,shops_at
A_CUST112644,L_Punjab,located_in
A_CUST112644,M_MER100052,shops_at
A_CUST112644,M_MER100014,shops_at
A_CUST112645,C_CARD516400,uses_card
A_CUST112645,M_MER100200,shops_at
A_CUST112645,L_Haryana,located_in
A_CUST112646,C_CARD516402,uses_card
A_CUST112646,M_MER100017,shops_at
A_CUST112646,L_West Bengal,located_in
A_CUST112649,C_CARD516406,uses_card
A_CUST112649,M_MER100146,shops_at
A_CUST112649,L_Haryana,located_in
A_CUST112657,C_CARD516415,uses_card
A_CUST112657,M_MER100250,shops_at
A_CUST112657,L_Telangana,located_in
A_CUST112661,C_CARD516419,uses_card
A_CUST112661,M_MER100089,shops_at
A_CUST112661,L_West Bengal,located_in
A_CUST112668,C_CARD516426,uses_card
A_CUST112668,M_MER100224,shops_at
A_CUST112668,L_Maharashtra,located_in
A_CUST112673,C_CARD516432,uses_card
A_CUST112673,M_MER100188,shops_at
A_CUST112673,L_Odisha,located_in
A_CUST112673,M_MER100012,shops_at
A_CUST112674,C_CARD516434,uses_card
A_CUST112674,M_MER100175,shops_at
A_CUST112674,L_Tamil Nadu,located_in
A_CUST112681,C_CARD516443,uses_card
A_CUST112681,M_MER100459,shops_at
A_CUST112681,L_Uttar Pradesh,located_in
A_CUST112682,C_CARD516444,uses_card
A_CUST112682,M_MER100500,shops_at
A_CUST112682,L_Bihar,located_in
A_CUST112682,M_MER100175,shops_at
A_CUST112682,C_CARD516445,uses_card
A_CUST112682,M_MER100452,shops_at
A_CUST112682,M_MER100322,shops_at
A_CUST112704,C_CARD516470,uses_card
A_CUST112704,M_MER100254,shops_at
A_CUST112704,L_Karnataka,located_in
A_CUST112705,C_CARD516471,uses_card
A_CUST112705,M_MER100252,shops_at
A_CUST112705,L_Madhya Pradesh,located_in
A_CUST112714,C_CARD516481,uses_card
A_CUST112714,M_MER100322,shops_at
A_CUST112714,L_Karnataka,located_in
A_CUST112716,C_CARD516485,uses_card
A_CUST112716,M_MER100352,shops_at
A_CUST112716,L_West Bengal,located_in
A_CUST112716,M_MER100136,shops_at
A_CUST112718,C_CARD516487,uses_card
A_CUST112718,M_MER100162,shops_at
A_CUST112718,L_West Bengal,located_in
A_CUST112719,C_CARD516489,uses_card
A_CUST112719,M_MER100335,shops_at
A_CUST112719,L_Maharashtra,located_in
A_CUST112720,C_CARD516491,uses_card
A_CUST112720,M_MER100243,shops_at
A_CUST112720,L_West Bengal,located_in
A_CUST112727,C_CARD516501,uses_card
A_CUST112727,M_MER100021,shops_at
A_CUST112727,L_Telangana,located_in
A_CUST112730,C_CARD516505,uses_card
A_CUST112730,M_MER100440,shops_at
A_CUST112730,L_Telangana,located_in
A_CUST112731,C_CARD516508,uses_card
A_CUST112731,M_MER100377,shops_at
A_CUST112731,L_Uttar Pradesh,located_in
A_CUST112734,C_CARD516511,uses_card
A_CUST112734,M_MER100365,shops_at
A_CUST112734,L_Karnataka,located_in
A_CUST112739,C_CARD516516,uses_card
A_CUST112739,M_MER100442,shops_at
A_CUST112739,L_West Bengal,located_in
A_CUST112740,C_CARD516517,uses_card
A_CUST112740,M_MER100092,shops_at
A_CUST112740,L_Tamil Nadu,located_in
A_CUST112743,C_CARD516520,uses_card
A_CUST112743,M_MER100365,shops_at
A_CUST112743,L_Assam,located_in
A_CUST112745,C_CARD516523,uses_card
A_CUST112745,M_MER100017,shops_at
A_CUST112745,L_Karnataka,located_in
A_CUST112749,C_CARD516527,uses_card
A_CUST112749,M_MER100040,shops_at
A_CUST112749,L_Assam,located_in
A_CUST112749,M_MER100353,shops_at
A_CUST112752,C_CARD516530,uses_card
A_CUST112752,M_MER100410,shops_at
A_CUST112752,L_Karnataka,located_in
A_CUST112752,M_MER100028,shops_at
A_CUST112757,C_CARD516535,uses_card
A_CUST112757,M_MER100430,shops_at
A_CUST112757,L_Kerala,located_in
A_CUST112758,C_CARD516539,uses_card
A_CUST112758,M_MER100219,shops_at
A_CUST112758,L_Madhya Pradesh,located_in
A_CUST112758,M_MER100474,shops_at
A_CUST112758,M_MER100101,shops_at
A_CUST112758,C_CARD516538,uses_card
A_CUST112758,M_MER100062,shops_at
A_CUST112759,C_CARD516541,uses_card
A_CUST112759,M_MER100253,shops_at
A_CUST112759,L_Tamil Nadu,located_in
A_CUST112759,M_MER100046,shops_at
A_CUST112764,C_CARD516547,uses_card
A_CUST112764,M_MER100201,shops_at
A_CUST112764,L_Uttar Pradesh,located_in
A_CUST112764,M_MER100405,shops_at
A_CUST112772,C_CARD516556,uses_card
A_CUST112772,M_MER100023,shops_at
A_CUST112772,L_Tamil Nadu,located_in
A_CUST112773,C_CARD516558,uses_card
A_CUST112773,M_MER100211,shops_at
A_CUST112773,L_Punjab,located_in
A_CUST112774,C_CARD516560,uses_card
A_CUST112774,M_MER100495,shops_at
A_CUST112774,L_Madhya Pradesh,located_in
A_CUST112782,C_CARD516568,uses_card
A_CUST112782,M_MER100442,shops_at
A_CUST112782,L_Karnataka,located_in
A_CUST112789,C_CARD516576,uses_card
A_CUST112789,M_MER100092,shops_at
A_CUST112789,L_Bihar,located_in
A_CUST112791,C_CARD516579,uses_card
A_CUST112791,M_MER100253,shops_at
A_CUST112791,L_Odisha,located_in
A_CUST112791,M_MER100029,shops_at
A_CUST112793,C_CARD516582,uses_card
A_CUST112793,M_MER100060,shops_at
A_CUST112793,L_Telangana,located_in
A_CUST112793,M_MER100199,shops_at
A_CUST112793,M_MER100130,shops_at
A_CUST112796,C_CARD516588,uses_card
A_CUST112796,M_MER100346,shops_at
A_CUST112796,L_Uttar Pradesh,located_in
A_CUST112797,C_CARD516591,uses_card
A_CUST112797,M_MER100253,shops_at
A_CUST112797,L_Odisha,located_in
A_CUST112801,C_CARD516598,uses_card
A_CUST112801,M_MER100152,shops_at
A_CUST112801,L_Punjab,located_in
A_CUST112805,C_CARD516605,uses_card
A_CUST112805,M_MER100198,shops_at
A_CUST112805,L_Rajasthan,located_in
A_CUST112806,C_CARD516606,uses_card
A_CUST112806,M_MER100345,shops_at
A_CUST112806,L_Maharashtra,located_in
A_CUST112808,C_CARD516608,uses_card
A_CUST112808,M_MER100040,shops_at
A_CUST112808,L_Uttar Pradesh,located_in
A_CUST112808,M_MER100278,shops_at
A_CUST112809,C_CARD516610,uses_card
A_CUST112809,M_MER100499,shops_at
A_CUST112809,L_Haryana,located_in
A_CUST112814,C_CARD516615,uses_card
A_CUST112814,M_MER100152,shops_at
A_CUST112814,L_Gujarat,located_in
A_CUST112816,C_CARD516618,uses_card
A_CUST112816,M_MER100041,shops_at
A_CUST112816,L_Uttar Pradesh,located_in
A_CUST112831,C_CARD516636,uses_card
A_CUST112831,M_MER100009,shops_at
A_CUST112831,L_Karnataka,located_in
A_CUST112832,C_CARD516637,uses_card
A_CUST112832,M_MER100328,shops_at
A_CUST112832,L_Tamil Nadu,located_in
A_CUST112841,C_CARD516648,uses_card
A_CUST112841,M_MER100396,shops_at
A_CUST112841,L_West Bengal,located_in
A_CUST112844,C_CARD516654,uses_card
A_CUST112844,M_MER100235,shops_at
A_CUST112844,L_West Bengal,located_in
A_CUST112844,M_MER100043,shops_at
A_CUST112844,M_MER100277,shops_at
A_CUST112858,C_CARD516669,uses_card
A_CUST112858,M_MER100477,shops_at
A_CUST112858,L_Telangana,located_in
A_CUST112858,M_MER100444,shops_at
A_CUST112858,C_CARD516671,uses_card
A_CUST112858,M_MER100170,shops_at
A_CUST112858,C_CARD516670,uses_card
A_CUST112858,M_MER100492,shops_at
A_CUST112858,M_MER100031,shops_at
A_CUST112861,C_CARD516675,uses_card
A_CUST112861,M_MER100286,shops_at
A_CUST112861,L_Maharashtra,located_in
A_CUST112861,C_CARD516676,uses_card
A_CUST112861,M_MER100032,shops_at
A_CUST112861,M_MER100480,shops_at
A_CUST112861,M_MER100017,shops_at
A_CUST112868,C_CARD516685,uses_card
A_CUST112868,M_MER100326,shops_at
A_CUST112868,L_Telangana,located_in
A_CUST112876,C_CARD516695,uses_card
A_CUST112876,M_MER100406,shops_at
A_CUST112876,L_Gujarat,located_in
A_CUST112876,C_CARD516696,uses_card
A_CUST112876,M_MER100025,shops_at
A_CUST112876,M_MER100188,shops_at
A_CUST112876,M_MER100305,shops_at
A_CUST112876,M_MER100002,shops_at
A_CUST112876,M_MER100331,shops_at
A_CUST112876,M_MER100377,shops_at
A_CUST112885,C_CARD516708,uses_card
A_CUST112885,M_MER100325,shops_at
A_CUST112885,L_West Bengal,located_in
A_CUST112885,C_CARD516706,uses_card
A_CUST112885,M_MER100120,shops_at
A_CUST112888,C_CARD516711,uses_card
A_CUST112888,M_MER100252,shops_at
A_CUST112888,L_Assam,located_in
A_CUST112889,C_CARD516713,uses_card
A_CUST112889,M_MER100450,shops_at
A_CUST112889,L_Karnataka,located_in
A_CUST112889,M_MER100248,shops_at
A_CUST112892,C_CARD516717,uses_card
A_CUST112892,M_MER100383,shops_at
A_CUST112892,L_Uttar Pradesh,located_in
A_CUST112893,C_CARD516720,uses_card
A_CUST112893,M_MER100288,shops_at
A_CUST112893,L_Haryana,located_in
A_CUST112895,C_CARD516722,uses_card
A_CUST112895,M_MER100014,shops_at
A_CUST112895,L_Punjab,located_in
A_CUST112895,C_CARD516723,uses_card
A_CUST112895,M_MER100383,shops_at
A_CUST112896,C_CARD516725,uses_card
A_CUST112896,M_MER100109,shops_at
A_CUST112896,L_Haryana,located_in
A_CUST112896,C_CARD516726,uses_card
A_CUST112896,M_MER100304,shops_at
A_CUST112913,C_CARD516746,uses_card
A_CUST112913,M_MER100246,shops_at
A_CUST112913,L_Madhya Pradesh,located_in
A_CUST112915,C_CARD516750,uses_card
A_CUST112915,M_MER100171,shops_at
A_CUST112915,L_Assam,located_in
A_CUST112918,C_CARD516754,uses_card
A_CUST112918,M_MER100047,shops_at
A_CUST112918,L_Karnataka,located_in
A_CUST112918,M_MER100002,shops_at
A_CUST112923,C_CARD516761,uses_card
A_CUST112923,M_MER100369,shops_at
A_CUST112923,L_Maharashtra,located_in
A_CUST112924,C_CARD516762,uses_card
A_CUST112924,M_MER100291,shops_at
A_CUST112924,L_Kerala,located_in
A_CUST112924,M_MER100071,shops_at
A_CUST112926,C_CARD516765,uses_card
A_CUST112926,M_MER100424,shops_at
A_CUST112926,L_Madhya Pradesh,located_in
A_CUST112926,C_CARD516764,uses_card
A_CUST112926,M_MER100293,shops_at
A_CUST112926,M_MER100062,shops_at
A_CUST112928,C_CARD516767,uses_card
A_CUST112928,M_MER100004,shops_at
A_CUST112928,L_Uttar Pradesh,located_in
A_CUST112928,M_MER100159,shops_at
A_CUST112934,C_CARD516773,uses_card
A_CUST112934,M_MER100106,shops_at
A_CUST112934,L_Odisha,located_in
A_CUST112935,C_CARD516775,uses_card
A_CUST112935,M_MER100097,shops_at
A_CUST112935,L_Kerala,located_in
A_CUST112939,C_CARD516779,uses_card
A_CUST112939,M_MER100141,shops_at
A_CUST112939,L_Tamil Nadu,located_in
A_CUST112940,C_CARD516781,uses_card
A_CUST112940,M_MER100043,shops_at
A_CUST112940,L_Assam,located_in
A_CUST112940,M_MER100235,shops_at
A_CUST112940,M_MER100378,shops_at
A_CUST112940,M_MER100421,shops_at
A_CUST112942,C_CARD516784,uses_card
A_CUST112942,M_MER100141,shops_at
A_CUST112942,L_Kerala,located_in
A_CUST112945,C_CARD516788,uses_card
A_CUST112945,M_MER100254,shops_at
A_CUST112945,L_Punjab,located_in
A_CUST112946,C_CARD516789,uses_card
A_CUST112946,M_MER100162,shops_at
A_CUST112946,L_Odisha,located_in
A_CUST112952,C_CARD516799,uses_card
A_CUST112952,M_MER100248,shops_at
A_CUST112952,L_Tamil Nadu,located_in
A_CUST112954,C_CARD516801,uses_card
A_CUST112954,M_MER100474,shops_at
A_CUST112954,L_Tamil Nadu,located_in
A_CUST112957,C_CARD516805,uses_card
A_CUST112957,M_MER100184,shops_at
A_CUST112957,L_Maharashtra,located_in
A_CUST112958,C_CARD516807,uses_card
A_CUST112958,M_MER100022,shops_at
A_CUST112958,L_Rajasthan,located_in
A_CUST112959,C_CARD516808,uses_card
A_CUST112959,M_MER100089,shops_at
A_CUST112959,L_Maharashtra,located_in
A_CUST112959,C_CARD516809,uses_card
A_CUST112959,M_MER100110,shops_at
A_CUST112959,M_MER100159,shops_at
A_CUST112965,C_CARD516817,uses_card
A_CUST112965,M_MER100428,shops_at
A_CUST112965,L_Bihar,located_in
A_CUST112966,C_CARD516818,uses_card
A_CUST112966,M_MER100339,shops_at
A_CUST112966,L_Tamil Nadu,located_in
A_CUST112969,C_CARD516821,uses_card
A_CUST112969,M_MER100280,shops_at
A_CUST112969,L_Haryana,located_in
A_CUST112970,C_CARD516822,uses_card
A_CUST112970,M_MER100175,shops_at
A_CUST112970,L_Telangana,located_in
A_CUST112970,C_CARD516823,uses_card
A_CUST112970,M_MER100051,shops_at
A_CUST112974,C_CARD516829,uses_card
A_CUST112974,M_MER100162,shops_at
A_CUST112974,L_Kerala,located_in
A_CUST112974,M_MER100487,shops_at
A_CUST112974,C_CARD516828,uses_card
A_CUST112974,M_MER100199,shops_at
A_CUST112976,C_CARD516831,uses_card
A_CUST112976,M_MER100180,shops_at
A_CUST112976,L_Rajasthan,located_in
A_CUST112981,C_CARD516836,uses_card
A_CUST112981,M_MER100319,shops_at
A_CUST112981,L_Haryana,located_in
A_CUST112981,M_MER100137,shops_at
A_CUST112984,C_CARD516839,uses_card
A_CUST112984,M_MER100454,shops_at
A_CUST112984,L_Bihar,located_in
A_CUST112987,C_CARD516845,uses_card
A_CUST112987,M_MER100140,shops_at
A_CUST112987,L_Kerala,located_in
A_CUST112987,C_CARD516844,uses_card
A_CUST112987,M_MER100318,shops_at
A_CUST112992,C_CARD516852,uses_card
A_CUST112992,M_MER100053,shops_at
A_CUST112992,L_Kerala,located_in
A_CUST112992,C_CARD516851,uses_card
A_CUST112992,M_MER100240,shops_at
A_CUST112992,M_MER100250,shops_at
A_CUST112994,C_CARD516856,uses_card
A_CUST112994,M_MER100377,shops_at
A_CUST112994,L_Uttar Pradesh,located_in
A_CUST112994,C_CARD516855,uses_card
A_CUST112994,M_MER100061,shops_at
A_CUST112996,C_CARD516859,uses_card
A_CUST112996,M_MER100175,shops_at
A_CUST112996,L_Telangana,located_in
A_CUST112996,C_CARD516860,uses_card
A_CUST112996,M_MER100295,shops_at
A_CUST112996,C_CARD516858,uses_card
A_CUST112996,M_MER100249,shops_at
A_CUST112998,C_CARD516863,uses_card
A_CUST112998,M_MER100171,shops_at
A_CUST112998,L_Gujarat,located_in
A_CUST113014,C_CARD516881,uses_card
A_CUST113014,M_MER100090,shops_at
A_CUST113014,L_Odisha,located_in
A_CUST113017,C_CARD516884,uses_card
A_CUST113017,M_MER100077,shops_at
A_CUST113017,L_Haryana,located_in
A_CUST113020,C_CARD516887,uses_card
A_CUST113020,M_MER100383,shops_at
A_CUST113020,L_Maharashtra,located_in
A_CUST113024,C_CARD516892,uses_card
A_CUST113024,M_MER100291,shops_at
A_CUST113024,L_Haryana,located_in
A_CUST113027,C_CARD516895,uses_card
A_CUST113027,M_MER100358,shops_at
A_CUST113027,L_Bihar,located_in
A_CUST113037,C_CARD516905,uses_card
A_CUST113037,M_MER100171,shops_at
A_CUST113037,L_Odisha,located_in
A_CUST113041,C_CARD516910,uses_card
A_CUST113041,M_MER100081,shops_at
A_CUST113041,L_Bihar,located_in
A_CUST113042,C_CARD516912,uses_card
A_CUST113042,M_MER100320,shops_at
A_CUST113042,L_Madhya Pradesh,located_in
A_CUST113045,C_CARD516916,uses_card
A_CUST113045,M_MER100079,shops_at
A_CUST113045,L_Bihar,located_in
A_CUST113047,C_CARD516918,uses_card
A_CUST113047,M_MER100152,shops_at
A_CUST113047,L_West Bengal,located_in
A_CUST113052,C_CARD516923,uses_card
A_CUST113052,M_MER100092,shops_at
A_CUST113052,L_Odisha,located_in
A_CUST113055,C_CARD516927,uses_card
A_CUST113055,M_MER100384,shops_at
A_CUST113055,L_Punjab,located_in
A_CUST113060,C_CARD516932,uses_card
A_CUST113060,M_MER100112,shops_at
A_CUST113060,L_West Bengal,located_in
A_CUST113061,C_CARD516933,uses_card
A_CUST113061,M_MER100059,shops_at
A_CUST113061,L_Telangana,located_in
A_CUST113061,M_MER100267,shops_at
A_CUST113066,C_CARD516939,uses_card
A_CUST113066,M_MER100391,shops_at
A_CUST113066,L_Karnataka,located_in
A_CUST113067,C_CARD516940,uses_card
A_CUST113067,M_MER100440,shops_at
A_CUST113067,L_Karnataka,located_in
A_CUST113067,M_MER100210,shops_at
A_CUST113071,C_CARD516944,uses_card
A_CUST113071,M_MER100070,shops_at
A_CUST113071,L_Bihar,located_in
A_CUST113072,C_CARD516945,uses_card
A_CUST113072,M_MER100116,shops_at
A_CUST113072,L_West Bengal,located_in
A_CUST113072,M_MER100167,shops_at
A_CUST113076,C_CARD516950,uses_card
A_CUST113076,M_MER100022,shops_at
A_CUST113076,L_Assam,located_in
A_CUST113080,C_CARD516954,uses_card
A_CUST113080,M_MER100063,shops_at
A_CUST113080,L_Gujarat,located_in
A_CUST113080,M_MER100418,shops_at
A_CUST113083,C_CARD516958,uses_card
A_CUST113083,M_MER100353,shops_at
A_CUST113083,L_Gujarat,located_in
A_CUST113084,C_CARD516959,uses_card
A_CUST113084,M_MER100134,shops_at
A_CUST113084,L_Madhya Pradesh,located_in
A_CUST113084,M_MER100271,shops_at
A_CUST113086,C_CARD516961,uses_card
A_CUST113086,M_MER100034,shops_at
A_CUST113086,L_Bihar,located_in
A_CUST113096,C_CARD516975,uses_card
A_CUST113096,M_MER100039,shops_at
A_CUST113096,L_Assam,located_in
A_CUST113097,C_CARD516976,uses_card
A_CUST113097,M_MER100141,shops_at
A_CUST113097,L_Kerala,located_in
A_CUST113097,M_MER100491,shops_at
A_CUST113097,C_CARD516977,uses_card
A_CUST113097,M_MER100406,shops_at
A_CUST113097,C_CARD516978,uses_card
A_CUST113097,M_MER100334,shops_at
A_CUST113103,C_CARD516985,uses_card
A_CUST113103,M_MER100494,shops_at
A_CUST113103,L_Madhya Pradesh,located_in
A_CUST113103,M_MER100167,shops_at
A_CUST113105,C_CARD516988,uses_card
A_CUST113105,M_MER100167,shops_at
A_CUST113105,L_Haryana,located_in
A_CUST113112,C_CARD516997,uses_card
A_CUST113112,M_MER100419,shops_at
A_CUST113112,L_Punjab,located_in
A_CUST113112,C_CARD516995,uses_card
A_CUST113112,M_MER100230,shops_at
A_CUST113112,C_CARD516996,uses_card
A_CUST113112,M_MER100446,shops_at
A_CUST113112,M_MER100237,shops_at
A_CUST113112,M_MER100088,shops_at
A_CUST113113,C_CARD516998,uses_card
A_CUST113113,M_MER100222,shops_at
A_CUST113113,L_Madhya Pradesh,located_in
A_CUST113119,C_CARD517007,uses_card
A_CUST113119,M_MER100323,shops_at
A_CUST113119,L_Rajasthan,located_in
A_CUST113119,M_MER100353,shops_at
A_CUST113119,M_MER100356,shops_at
A_CUST113119,M_MER100131,shops_at
A_CUST113122,C_CARD517010,uses_card
A_CUST113122,M_MER100148,shops_at
A_CUST113122,L_Rajasthan,located_in
A_CUST113122,M_MER100062,shops_at
A_CUST113123,C_CARD517013,uses_card
A_CUST113123,M_MER100182,shops_at
A_CUST113123,L_Gujarat,located_in
A_CUST113124,C_CARD517015,uses_card
A_CUST113124,M_MER100012,shops_at
A_CUST113124,L_Gujarat,located_in
A_CUST113130,C_CARD517021,uses_card
A_CUST113130,M_MER100162,shops_at
A_CUST113130,L_Tamil Nadu,located_in
A_CUST113132,C_CARD517023,uses_card
A_CUST113132,M_MER100152,shops_at
A_CUST113132,L_Tamil Nadu,located_in
A_CUST113133,C_CARD517024,uses_card
A_CUST113133,M_MER100320,shops_at
A_CUST113133,L_Assam,located_in
A_CUST113133,M_MER100361,shops_at
A_CUST113137,C_CARD517030,uses_card
A_CUST113137,M_MER100369,shops_at
A_CUST113137,L_Rajasthan,located_in
A_CUST113138,C_CARD517031,uses_card
A_CUST113138,M_MER100102,shops_at
A_CUST113138,L_West Bengal,located_in
A_CUST113143,C_CARD517038,uses_card
A_CUST113143,M_MER100040,shops_at
A_CUST113143,L_Telangana,located_in
A_CUST113144,C_CARD517039,uses_card
A_CUST113144,M_MER100448,shops_at
A_CUST113144,L_Uttar Pradesh,located_in
A_CUST113144,C_CARD517040,uses_card
A_CUST113144,M_MER100345,shops_at
A_CUST113144,M_MER100236,shops_at
A_CUST113146,C_CARD517044,uses_card
A_CUST113146,M_MER100422,shops_at
A_CUST113146,L_West Bengal,located_in
A_CUST113148,C_CARD517046,uses_card
A_CUST113148,M_MER100438,shops_at
A_CUST113148,L_Uttar Pradesh,located_in
A_CUST113149,C_CARD517047,uses_card
A_CUST113149,M_MER100219,shops_at
A_CUST113149,L_Karnataka,located_in
A_CUST113151,C_CARD517049,uses_card
A_CUST113151,M_MER100299,shops_at
A_CUST113151,L_Odisha,located_in
A_CUST113156,C_CARD517054,uses_card
A_CUST113156,M_MER100062,shops_at
A_CUST113156,L_Assam,located_in
A_CUST113162,C_CARD517060,uses_card
A_CUST113162,M_MER100476,shops_at
A_CUST113162,L_Rajasthan,located_in
A_CUST113162,M_MER100491,shops_at
A_CUST113162,M_MER100149,shops_at
A_CUST113162,M_MER100440,shops_at
A_CUST113162,M_MER100241,shops_at
A_CUST113165,C_CARD517063,uses_card
A_CUST113165,M_MER100444,shops_at
A_CUST113165,L_Maharashtra,located_in
A_CUST113165,C_CARD517064,uses_card
A_CUST113165,M_MER100325,shops_at
A_CUST113165,M_MER100274,shops_at
A_CUST113166,C_CARD517065,uses_card
A_CUST113166,M_MER100442,shops_at
A_CUST113166,L_Uttar Pradesh,located_in
A_CUST113166,M_MER100274,shops_at
A_CUST113180,C_CARD517081,uses_card
A_CUST113180,M_MER100335,shops_at
A_CUST113180,L_Odisha,located_in
A_CUST113181,C_CARD517082,uses_card
A_CUST113181,M_MER100387,shops_at
A_CUST113181,L_Punjab,located_in
A_CUST113182,C_CARD517084,uses_card
A_CUST113182,M_MER100491,shops_at
A_CUST113182,L_Odisha,located_in
A_CUST113183,C_CARD517085,uses_card
A_CUST113183,M_MER100138,shops_at
A_CUST113183,L_Kerala,located_in
A_CUST113189,C_CARD517092,uses_card
A_CUST113189,M_MER100271,shops_at
A_CUST113189,L_Odisha,located_in
A_CUST113196,C_CARD517101,uses_card
A_CUST113196,M_MER100040,shops_at
A_CUST113196,L_Tamil Nadu,located_in
A_CUST113196,C_CARD517102,uses_card
A_CUST113196,M_MER100358,shops_at
A_CUST113196,M_MER100092,shops_at
A_CUST113196,M_MER100490,shops_at
A_CUST113200,C_CARD517110,uses_card
A_CUST113200,M_MER100069,shops_at
A_CUST113200,L_Uttar Pradesh,located_in
A_CUST113200,C_CARD517109,uses_card
A_CUST113200,M_MER100353,shops_at
A_CUST113208,C_CARD517119,uses_card
A_CUST113208,M_MER100425,shops_at
A_CUST113208,L_Haryana,located_in
A_CUST113211,C_CARD517123,uses_card
A_CUST113211,M_MER100086,shops_at
A_CUST113211,L_Haryana,located_in
A_CUST113216,C_CARD517130,uses_card
A_CUST113216,M_MER100380,shops_at
A_CUST113216,L_Madhya Pradesh,located_in
A_CUST113221,C_CARD517137,uses_card
A_CUST113221,M_MER100434,shops_at
A_CUST113221,L_Rajasthan,located_in
A_CUST113224,C_CARD517142,uses_card
A_CUST113224,M_MER100445,shops_at
A_CUST113224,L_Kerala,located_in
A_CUST113224,C_CARD517141,uses_card
A_CUST113224,M_MER100175,shops_at
A_CUST113226,C_CARD517146,uses_card
A_CUST113226,M_MER100254,shops_at
A_CUST113226,L_Odisha,located_in
A_CUST113237,C_CARD517161,uses_card
A_CUST113237,M_MER100438,shops_at
A_CUST113237,L_Bihar,located_in
A_CUST113237,M_MER100489,shops_at
A_CUST113238,C_CARD517162,uses_card
A_CUST113238,M_MER100475,shops_at
A_CUST113238,L_Odisha,located_in
A_CUST113238,M_MER100059,shops_at
A_CUST113238,C_CARD517163,uses_card
A_CUST113238,M_MER100162,shops_at
A_CUST113246,C_CARD517174,uses_card
A_CUST113246,M_MER100237,shops_at
A_CUST113246,L_Uttar Pradesh,located_in
A_CUST113248,C_CARD517176,uses_card
A_CUST113248,M_MER100339,shops_at
A_CUST113248,L_Uttar Pradesh,located_in
A_CUST113248,C_CARD517177,uses_card
A_CUST113248,M_MER100352,shops_at
A_CUST113248,M_MER100191,shops_at
A_CUST113248,M_MER100251,shops_at
A_CUST113249,C_CARD517178,uses_card
A_CUST113249,M_MER100315,shops_at
A_CUST113249,L_Rajasthan,located_in
A_CUST113250,C_CARD517182,uses_card
A_CUST113250,M_MER100022,shops_at
A_CUST113250,L_Kerala,located_in
A_CUST113251,C_CARD517183,uses_card
A_CUST113251,M_MER100495,shops_at
A_CUST113251,L_Gujarat,located_in
A_CUST113252,C_CARD517184,uses_card
A_CUST113252,M_MER100140,shops_at
A_CUST113252,L_Kerala,located_in
A_CUST113254,C_CARD517186,uses_card
A_CUST113254,M_MER100495,shops_at
A_CUST113254,L_Uttar Pradesh,located_in
A_CUST113256,C_CARD517188,uses_card
A_CUST113256,M_MER100046,shops_at
A_CUST113256,L_Karnataka,located_in
A_CUST113257,C_CARD517189,uses_card
A_CUST113257,M_MER100323,shops_at
A_CUST113257,L_Rajasthan,located_in
A_CUST113260,C_CARD517192,uses_card
A_CUST113260,M_MER100360,shops_at
A_CUST113260,L_Karnataka,located_in
A_CUST113260,M_MER100400,shops_at
A_CUST113265,C_CARD517199,uses_card
A_CUST113265,M_MER100423,shops_at
A_CUST113265,L_Haryana,located_in
A_CUST113265,C_CARD517198,uses_card
A_CUST113265,M_MER100291,shops_at
A_CUST113265,M_MER100151,shops_at
A_CUST113266,C_CARD517200,uses_card
A_CUST113266,M_MER100282,shops_at
A_CUST113266,L_Rajasthan,located_in
A_CUST113268,C_CARD517202,uses_card
A_CUST113268,M_MER100003,shops_at
A_CUST113268,L_Gujarat,located_in
A_CUST113274,C_CARD517211,uses_card
A_CUST113274,M_MER100014,shops_at
A_CUST113274,L_Bihar,located_in
A_CUST113274,C_CARD517210,uses_card
A_CUST113274,M_MER100358,shops_at
A_CUST113278,C_CARD517216,uses_card
A_CUST113278,M_MER100142,shops_at
A_CUST113278,L_Assam,located_in
A_CUST113278,M_MER100381,shops_at
A_CUST113281,C_CARD517220,uses_card
A_CUST113281,M_MER100479,shops_at
A_CUST113281,L_Gujarat,located_in
A_CUST113281,M_MER100263,shops_at
A_CUST113282,C_CARD517222,uses_card
A_CUST113282,M_MER100059,shops_at
A_CUST113282,L_Assam,located_in
A_CUST113284,C_CARD517225,uses_card
A_CUST113284,M_MER100444,shops_at
A_CUST113284,L_Rajasthan,located_in
A_CUST113286,C_CARD517228,uses_card
A_CUST113286,M_MER100476,shops_at
A_CUST113286,L_Tamil Nadu,located_in
A_CUST113288,C_CARD517231,uses_card
A_CUST113288,M_MER100235,shops_at
A_CUST113288,L_Tamil Nadu,located_in
A_CUST113289,C_CARD517232,uses_card
A_CUST113289,M_MER100496,shops_at
A_CUST113289,L_Maharashtra,located_in
A_CUST113300,C_CARD517244,uses_card
A_CUST113300,M_MER100301,shops_at
A_CUST113300,L_Rajasthan,located_in
A_CUST113303,C_CARD517247,uses_card
A_CUST113303,M_MER100140,shops_at
A_CUST113303,L_Madhya Pradesh,located_in
A_CUST113303,M_MER100235,shops_at
A_CUST113303,M_MER100181,shops_at
A_CUST113304,C_CARD517250,uses_card
A_CUST113304,M_MER100444,shops_at
A_CUST113304,L_Haryana,located_in
A_CUST113307,C_CARD517254,uses_card
A_CUST113307,M_MER100458,shops_at
A_CUST113307,L_Madhya Pradesh,located_in
A_CUST113308,C_CARD517256,uses_card
A_CUST113308,M_MER100046,shops_at
A_CUST113308,L_West Bengal,located_in
A_CUST113308,C_CARD517257,uses_card
A_CUST113308,M_MER100469,shops_at
A_CUST113308,M_MER100065,shops_at
A_CUST113310,C_CARD517259,uses_card
A_CUST113310,M_MER100405,shops_at
A_CUST113310,L_Assam,located_in
A_CUST113311,C_CARD517260,uses_card
A_CUST113311,M_MER100359,shops_at
A_CUST113311,L_Telangana,located_in
A_CUST113312,C_CARD517265,uses_card
A_CUST113312,M_MER100102,shops_at
A_CUST113312,L_Tamil Nadu,located_in
A_CUST113312,C_CARD517264,uses_card
A_CUST113312,M_MER100107,shops_at
A_CUST113313,C_CARD517266,uses_card
A_CUST113313,M_MER100255,shops_at
A_CUST113313,L_West Bengal,located_in
A_CUST113318,C_CARD517273,uses_card
A_CUST113318,M_MER100005,shops_at
A_CUST113318,L_Odisha,located_in
A_CUST113326,C_CARD517283,uses_card
A_CUST113326,M_MER100047,shops_at
A_CUST113326,L_Tamil Nadu,located_in
A_CUST113326,C_CARD517282,uses_card
A_CUST113326,M_MER100411,shops_at
A_CUST113326,M_MER100004,shops_at
A_CUST113328,C_CARD517285,uses_card
A_CUST113328,M_MER100003,shops_at
A_CUST113328,L_Maharashtra,located_in
A_CUST113333,C_CARD517290,uses_card
A_CUST113333,M_MER100004,shops_at
A_CUST113333,L_Kerala,located_in
A_CUST113333,M_MER100262,shops_at
A_CUST113333,M_MER100109,shops_at
A_CUST113335,C_CARD517294,uses_card
A_CUST113335,M_MER100418,shops_at
A_CUST113335,L_Gujarat,located_in
A_CUST113335,M_MER100185,shops_at
A_CUST113338,C_CARD517299,uses_card
A_CUST113338,M_MER100380,shops_at
A_CUST113338,L_Bihar,located_in
A_CUST113339,C_CARD517302,uses_card
A_CUST113339,M_MER100149,shops_at
A_CUST113339,L_Uttar Pradesh,located_in
A_CUST113339,M_MER100333,shops_at
A_CUST113347,C_CARD517310,uses_card
A_CUST113347,M_MER100055,shops_at
A_CUST113347,L_Karnataka,located_in
A_CUST113348,C_CARD517311,uses_card
A_CUST113348,M_MER100351,shops_at
A_CUST113348,L_Madhya Pradesh,located_in
A_CUST113349,C_CARD517312,uses_card
A_CUST113349,M_MER100025,shops_at
A_CUST113349,L_West Bengal,located_in
A_CUST113349,M_MER100173,shops_at
A_CUST113350,C_CARD517314,uses_card
A_CUST113350,M_MER100226,shops_at
A_CUST113350,L_Kerala,located_in
A_CUST113350,C_CARD517315,uses_card
A_CUST113350,M_MER100062,shops_at
A_CUST113350,M_MER100209,shops_at
A_CUST113355,C_CARD517324,uses_card
A_CUST113355,M_MER100304,shops_at
A_CUST113355,L_Assam,located_in
A_CUST113355,M_MER100314,shops_at
A_CUST113355,M_MER100280,shops_at
A_CUST113357,C_CARD517327,uses_card
A_CUST113357,M_MER100404,shops_at
A_CUST113357,L_Telangana,located_in
A_CUST113363,C_CARD517334,uses_card
A_CUST113363,M_MER100060,shops_at
A_CUST113363,L_Assam,located_in
A_CUST113364,C_CARD517336,uses_card
A_CUST113364,M_MER100114,shops_at
A_CUST113364,L_Gujarat,located_in
A_CUST113364,C_CARD517335,uses_card
A_CUST113364,M_MER100087,shops_at
A_CUST113365,C_CARD517337,uses_card
A_CUST113365,M_MER100381,shops_at
A_CUST113365,L_Haryana,located_in
A_CUST113365,M_MER100177,shops_at
A_CUST113366,C_CARD517339,uses_card
A_CUST113366,M_MER100250,shops_at
A_CUST113366,L_West Bengal,located_in
A_CUST113367,C_CARD517341,uses_card
A_CUST113367,M_MER100008,shops_at
A_CUST113367,L_Bihar,located_in
A_CUST113367,C_CARD517340,uses_card
A_CUST113367,M_MER100345,shops_at
A_CUST113375,C_CARD517350,uses_card
A_CUST113375,M_MER100481,shops_at
A_CUST113375,L_Maharashtra,located_in
A_CUST113375,C_CARD517351,uses_card
A_CUST113375,M_MER100027,shops_at
A_CUST113380,C_CARD517357,uses_card
A_CUST113380,M_MER100363,shops_at
A_CUST113380,L_Maharashtra,located_in
A_CUST113388,C_CARD517366,uses_card
A_CUST113388,M_MER100369,shops_at
A_CUST113388,L_Tamil Nadu,located_in
A_CUST113388,C_CARD517365,uses_card
A_CUST113388,M_MER100131,shops_at
A_CUST113394,C_CARD517373,uses_card
A_CUST113394,M_MER100079,shops_at
A_CUST113394,L_Madhya Pradesh,located_in
A_CUST113398,C_CARD517378,uses_card
A_CUST113398,M_MER100070,shops_at
A_CUST113398,L_Madhya Pradesh,located_in
A_CUST113401,C_CARD517381,uses_card
A_CUST113401,M_MER100075,shops_at
A_CUST113401,L_Maharashtra,located_in
A_CUST113403,C_CARD517384,uses_card
A_CUST113403,M_MER100054,shops_at
A_CUST113403,L_Uttar Pradesh,located_in
A_CUST113403,C_CARD517385,uses_card
A_CUST113403,M_MER100254,shops_at
A_CUST113405,C_CARD517389,uses_card
A_CUST113405,M_MER100234,shops_at
A_CUST113405,L_Karnataka,located_in
A_CUST113410,C_CARD517394,uses_card
A_CUST113410,M_MER100358,shops_at
A_CUST113410,L_Tamil Nadu,located_in
A_CUST113412,C_CARD517396,uses_card
A_CUST113412,M_MER100479,shops_at
A_CUST113412,L_Madhya Pradesh,located_in
A_CUST113415,C_CARD517400,uses_card
A_CUST113415,M_MER100189,shops_at
A_CUST113415,L_Bihar,located_in
A_CUST113422,C_CARD517408,uses_card
A_CUST113422,M_MER100453,shops_at
A_CUST113422,L_Uttar Pradesh,located_in
A_CUST113427,C_CARD517414,uses_card
A_CUST113427,M_MER100288,shops_at
A_CUST113427,L_West Bengal,located_in
A_CUST113431,C_CARD517419,uses_card
A_CUST113431,M_MER100397,shops_at
A_CUST113431,L_Madhya Pradesh,located_in
A_CUST113435,C_CARD517423,uses_card
A_CUST113435,M_MER100086,shops_at
A_CUST113435,L_Gujarat,located_in
A_CUST113435,C_CARD517424,uses_card
A_CUST113435,M_MER100347,shops_at
A_CUST113442,C_CARD517433,uses_card
A_CUST113442,M_MER100286,shops_at
A_CUST113442,L_Assam,located_in
A_CUST113442,C_CARD517432,uses_card
A_CUST113442,M_MER100440,shops_at
A_CUST113443,C_CARD517435,uses_card
A_CUST113443,M_MER100397,shops_at
A_CUST113443,L_Uttar Pradesh,located_in
A_CUST113450,C_CARD517442,uses_card
A_CUST113450,M_MER100358,shops_at
A_CUST113450,L_Maharashtra,located_in
A_CUST113454,C_CARD517448,uses_card
A_CUST113454,M_MER100057,shops_at
A_CUST113454,L_Bihar,located_in
A_CUST113461,C_CARD517456,uses_card
A_CUST113461,M_MER100033,shops_at
A_CUST113461,L_Kerala,located_in
A_CUST113467,C_CARD517464,uses_card
A_CUST113467,M_MER100303,shops_at
A_CUST113467,L_Telangana,located_in
A_CUST113471,C_CARD517468,uses_card
A_CUST113471,M_MER100040,shops_at
A_CUST113471,L_Maharashtra,located_in
A_CUST113473,C_CARD517470,uses_card
A_CUST113473,M_MER100298,shops_at
A_CUST113473,L_Bihar,located_in
A_CUST113473,M_MER100492,shops_at
A_CUST113473,M_MER100183,shops_at
A_CUST113475,C_CARD517474,uses_card
A_CUST113475,M_MER100196,shops_at
A_CUST113475,L_Bihar,located_in
A_CUST113475,M_MER100294,shops_at
A_CUST113484,C_CARD517484,uses_card
A_CUST113484,M_MER100224,shops_at
A_CUST113484,L_Punjab,located_in
A_CUST113487,C_CARD517488,uses_card
A_CUST113487,M_MER100455,shops_at
A_CUST113487,L_Karnataka,located_in
A_CUST113488,C_CARD517489,uses_card
A_CUST113488,M_MER100286,shops_at
A_CUST113488,L_Karnataka,located_in
A_CUST113488,C_CARD517490,uses_card
A_CUST113488,M_MER100225,shops_at
A_CUST113488,M_MER100007,shops_at
A_CUST113488,M_MER100187,shops_at
A_CUST113488,M_MER100372,shops_at
A_CUST113489,C_CARD517491,uses_card
A_CUST113489,M_MER100328,shops_at
A_CUST113489,L_Telangana,located_in
A_CUST113490,C_CARD517494,uses_card
A_CUST113490,M_MER100047,shops_at
A_CUST113490,L_Maharashtra,located_in
A_CUST113490,C_CARD517493,uses_card
A_CUST113490,M_MER100149,shops_at
A_CUST113499,C_CARD517506,uses_card
A_CUST113499,M_MER100031,shops_at
A_CUST113499,L_Madhya Pradesh,located_in
A_CUST113510,C_CARD517521,uses_card
A_CUST113510,M_MER100431,shops_at
A_CUST113510,L_Tamil Nadu,located_in
A_CUST113518,C_CARD517531,uses_card
A_CUST113518,M_MER100047,shops_at
A_CUST113518,L_Haryana,located_in
A_CUST113525,C_CARD517540,uses_card
A_CUST113525,M_MER100236,shops_at
A_CUST113525,L_Odisha,located_in
A_CUST113525,M_MER100301,shops_at
A_CUST113525,C_CARD517539,uses_card
A_CUST113525,M_MER100173,shops_at
A_CUST113529,C_CARD517547,uses_card
A_CUST113529,M_MER100143,shops_at
A_CUST113529,L_Haryana,located_in
A_CUST113529,C_CARD517546,uses_card
A_CUST113529,M_MER100448,shops_at
A_CUST113529,C_CARD517548,uses_card
A_CUST113529,M_MER100030,shops_at
A_CUST113529,M_MER100234,shops_at
A_CUST113537,C_CARD517558,uses_card
A_CUST113537,M_MER100092,shops_at
A_CUST113537,L_Rajasthan,located_in
A_CUST113539,C_CARD517560,uses_card
A_CUST113539,M_MER100405,shops_at
A_CUST113539,L_Assam,located_in
A_CUST113542,C_CARD517564,uses_card
A_CUST113542,M_MER100443,shops_at
A_CUST113542,L_Telangana,located_in
A_CUST113543,C_CARD517565,uses_card
A_CUST113543,M_MER100234,shops_at
A_CUST113543,L_Rajasthan,located_in
A_CUST113546,C_CARD517569,uses_card
A_CUST113546,M_MER100239,shops_at
A_CUST113546,L_Kerala,located_in
A_CUST113546,M_MER100347,shops_at
A_CUST113547,C_CARD517571,uses_card
A_CUST113547,M_MER100047,shops_at
A_CUST113547,L_Madhya Pradesh,located_in
A_CUST113547,C_CARD517572,uses_card
A_CUST113547,M_MER100089,shops_at
A_CUST113554,C_CARD517580,uses_card
A_CUST113554,M_MER100249,shops_at
A_CUST113554,L_Odisha,located_in
A_CUST113561,C_CARD517588,uses_card
A_CUST113561,M_MER100059,shops_at
A_CUST113561,L_Rajasthan,located_in
A_CUST113566,C_CARD517594,uses_card
A_CUST113566,M_MER100084,shops_at
A_CUST113566,L_Tamil Nadu,located_in
A_CUST113574,C_CARD517604,uses_card
A_CUST113574,M_MER100089,shops_at
A_CUST113574,L_Haryana,located_in
A_CUST113576,C_CARD517606,uses_card
A_CUST113576,M_MER100322,shops_at
A_CUST113576,L_Odisha,located_in
A_CUST113576,M_MER100254,shops_at
A_CUST113580,C_CARD517615,uses_card
A_CUST113580,M_MER100391,shops_at
A_CUST113580,L_Gujarat,located_in
A_CUST113581,C_CARD517616,uses_card
A_CUST113581,M_MER100237,shops_at
A_CUST113581,L_Uttar Pradesh,located_in
A_CUST113581,C_CARD517617,uses_card
A_CUST113581,M_MER100398,shops_at
A_CUST113581,M_MER100089,shops_at
A_CUST113581,M_MER100431,shops_at
A_CUST113581,M_MER100013,shops_at
A_CUST113583,C_CARD517619,uses_card
A_CUST113583,M_MER100332,shops_at
A_CUST113583,L_West Bengal,located_in
A_CUST113583,M_MER100174,shops_at
A_CUST113584,C_CARD517621,uses_card
A_CUST113584,M_MER100235,shops_at
A_CUST113584,L_Karnataka,located_in
A_CUST113584,C_CARD517620,uses_card
A_CUST113584,M_MER100347,shops_at
A_CUST113584,M_MER100036,shops_at
A_CUST113584,M_MER100375,shops_at
A_CUST113586,C_CARD517623,uses_card
A_CUST113586,M_MER100464,shops_at
A_CUST113586,L_Karnataka,located_in
A_CUST113587,C_CARD517626,uses_card
A_CUST113587,M_MER100179,shops_at
A_CUST113587,L_West Bengal,located_in
A_CUST113588,C_CARD517627,uses_card
A_CUST113588,M_MER100199,shops_at
A_CUST113588,L_Rajasthan,located_in
A_CUST113588,C_CARD517629,uses_card
A_CUST113588,M_MER100067,shops_at
A_CUST113598,C_CARD517641,uses_card
A_CUST113598,M_MER100226,shops_at
A_CUST113598,L_Rajasthan,located_in
A_CUST113606,C_CARD517650,uses_card
A_CUST113606,M_MER100292,shops_at
A_CUST113606,L_West Bengal,located_in
A_CUST113613,C_CARD517657,uses_card
A_CUST113613,M_MER100367,shops_at
A_CUST113613,L_Odisha,located_in
A_CUST113613,C_CARD517658,uses_card
A_CUST113613,M_MER100380,shops_at
A_CUST113613,M_MER100092,shops_at
A_CUST113615,C_CARD517663,uses_card
A_CUST113615,M_MER100365,shops_at
A_CUST113615,L_Kerala,located_in
A_CUST113615,M_MER100495,shops_at
A_CUST113618,C_CARD517668,uses_card
A_CUST113618,M_MER100092,shops_at
A_CUST113618,L_Odisha,located_in
A_CUST113620,C_CARD517671,uses_card
A_CUST113620,M_MER100080,shops_at
A_CUST113620,L_Odisha,located_in
A_CUST113620,C_CARD517670,uses_card
A_CUST113620,M_MER100106,shops_at
A_CUST113620,M_MER100358,shops_at
A_CUST113620,M_MER100379,shops_at
A_CUST113625,C_CARD517677,uses_card
A_CUST113625,M_MER100479,shops_at
A_CUST113625,L_Rajasthan,located_in
A_CUST113625,M_MER100378,shops_at
A_CUST113631,C_CARD517685,uses_card
A_CUST113631,M_MER100092,shops_at
A_CUST113631,L_Maharashtra,located_in
A_CUST113632,C_CARD517686,uses_card
A_CUST113632,M_MER100040,shops_at
A_CUST113632,L_Maharashtra,located_in
A_CUST113638,C_CARD517692,uses_card
A_CUST113638,M_MER100290,shops_at
A_CUST113638,L_Telangana,located_in
A_CUST113643,C_CARD517697,uses_card
A_CUST113643,M_MER100469,shops_at
A_CUST113643,L_Maharashtra,located_in
A_CUST113644,C_CARD517700,uses_card
A_CUST113644,M_MER100417,shops_at
A_CUST113644,L_Uttar Pradesh,located_in
A_CUST113649,C_CARD517706,uses_card
A_CUST113649,M_MER100191,shops_at
A_CUST113649,L_Karnataka,located_in
A_CUST113652,C_CARD517710,uses_card
A_CUST113652,M_MER100252,shops_at
A_CUST113652,L_Odisha,located_in
A_CUST113654,C_CARD517712,uses_card
A_CUST113654,M_MER100131,shops_at
A_CUST113654,L_Rajasthan,located_in
A_CUST113654,M_MER100380,shops_at
A_CUST113654,M_MER100360,shops_at
A_CUST113656,C_CARD517717,uses_card
A_CUST113656,M_MER100280,shops_at
A_CUST113656,L_Madhya Pradesh,located_in
A_CUST113658,C_CARD517719,uses_card
A_CUST113658,M_MER100116,shops_at
A_CUST113658,L_Maharashtra,located_in
A_CUST113659,C_CARD517721,uses_card
A_CUST113659,M_MER100278,shops_at
A_CUST113659,L_Assam,located_in
A_CUST113661,C_CARD517724,uses_card
A_CUST113661,M_MER100196,shops_at
A_CUST113661,L_West Bengal,located_in
A_CUST113661,C_CARD517725,uses_card
A_CUST113661,M_MER100068,shops_at
A_CUST113664,C_CARD517729,uses_card
A_CUST113664,M_MER100092,shops_at
A_CUST113664,L_Punjab,located_in
A_CUST113664,M_MER100141,shops_at
A_CUST113665,C_CARD517732,uses_card
A_CUST113665,M_MER100138,shops_at
A_CUST113665,L_Haryana,located_in
A_CUST113665,C_CARD517731,uses_card
A_CUST113665,M_MER100264,shops_at
A_CUST113665,M_MER100295,shops_at
A_CUST113670,C_CARD517737,uses_card
A_CUST113670,M_MER100021,shops_at
A_CUST113670,L_Rajasthan,located_in
A_CUST113673,C_CARD517741,uses_card
A_CUST113673,M_MER100440,shops_at
A_CUST113673,L_Telangana,located_in
A_CUST113676,C_CARD517746,uses_card
A_CUST113676,M_MER100287,shops_at
A_CUST113676,L_Tamil Nadu,located_in
A_CUST113676,M_MER100142,shops_at
A_CUST113682,C_CARD517754,uses_card
A_CUST113682,M_MER100152,shops_at
A_CUST113682,L_Maharashtra,located_in
A_CUST113689,C_CARD517762,uses_card
A_CUST113689,M_MER100355,shops_at
A_CUST113689,L_Assam,located_in
A_CUST113692,C_CARD517765,uses_card
A_CUST113692,M_MER100269,shops_at
A_CUST113692,L_Telangana,located_in
A_CUST113692,M_MER100397,shops_at
A_CUST113692,C_CARD517766,uses_card
A_CUST113692,M_MER100455,shops_at
A_CUST113696,C_CARD517772,uses_card
A_CUST113696,M_MER100255,shops_at
A_CUST113696,L_Karnataka,located_in
A_CUST113697,C_CARD517773,uses_card
A_CUST113697,M_MER100493,shops_at
A_CUST113697,L_Tamil Nadu,located_in
A_CUST113700,C_CARD517776,uses_card
A_CUST113700,M_MER100196,shops_at
A_CUST113700,L_Gujarat,located_in
A_CUST113704,C_CARD517784,uses_card
A_CUST113704,M_MER100145,shops_at
A_CUST113704,L_Odisha,located_in
A_CUST113704,C_CARD517783,uses_card
A_CUST113704,M_MER100146,shops_at
A_CUST113704,M_MER100258,shops_at
A_CUST113709,C_CARD517791,uses_card
A_CUST113709,M_MER100439,shops_at
A_CUST113709,L_Haryana,located_in
A_CUST113714,C_CARD517796,uses_card
A_CUST113714,M_MER100058,shops_at
A_CUST113714,L_Madhya Pradesh,located_in
A_CUST113724,C_CARD517808,uses_card
A_CUST113724,M_MER100015,shops_at
A_CUST113724,L_Madhya Pradesh,located_in
A_CUST113725,C_CARD517809,uses_card
A_CUST113725,M_MER100004,shops_at
A_CUST113725,L_Tamil Nadu,located_in
A_CUST113727,C_CARD517812,uses_card
A_CUST113727,M_MER100472,shops_at
A_CUST113727,L_Telangana,located_in
A_CUST113732,C_CARD517817,uses_card
A_CUST113732,M_MER100271,shops_at
A_CUST113732,L_Karnataka,located_in
A_CUST113733,C_CARD517819,uses_card
A_CUST113733,M_MER100300,shops_at
A_CUST113733,L_Madhya Pradesh,located_in
A_CUST113735,C_CARD517822,uses_card
A_CUST113735,M_MER100199,shops_at
A_CUST113735,L_Punjab,located_in
A_CUST113736,C_CARD517823,uses_card
A_CUST113736,M_MER100112,shops_at
A_CUST113736,L_Kerala,located_in
A_CUST113737,C_CARD517824,uses_card
A_CUST113737,M_MER100294,shops_at
A_CUST113737,L_Bihar,located_in
A_CUST113737,M_MER100132,shops_at
A_CUST113737,M_MER100135,shops_at
A_CUST113740,C_CARD517830,uses_card
A_CUST113740,M_MER100453,shops_at
A_CUST113740,L_Kerala,located_in
A_CUST113740,C_CARD517829,uses_card
A_CUST113740,M_MER100266,shops_at
A_CUST113743,C_CARD517834,uses_card
A_CUST113743,M_MER100179,shops_at
A_CUST113743,L_Gujarat,located_in
A_CUST113750,C_CARD517843,uses_card
A_CUST113750,M_MER100291,shops_at
A_CUST113750,L_Assam,located_in
A_CUST113750,M_MER100495,shops_at
A_CUST113755,C_CARD517850,uses_card
A_CUST113755,M_MER100358,shops_at
A_CUST113755,L_Telangana,located_in
A_CUST113755,M_MER100274,shops_at
A_CUST113755,M_MER100244,shops_at
A_CUST113755,M_MER100341,shops_at
A_CUST113770,C_CARD517868,uses_card
A_CUST113770,M_MER100127,shops_at
A_CUST113770,L_Odisha,located_in
A_CUST113773,C_CARD517873,uses_card
A_CUST113773,M_MER100394,shops_at
A_CUST113773,L_Punjab,located_in
A_CUST113773,C_CARD517872,uses_card
A_CUST113773,M_MER100047,shops_at
A_CUST113786,C_CARD517890,uses_card
A_CUST113786,M_MER100253,shops_at
A_CUST113786,L_Maharashtra,located_in
A_CUST113786,M_MER100213,shops_at
A_CUST113789,C_CARD517896,uses_card
A_CUST113789,M_MER100416,shops_at
A_CUST113789,L_Tamil Nadu,located_in
A_CUST113789,M_MER100047,shops_at
A_CUST113789,C_CARD517895,uses_card
A_CUST113789,M_MER100337,shops_at
A_CUST113789,M_MER100022,shops_at
A_CUST113793,C_CARD517900,uses_card
A_CUST113793,M_MER100495,shops_at
A_CUST113793,L_Kerala,located_in
A_CUST113797,C_CARD517907,uses_card
A_CUST113797,M_MER100181,shops_at
A_CUST113797,L_Haryana,located_in
A_CUST113800,C_CARD517911,uses_card
A_CUST113800,M_MER100146,shops_at
A_CUST113800,L_Punjab,located_in
A_CUST113801,C_CARD517913,uses_card
A_CUST113801,M_MER100159,shops_at
A_CUST113801,L_Karnataka,located_in
A_CUST113805,C_CARD517919,uses_card
A_CUST113805,M_MER100352,shops_at
A_CUST113805,L_West Bengal,located_in
A_CUST113805,C_CARD517921,uses_card
A_CUST113805,M_MER100077,shops_at
A_CUST113805,C_CARD517920,uses_card
A_CUST113805,M_MER100093,shops_at
A_CUST113805,M_MER100030,shops_at
A_CUST113805,M_MER100180,shops_at
A_CUST113811,C_CARD517931,uses_card
A_CUST113811,M_MER100141,shops_at
A_CUST113811,L_Uttar Pradesh,located_in
A_CUST113811,M_MER100227,shops_at
A_CUST113811,M_MER100369,shops_at
A_CUST113813,C_CARD517933,uses_card
A_CUST113813,M_MER100449,shops_at
A_CUST113813,L_Kerala,located_in
A_CUST113815,C_CARD517937,uses_card
A_CUST113815,M_MER100254,shops_at
A_CUST113815,L_Maharashtra,located_in
A_CUST113815,M_MER100179,shops_at
A_CUST113815,C_CARD517936,uses_card
A_CUST113815,M_MER100493,shops_at
A_CUST113825,C_CARD517948,uses_card
A_CUST113825,M_MER100442,shops_at
A_CUST113825,L_Bihar,located_in
A_CUST113828,C_CARD517951,uses_card
A_CUST113828,M_MER100459,shops_at
A_CUST113828,L_West Bengal,located_in
A_CUST113834,C_CARD517958,uses_card
A_CUST113834,M_MER100299,shops_at
A_CUST113834,L_Odisha,located_in
A_CUST113835,C_CARD517961,uses_card
A_CUST113835,M_MER100152,shops_at
A_CUST113835,L_Odisha,located_in
A_CUST113835,C_CARD517960,uses_card
A_CUST113835,M_MER100441,shops_at
A_CUST113838,C_CARD517966,uses_card
A_CUST113838,M_MER100428,shops_at
A_CUST113838,L_Maharashtra,located_in
A_CUST113838,M_MER100475,shops_at
A_CUST113838,M_MER100132,shops_at
A_CUST113842,C_CARD517970,uses_card
A_CUST113842,M_MER100227,shops_at
A_CUST113842,L_Odisha,located_in
A_CUST113842,M_MER100002,shops_at
A_CUST113847,C_CARD517976,uses_card
A_CUST113847,M_MER100199,shops_at
A_CUST113847,L_Kerala,located_in
A_CUST113848,C_CARD517978,uses_card
A_CUST113848,M_MER100222,shops_at
A_CUST113848,L_Tamil Nadu,located_in
A_CUST113849,C_CARD517981,uses_card
A_CUST113849,M_MER100140,shops_at
A_CUST113849,L_Gujarat,located_in
A_CUST113852,C_CARD517985,uses_card
A_CUST113852,M_MER100206,shops_at
A_CUST113852,L_Tamil Nadu,located_in
A_CUST113852,M_MER100445,shops_at
A_CUST113852,M_MER100333,shops_at
A_CUST113852,C_CARD517984,uses_card
A_CUST113852,M_MER100063,shops_at
A_CUST113852,M_MER100443,shops_at
A_CUST113857,C_CARD517990,uses_card
A_CUST113857,M_MER100014,shops_at
A_CUST113857,L_Karnataka,located_in
A_CUST113857,M_MER100206,shops_at
A_CUST113858,C_CARD517992,uses_card
A_CUST113858,M_MER100179,shops_at
A_CUST113858,L_Gujarat,located_in
A_CUST113858,M_MER100181,shops_at
A_CUST113858,M_MER100245,shops_at
A_CUST113858,M_MER100339,shops_at
A_CUST113858,M_MER100072,shops_at
A_CUST113858,M_MER100421,shops_at
A_CUST113858,M_MER100068,shops_at
A_CUST113859,C_CARD517993,uses_card
A_CUST113859,M_MER100323,shops_at
A_CUST113859,L_Maharashtra,located_in
A_CUST113859,M_MER100190,shops_at
A_CUST113859,M_MER100059,shops_at
A_CUST113862,C_CARD517997,uses_card
A_CUST113862,M_MER100179,shops_at
A_CUST113862,L_Assam,located_in
A_CUST113862,C_CARD517996,uses_card
A_CUST113862,M_MER100022,shops_at
A_CUST113868,C_CARD518006,uses_card
A_CUST113868,M_MER100347,shops_at
A_CUST113868,L_Assam,located_in
A_CUST113868,M_MER100429,shops_at
A_CUST113876,C_CARD518019,uses_card
A_CUST113876,M_MER100161,shops_at
A_CUST113876,L_Telangana,located_in
A_CUST113886,C_CARD518030,uses_card
A_CUST113886,M_MER100386,shops_at
A_CUST113886,L_Kerala,located_in
A_CUST113886,M_MER100076,shops_at
A_CUST113891,C_CARD518037,uses_card
A_CUST113891,M_MER100070,shops_at
A_CUST113891,L_Karnataka,located_in
A_CUST113899,C_CARD518046,uses_card
A_CUST113899,M_MER100373,shops_at
A_CUST113899,L_Tamil Nadu,located_in
A_CUST113899,C_CARD518045,uses_card
A_CUST113899,M_MER100199,shops_at
A_CUST113904,C_CARD518052,uses_card
A_CUST113904,M_MER100026,shops_at
A_CUST113904,L_Assam,located_in
A_CUST113905,C_CARD518054,uses_card
A_CUST113905,M_MER100085,shops_at
A_CUST113905,L_West Bengal,located_in
A_CUST113905,M_MER100150,shops_at
A_CUST113906,C_CARD518057,uses_card
A_CUST113906,M_MER100287,shops_at
A_CUST113906,L_Punjab,located_in
A_CUST113906,C_CARD518056,uses_card
A_CUST113906,M_MER100073,shops_at
A_CUST113908,C_CARD518060,uses_card
A_CUST113908,M_MER100193,shops_at
A_CUST113908,L_Maharashtra,located_in
A_CUST113911,C_CARD518065,uses_card
A_CUST113911,M_MER100315,shops_at
A_CUST113911,L_Bihar,located_in
A_CUST113914,C_CARD518068,uses_card
A_CUST113914,M_MER100326,shops_at
A_CUST113914,L_Tamil Nadu,located_in
A_CUST113917,C_CARD518072,uses_card
A_CUST113917,M_MER100154,shops_at
A_CUST113917,L_Madhya Pradesh,located_in
A_CUST113923,C_CARD518078,uses_card
A_CUST113923,M_MER100144,shops_at
A_CUST113923,L_Assam,located_in
A_CUST113925,C_CARD518081,uses_card
A_CUST113925,M_MER100081,shops_at
A_CUST113925,L_Telangana,located_in
A_CUST113926,C_CARD518085,uses_card
A_CUST113926,M_MER100116,shops_at
A_CUST113926,L_Rajasthan,located_in
A_CUST113926,C_CARD518083,uses_card
A_CUST113926,M_MER100039,shops_at
A_CUST113926,M_MER100156,shops_at
A_CUST113927,C_CARD518087,uses_card
A_CUST113927,M_MER100494,shops_at
A_CUST113927,L_Karnataka,located_in
A_CUST113928,C_CARD518088,uses_card
A_CUST113928,M_MER100141,shops_at
A_CUST113928,L_Kerala,located_in
A_CUST113931,C_CARD518091,uses_card
A_CUST113931,M_MER100421,shops_at
A_CUST113931,L_Haryana,located_in
A_CUST113932,C_CARD518093,uses_card
A_CUST113932,M_MER100467,shops_at
A_CUST113932,L_Odisha,located_in
A_CUST113939,C_CARD518101,uses_card
A_CUST113939,M_MER100179,shops_at
A_CUST113939,L_Haryana,located_in
A_CUST113941,C_CARD518103,uses_card
A_CUST113941,M_MER100218,shops_at
A_CUST113941,L_Kerala,located_in
A_CUST113942,C_CARD518104,uses_card
A_CUST113942,M_MER100236,shops_at
A_CUST113942,L_Punjab,located_in
A_CUST113944,C_CARD518106,uses_card
A_CUST113944,M_MER100266,shops_at
A_CUST113944,L_Rajasthan,located_in
A_CUST113944,C_CARD518107,uses_card
A_CUST113944,M_MER100150,shops_at
A_CUST113946,C_CARD518109,uses_card
A_CUST113946,M_MER100426,shops_at
A_CUST113946,L_West Bengal,located_in
A_CUST113948,C_CARD518113,uses_card
A_CUST113948,M_MER100226,shops_at
A_CUST113948,L_Uttar Pradesh,located_in
A_CUST113948,M_MER100499,shops_at
A_CUST113948,M_MER100263,shops_at
A_CUST113948,M_MER100010,shops_at
A_CUST113951,C_CARD518116,uses_card
A_CUST113951,M_MER100040,shops_at
A_CUST113951,L_Kerala,located_in
A_CUST113959,C_CARD518124,uses_card
A_CUST113959,M_MER100218,shops_at
A_CUST113959,L_Kerala,located_in
A_CUST113960,C_CARD518125,uses_card
A_CUST113960,M_MER100227,shops_at
A_CUST113960,L_Bihar,located_in
A_CUST113964,C_CARD518130,uses_card
A_CUST113964,M_MER100244,shops_at
A_CUST113964,L_Tamil Nadu,located_in
A_CUST113964,C_CARD518131,uses_card
A_CUST113964,M_MER100469,shops_at
A_CUST113977,C_CARD518149,uses_card
A_CUST113977,M_MER100116,shops_at
A_CUST113977,L_Haryana,located_in
A_CUST113979,C_CARD518151,uses_card
A_CUST113979,M_MER100183,shops_at
A_CUST113979,L_Rajasthan,located_in
A_CUST113980,C_CARD518152,uses_card
A_CUST113980,M_MER100331,shops_at
A_CUST113980,L_Odisha,located_in
A_CUST113985,C_CARD518160,uses_card
A_CUST113985,M_MER100482,shops_at
A_CUST113985,L_Odisha,located_in
A_CUST113987,C_CARD518163,uses_card
A_CUST113987,M_MER100210,shops_at
A_CUST113987,L_West Bengal,located_in
A_CUST113987,C_CARD518162,uses_card
A_CUST113987,M_MER100092,shops_at
A_CUST113990,C_CARD518166,uses_card
A_CUST113990,M_MER100367,shops_at
A_CUST113990,L_Assam,located_in
A_CUST113990,C_CARD518168,uses_card
A_CUST113990,M_MER100234,shops_at
A_CUST113991,C_CARD518169,uses_card
A_CUST113991,M_MER100175,shops_at
A_CUST113991,L_Tamil Nadu,located_in
A_CUST113992,C_CARD518170,uses_card
A_CUST113992,M_MER100411,shops_at
A_CUST113992,L_Gujarat,located_in
A_CUST113993,C_CARD518171,uses_card
A_CUST113993,M_MER100226,shops_at
A_CUST113993,L_Assam,located_in
A_CUST114002,C_CARD518183,uses_card
A_CUST114002,M_MER100415,shops_at
A_CUST114002,L_Madhya Pradesh,located_in
A_CUST114003,C_CARD518184,uses_card
A_CUST114003,M_MER100022,shops_at
A_CUST114003,L_Tamil Nadu,located_in
A_CUST114004,C_CARD518185,uses_card
A_CUST114004,M_MER100365,shops_at
A_CUST114004,L_West Bengal,located_in
A_CUST114007,C_CARD518188,uses_card
A_CUST114007,M_MER100303,shops_at
A_CUST114007,L_West Bengal,located_in
A_CUST114007,M_MER100152,shops_at
A_CUST114007,M_MER100465,shops_at
A_CUST114018,C_CARD518200,uses_card
A_CUST114018,M_MER100029,shops_at
A_CUST114018,L_Madhya Pradesh,located_in
A_CUST114019,C_CARD518201,uses_card
A_CUST114019,M_MER100079,shops_at
A_CUST114019,L_West Bengal,located_in
A_CUST114019,M_MER100198,shops_at
A_CUST114020,C_CARD518203,uses_card
A_CUST114020,M_MER100014,shops_at
A_CUST114020,L_Assam,located_in
A_CUST114029,C_CARD518214,uses_card
A_CUST114029,M_MER100030,shops_at
A_CUST114029,L_Karnataka,located_in
A_CUST114042,C_CARD518230,uses_card
A_CUST114042,M_MER100318,shops_at
A_CUST114042,L_Haryana,located_in
A_CUST114050,C_CARD518240,uses_card
A_CUST114050,M_MER100464,shops_at
A_CUST114050,L_Kerala,located_in
A_CUST114050,M_MER100323,shops_at
A_CUST114050,C_CARD518239,uses_card
A_CUST114050,M_MER100340,shops_at
A_CUST114050,M_MER100004,shops_at
A_CUST114050,C_CARD518238,uses_card
A_CUST114050,M_MER100494,shops_at
A_CUST114050,M_MER100356,shops_at
A_CUST114051,C_CARD518241,uses_card
A_CUST114051,M_MER100278,shops_at
A_CUST114051,L_Kerala,located_in
A_CUST114051,M_MER100069,shops_at
A_CUST114054,C_CARD518246,uses_card
A_CUST114054,M_MER100004,shops_at
A_CUST114054,L_Uttar Pradesh,located_in
A_CUST114056,C_CARD518249,uses_card
A_CUST114056,M_MER100178,shops_at
A_CUST114056,L_Assam,located_in
A_CUST114058,C_CARD518251,uses_card
A_CUST114058,M_MER100369,shops_at
A_CUST114058,L_Bihar,located_in
A_CUST114059,C_CARD518252,uses_card
A_CUST114059,M_MER100160,shops_at
A_CUST114059,L_Maharashtra,located_in
A_CUST114063,C_CARD518259,uses_card
A_CUST114063,M_MER100220,shops_at
A_CUST114063,L_Punjab,located_in
A_CUST114063,C_CARD518258,uses_card
A_CUST114063,M_MER100444,shops_at
A_CUST114065,C_CARD518261,uses_card
A_CUST114065,M_MER100089,shops_at
A_CUST114065,L_Tamil Nadu,located_in
A_CUST114069,C_CARD518266,uses_card
A_CUST114069,M_MER100466,shops_at
A_CUST114069,L_West Bengal,located_in
A_CUST114069,C_CARD518268,uses_card
A_CUST114069,M_MER100402,shops_at
A_CUST114072,C_CARD518272,uses_card
A_CUST114072,M_MER100172,shops_at
A_CUST114072,L_Gujarat,located_in
A_CUST114080,C_CARD518284,uses_card
A_CUST114080,M_MER100047,shops_at
A_CUST114080,L_Karnataka,located_in
A_CUST114083,C_CARD518288,uses_card
A_CUST114083,M_MER100312,shops_at
A_CUST114083,L_Kerala,located_in
A_CUST114085,C_CARD518290,uses_card
A_CUST114085,M_MER100021,shops_at
A_CUST114085,L_Maharashtra,located_in
A_CUST114091,C_CARD518297,uses_card
A_CUST114091,M_MER100202,shops_at
A_CUST114091,L_Rajasthan,located_in
A_CUST114092,C_CARD518298,uses_card
A_CUST114092,M_MER100500,shops_at
A_CUST114092,L_Gujarat,located_in
A_CUST114092,M_MER100426,shops_at
A_CUST114092,M_MER100016,shops_at
A_CUST114092,M_MER100241,shops_at
A_CUST114093,C_CARD518299,uses_card
A_CUST114093,M_MER100466,shops_at
A_CUST114093,L_Maharashtra,located_in
A_CUST114094,C_CARD518300,uses_card
A_CUST114094,M_MER100320,shops_at
A_CUST114094,L_West Bengal,located_in
A_CUST114097,C_CARD518305,uses_card
A_CUST114097,M_MER100112,shops_at
A_CUST114097,L_Kerala,located_in
A_CUST114099,C_CARD518308,uses_card
A_CUST114099,M_MER100262,shops_at
A_CUST114099,L_Gujarat,located_in
A_CUST114110,C_CARD518322,uses_card
A_CUST114110,M_MER100070,shops_at
A_CUST114110,L_Telangana,located_in
A_CUST114114,C_CARD518326,uses_card
A_CUST114114,M_MER100146,shops_at
A_CUST114114,L_Kerala,located_in
A_CUST114116,C_CARD518330,uses_card
A_CUST114116,M_MER100099,shops_at
A_CUST114116,L_Assam,located_in
A_CUST114116,C_CARD518328,uses_card
A_CUST114116,M_MER100471,shops_at
A_CUST114116,M_MER100278,shops_at
A_CUST114118,C_CARD518333,uses_card
A_CUST114118,M_MER100156,shops_at
A_CUST114118,L_Maharashtra,located_in
A_CUST114118,C_CARD518334,uses_card
A_CUST114118,M_MER100148,shops_at
A_CUST114125,C_CARD518342,uses_card
A_CUST114125,M_MER100480,shops_at
A_CUST114125,L_Maharashtra,located_in
A_CUST114127,C_CARD518345,uses_card
A_CUST114127,M_MER100169,shops_at
A_CUST114127,L_Maharashtra,located_in
A_CUST114127,C_CARD518346,uses_card
A_CUST114127,M_MER100273,shops_at
A_CUST114127,M_MER100208,shops_at
A_CUST114131,C_CARD518353,uses_card
A_CUST114131,M_MER100119,shops_at
A_CUST114131,L_Odisha,located_in
A_CUST114131,M_MER100165,shops_at
A_CUST114131,M_MER100190,shops_at
A_CUST114131,C_CARD518352,uses_card
A_CUST114131,M_MER100274,shops_at
A_CUST114131,M_MER100318,shops_at
A_CUST114136,C_CARD518360,uses_card
A_CUST114136,M_MER100152,shops_at
A_CUST114136,L_Uttar Pradesh,located_in
A_CUST114136,M_MER100430,shops_at
A_CUST114136,C_CARD518359,uses_card
A_CUST114136,M_MER100062,shops_at
A_CUST114137,C_CARD518362,uses_card
A_CUST114137,M_MER100089,shops_at
A_CUST114137,L_Karnataka,located_in
A_CUST114137,M_MER100481,shops_at
A_CUST114137,C_CARD518363,uses_card
A_CUST114137,M_MER100226,shops_at
A_CUST114140,C_CARD518367,uses_card
A_CUST114140,M_MER100115,shops_at
A_CUST114140,L_Assam,located_in
A_CUST114140,C_CARD518368,uses_card
A_CUST114140,M_MER100039,shops_at
A_CUST114140,M_MER100097,shops_at
A_CUST114140,M_MER100213,shops_at
A_CUST114140,M_MER100251,shops_at
A_CUST114150,C_CARD518379,uses_card
A_CUST114150,M_MER100017,shops_at
A_CUST114150,L_Gujarat,located_in
A_CUST114151,C_CARD518380,uses_card
A_CUST114151,M_MER100401,shops_at
A_CUST114151,L_Bihar,located_in
A_CUST114152,C_CARD518381,uses_card
A_CUST114152,M_MER100141,shops_at
A_CUST114152,L_Telangana,located_in
A_CUST114156,C_CARD518386,uses_card
A_CUST114156,M_MER100373,shops_at
A_CUST114156,L_Odisha,located_in
A_CUST114158,C_CARD518389,uses_card
A_CUST114158,M_MER100027,shops_at
A_CUST114158,L_Gujarat,located_in
A_CUST114162,C_CARD518394,uses_card
A_CUST114162,M_MER100023,shops_at
A_CUST114162,L_Odisha,located_in
A_CUST114176,C_CARD518408,uses_card
A_CUST114176,M_MER100097,shops_at
A_CUST114176,L_Kerala,located_in
A_CUST114177,C_CARD518410,uses_card
A_CUST114177,M_MER100229,shops_at
A_CUST114177,L_Odisha,located_in
A_CUST114181,C_CARD518416,uses_card
A_CUST114181,M_MER100035,shops_at
A_CUST114181,L_Rajasthan,located_in
A_CUST114187,C_CARD518423,uses_card
A_CUST114187,M_MER100245,shops_at
A_CUST114187,L_Odisha,located_in
A_CUST114189,C_CARD518426,uses_card
A_CUST114189,M_MER100359,shops_at
A_CUST114189,L_Karnataka,located_in
A_CUST114194,C_CARD518431,uses_card
A_CUST114194,M_MER100352,shops_at
A_CUST114194,L_Tamil Nadu,located_in
A_CUST114197,C_CARD518435,uses_card
A_CUST114197,M_MER100196,shops_at
A_CUST114197,L_Maharashtra,located_in
A_CUST114197,M_MER100496,shops_at
A_CUST114197,M_MER100189,shops_at
A_CUST114197,C_CARD518434,uses_card
A_CUST114197,M_MER100259,shops_at
A_CUST114200,C_CARD518438,uses_card
A_CUST114200,M_MER100150,shops_at
A_CUST114200,L_Karnataka,located_in
A_CUST114201,C_CARD518440,uses_card
A_CUST114201,M_MER100255,shops_at
A_CUST114201,L_Gujarat,located_in
A_CUST114201,M_MER100453,shops_at
A_CUST114201,M_MER100010,shops_at
A_CUST114206,C_CARD518445,uses_card
A_CUST114206,M_MER100342,shops_at
A_CUST114206,L_Maharashtra,located_in
A_CUST114209,C_CARD518449,uses_card
A_CUST114209,M_MER100114,shops_at
A_CUST114209,L_Gujarat,located_in
A_CUST114209,C_CARD518448,uses_card
A_CUST114209,M_MER100407,shops_at
A_CUST114209,M_MER100050,shops_at
A_CUST114210,C_CARD518450,uses_card
A_CUST114210,M_MER100117,shops_at
A_CUST114210,L_Rajasthan,located_in
A_CUST114210,M_MER100235,shops_at
A_CUST114215,C_CARD518455,uses_card
A_CUST114215,M_MER100313,shops_at
A_CUST114215,L_Gujarat,located_in
A_CUST114215,M_MER100405,shops_at
A_CUST114219,C_CARD518459,uses_card
A_CUST114219,M_MER100408,shops_at
A_CUST114219,L_Karnataka,located_in
A_CUST114219,C_CARD518460,uses_card
A_CUST114219,M_MER100394,shops_at
A_CUST114220,C_CARD518461,uses_card
A_CUST114220,M_MER100140,shops_at
A_CUST114220,L_Madhya Pradesh,located_in
A_CUST114220,M_MER100017,shops_at
A_CUST114220,M_MER100410,shops_at
A_CUST114220,C_CARD518462,uses_card
A_CUST114220,M_MER100305,shops_at
A_CUST114226,C_CARD518469,uses_card
A_CUST114226,M_MER100319,shops_at
A_CUST114226,L_Assam,located_in
A_CUST114232,C_CARD518479,uses_card
A_CUST114232,M_MER100068,shops_at
A_CUST114232,L_Uttar Pradesh,located_in
A_CUST114237,C_CARD518484,uses_card
A_CUST114237,M_MER100179,shops_at
A_CUST114237,L_Assam,located_in
A_CUST114238,C_CARD518485,uses_card
A_CUST114238,M_MER100236,shops_at
A_CUST114238,L_Uttar Pradesh,located_in
A_CUST114242,C_CARD518489,uses_card
A_CUST114242,M_MER100448,shops_at
A_CUST114242,L_Bihar,located_in
A_CUST114242,C_CARD518490,uses_card
A_CUST114242,M_MER100410,shops_at
A_CUST114243,C_CARD518491,uses_card
A_CUST114243,M_MER100021,shops_at
A_CUST114243,L_Gujarat,located_in
A_CUST114250,C_CARD518504,uses_card
A_CUST114250,M_MER100216,shops_at
A_CUST114250,L_Rajasthan,located_in
A_CUST114250,M_MER100247,shops_at
A_CUST114251,C_CARD518505,uses_card
A_CUST114251,M_MER100244,shops_at
A_CUST114251,L_Telangana,located_in
A_CUST114251,C_CARD518506,uses_card
A_CUST114251,M_MER100481,shops_at
A_CUST114251,M_MER100469,shops_at
A_CUST114251,M_MER100471,shops_at
A_CUST114253,C_CARD518509,uses_card
A_CUST114253,M_MER100355,shops_at
A_CUST114253,L_Haryana,located_in
A_CUST114253,M_MER100114,shops_at
A_CUST114253,M_MER100179,shops_at
A_CUST114254,C_CARD518510,uses_card
A_CUST114254,M_MER100237,shops_at
A_CUST114254,L_Tamil Nadu,located_in
A_CUST114255,C_CARD518513,uses_card
A_CUST114255,M_MER100398,shops_at
A_CUST114255,L_Telangana,located_in
A_CUST114255,M_MER100255,shops_at
A_CUST114255,C_CARD518512,uses_card
A_CUST114255,M_MER100031,shops_at
A_CUST114259,C_CARD518518,uses_card
A_CUST114259,M_MER100105,shops_at
A_CUST114259,L_Telangana,located_in
A_CUST114260,C_CARD518519,uses_card
A_CUST114260,M_MER100420,shops_at
A_CUST114260,L_Madhya Pradesh,located_in
A_CUST114260,C_CARD518520,uses_card
A_CUST114260,M_MER100271,shops_at
A_CUST114262,C_CARD518523,uses_card
A_CUST114262,M_MER100066,shops_at
A_CUST114262,L_Tamil Nadu,located_in
A_CUST114264,C_CARD518525,uses_card
A_CUST114264,M_MER100181,shops_at
A_CUST114264,L_Telangana,located_in
A_CUST114264,M_MER100318,shops_at
A_CUST114270,C_CARD518531,uses_card
A_CUST114270,M_MER100376,shops_at
A_CUST114270,L_Assam,located_in
A_CUST114276,C_CARD518538,uses_card
A_CUST114276,M_MER100181,shops_at
A_CUST114276,L_Tamil Nadu,located_in
A_CUST114276,M_MER100012,shops_at
A_CUST114283,C_CARD518547,uses_card
A_CUST114283,M_MER100059,shops_at
A_CUST114283,L_Odisha,located_in
A_CUST114285,C_CARD518549,uses_card
A_CUST114285,M_MER100252,shops_at
A_CUST114285,L_Tamil Nadu,located_in
A_CUST114286,C_CARD518551,uses_card
A_CUST114286,M_MER100087,shops_at
A_CUST114286,L_Rajasthan,located_in
A_CUST114289,C_CARD518556,uses_card
A_CUST114289,M_MER100380,shops_at
A_CUST114289,L_Tamil Nadu,located_in
A_CUST114289,M_MER100349,shops_at
A_CUST114289,M_MER100090,shops_at
A_CUST114289,M_MER100183,shops_at
A_CUST114289,M_MER100362,shops_at
A_CUST114289,M_MER100463,shops_at
A_CUST114291,C_CARD518558,uses_card
A_CUST114291,M_MER100306,shops_at
A_CUST114291,L_Maharashtra,located_in
A_CUST114293,C_CARD518560,uses_card
A_CUST114293,M_MER100281,shops_at
A_CUST114293,L_Uttar Pradesh,located_in
A_CUST114293,M_MER100264,shops_at
A_CUST114293,M_MER100330,shops_at
A_CUST114294,C_CARD518562,uses_card
A_CUST114294,M_MER100004,shops_at
A_CUST114294,L_Uttar Pradesh,located_in
A_CUST114295,C_CARD518563,uses_card
A_CUST114295,M_MER100254,shops_at
A_CUST114295,L_Kerala,located_in
A_CUST114298,C_CARD518566,uses_card
A_CUST114298,M_MER100406,shops_at
A_CUST114298,L_Assam,located_in
A_CUST114300,C_CARD518568,uses_card
A_CUST114300,M_MER100313,shops_at
A_CUST114300,L_Bihar,located_in
A_CUST114301,C_CARD518569,uses_card
A_CUST114301,M_MER100179,shops_at
A_CUST114301,L_Madhya Pradesh,located_in
A_CUST114302,C_CARD518570,uses_card
A_CUST114302,M_MER100367,shops_at
A_CUST114302,L_Karnataka,located_in
A_CUST114302,M_MER100167,shops_at
A_CUST114303,C_CARD518572,uses_card
A_CUST114303,M_MER100288,shops_at
A_CUST114303,L_Bihar,located_in
A_CUST114312,C_CARD518581,uses_card
A_CUST114312,M_MER100169,shops_at
A_CUST114312,L_Maharashtra,located_in
A_CUST114313,C_CARD518582,uses_card
A_CUST114313,M_MER100361,shops_at
A_CUST114313,L_Haryana,located_in
A_CUST114314,C_CARD518584,uses_card
A_CUST114314,M_MER100178,shops_at
A_CUST114314,L_Gujarat,located_in
A_CUST114316,C_CARD518586,uses_card
A_CUST114316,M_MER100081,shops_at
A_CUST114316,L_Gujarat,located_in
A_CUST114317,C_CARD518589,uses_card
A_CUST114317,M_MER100449,shops_at
A_CUST114317,L_Karnataka,located_in
A_CUST114318,C_CARD518590,uses_card
A_CUST114318,M_MER100490,shops_at
A_CUST114318,L_Assam,located_in
A_CUST114321,C_CARD518593,uses_card
A_CUST114321,M_MER100424,shops_at
A_CUST114321,L_Punjab,located_in
A_CUST114321,M_MER100345,shops_at
A_CUST114323,C_CARD518596,uses_card
A_CUST114323,M_MER100152,shops_at
A_CUST114323,L_Telangana,located_in
A_CUST114323,M_MER100146,shops_at
A_CUST114325,C_CARD518598,uses_card
A_CUST114325,M_MER100218,shops_at
A_CUST114325,L_Karnataka,located_in
A_CUST114326,C_CARD518600,uses_card
A_CUST114326,M_MER100493,shops_at
A_CUST114326,L_Assam,located_in
A_CUST114326,M_MER100365,shops_at
A_CUST114326,M_MER100174,shops_at
A_CUST114327,C_CARD518601,uses_card
A_CUST114327,M_MER100415,shops_at
A_CUST114327,L_Gujarat,located_in
A_CUST114331,C_CARD518606,uses_card
A_CUST114331,M_MER100296,shops_at
A_CUST114331,L_Uttar Pradesh,located_in
A_CUST114337,C_CARD518613,uses_card
A_CUST114337,M_MER100413,shops_at
A_CUST114337,L_Bihar,located_in
A_CUST114337,M_MER100347,shops_at
A_CUST114342,C_CARD518620,uses_card
A_CUST114342,M_MER100235,shops_at
A_CUST114342,L_Tamil Nadu,located_in
A_CUST114346,C_CARD518624,uses_card
A_CUST114346,M_MER100424,shops_at
A_CUST114346,L_Kerala,located_in
A_CUST114353,C_CARD518633,uses_card
A_CUST114353,M_MER100166,shops_at
A_CUST114353,L_Rajasthan,located_in
A_CUST114356,C_CARD518636,uses_card
A_CUST114356,M_MER100148,shops_at
A_CUST114356,L_Punjab,located_in
A_CUST114356,C_CARD518637,uses_card
A_CUST114356,M_MER100372,shops_at
A_CUST114356,M_MER100489,shops_at
A_CUST114362,C_CARD518645,uses_card
A_CUST114362,M_MER100319,shops_at
A_CUST114362,L_Haryana,located_in
A_CUST114365,C_CARD518649,uses_card
A_CUST114365,M_MER100071,shops_at
A_CUST114365,L_Punjab,located_in
A_CUST114366,C_CARD518652,uses_card
A_CUST114366,M_MER100034,shops_at
A_CUST114366,L_Madhya Pradesh,located_in
A_CUST114367,C_CARD518655,uses_card
A_CUST114367,M_MER100141,shops_at
A_CUST114367,L_Uttar Pradesh,located_in
A_CUST114367,M_MER100040,shops_at
A_CUST114367,M_MER100072,shops_at
A_CUST114370,C_CARD518658,uses_card
A_CUST114370,M_MER100138,shops_at
A_CUST114370,L_Madhya Pradesh,located_in
A_CUST114370,M_MER100468,shops_at
A_CUST114372,C_CARD518661,uses_card
A_CUST114372,M_MER100188,shops_at
A_CUST114372,L_Punjab,located_in
A_CUST114372,M_MER100433,shops_at
A_CUST114380,C_CARD518670,uses_card
A_CUST114380,M_MER100188,shops_at
A_CUST114380,L_Bihar,located_in
A_CUST114381,C_CARD518671,uses_card
A_CUST114381,M_MER100262,shops_at
A_CUST114381,L_Haryana,located_in
A_CUST114381,M_MER100480,shops_at
A_CUST114382,C_CARD518672,uses_card
A_CUST114382,M_MER100467,shops_at
A_CUST114382,L_Maharashtra,located_in
A_CUST114385,C_CARD518675,uses_card
A_CUST114385,M_MER100141,shops_at
A_CUST114385,L_Maharashtra,located_in
A_CUST114386,C_CARD518676,uses_card
A_CUST114386,M_MER100169,shops_at
A_CUST114386,L_Karnataka,located_in
A_CUST114388,C_CARD518679,uses_card
A_CUST114388,M_MER100138,shops_at
A_CUST114388,L_Haryana,located_in
A_CUST114389,C_CARD518680,uses_card
A_CUST114389,M_MER100443,shops_at
A_CUST114389,L_Karnataka,located_in
A_CUST114390,C_CARD518681,uses_card
A_CUST114390,M_MER100242,shops_at
A_CUST114390,L_Bihar,located_in
A_CUST114390,M_MER100310,shops_at
A_CUST114390,M_MER100048,shops_at
A_CUST114393,C_CARD518685,uses_card
A_CUST114393,M_MER100044,shops_at
A_CUST114393,L_West Bengal,located_in
A_CUST114395,C_CARD518687,uses_card
A_CUST114395,M_MER100457,shops_at
A_CUST114395,L_Rajasthan,located_in
A_CUST114399,C_CARD518694,uses_card
A_CUST114399,M_MER100487,shops_at
A_CUST114399,L_Telangana,located_in
A_CUST114399,M_MER100231,shops_at
A_CUST114399,M_MER100267,shops_at
A_CUST114402,C_CARD518697,uses_card
A_CUST114402,M_MER100369,shops_at
A_CUST114402,L_Haryana,located_in
A_CUST114407,C_CARD518703,uses_card
A_CUST114407,M_MER100109,shops_at
A_CUST114407,L_Kerala,located_in
A_CUST114407,M_MER100065,shops_at
A_CUST114407,M_MER100457,shops_at
A_CUST114407,C_CARD518702,uses_card
A_CUST114407,M_MER100272,shops_at
A_CUST114410,C_CARD518706,uses_card
A_CUST114410,M_MER100136,shops_at
A_CUST114410,L_Odisha,located_in
A_CUST114419,C_CARD518717,uses_card
A_CUST114419,M_MER100144,shops_at
A_CUST114419,L_Rajasthan,located_in
A_CUST114421,C_CARD518720,uses_card
A_CUST114421,M_MER100172,shops_at
A_CUST114421,L_Rajasthan,located_in
A_CUST114428,C_CARD518730,uses_card
A_CUST114428,M_MER100392,shops_at
A_CUST114428,L_Haryana,located_in
A_CUST114433,C_CARD518735,uses_card
A_CUST114433,M_MER100409,shops_at
A_CUST114433,L_Maharashtra,located_in
A_CUST114441,C_CARD518745,uses_card
A_CUST114441,M_MER100454,shops_at
A_CUST114441,L_Tamil Nadu,located_in
A_CUST114442,C_CARD518747,uses_card
A_CUST114442,M_MER100171,shops_at
A_CUST114442,L_Assam,located_in
A_CUST114445,C_CARD518752,uses_card
A_CUST114445,M_MER100196,shops_at
A_CUST114445,L_Madhya Pradesh,located_in
A_CUST114454,C_CARD518764,uses_card
A_CUST114454,M_MER100212,shops_at
A_CUST114454,L_Tamil Nadu,located_in
A_CUST114461,C_CARD518775,uses_card
A_CUST114461,M_MER100201,shops_at
A_CUST114461,L_Uttar Pradesh,located_in
A_CUST114465,C_CARD518779,uses_card
A_CUST114465,M_MER100439,shops_at
A_CUST114465,L_Kerala,located_in
A_CUST114465,M_MER100322,shops_at
A_CUST114469,C_CARD518785,uses_card
A_CUST114469,M_MER100492,shops_at
A_CUST114469,L_Karnataka,located_in
A_CUST114471,C_CARD518788,uses_card
A_CUST114471,M_MER100240,shops_at
A_CUST114471,L_Tamil Nadu,located_in
A_CUST114472,C_CARD518789,uses_card
A_CUST114472,M_MER100397,shops_at
A_CUST114472,L_Odisha,located_in
A_CUST114474,C_CARD518791,uses_card
A_CUST114474,M_MER100243,shops_at
A_CUST114474,L_Odisha,located_in
A_CUST114474,M_MER100141,shops_at
A_CUST114478,C_CARD518796,uses_card
A_CUST114478,M_MER100033,shops_at
A_CUST114478,L_Kerala,located_in
A_CUST114478,C_CARD518795,uses_card
A_CUST114478,M_MER100102,shops_at
A_CUST114478,M_MER100037,shops_at
A_CUST114483,C_CARD518802,uses_card
A_CUST114483,M_MER100046,shops_at
A_CUST114483,L_Uttar Pradesh,located_in
A_CUST114493,C_CARD518814,uses_card
A_CUST114493,M_MER100153,shops_at
A_CUST114493,L_Karnataka,located_in
A_CUST114496,C_CARD518818,uses_card
A_CUST114496,M_MER100290,shops_at
A_CUST114496,L_Karnataka,located_in
A_CUST114504,C_CARD518826,uses_card
A_CUST114504,M_MER100496,shops_at
A_CUST114504,L_Uttar Pradesh,located_in
A_CUST114504,M_MER100113,shops_at
A_CUST114504,M_MER100094,shops_at
A_CUST114505,C_CARD518828,uses_card
A_CUST114505,M_MER100175,shops_at
A_CUST114505,L_Karnataka,located_in
A_CUST114507,C_CARD518830,uses_card
A_CUST114507,M_MER100017,shops_at
A_CUST114507,L_Tamil Nadu,located_in
A_CUST114511,C_CARD518834,uses_card
A_CUST114511,M_MER100150,shops_at
A_CUST114511,L_Rajasthan,located_in
A_CUST114517,C_CARD518841,uses_card
A_CUST114517,M_MER100014,shops_at
A_CUST114517,L_Maharashtra,located_in
A_CUST114525,C_CARD518850,uses_card
A_CUST114525,M_MER100235,shops_at
A_CUST114525,L_Rajasthan,located_in
A_CUST114525,M_MER100024,shops_at
A_CUST114525,M_MER100075,shops_at
A_CUST114525,M_MER100214,shops_at
A_CUST114525,M_MER100127,shops_at
A_CUST114532,C_CARD518857,uses_card
A_CUST114532,M_MER100481,shops_at
A_CUST114532,L_Gujarat,located_in
A_CUST114537,C_CARD518863,uses_card
A_CUST114537,M_MER100292,shops_at
A_CUST114537,L_Madhya Pradesh,located_in
A_CUST114537,M_MER100267,shops_at
A_CUST114538,C_CARD518866,uses_card
A_CUST114538,M_MER100454,shops_at
A_CUST114538,L_Madhya Pradesh,located_in
A_CUST114538,C_CARD518865,uses_card
A_CUST114538,M_MER100395,shops_at
A_CUST114538,M_MER100086,shops_at
A_CUST114547,C_CARD518876,uses_card
A_CUST114547,M_MER100005,shops_at
A_CUST114547,L_Haryana,located_in
A_CUST114548,C_CARD518877,uses_card
A_CUST114548,M_MER100389,shops_at
A_CUST114548,L_Bihar,located_in
A_CUST114548,M_MER100482,shops_at
A_CUST114549,C_CARD518879,uses_card
A_CUST114549,M_MER100205,shops_at
A_CUST114549,L_Odisha,located_in
A_CUST114553,C_CARD518886,uses_card
A_CUST114553,M_MER100209,shops_at
A_CUST114553,L_Bihar,located_in
A_CUST114557,C_CARD518891,uses_card
A_CUST114557,M_MER100409,shops_at
A_CUST114557,L_Assam,located_in
A_CUST114558,C_CARD518892,uses_card
A_CUST114558,M_MER100059,shops_at
A_CUST114558,L_Madhya Pradesh,located_in
A_CUST114560,C_CARD518894,uses_card
A_CUST114560,M_MER100305,shops_at
A_CUST114560,L_Maharashtra,located_in
A_CUST114564,C_CARD518899,uses_card
A_CUST114564,M_MER100249,shops_at
A_CUST114564,L_Karnataka,located_in
A_CUST114568,C_CARD518904,uses_card
A_CUST114568,M_MER100348,shops_at
A_CUST114568,L_Bihar,located_in
A_CUST114568,M_MER100489,shops_at
A_CUST114575,C_CARD518914,uses_card
A_CUST114575,M_MER100053,shops_at
A_CUST114575,L_Maharashtra,located_in
A_CUST114575,C_CARD518913,uses_card
A_CUST114575,M_MER100326,shops_at
A_CUST114578,C_CARD518920,uses_card
A_CUST114578,M_MER100092,shops_at
A_CUST114578,L_Kerala,located_in
A_CUST114580,C_CARD518925,uses_card
A_CUST114580,M_MER100210,shops_at
A_CUST114580,L_Telangana,located_in
A_CUST114580,C_CARD518923,uses_card
A_CUST114580,M_MER100497,shops_at
A_CUST114580,M_MER100305,shops_at
A_CUST114581,C_CARD518926,uses_card
A_CUST114581,M_MER100243,shops_at
A_CUST114581,L_Uttar Pradesh,located_in
A_CUST114581,M_MER100275,shops_at
A_CUST114590,C_CARD518936,uses_card
A_CUST114590,M_MER100352,shops_at
A_CUST114590,L_Punjab,located_in
A_CUST114590,C_CARD518935,uses_card
A_CUST114590,M_MER100397,shops_at
A_CUST114592,C_CARD518939,uses_card
A_CUST114592,M_MER100278,shops_at
A_CUST114592,L_Telangana,located_in
A_CUST114592,M_MER100454,shops_at
A_CUST114596,C_CARD518943,uses_card
A_CUST114596,M_MER100220,shops_at
A_CUST114596,L_West Bengal,located_in
A_CUST114597,C_CARD518944,uses_card
A_CUST114597,M_MER100022,shops_at
A_CUST114597,L_Telangana,located_in
A_CUST114598,C_CARD518947,uses_card
A_CUST114598,M_MER100382,shops_at
A_CUST114598,L_Assam,located_in
A_CUST114605,C_CARD518956,uses_card
A_CUST114605,M_MER100047,shops_at
A_CUST114605,L_Uttar Pradesh,located_in
A_CUST114605,M_MER100488,shops_at
A_CUST114606,C_CARD518957,uses_card
A_CUST114606,M_MER100317,shops_at
A_CUST114606,L_Telangana,located_in
A_CUST114608,C_CARD518961,uses_card
A_CUST114608,M_MER100140,shops_at
A_CUST114608,L_Haryana,located_in
A_CUST114608,C_CARD_INJECTED_01,uses_card
A_CUST114608,M_MER100466,shops_at
A_CUST114608,L_Lakshadweep,located_in
A_CUST114610,C_CARD518964,uses_card
A_CUST114610,M_MER100216,shops_at
A_CUST114610,L_Punjab,located_in
A_CUST114613,C_CARD518969,uses_card
A_CUST114613,M_MER100163,shops_at
A_CUST114613,L_Rajasthan,located_in
A_CUST114615,C_CARD518972,uses_card
A_CUST114615,M_MER100426,shops_at
A_CUST114615,L_Telangana,located_in
A_CUST114616,C_CARD518974,uses_card
A_CUST114616,M_MER100083,shops_at
A_CUST114616,L_Telangana,located_in
A_CUST114621,C_CARD518981,uses_card
A_CUST114621,M_MER100124,shops_at
A_CUST114621,L_Maharashtra,located_in
A_CUST114621,M_MER100141,shops_at
A_CUST114634,C_CARD518996,uses_card
A_CUST114634,M_MER100261,shops_at
A_CUST114634,L_Uttar Pradesh,located_in
A_CUST114635,C_CARD518998,uses_card
A_CUST114635,M_MER100476,shops_at
A_CUST114635,L_Assam,located_in
A_CUST114636,C_CARD518999,uses_card
A_CUST114636,M_MER100186,shops_at
A_CUST114636,L_Bihar,located_in
A_CUST114638,C_CARD519002,uses_card
A_CUST114638,M_MER100059,shops_at
A_CUST114638,L_Assam,located_in
A_CUST114645,C_CARD519012,uses_card
A_CUST114645,M_MER100451,shops_at
A_CUST114645,L_Telangana,located_in
A_CUST114645,M_MER100137,shops_at
A_CUST114648,C_CARD519016,uses_card
A_CUST114648,M_MER100252,shops_at
A_CUST114648,L_Telangana,located_in
A_CUST114654,C_CARD519023,uses_card
A_CUST114654,M_MER100443,shops_at
A_CUST114654,L_Tamil Nadu,located_in
A_CUST114654,M_MER100145,shops_at
A_CUST114654,M_MER100249,shops_at
A_CUST114655,C_CARD519026,uses_card
A_CUST114655,M_MER100326,shops_at
A_CUST114655,L_Madhya Pradesh,located_in
A_CUST114660,C_CARD519031,uses_card
A_CUST114660,M_MER100267,shops_at
A_CUST114660,L_Madhya Pradesh,located_in
A_CUST114660,C_CARD519032,uses_card
A_CUST114660,M_MER100016,shops_at
A_CUST114664,C_CARD519036,uses_card
A_CUST114664,M_MER100006,shops_at
A_CUST114664,L_Odisha,located_in
A_CUST114669,C_CARD519044,uses_card
A_CUST114669,M_MER100119,shops_at
A_CUST114669,L_Rajasthan,located_in
A_CUST114674,C_CARD519049,uses_card
A_CUST114674,M_MER100493,shops_at
A_CUST114674,L_Assam,located_in
A_CUST114674,M_MER100013,shops_at
A_CUST114677,C_CARD519052,uses_card
A_CUST114677,M_MER100329,shops_at
A_CUST114677,L_Tamil Nadu,located_in
A_CUST114679,C_CARD519054,uses_card
A_CUST114679,M_MER100394,shops_at
A_CUST114679,L_Punjab,located_in
A_CUST114683,C_CARD519058,uses_card
A_CUST114683,M_MER100010,shops_at
A_CUST114683,L_Maharashtra,located_in
A_CUST114683,C_CARD519060,uses_card
A_CUST114683,M_MER100473,shops_at
A_CUST114683,M_MER100120,shops_at
A_CUST114683,M_MER100092,shops_at
A_CUST114684,C_CARD519061,uses_card
A_CUST114684,M_MER100043,shops_at
A_CUST114684,L_West Bengal,located_in
A_CUST114699,C_CARD519077,uses_card
A_CUST114699,M_MER100353,shops_at
A_CUST114699,L_Uttar Pradesh,located_in
A_CUST114700,C_CARD519079,uses_card
A_CUST114700,M_MER100132,shops_at
A_CUST114700,L_Rajasthan,located_in
A_CUST114703,C_CARD519082,uses_card
A_CUST114703,M_MER100249,shops_at
A_CUST114703,L_Gujarat,located_in
A_CUST114705,C_CARD519084,uses_card
A_CUST114705,M_MER100104,shops_at
A_CUST114705,L_Odisha,located_in
A_CUST114705,M_MER100472,shops_at
A_CUST114705,M_MER100429,shops_at
A_CUST114711,C_CARD519091,uses_card
A_CUST114711,M_MER100105,shops_at
A_CUST114711,L_Kerala,located_in
A_CUST114711,M_MER100439,shops_at
A_CUST114718,C_CARD519099,uses_card
A_CUST114718,M_MER100291,shops_at
A_CUST114718,L_Gujarat,located_in
A_CUST114719,C_CARD519102,uses_card
A_CUST114719,M_MER100239,shops_at
A_CUST114719,L_Maharashtra,located_in
A_CUST114719,C_CARD519101,uses_card
A_CUST114719,M_MER100180,shops_at
A_CUST114719,M_MER100260,shops_at
A_CUST114720,C_CARD519103,uses_card
A_CUST114720,M_MER100305,shops_at
A_CUST114720,L_Punjab,located_in
A_CUST114726,C_CARD519109,uses_card
A_CUST114726,M_MER100129,shops_at
A_CUST114726,L_Gujarat,located_in
A_CUST114728,C_CARD519111,uses_card
A_CUST114728,M_MER100187,shops_at
A_CUST114728,L_Karnataka,located_in
A_CUST114733,C_CARD519117,uses_card
A_CUST114733,M_MER100415,shops_at
A_CUST114733,L_Odisha,located_in
A_CUST114736,C_CARD519123,uses_card
A_CUST114736,M_MER100406,shops_at
A_CUST114736,L_Assam,located_in
A_CUST114736,M_MER100493,shops_at
A_CUST114736,M_MER100455,shops_at
A_CUST114740,C_CARD519130,uses_card
A_CUST114740,M_MER100069,shops_at
A_CUST114740,L_Haryana,located_in
A_CUST114740,M_MER100392,shops_at
A_CUST114741,C_CARD519132,uses_card
A_CUST114741,M_MER100437,shops_at
A_CUST114741,L_Bihar,located_in
A_CUST114741,C_CARD519131,uses_card
A_CUST114741,M_MER100070,shops_at
A_CUST114749,C_CARD519140,uses_card
A_CUST114749,M_MER100120,shops_at
A_CUST114749,L_Gujarat,located_in
A_CUST114753,C_CARD519145,uses_card
A_CUST114753,M_MER100207,shops_at
A_CUST114753,L_Rajasthan,located_in
A_CUST114754,C_CARD519147,uses_card
A_CUST114754,M_MER100364,shops_at
A_CUST114754,L_Maharashtra,located_in
A_CUST114754,M_MER100423,shops_at
A_CUST114754,M_MER100025,shops_at
A_CUST114757,C_CARD519150,uses_card
A_CUST114757,M_MER100249,shops_at
A_CUST114757,L_Bihar,located_in
A_CUST114761,C_CARD519154,uses_card
A_CUST114761,M_MER100005,shops_at
A_CUST114761,L_Madhya Pradesh,located_in
A_CUST114762,C_CARD519155,uses_card
A_CUST114762,M_MER100438,shops_at
A_CUST114762,L_West Bengal,located_in
A_CUST114766,C_CARD519160,uses_card
A_CUST114766,M_MER100141,shops_at
A_CUST114766,L_Punjab,located_in
A_CUST114767,C_CARD519162,uses_card
A_CUST114767,M_MER100326,shops_at
A_CUST114767,L_Bihar,located_in
A_CUST114775,C_CARD519170,uses_card
A_CUST114775,M_MER100376,shops_at
A_CUST114775,L_Bihar,located_in
A_CUST114781,C_CARD519179,uses_card
A_CUST114781,M_MER100426,shops_at
A_CUST114781,L_Punjab,located_in
A_CUST114782,C_CARD519180,uses_card
A_CUST114782,M_MER100161,shops_at
A_CUST114782,L_Maharashtra,located_in
A_CUST114790,C_CARD519189,uses_card
A_CUST114790,M_MER100152,shops_at
A_CUST114790,L_Bihar,located_in
A_CUST114793,C_CARD519195,uses_card
A_CUST114793,M_MER100394,shops_at
A_CUST114793,L_Haryana,located_in
A_CUST114796,C_CARD519199,uses_card
A_CUST114796,M_MER100441,shops_at
A_CUST114796,L_West Bengal,located_in
A_CUST114796,M_MER100226,shops_at
A_CUST114798,C_CARD519202,uses_card
A_CUST114798,M_MER100365,shops_at
A_CUST114798,L_Punjab,located_in
A_CUST114799,C_CARD519204,uses_card
A_CUST114799,M_MER100335,shops_at
A_CUST114799,L_Odisha,located_in
A_CUST114803,C_CARD519209,uses_card
A_CUST114803,M_MER100235,shops_at
A_CUST114803,L_Kerala,located_in
A_CUST114806,C_CARD519212,uses_card
A_CUST114806,M_MER100097,shops_at
A_CUST114806,L_Kerala,located_in
A_CUST114811,C_CARD519217,uses_card
A_CUST114811,M_MER100040,shops_at
A_CUST114811,L_Telangana,located_in
A_CUST114821,C_CARD519230,uses_card
A_CUST114821,M_MER100078,shops_at
A_CUST114821,L_Telangana,located_in
A_CUST114821,C_CARD519229,uses_card
A_CUST114821,M_MER100180,shops_at
A_CUST114821,M_MER100059,shops_at
A_CUST114821,M_MER100018,shops_at
A_CUST114821,M_MER100352,shops_at
A_CUST114825,C_CARD519234,uses_card
A_CUST114825,M_MER100138,shops_at
A_CUST114825,L_Punjab,located_in
A_CUST114825,M_MER100367,shops_at
A_CUST114826,C_CARD519236,uses_card
A_CUST114826,M_MER100226,shops_at
A_CUST114826,L_Rajasthan,located_in
A_CUST114832,C_CARD519246,uses_card
A_CUST114832,M_MER100428,shops_at
A_CUST114832,L_Assam,located_in
A_CUST114832,C_CARD519245,uses_card
A_CUST114832,M_MER100166,shops_at
A_CUST114843,C_CARD519257,uses_card
A_CUST114843,M_MER100390,shops_at
A_CUST114843,L_Maharashtra,located_in
A_CUST114849,C_CARD519266,uses_card
A_CUST114849,M_MER100281,shops_at
A_CUST114849,L_Rajasthan,located_in
A_CUST114851,C_CARD519268,uses_card
A_CUST114851,M_MER100399,shops_at
A_CUST114851,L_West Bengal,located_in
A_CUST114852,C_CARD519269,uses_card
A_CUST114852,M_MER100495,shops_at
A_CUST114852,L_Bihar,located_in
A_CUST114858,C_CARD519277,uses_card
A_CUST114858,M_MER100021,shops_at
A_CUST114858,L_Rajasthan,located_in
A_CUST114862,C_CARD519281,uses_card
A_CUST114862,M_MER100015,shops_at
A_CUST114862,L_Odisha,located_in
A_CUST114863,C_CARD519282,uses_card
A_CUST114863,M_MER100055,shops_at
A_CUST114863,L_Maharashtra,located_in
A_CUST114866,C_CARD519286,uses_card
A_CUST114866,M_MER100377,shops_at
A_CUST114866,L_Maharashtra,located_in
A_CUST114867,C_CARD519289,uses_card
A_CUST114867,M_MER100231,shops_at
A_CUST114867,L_Punjab,located_in
A_CUST114870,C_CARD519293,uses_card
A_CUST114870,M_MER100090,shops_at
A_CUST114870,L_Punjab,located_in
A_CUST114872,C_CARD519298,uses_card
A_CUST114872,M_MER100271,shops_at
A_CUST114872,L_Haryana,located_in
A_CUST114874,C_CARD519300,uses_card
A_CUST114874,M_MER100362,shops_at
A_CUST114874,L_Bihar,located_in
A_CUST114886,C_CARD519319,uses_card
A_CUST114886,M_MER100255,shops_at
A_CUST114886,L_Punjab,located_in
A_CUST114889,C_CARD519322,uses_card
A_CUST114889,M_MER100321,shops_at
A_CUST114889,L_Assam,located_in
A_CUST114908,C_CARD519345,uses_card
A_CUST114908,M_MER100331,shops_at
A_CUST114908,L_Gujarat,located_in
A_CUST114909,C_CARD519349,uses_card
A_CUST114909,M_MER100092,shops_at
A_CUST114909,L_Karnataka,located_in
A_CUST114911,C_CARD519351,uses_card
A_CUST114911,M_MER100294,shops_at
A_CUST114911,L_Maharashtra,located_in
A_CUST114911,M_MER100254,shops_at
A_CUST114915,C_CARD519355,uses_card
A_CUST114915,M_MER100036,shops_at
A_CUST114915,L_Maharashtra,located_in
A_CUST114915,M_MER100365,shops_at
A_CUST114921,C_CARD519361,uses_card
A_CUST114921,M_MER100468,shops_at
A_CUST114921,L_Assam,located_in
A_CUST114922,C_CARD519362,uses_card
A_CUST114922,M_MER100085,shops_at
A_CUST114922,L_Tamil Nadu,located_in
A_CUST114923,C_CARD519363,uses_card
A_CUST114923,M_MER100178,shops_at
A_CUST114923,L_Punjab,located_in
A_CUST114931,C_CARD519374,uses_card
A_CUST114931,M_MER100424,shops_at
A_CUST114931,L_Telangana,located_in
A_CUST114933,C_CARD519378,uses_card
A_CUST114933,M_MER100369,shops_at
A_CUST114933,L_West Bengal,located_in
A_CUST114933,C_CARD519377,uses_card
A_CUST114933,M_MER100089,shops_at
A_CUST114936,C_CARD519383,uses_card
A_CUST114936,M_MER100253,shops_at
A_CUST114936,L_Telangana,located_in
A_CUST114936,M_MER100218,shops_at
A_CUST114937,C_CARD519384,uses_card
A_CUST114937,M_MER100077,shops_at
A_CUST114937,L_Bihar,located_in
A_CUST114937,M_MER100059,shops_at
A_CUST114940,C_CARD519388,uses_card
A_CUST114940,M_MER100432,shops_at
A_CUST114940,L_Madhya Pradesh,located_in
A_CUST114940,M_MER100261,shops_at
A_CUST114944,C_CARD519393,uses_card
A_CUST114944,M_MER100286,shops_at
A_CUST114944,L_Tamil Nadu,located_in
A_CUST114950,C_CARD519401,uses_card
A_CUST114950,M_MER100244,shops_at
A_CUST114950,L_Karnataka,located_in
A_CUST114950,C_CARD519400,uses_card
A_CUST114950,M_MER100171,shops_at
A_CUST114950,M_MER100298,shops_at
A_CUST114951,C_CARD519404,uses_card
A_CUST114951,M_MER100092,shops_at
A_CUST114951,L_Odisha,located_in
A_CUST114953,C_CARD519407,uses_card
A_CUST114953,M_MER100162,shops_at
A_CUST114953,L_Telangana,located_in
A_CUST114955,C_CARD519410,uses_card
A_CUST114955,M_MER100483,shops_at
A_CUST114955,L_Gujarat,located_in
A_CUST114956,C_CARD519411,uses_card
A_CUST114956,M_MER100444,shops_at
A_CUST114956,L_Punjab,located_in
A_CUST114959,C_CARD519414,uses_card
A_CUST114959,M_MER100055,shops_at
A_CUST114959,L_Assam,located_in
A_CUST114964,C_CARD519419,uses_card
A_CUST114964,M_MER100226,shops_at
A_CUST114964,L_West Bengal,located_in
A_CUST114965,C_CARD519420,uses_card
A_CUST114965,M_MER100114,shops_at
A_CUST114965,L_Telangana,located_in
A_CUST114966,C_CARD519423,uses_card
A_CUST114966,M_MER100434,shops_at
A_CUST114966,L_Telangana,located_in
A_CUST114966,M_MER100498,shops_at
A_CUST114967,C_CARD519427,uses_card
A_CUST114967,M_MER100205,shops_at
A_CUST114967,L_Kerala,located_in
A_CUST114967,C_CARD519426,uses_card
A_CUST114967,M_MER100438,shops_at
A_CUST114967,M_MER100141,shops_at
A_CUST114981,C_CARD519444,uses_card
A_CUST114981,M_MER100491,shops_at
A_CUST114981,L_Uttar Pradesh,located_in
A_CUST114983,C_CARD519446,uses_card
A_CUST114983,M_MER100114,shops_at
A_CUST114983,L_West Bengal,located_in
A_CUST114984,C_CARD519447,uses_card
A_CUST114984,M_MER100052,shops_at
A_CUST114984,L_Gujarat,located_in
A_CUST114994,C_CARD519459,uses_card
A_CUST114994,M_MER100180,shops_at
A_CUST114994,L_West Bengal,located_in
A_CUST114994,M_MER100014,shops_at
A_CUST114997,C_CARD519462,uses_card
A_CUST114997,M_MER100329,shops_at
A_CUST114997,L_Maharashtra,located_in
A_CUST115005,C_CARD519471,uses_card
A_CUST115005,M_MER100047,shops_at
A_CUST115005,L_Punjab,located_in
A_CUST115006,C_CARD519472,uses_card
A_CUST115006,M_MER100186,shops_at
A_CUST115006,L_Uttar Pradesh,located_in
A_CUST115007,C_CARD519473,uses_card
A_CUST115007,M_MER100302,shops_at
A_CUST115007,L_Telangana,located_in
A_CUST115011,C_CARD519478,uses_card
A_CUST115011,M_MER100386,shops_at
A_CUST115011,L_Madhya Pradesh,located_in
A_CUST115014,C_CARD519481,uses_card
A_CUST115014,M_MER100286,shops_at
A_CUST115014,L_Kerala,located_in
A_CUST115015,C_CARD519483,uses_card
A_CUST115015,M_MER100004,shops_at
A_CUST115015,L_Telangana,located_in
A_CUST115015,C_CARD519482,uses_card
A_CUST115015,M_MER100219,shops_at
A_CUST115018,C_CARD519486,uses_card
A_CUST115018,M_MER100377,shops_at
A_CUST115018,L_Maharashtra,located_in
A_CUST115018,M_MER100495,shops_at
A_CUST115020,C_CARD519488,uses_card
A_CUST115020,M_MER100017,shops_at
A_CUST115020,L_Odisha,located_in
A_CUST115021,C_CARD519489,uses_card
A_CUST115021,M_MER100387,shops_at
A_CUST115021,L_Assam,located_in
A_CUST115022,C_CARD519490,uses_card
A_CUST115022,M_MER100065,shops_at
A_CUST115022,L_Haryana,located_in
A_CUST115023,C_CARD519491,uses_card
A_CUST115023,M_MER100150,shops_at
A_CUST115023,L_Rajasthan,located_in
A_CUST115025,C_CARD519494,uses_card
A_CUST115025,M_MER100135,shops_at
A_CUST115025,L_Maharashtra,located_in
A_CUST115025,M_MER100218,shops_at
A_CUST115027,C_CARD519497,uses_card
A_CUST115027,M_MER100405,shops_at
A_CUST115027,L_Assam,located_in
A_CUST115027,M_MER100255,shops_at
A_CUST115034,C_CARD519507,uses_card
A_CUST115034,M_MER100485,shops_at
A_CUST115034,L_Haryana,located_in
A_CUST115034,M_MER100002,shops_at
A_CUST115035,C_CARD519508,uses_card
A_CUST115035,M_MER100388,shops_at
A_CUST115035,L_Assam,located_in
A_CUST115038,C_CARD519512,uses_card
A_CUST115038,M_MER100138,shops_at
A_CUST115038,L_Madhya Pradesh,located_in
A_CUST115041,C_CARD519515,uses_card
A_CUST115041,M_MER100335,shops_at
A_CUST115041,L_Bihar,located_in
A_CUST115041,M_MER100138,shops_at
A_CUST115042,C_CARD519517,uses_card
A_CUST115042,M_MER100399,shops_at
A_CUST115042,L_Maharashtra,located_in
A_CUST115042,M_MER100459,shops_at
A_CUST115042,C_CARD519516,uses_card
A_CUST115042,M_MER100051,shops_at
A_CUST115044,C_CARD519519,uses_card
A_CUST115044,M_MER100286,shops_at
A_CUST115044,L_Assam,located_in
A_CUST115046,C_CARD519521,uses_card
A_CUST115046,M_MER100150,shops_at
A_CUST115046,L_Bihar,located_in
A_CUST115051,C_CARD519528,uses_card
A_CUST115051,M_MER100169,shops_at
A_CUST115051,L_Karnataka,located_in
A_CUST115057,C_CARD519534,uses_card
A_CUST115057,M_MER100407,shops_at
A_CUST115057,L_Karnataka,located_in
A_CUST115063,C_CARD519542,uses_card
A_CUST115063,M_MER100102,shops_at
A_CUST115063,L_Karnataka,located_in
A_CUST115063,M_MER100326,shops_at
A_CUST115065,C_CARD519546,uses_card
A_CUST115065,M_MER100446,shops_at
A_CUST115065,L_Rajasthan,located_in
A_CUST115068,C_CARD519550,uses_card
A_CUST115068,M_MER100105,shops_at
A_CUST115068,L_Tamil Nadu,located_in
A_CUST115070,C_CARD519552,uses_card
A_CUST115070,M_MER100016,shops_at
A_CUST115070,L_Punjab,located_in
A_CUST115070,C_CARD519553,uses_card
A_CUST115070,M_MER100087,shops_at
A_CUST115072,C_CARD519556,uses_card
A_CUST115072,M_MER100345,shops_at
A_CUST115072,L_Rajasthan,located_in
A_CUST115078,C_CARD519564,uses_card
A_CUST115078,M_MER100404,shops_at
A_CUST115078,L_Tamil Nadu,located_in
A_CUST115078,M_MER100348,shops_at
A_CUST115081,C_CARD519568,uses_card
A_CUST115081,M_MER100145,shops_at
A_CUST115081,L_Kerala,located_in
A_CUST115084,C_CARD519572,uses_card
A_CUST115084,M_MER100276,shops_at
A_CUST115084,L_Gujarat,located_in
A_CUST115090,C_CARD519580,uses_card
A_CUST115090,M_MER100179,shops_at
A_CUST115090,L_Assam,located_in
A_CUST115092,C_CARD519584,uses_card
A_CUST115092,M_MER100016,shops_at
A_CUST115092,L_Bihar,located_in
A_CUST115092,M_MER100394,shops_at
A_CUST115092,M_MER100199,shops_at
A_CUST115092,M_MER100074,shops_at
A_CUST115092,M_MER100453,shops_at
A_CUST115092,M_MER100232,shops_at
A_CUST115092,M_MER100168,shops_at
A_CUST115100,C_CARD519594,uses_card
A_CUST115100,M_MER100423,shops_at
A_CUST115100,L_Assam,located_in
A_CUST115100,C_CARD519593,uses_card
A_CUST115100,M_MER100130,shops_at
A_CUST115108,C_CARD519604,uses_card
A_CUST115108,M_MER100191,shops_at
A_CUST115108,L_Kerala,located_in
A_CUST115115,C_CARD519614,uses_card
A_CUST115115,M_MER100394,shops_at
A_CUST115115,L_Maharashtra,located_in
A_CUST115115,M_MER100470,shops_at
A_CUST115117,C_CARD519616,uses_card
A_CUST115117,M_MER100151,shops_at
A_CUST115117,L_Punjab,located_in
A_CUST115117,M_MER100191,shops_at
A_CUST115117,C_CARD519618,uses_card
A_CUST115117,M_MER100427,shops_at
A_CUST115117,M_MER100196,shops_at
A_CUST115130,C_CARD519631,uses_card
A_CUST115130,M_MER100291,shops_at
A_CUST115130,L_Telangana,located_in
A_CUST115137,C_CARD519641,uses_card
A_CUST115137,M_MER100037,shops_at
A_CUST115137,L_Punjab,located_in
A_CUST115140,C_CARD519645,uses_card
A_CUST115140,M_MER100330,shops_at
A_CUST115140,L_Bihar,located_in
A_CUST115140,C_CARD519644,uses_card
A_CUST115140,M_MER100096,shops_at
A_CUST115144,C_CARD519650,uses_card
A_CUST115144,M_MER100146,shops_at
A_CUST115144,L_Maharashtra,located_in
A_CUST115147,C_CARD519654,uses_card
A_CUST115147,M_MER100070,shops_at
A_CUST115147,L_West Bengal,located_in
A_CUST115148,C_CARD519656,uses_card
A_CUST115148,M_MER100266,shops_at
A_CUST115148,L_Telangana,located_in
A_CUST115148,M_MER100444,shops_at
A_CUST115148,M_MER100361,shops_at
A_CUST115148,M_MER100251,shops_at
A_CUST115151,C_CARD519660,uses_card
A_CUST115151,M_MER100130,shops_at
A_CUST115151,L_Maharashtra,located_in
A_CUST115152,C_CARD519661,uses_card
A_CUST115152,M_MER100346,shops_at
A_CUST115152,L_Karnataka,located_in
A_CUST115152,M_MER100016,shops_at
A_CUST115152,M_MER100326,shops_at
A_CUST115153,C_CARD519663,uses_card
A_CUST115153,M_MER100488,shops_at
A_CUST115153,L_Odisha,located_in
A_CUST115153,M_MER100339,shops_at
A_CUST115156,C_CARD519668,uses_card
A_CUST115156,M_MER100326,shops_at
A_CUST115156,L_Odisha,located_in
A_CUST115156,C_CARD519670,uses_card
A_CUST115156,M_MER100302,shops_at
A_CUST115156,C_CARD519669,uses_card
A_CUST115156,M_MER100256,shops_at
A_CUST115156,M_MER100319,shops_at
A_CUST115164,C_CARD519683,uses_card
A_CUST115164,M_MER100428,shops_at
A_CUST115164,L_Bihar,located_in
A_CUST115164,C_CARD519682,uses_card
A_CUST115164,M_MER100037,shops_at
A_CUST115164,M_MER100492,shops_at
A_CUST115169,C_CARD519689,uses_card
A_CUST115169,M_MER100424,shops_at
A_CUST115169,L_Rajasthan,located_in
A_CUST115171,C_CARD519691,uses_card
A_CUST115171,M_MER100411,shops_at
A_CUST115171,L_Kerala,located_in
A_CUST115171,M_MER100496,shops_at
A_CUST115175,C_CARD519695,uses_card
A_CUST115175,M_MER100363,shops_at
A_CUST115175,L_Tamil Nadu,located_in
A_CUST115182,C_CARD519703,uses_card
A_CUST115182,M_MER100219,shops_at
A_CUST115182,L_Gujarat,located_in
A_CUST115182,M_MER100275,shops_at
A_CUST115182,M_MER100352,shops_at
A_CUST115184,C_CARD519707,uses_card
A_CUST115184,M_MER100247,shops_at
A_CUST115184,L_Maharashtra,located_in
A_CUST115185,C_CARD519710,uses_card
A_CUST115185,M_MER100204,shops_at
A_CUST115185,L_Tamil Nadu,located_in
A_CUST115188,C_CARD519715,uses_card
A_CUST115188,M_MER100420,shops_at
A_CUST115188,L_Karnataka,located_in
A_CUST115190,C_CARD519717,uses_card
A_CUST115190,M_MER100198,shops_at
A_CUST115190,L_Gujarat,located_in
A_CUST115190,C_CARD519719,uses_card
A_CUST115190,M_MER100069,shops_at
A_CUST115198,C_CARD519727,uses_card
A_CUST115198,M_MER100038,shops_at
A_CUST115198,L_Odisha,located_in
A_CUST115198,M_MER100114,shops_at
A_CUST115198,M_MER100175,shops_at
A_CUST115199,C_CARD519729,uses_card
A_CUST115199,M_MER100055,shops_at
A_CUST115199,L_Haryana,located_in
A_CUST115199,M_MER100281,shops_at
A_CUST115199,C_CARD519730,uses_card
A_CUST115199,M_MER100057,shops_at
A_CUST115199,M_MER100092,shops_at
A_CUST115201,C_CARD519732,uses_card
A_CUST115201,M_MER100253,shops_at
A_CUST115201,L_Karnataka,located_in
A_CUST115209,C_CARD519742,uses_card
A_CUST115209,M_MER100011,shops_at
A_CUST115209,L_Haryana,located_in
A_CUST115209,M_MER100043,shops_at
A_CUST115210,C_CARD519744,uses_card
A_CUST115210,M_MER100179,shops_at
A_CUST115210,L_Kerala,located_in
A_CUST115213,C_CARD519747,uses_card
A_CUST115213,M_MER100162,shops_at
A_CUST115213,L_Assam,located_in
A_CUST115213,M_MER100267,shops_at
A_CUST115219,C_CARD519756,uses_card
A_CUST115219,M_MER100179,shops_at
A_CUST115219,L_Tamil Nadu,located_in
A_CUST115220,C_CARD519757,uses_card
A_CUST115220,M_MER100453,shops_at
A_CUST115220,L_Odisha,located_in
A_CUST115220,C_CARD519759,uses_card
A_CUST115220,M_MER100499,shops_at
A_CUST115220,M_MER100495,shops_at
A_CUST115223,C_CARD519763,uses_card
A_CUST115223,M_MER100499,shops_at
A_CUST115223,L_Gujarat,located_in
A_CUST115223,M_MER100360,shops_at
A_CUST115227,C_CARD519768,uses_card
A_CUST115227,M_MER100308,shops_at
A_CUST115227,L_Telangana,located_in
A_CUST115229,C_CARD519770,uses_card
A_CUST115229,M_MER100312,shops_at
A_CUST115229,L_Tamil Nadu,located_in
A_CUST115229,M_MER100046,shops_at
A_CUST115230,C_CARD519771,uses_card
A_CUST115230,M_MER100304,shops_at
A_CUST115230,L_Kerala,located_in
A_CUST115232,C_CARD519775,uses_card
A_CUST115232,M_MER100499,shops_at
A_CUST115232,L_Madhya Pradesh,located_in
A_CUST115233,C_CARD519776,uses_card
A_CUST115233,M_MER100339,shops_at
A_CUST115233,L_Tamil Nadu,located_in
A_CUST115233,M_MER100035,shops_at
A_CUST115238,C_CARD519782,uses_card
A_CUST115238,M_MER100266,shops_at
A_CUST115238,L_Bihar,located_in
A_CUST115244,C_CARD519791,uses_card
A_CUST115244,M_MER100019,shops_at
A_CUST115244,L_Haryana,located_in
A_CUST115244,M_MER100175,shops_at
A_CUST115244,C_CARD519789,uses_card
A_CUST115244,M_MER100159,shops_at
A_CUST115244,M_MER100444,shops_at
A_CUST115244,M_MER100173,shops_at
A_CUST115244,C_CARD519790,uses_card
A_CUST115244,M_MER100291,shops_at
A_CUST115249,C_CARD519796,uses_card
A_CUST115249,M_MER100360,shops_at
A_CUST115249,L_West Bengal,located_in
A_CUST115254,C_CARD519801,uses_card
A_CUST115254,M_MER100459,shops_at
A_CUST115254,L_Bihar,located_in
A_CUST115258,C_CARD519805,uses_card
A_CUST115258,M_MER100265,shops_at
A_CUST115258,L_Haryana,located_in
A_CUST115264,C_CARD519812,uses_card
A_CUST115264,M_MER100303,shops_at
A_CUST115264,L_West Bengal,located_in
A_CUST115264,M_MER100226,shops_at
A_CUST115264,C_CARD519813,uses_card
A_CUST115264,M_MER100152,shops_at
A_CUST115281,C_CARD519832,uses_card
A_CUST115281,M_MER100254,shops_at
A_CUST115281,L_West Bengal,located_in
A_CUST115284,C_CARD519837,uses_card
A_CUST115284,M_MER100183,shops_at
A_CUST115284,L_Punjab,located_in
A_CUST115285,C_CARD519839,uses_card
A_CUST115285,M_MER100113,shops_at
A_CUST115285,L_Uttar Pradesh,located_in
A_CUST115285,M_MER100156,shops_at
A_CUST115285,M_MER100016,shops_at
A_CUST115288,C_CARD519842,uses_card
A_CUST115288,M_MER100202,shops_at
A_CUST115288,L_Assam,located_in
A_CUST115288,M_MER100344,shops_at
A_CUST115288,M_MER100251,shops_at
A_CUST115289,C_CARD519845,uses_card
A_CUST115289,M_MER100491,shops_at
A_CUST115289,L_Tamil Nadu,located_in
A_CUST115290,C_CARD519847,uses_card
A_CUST115290,M_MER100326,shops_at
A_CUST115290,L_Telangana,located_in
A_CUST115290,C_CARD519848,uses_card
A_CUST115290,M_MER100170,shops_at
A_CUST115290,M_MER100179,shops_at
A_CUST115292,C_CARD519850,uses_card
A_CUST115292,M_MER100365,shops_at
A_CUST115292,L_Odisha,located_in
A_CUST115292,M_MER100396,shops_at
A_CUST115297,C_CARD519858,uses_card
A_CUST115297,M_MER100131,shops_at
A_CUST115297,L_Haryana,located_in
A_CUST115297,M_MER100246,shops_at
A_CUST115297,M_MER100141,shops_at
A_CUST115298,C_CARD519860,uses_card
A_CUST115298,M_MER100365,shops_at
A_CUST115298,L_Uttar Pradesh,located_in
A_CUST115299,C_CARD519861,uses_card
A_CUST115299,M_MER100495,shops_at
A_CUST115299,L_Bihar,located_in
A_CUST115300,C_CARD519862,uses_card
A_CUST115300,M_MER100234,shops_at
A_CUST115300,L_Gujarat,located_in
A_CUST115307,C_CARD519871,uses_card
A_CUST115307,M_MER100179,shops_at
A_CUST115307,L_Telangana,located_in
A_CUST115307,M_MER100486,shops_at
A_CUST115308,C_CARD519874,uses_card
A_CUST115308,M_MER100285,shops_at
A_CUST115308,L_Maharashtra,located_in
A_CUST115308,C_CARD519873,uses_card
A_CUST115308,M_MER100389,shops_at
A_CUST115315,C_CARD519881,uses_card
A_CUST115315,M_MER100305,shops_at
A_CUST115315,L_Karnataka,located_in
A_CUST115315,M_MER100431,shops_at
A_CUST115317,C_CARD519885,uses_card
A_CUST115317,M_MER100262,shops_at
A_CUST115317,L_Uttar Pradesh,located_in
A_CUST115317,C_CARD519884,uses_card
A_CUST115317,M_MER100199,shops_at
A_CUST115318,C_CARD519887,uses_card
A_CUST115318,M_MER100364,shops_at
A_CUST115318,L_Assam,located_in
A_CUST115318,M_MER100030,shops_at
A_CUST115319,C_CARD519889,uses_card
A_CUST115319,M_MER100150,shops_at
A_CUST115319,L_Assam,located_in
A_CUST115320,C_CARD519891,uses_card
A_CUST115320,M_MER100468,shops_at
A_CUST115320,L_Tamil Nadu,located_in
A_CUST115320,C_CARD519890,uses_card
A_CUST115320,M_MER100159,shops_at
A_CUST115324,C_CARD519895,uses_card
A_CUST115324,M_MER100199,shops_at
A_CUST115324,L_Karnataka,located_in
A_CUST115324,M_MER100286,shops_at
A_CUST115328,C_CARD519899,uses_card
A_CUST115328,M_MER100452,shops_at
A_CUST115328,L_West Bengal,located_in
A_CUST115330,C_CARD519903,uses_card
A_CUST115330,M_MER100114,shops_at
A_CUST115330,L_Telangana,located_in
A_CUST115336,C_CARD519910,uses_card
A_CUST115336,M_MER100059,shops_at
A_CUST115336,L_Odisha,located_in
A_CUST115336,C_CARD519911,uses_card
A_CUST115336,M_MER100214,shops_at
A_CUST115336,C_CARD519912,uses_card
A_CUST115336,M_MER100042,shops_at
A_CUST115336,M_MER100021,shops_at
A_CUST115338,C_CARD519914,uses_card
A_CUST115338,M_MER100334,shops_at
A_CUST115338,L_Punjab,located_in
A_CUST115338,M_MER100263,shops_at
A_CUST115352,C_CARD519934,uses_card
A_CUST115352,M_MER100495,shops_at
A_CUST115352,L_Maharashtra,located_in
A_CUST115352,C_CARD519933,uses_card
A_CUST115352,M_MER100120,shops_at
A_CUST115360,C_CARD519944,uses_card
A_CUST115360,M_MER100031,shops_at
A_CUST115360,L_Telangana,located_in
A_CUST115362,C_CARD519947,uses_card
A_CUST115362,M_MER100226,shops_at
A_CUST115362,L_Gujarat,located_in
A_CUST115369,C_CARD519954,uses_card
A_CUST115369,M_MER100294,shops_at
A_CUST115369,L_Rajasthan,located_in
A_CUST115369,M_MER100485,shops_at
A_CUST115369,M_MER100331,shops_at
A_CUST115373,C_CARD519960,uses_card
A_CUST115373,M_MER100207,shops_at
A_CUST115373,L_Rajasthan,located_in
A_CUST115375,C_CARD519965,uses_card
A_CUST115375,M_MER100448,shops_at
A_CUST115375,L_Haryana,located_in
A_CUST115376,C_CARD519967,uses_card
A_CUST115376,M_MER100476,shops_at
A_CUST115376,L_Madhya Pradesh,located_in
A_CUST115376,M_MER100286,shops_at
A_CUST115380,C_CARD519972,uses_card
A_CUST115380,M_MER100235,shops_at
A_CUST115380,L_Madhya Pradesh,located_in
A_CUST115380,C_CARD519971,uses_card
A_CUST115380,M_MER100427,shops_at
A_CUST115380,M_MER100120,shops_at
A_CUST115384,C_CARD519978,uses_card
A_CUST115384,M_MER100347,shops_at
A_CUST115384,L_Rajasthan,located_in
A_CUST115384,M_MER100419,shops_at
A_CUST115391,C_CARD519986,uses_card
A_CUST115391,M_MER100356,shops_at
A_CUST115391,L_Kerala,located_in
A_CUST115397,C_CARD519995,uses_card
A_CUST115397,M_MER100326,shops_at
A_CUST115397,L_West Bengal,located_in
A_CUST115397,C_CARD519996,uses_card
A_CUST115397,M_MER100360,shops_at
A_CUST115399,C_CARD519998,uses_card
A_CUST115399,M_MER100354,shops_at
A_CUST115399,L_Gujarat,located_in
A_CUST115405,C_CARD520006,uses_card
A_CUST115405,M_MER100077,shops_at
A_CUST115405,L_Punjab,located_in
A_CUST115406,C_CARD520009,uses_card
A_CUST115406,M_MER100014,shops_at
A_CUST115406,L_West Bengal,located_in
A_CUST115407,C_CARD520012,uses_card
A_CUST115407,M_MER100411,shops_at
A_CUST115407,L_Karnataka,located_in
A_CUST115407,C_CARD520011,uses_card
A_CUST115407,M_MER100357,shops_at
A_CUST115407,M_MER100372,shops_at
A_CUST115407,M_MER100360,shops_at
A_CUST115408,C_CARD520014,uses_card
A_CUST115408,M_MER100144,shops_at
A_CUST115408,L_Punjab,located_in
A_CUST115410,C_CARD520017,uses_card
A_CUST115410,M_MER100164,shops_at
A_CUST115410,L_Haryana,located_in
A_CUST115411,C_CARD520018,uses_card
A_CUST115411,M_MER100398,shops_at
A_CUST115411,L_Punjab,located_in
A_CUST115415,C_CARD520024,uses_card
A_CUST115415,M_MER100178,shops_at
A_CUST115415,L_Maharashtra,located_in
A_CUST115421,C_CARD520030,uses_card
A_CUST115421,M_MER100382,shops_at
A_CUST115421,L_Tamil Nadu,located_in
A_CUST115425,C_CARD520035,uses_card
A_CUST115425,M_MER100500,shops_at
A_CUST115425,L_Telangana,located_in
A_CUST115425,C_CARD520034,uses_card
A_CUST115425,M_MER100320,shops_at
A_CUST115429,C_CARD520039,uses_card
A_CUST115429,M_MER100497,shops_at
A_CUST115429,L_Assam,located_in
A_CUST115430,C_CARD520043,uses_card
A_CUST115430,M_MER100113,shops_at
A_CUST115430,L_Telangana,located_in
A_CUST115431,C_CARD520044,uses_card
A_CUST115431,M_MER100138,shops_at
A_CUST115431,L_Tamil Nadu,located_in
A_CUST115437,C_CARD520053,uses_card
A_CUST115437,M_MER100154,shops_at
A_CUST115437,L_Bihar,located_in
A_CUST115438,C_CARD520054,uses_card
A_CUST115438,M_MER100189,shops_at
A_CUST115438,L_Punjab,located_in
A_CUST115440,C_CARD520059,uses_card
A_CUST115440,M_MER100152,shops_at
A_CUST115440,L_Telangana,located_in
A_CUST115444,C_CARD520064,uses_card
A_CUST115444,M_MER100138,shops_at
A_CUST115444,L_Rajasthan,located_in
A_CUST115444,C_CARD520065,uses_card
A_CUST115444,M_MER100421,shops_at
A_CUST115444,C_CARD520063,uses_card
A_CUST115444,M_MER100070,shops_at
A_CUST115444,M_MER100271,shops_at
A_CUST115444,M_MER100108,shops_at
A_CUST115447,C_CARD520068,uses_card
A_CUST115447,M_MER100384,shops_at
A_CUST115447,L_Madhya Pradesh,located_in
A_CUST115455,C_CARD520076,uses_card
A_CUST115455,M_MER100204,shops_at
A_CUST115455,L_Tamil Nadu,located_in
A_CUST115457,C_CARD520078,uses_card
A_CUST115457,M_MER100104,shops_at
A_CUST115457,L_Bihar,located_in
A_CUST115457,M_MER100444,shops_at
A_CUST115457,C_CARD520079,uses_card
A_CUST115457,M_MER100451,shops_at
A_CUST115457,M_MER100149,shops_at
A_CUST115460,C_CARD520082,uses_card
A_CUST115460,M_MER100492,shops_at
A_CUST115460,L_Bihar,located_in
A_CUST115464,C_CARD520086,uses_card
A_CUST115464,M_MER100330,shops_at
A_CUST115464,L_Maharashtra,located_in
A_CUST115466,C_CARD520088,uses_card
A_CUST115466,M_MER100080,shops_at
A_CUST115466,L_Telangana,located_in
A_CUST115469,C_CARD520092,uses_card
A_CUST115469,M_MER100431,shops_at
A_CUST115469,L_West Bengal,located_in
A_CUST115470,C_CARD520093,uses_card
A_CUST115470,M_MER100444,shops_at
A_CUST115470,L_Assam,located_in
A_CUST115472,C_CARD520096,uses_card
A_CUST115472,M_MER100331,shops_at
A_CUST115472,L_Bihar,located_in
A_CUST115472,M_MER100288,shops_at
A_CUST115472,M_MER100494,shops_at
A_CUST115474,C_CARD520098,uses_card
A_CUST115474,M_MER100442,shops_at
A_CUST115474,L_Rajasthan,located_in
A_CUST115474,M_MER100230,shops_at
A_CUST115477,C_CARD520101,uses_card
A_CUST115477,M_MER100129,shops_at
A_CUST115477,L_Assam,located_in
A_CUST115477,M_MER100214,shops_at
A_CUST115478,C_CARD520103,uses_card
A_CUST115478,M_MER100196,shops_at
A_CUST115478,L_Gujarat,located_in
A_CUST115479,C_CARD520104,uses_card
A_CUST115479,M_MER100397,shops_at
A_CUST115479,L_West Bengal,located_in
A_CUST115487,C_CARD520115,uses_card
A_CUST115487,M_MER100059,shops_at
A_CUST115487,L_Maharashtra,located_in
A_CUST115489,C_CARD520117,uses_card
A_CUST115489,M_MER100276,shops_at
A_CUST115489,L_Bihar,located_in
A_CUST115493,C_CARD520121,uses_card
A_CUST115493,M_MER100009,shops_at
A_CUST115493,L_Uttar Pradesh,located_in
A_CUST115493,C_CARD520122,uses_card
A_CUST115493,M_MER100036,shops_at
A_CUST115507,C_CARD520138,uses_card
A_CUST115507,M_MER100335,shops_at
A_CUST115507,L_Rajasthan,located_in
A_CUST115507,C_CARD520139,uses_card
A_CUST115507,M_MER100014,shops_at
A_CUST115507,M_MER100215,shops_at
A_CUST115507,M_MER100461,shops_at
A_CUST115513,C_CARD520146,uses_card
A_CUST115513,M_MER100365,shops_at
A_CUST115513,L_Uttar Pradesh,located_in
A_CUST115514,C_CARD520147,uses_card
A_CUST115514,M_MER100196,shops_at
A_CUST115514,L_West Bengal,located_in
A_CUST115514,M_MER100102,shops_at
A_CUST115518,C_CARD520152,uses_card
A_CUST115518,M_MER100252,shops_at
A_CUST115518,L_Karnataka,located_in
A_CUST115523,C_CARD520159,uses_card
A_CUST115523,M_MER100383,shops_at
A_CUST115523,L_Gujarat,located_in
A_CUST115524,C_CARD520161,uses_card
A_CUST115524,M_MER100022,shops_at
A_CUST115524,L_Tamil Nadu,located_in
A_CUST115526,C_CARD520163,uses_card
A_CUST115526,M_MER100152,shops_at
A_CUST115526,L_Bihar,located_in
A_CUST115529,C_CARD520167,uses_card
A_CUST115529,M_MER100059,shops_at
A_CUST115529,L_Uttar Pradesh,located_in
A_CUST115530,C_CARD520168,uses_card
A_CUST115530,M_MER100152,shops_at
A_CUST115530,L_Kerala,located_in
A_CUST115531,C_CARD520169,uses_card
A_CUST115531,M_MER100333,shops_at
A_CUST115531,L_Haryana,located_in
A_CUST115535,C_CARD520180,uses_card
A_CUST115535,M_MER100244,shops_at
A_CUST115535,L_Punjab,located_in
A_CUST115538,C_CARD520184,uses_card
A_CUST115538,M_MER100358,shops_at
A_CUST115538,L_Tamil Nadu,located_in
A_CUST115538,M_MER100144,shops_at
A_CUST115546,C_CARD520193,uses_card
A_CUST115546,M_MER100076,shops_at
A_CUST115546,L_Tamil Nadu,located_in
A_CUST115550,C_CARD520198,uses_card
A_CUST115550,M_MER100047,shops_at
A_CUST115550,L_Bihar,located_in
A_CUST115555,C_CARD520203,uses_card
A_CUST115555,M_MER100187,shops_at
A_CUST115555,L_Maharashtra,located_in
A_CUST115558,C_CARD520206,uses_card
A_CUST115558,M_MER100062,shops_at
A_CUST115558,L_Gujarat,located_in
A_CUST115558,C_CARD520207,uses_card
A_CUST115558,M_MER100448,shops_at
A_CUST115560,C_CARD520211,uses_card
A_CUST115560,M_MER100254,shops_at
A_CUST115560,L_Kerala,located_in
A_CUST115560,C_CARD520210,uses_card
A_CUST115560,M_MER100030,shops_at
A_CUST115560,M_MER100291,shops_at
A_CUST115562,C_CARD520213,uses_card
A_CUST115562,M_MER100071,shops_at
A_CUST115562,L_Assam,located_in
A_CUST115562,C_CARD520214,uses_card
A_CUST115562,M_MER100224,shops_at
A_CUST115562,M_MER100330,shops_at
A_CUST115562,M_MER100408,shops_at
A_CUST115572,C_CARD520225,uses_card
A_CUST115572,M_MER100216,shops_at
A_CUST115572,L_Maharashtra,located_in
A_CUST115573,C_CARD520227,uses_card
A_CUST115573,M_MER100235,shops_at
A_CUST115573,L_Odisha,located_in
A_CUST115576,C_CARD520230,uses_card
A_CUST115576,M_MER100113,shops_at
A_CUST115576,L_Tamil Nadu,located_in
A_CUST115577,C_CARD520232,uses_card
A_CUST115577,M_MER100279,shops_at
A_CUST115577,L_Rajasthan,located_in
A_CUST115578,C_CARD520234,uses_card
A_CUST115578,M_MER100358,shops_at
A_CUST115578,L_Uttar Pradesh,located_in
A_CUST115581,C_CARD520240,uses_card
A_CUST115581,M_MER100313,shops_at
A_CUST115581,L_Punjab,located_in
A_CUST115581,C_CARD520238,uses_card
A_CUST115581,M_MER100058,shops_at
A_CUST115587,C_CARD520251,uses_card
A_CUST115587,M_MER100429,shops_at
A_CUST115587,L_Madhya Pradesh,located_in
A_CUST115592,C_CARD520258,uses_card
A_CUST115592,M_MER100249,shops_at
A_CUST115592,L_Assam,located_in
A_CUST115593,C_CARD520261,uses_card
A_CUST115593,M_MER100404,shops_at
A_CUST115593,L_Karnataka,located_in
A_CUST115598,C_CARD520268,uses_card
A_CUST115598,M_MER100306,shops_at
A_CUST115598,L_Madhya Pradesh,located_in
A_CUST115598,C_CARD520269,uses_card
A_CUST115598,M_MER100412,shops_at
A_CUST115600,C_CARD520272,uses_card
A_CUST115600,M_MER100322,shops_at
A_CUST115600,L_Kerala,located_in
A_CUST115602,C_CARD520275,uses_card
A_CUST115602,M_MER100358,shops_at
A_CUST115602,L_Kerala,located_in
A_CUST115605,C_CARD520279,uses_card
A_CUST115605,M_MER100382,shops_at
A_CUST115605,L_West Bengal,located_in
A_CUST115607,C_CARD520284,uses_card
A_CUST115607,M_MER100371,shops_at
A_CUST115607,L_Tamil Nadu,located_in
A_CUST115607,M_MER100014,shops_at
A_CUST115614,C_CARD520293,uses_card
A_CUST115614,M_MER100342,shops_at
A_CUST115614,L_Odisha,located_in
A_CUST115614,M_MER100251,shops_at
A_CUST115614,M_MER100424,shops_at
A_CUST115617,C_CARD520296,uses_card
A_CUST115617,M_MER100046,shops_at
A_CUST115617,L_Kerala,located_in
A_CUST115618,C_CARD520297,uses_card
A_CUST115618,M_MER100397,shops_at
A_CUST115618,L_Odisha,located_in
A_CUST115622,C_CARD520302,uses_card
A_CUST115622,M_MER100180,shops_at
A_CUST115622,L_Tamil Nadu,located_in
A_CUST115623,C_CARD520305,uses_card
A_CUST115623,M_MER100193,shops_at
A_CUST115623,L_Telangana,located_in
A_CUST115629,C_CARD520312,uses_card
A_CUST115629,M_MER100369,shops_at
A_CUST115629,L_Madhya Pradesh,located_in
A_CUST115635,C_CARD520320,uses_card
A_CUST115635,M_MER100235,shops_at
A_CUST115635,L_Tamil Nadu,located_in
A_CUST115635,M_MER100055,shops_at
A_CUST115641,C_CARD520328,uses_card
A_CUST115641,M_MER100301,shops_at
A_CUST115641,L_Karnataka,located_in
A_CUST115654,C_CARD520345,uses_card
A_CUST115654,M_MER100195,shops_at
A_CUST115654,L_Maharashtra,located_in
A_CUST115659,C_CARD520353,uses_card
A_CUST115659,M_MER100470,shops_at
A_CUST115659,L_Rajasthan,located_in
A_CUST115664,C_CARD520358,uses_card
A_CUST115664,M_MER100249,shops_at
A_CUST115664,L_Kerala,located_in
A_CUST115664,M_MER100092,shops_at
A_CUST115665,C_CARD520359,uses_card
A_CUST115665,M_MER100175,shops_at
A_CUST115665,L_Gujarat,located_in
A_CUST115669,C_CARD520364,uses_card
A_CUST115669,M_MER100018,shops_at
A_CUST115669,L_Madhya Pradesh,located_in
A_CUST115672,C_CARD520368,uses_card
A_CUST115672,M_MER100406,shops_at
A_CUST115672,L_Rajasthan,located_in
A_CUST115674,C_CARD520370,uses_card
A_CUST115674,M_MER100017,shops_at
A_CUST115674,L_Tamil Nadu,located_in
A_CUST115683,C_CARD520380,uses_card
A_CUST115683,M_MER100492,shops_at
A_CUST115683,L_Haryana,located_in
A_CUST115683,M_MER100109,shops_at
A_CUST115685,C_CARD520382,uses_card
A_CUST115685,M_MER100447,shops_at
A_CUST115685,L_Telangana,located_in
A_CUST115690,C_CARD520388,uses_card
A_CUST115690,M_MER100464,shops_at
A_CUST115690,L_Telangana,located_in
A_CUST115690,M_MER100105,shops_at
A_CUST115690,M_MER100235,shops_at
A_CUST115690,C_CARD520390,uses_card
A_CUST115690,M_MER100354,shops_at
A_CUST115690,M_MER100315,shops_at
A_CUST115691,C_CARD520391,uses_card
A_CUST115691,M_MER100019,shops_at
A_CUST115691,L_Telangana,located_in
A_CUST115693,C_CARD520394,uses_card
A_CUST115693,M_MER100445,shops_at
A_CUST115693,L_Madhya Pradesh,located_in
A_CUST115693,C_CARD520393,uses_card
A_CUST115693,M_MER100412,shops_at
A_CUST115694,C_CARD520395,uses_card
A_CUST115694,M_MER100437,shops_at
A_CUST115694,L_Rajasthan,located_in
A_CUST115704,C_CARD520406,uses_card
A_CUST115704,M_MER100493,shops_at
A_CUST115704,L_Rajasthan,located_in
A_CUST115707,C_CARD520411,uses_card
A_CUST115707,M_MER100398,shops_at
A_CUST115707,L_Rajasthan,located_in
A_CUST115712,C_CARD520417,uses_card
A_CUST115712,M_MER100474,shops_at
A_CUST115712,L_Madhya Pradesh,located_in
A_CUST115713,C_CARD520419,uses_card
A_CUST115713,M_MER100094,shops_at
A_CUST115713,L_Haryana,located_in
A_CUST115715,C_CARD520421,uses_card
A_CUST115715,M_MER100047,shops_at
A_CUST115715,L_Maharashtra,located_in
A_CUST115721,C_CARD520427,uses_card
A_CUST115721,M_MER100252,shops_at
A_CUST115721,L_Haryana,located_in
A_CUST115727,C_CARD520434,uses_card
A_CUST115727,M_MER100040,shops_at
A_CUST115727,L_Telangana,located_in
A_CUST115733,C_CARD520443,uses_card
A_CUST115733,M_MER100444,shops_at
A_CUST115733,L_Punjab,located_in
A_CUST115736,C_CARD520446,uses_card
A_CUST115736,M_MER100124,shops_at
A_CUST115736,L_Telangana,located_in
A_CUST115737,C_CARD520448,uses_card
A_CUST115737,M_MER100129,shops_at
A_CUST115737,L_Bihar,located_in
A_CUST115741,C_CARD520452,uses_card
A_CUST115741,M_MER100099,shops_at
A_CUST115741,L_Assam,located_in
A_CUST115744,C_CARD520456,uses_card
A_CUST115744,M_MER100082,shops_at
A_CUST115744,L_Karnataka,located_in
A_CUST115746,C_CARD520458,uses_card
A_CUST115746,M_MER100500,shops_at
A_CUST115746,L_West Bengal,located_in
A_CUST115762,C_CARD520477,uses_card
A_CUST115762,M_MER100225,shops_at
A_CUST115762,L_Haryana,located_in
A_CUST115762,C_CARD520478,uses_card
A_CUST115762,M_MER100490,shops_at
A_CUST115769,C_CARD520485,uses_card
A_CUST115769,M_MER100276,shops_at
A_CUST115769,L_West Bengal,located_in
A_CUST115771,C_CARD520487,uses_card
A_CUST115771,M_MER100363,shops_at
A_CUST115771,L_Assam,located_in
A_CUST115774,C_CARD520490,uses_card
A_CUST115774,M_MER100397,shops_at
A_CUST115774,L_Punjab,located_in
A_CUST115775,C_CARD520492,uses_card
A_CUST115775,M_MER100111,shops_at
A_CUST115775,L_Telangana,located_in
A_CUST115780,C_CARD520497,uses_card
A_CUST115780,M_MER100021,shops_at
A_CUST115780,L_Haryana,located_in
A_CUST115782,C_CARD520500,uses_card
A_CUST115782,M_MER100188,shops_at
A_CUST115782,L_Rajasthan,located_in
A_CUST115782,M_MER100072,shops_at
A_CUST115782,M_MER100424,shops_at
A_CUST115794,C_CARD520515,uses_card
A_CUST115794,M_MER100014,shops_at
A_CUST115794,L_Maharashtra,located_in
A_CUST115797,C_CARD520519,uses_card
A_CUST115797,M_MER100092,shops_at
A_CUST115797,L_Tamil Nadu,located_in
A_CUST115797,C_CARD520520,uses_card
A_CUST115797,M_MER100274,shops_at
A_CUST115798,C_CARD520521,uses_card
A_CUST115798,M_MER100439,shops_at
A_CUST115798,L_Odisha,located_in
A_CUST115798,M_MER100313,shops_at
A_CUST115804,C_CARD520528,uses_card
A_CUST115804,M_MER100410,shops_at
A_CUST115804,L_Uttar Pradesh,located_in
A_CUST115805,C_CARD520529,uses_card
A_CUST115805,M_MER100490,shops_at
A_CUST115805,L_Gujarat,located_in
A_CUST115805,M_MER100152,shops_at
A_CUST115805,C_CARD520530,uses_card
A_CUST115805,M_MER100427,shops_at
A_CUST115805,M_MER100071,shops_at
A_CUST115805,C_CARD520531,uses_card
A_CUST115805,M_MER100369,shops_at
A_CUST115805,M_MER100291,shops_at
A_CUST115807,C_CARD520533,uses_card
A_CUST115807,M_MER100301,shops_at
A_CUST115807,L_Maharashtra,located_in
A_CUST115810,C_CARD520537,uses_card
A_CUST115810,M_MER100031,shops_at
A_CUST115810,L_Karnataka,located_in
A_CUST115810,C_CARD520536,uses_card
A_CUST115810,M_MER100426,shops_at
A_CUST115812,C_CARD520539,uses_card
A_CUST115812,M_MER100105,shops_at
A_CUST115812,L_West Bengal,located_in
A_CUST115815,C_CARD520544,uses_card
A_CUST115815,M_MER100254,shops_at
A_CUST115815,L_Madhya Pradesh,located_in
A_CUST115819,C_CARD520548,uses_card
A_CUST115819,M_MER100089,shops_at
A_CUST115819,L_Telangana,located_in
A_CUST115820,C_CARD520549,uses_card
A_CUST115820,M_MER100376,shops_at
A_CUST115820,L_Gujarat,located_in
A_CUST115821,C_CARD520551,uses_card
A_CUST115821,M_MER100235,shops_at
A_CUST115821,L_West Bengal,located_in
A_CUST115823,C_CARD520553,uses_card
A_CUST115823,M_MER100278,shops_at
A_CUST115823,L_Gujarat,located_in
A_CUST115825,C_CARD520555,uses_card
A_CUST115825,M_MER100156,shops_at
A_CUST115825,L_Punjab,located_in
A_CUST115825,M_MER100500,shops_at
A_CUST115827,C_CARD520559,uses_card
A_CUST115827,M_MER100235,shops_at
A_CUST115827,L_Haryana,located_in
A_CUST115827,M_MER100400,shops_at
A_CUST115827,M_MER100260,shops_at
A_CUST115827,M_MER100204,shops_at
A_CUST115827,M_MER100083,shops_at
A_CUST115829,C_CARD520562,uses_card
A_CUST115829,M_MER100406,shops_at
A_CUST115829,L_Maharashtra,located_in
A_CUST115831,C_CARD520566,uses_card
A_CUST115831,M_MER100132,shops_at
A_CUST115831,L_West Bengal,located_in
A_CUST115831,C_CARD520565,uses_card
A_CUST115831,M_MER100264,shops_at
A_CUST115831,M_MER100230,shops_at
A_CUST115835,C_CARD520570,uses_card
A_CUST115835,M_MER100214,shops_at
A_CUST115835,L_Maharashtra,located_in
A_CUST115837,C_CARD520572,uses_card
A_CUST115837,M_MER100237,shops_at
A_CUST115837,L_Uttar Pradesh,located_in
A_CUST115840,C_CARD520577,uses_card
A_CUST115840,M_MER100382,shops_at
A_CUST115840,L_Tamil Nadu,located_in
A_CUST115842,C_CARD520582,uses_card
A_CUST115842,M_MER100108,shops_at
A_CUST115842,L_West Bengal,located_in
A_CUST115842,C_CARD520581,uses_card
A_CUST115842,M_MER100141,shops_at
A_CUST115842,M_MER100467,shops_at
A_CUST115843,C_CARD520584,uses_card
A_CUST115843,M_MER100423,shops_at
A_CUST115843,L_Assam,located_in
A_CUST115845,C_CARD520588,uses_card
A_CUST115845,M_MER100003,shops_at
A_CUST115845,L_Kerala,located_in
A_CUST115851,C_CARD520597,uses_card
A_CUST115851,M_MER100059,shops_at
A_CUST115851,L_Madhya Pradesh,located_in
A_CUST115854,C_CARD520603,uses_card
A_CUST115854,M_MER100493,shops_at
A_CUST115854,L_Karnataka,located_in
A_CUST115854,C_CARD520601,uses_card
A_CUST115854,M_MER100342,shops_at
A_CUST115859,C_CARD520608,uses_card
A_CUST115859,M_MER100011,shops_at
A_CUST115859,L_Karnataka,located_in
A_CUST115861,C_CARD520611,uses_card
A_CUST115861,M_MER100407,shops_at
A_CUST115861,L_Madhya Pradesh,located_in
A_CUST115863,C_CARD520613,uses_card
A_CUST115863,M_MER100413,shops_at
A_CUST115863,L_Punjab,located_in
A_CUST115866,C_CARD520616,uses_card
A_CUST115866,M_MER100319,shops_at
A_CUST115866,L_Punjab,located_in
A_CUST115867,C_CARD520618,uses_card
A_CUST115867,M_MER100233,shops_at
A_CUST115867,L_Maharashtra,located_in
A_CUST115868,C_CARD520620,uses_card
A_CUST115868,M_MER100166,shops_at
A_CUST115868,L_Uttar Pradesh,located_in
A_CUST115868,M_MER100421,shops_at
A_CUST115871,C_CARD520623,uses_card
A_CUST115871,M_MER100479,shops_at
A_CUST115871,L_Kerala,located_in
A_CUST115873,C_CARD520626,uses_card
A_CUST115873,M_MER100383,shops_at
A_CUST115873,L_Maharashtra,located_in
A_CUST115884,C_CARD520637,uses_card
A_CUST115884,M_MER100234,shops_at
A_CUST115884,L_Odisha,located_in
A_CUST115884,M_MER100432,shops_at
A_CUST115887,C_CARD520641,uses_card
A_CUST115887,M_MER100347,shops_at
A_CUST115887,L_Bihar,located_in
A_CUST115888,C_CARD520642,uses_card
A_CUST115888,M_MER100239,shops_at
A_CUST115888,L_Rajasthan,located_in
A_CUST115889,C_CARD520643,uses_card
A_CUST115889,M_MER100282,shops_at
A_CUST115889,L_Kerala,located_in
A_CUST115894,C_CARD520651,uses_card
A_CUST115894,M_MER100008,shops_at
A_CUST115894,L_Punjab,located_in
A_CUST115898,C_CARD520655,uses_card
A_CUST115898,M_MER100004,shops_at
A_CUST115898,L_Rajasthan,located_in
A_CUST115898,C_CARD520656,uses_card
A_CUST115898,M_MER100479,shops_at
A_CUST115898,C_CARD520657,uses_card
A_CUST115898,M_MER100064,shops_at
A_CUST115903,C_CARD520662,uses_card
A_CUST115903,M_MER100142,shops_at
A_CUST115903,L_Punjab,located_in
A_CUST115912,C_CARD520672,uses_card
A_CUST115912,M_MER100313,shops_at
A_CUST115912,L_Uttar Pradesh,located_in
A_CUST115913,C_CARD520673,uses_card
A_CUST115913,M_MER100277,shops_at
A_CUST115913,L_Punjab,located_in
A_CUST115913,M_MER100445,shops_at
A_CUST115914,C_CARD520674,uses_card
A_CUST115914,M_MER100479,shops_at
A_CUST115914,L_Rajasthan,located_in
A_CUST115915,C_CARD520675,uses_card
A_CUST115915,M_MER100295,shops_at
A_CUST115915,L_Bihar,located_in
A_CUST115917,C_CARD520677,uses_card
A_CUST115917,M_MER100131,shops_at
A_CUST115917,L_Rajasthan,located_in
A_CUST115919,C_CARD520679,uses_card
A_CUST115919,M_MER100369,shops_at
A_CUST115919,L_Gujarat,located_in
A_CUST115921,C_CARD520681,uses_card
A_CUST115921,M_MER100359,shops_at
A_CUST115921,L_Tamil Nadu,located_in
A_CUST115928,C_CARD520688,uses_card
A_CUST115928,M_MER100227,shops_at
A_CUST115928,L_Gujarat,located_in
A_CUST115931,C_CARD520692,uses_card
A_CUST115931,M_MER100331,shops_at
A_CUST115931,L_Karnataka,located_in
A_CUST115933,C_CARD520695,uses_card
A_CUST115933,M_MER100261,shops_at
A_CUST115933,L_Gujarat,located_in
A_CUST115933,C_CARD520694,uses_card
A_CUST115933,M_MER100275,shops_at
A_CUST115941,C_CARD520706,uses_card
A_CUST115941,M_MER100347,shops_at
A_CUST115941,L_Telangana,located_in
A_CUST115944,C_CARD520711,uses_card
A_CUST115944,M_MER100174,shops_at
A_CUST115944,L_Maharashtra,located_in
A_CUST115948,C_CARD520715,uses_card
A_CUST115948,M_MER100334,shops_at
A_CUST115948,L_Uttar Pradesh,located_in
A_CUST115950,C_CARD520717,uses_card
A_CUST115950,M_MER100059,shops_at
A_CUST115950,L_Odisha,located_in
A_CUST115950,M_MER100358,shops_at
A_CUST115958,C_CARD520726,uses_card
A_CUST115958,M_MER100094,shops_at
A_CUST115958,L_West Bengal,located_in
A_CUST115959,C_CARD520730,uses_card
A_CUST115959,M_MER100405,shops_at
A_CUST115959,L_Assam,located_in
A_CUST115964,C_CARD520735,uses_card
A_CUST115964,M_MER100006,shops_at
A_CUST115964,L_Gujarat,located_in
A_CUST115965,C_CARD520737,uses_card
A_CUST115965,M_MER100024,shops_at
A_CUST115965,L_Punjab,located_in
A_CUST115967,C_CARD520740,uses_card
A_CUST115967,M_MER100147,shops_at
A_CUST115967,L_Kerala,located_in
A_CUST115968,C_CARD520741,uses_card
A_CUST115968,M_MER100286,shops_at
A_CUST115968,L_Odisha,located_in
A_CUST115968,M_MER100017,shops_at
A_CUST115976,C_CARD520754,uses_card
A_CUST115976,M_MER100047,shops_at
A_CUST115976,L_Karnataka,located_in
A_CUST115978,C_CARD520757,uses_card
A_CUST115978,M_MER100163,shops_at
A_CUST115978,L_Karnataka,located_in
A_CUST115982,C_CARD520763,uses_card
A_CUST115982,M_MER100236,shops_at
A_CUST115982,L_Karnataka,located_in
A_CUST115987,C_CARD520770,uses_card
A_CUST115987,M_MER100345,shops_at
A_CUST115987,L_Karnataka,located_in
A_CUST115988,C_CARD520771,uses_card
A_CUST115988,M_MER100113,shops_at
A_CUST115988,L_Madhya Pradesh,located_in
A_CUST115991,C_CARD520775,uses_card
A_CUST115991,M_MER100173,shops_at
A_CUST115991,L_Gujarat,located_in
A_CUST115993,C_CARD520778,uses_card
A_CUST115993,M_MER100118,shops_at
A_CUST115993,L_Assam,located_in
A_CUST115994,C_CARD520779,uses_card
A_CUST115994,M_MER100235,shops_at
A_CUST115994,L_Kerala,located_in
A_CUST115994,M_MER100492,shops_at
A_CUST116003,C_CARD520789,uses_card
A_CUST116003,M_MER100444,shops_at
A_CUST116003,L_Rajasthan,located_in
A_CUST116011,C_CARD520798,uses_card
A_CUST116011,M_MER100446,shops_at
A_CUST116011,L_Assam,located_in
A_CUST116011,C_CARD520799,uses_card
A_CUST116011,M_MER100309,shops_at
A_CUST116019,C_CARD520809,uses_card
A_CUST116019,M_MER100331,shops_at
A_CUST116019,L_West Bengal,located_in
A_CUST116026,C_CARD520820,uses_card
A_CUST116026,M_MER100158,shops_at
A_CUST116026,L_Maharashtra,located_in
A_CUST116030,C_CARD520824,uses_card
A_CUST116030,M_MER100403,shops_at
A_CUST116030,L_Assam,located_in
A_CUST116031,C_CARD520826,uses_card
A_CUST116031,M_MER100257,shops_at
A_CUST116031,L_Telangana,located_in
A_CUST116031,M_MER100243,shops_at
A_CUST116033,C_CARD520829,uses_card
A_CUST116033,M_MER100446,shops_at
A_CUST116033,L_Odisha,located_in
A_CUST116036,C_CARD520834,uses_card
A_CUST116036,M_MER100383,shops_at
A_CUST116036,L_Tamil Nadu,located_in
A_CUST116040,C_CARD520838,uses_card
A_CUST116040,M_MER100216,shops_at
A_CUST116040,L_Gujarat,located_in
A_CUST116044,C_CARD520844,uses_card
A_CUST116044,M_MER100472,shops_at
A_CUST116044,L_Assam,located_in
A_CUST116044,M_MER100305,shops_at
A_CUST116045,C_CARD520845,uses_card
A_CUST116045,M_MER100382,shops_at
A_CUST116045,L_Uttar Pradesh,located_in
A_CUST116047,C_CARD520847,uses_card
A_CUST116047,M_MER100105,shops_at
A_CUST116047,L_Assam,located_in
A_CUST116051,C_CARD520853,uses_card
A_CUST116051,M_MER100332,shops_at
A_CUST116051,L_Telangana,located_in
A_CUST116051,M_MER100297,shops_at
A_CUST116051,C_CARD520852,uses_card
A_CUST116051,M_MER100388,shops_at
A_CUST116057,C_CARD520859,uses_card
A_CUST116057,M_MER100097,shops_at
A_CUST116057,L_Kerala,located_in
A_CUST116067,C_CARD520871,uses_card
A_CUST116067,M_MER100468,shops_at
A_CUST116067,L_West Bengal,located_in
A_CUST116071,C_CARD520877,uses_card
A_CUST116071,M_MER100240,shops_at
A_CUST116071,L_Tamil Nadu,located_in
A_CUST116071,C_CARD520876,uses_card
A_CUST116071,M_MER100238,shops_at
A_CUST116071,C_CARD520878,uses_card
A_CUST116071,M_MER100115,shops_at
A_CUST116072,C_CARD520880,uses_card
A_CUST116072,M_MER100092,shops_at
A_CUST116072,L_Madhya Pradesh,located_in
A_CUST116072,M_MER100115,shops_at
A_CUST116075,C_CARD520884,uses_card
A_CUST116075,M_MER100012,shops_at
A_CUST116075,L_Maharashtra,located_in
A_CUST116075,C_CARD520883,uses_card
A_CUST116075,M_MER100105,shops_at
A_CUST116075,M_MER100271,shops_at
A_CUST116076,C_CARD520886,uses_card
A_CUST116076,M_MER100254,shops_at
A_CUST116076,L_Madhya Pradesh,located_in
A_CUST116085,C_CARD520899,uses_card
A_CUST116085,M_MER100094,shops_at
A_CUST116085,L_Bihar,located_in
A_CUST116085,M_MER100024,shops_at
A_CUST116087,C_CARD520901,uses_card
A_CUST116087,M_MER100014,shops_at
A_CUST116087,L_Assam,located_in
A_CUST116093,C_CARD520908,uses_card
A_CUST116093,M_MER100326,shops_at
A_CUST116093,L_Telangana,located_in
A_CUST116095,C_CARD520911,uses_card
A_CUST116095,M_MER100237,shops_at
A_CUST116095,L_Assam,located_in
A_CUST116098,C_CARD520915,uses_card
A_CUST116098,M_MER100304,shops_at
A_CUST116098,L_Assam,located_in
A_CUST116098,M_MER100236,shops_at
A_CUST116102,C_CARD520921,uses_card
A_CUST116102,M_MER100382,shops_at
A_CUST116102,L_Bihar,located_in
A_CUST116102,M_MER100332,shops_at
A_CUST116109,C_CARD520930,uses_card
A_CUST116109,M_MER100295,shops_at
A_CUST116109,L_Uttar Pradesh,located_in
A_CUST116116,C_CARD520937,uses_card
A_CUST116116,M_MER100050,shops_at
A_CUST116116,L_Tamil Nadu,located_in
A_CUST116121,C_CARD520945,uses_card
A_CUST116121,M_MER100374,shops_at
A_CUST116121,L_Punjab,located_in
A_CUST116123,C_CARD520947,uses_card
A_CUST116123,M_MER100179,shops_at
A_CUST116123,L_Maharashtra,located_in
A_CUST116123,M_MER100015,shops_at
A_CUST116126,C_CARD520951,uses_card
A_CUST116126,M_MER100368,shops_at
A_CUST116126,L_Haryana,located_in
A_CUST116126,M_MER100035,shops_at
A_CUST116127,C_CARD520952,uses_card
A_CUST116127,M_MER100199,shops_at
A_CUST116127,L_Bihar,located_in
A_CUST116128,C_CARD520953,uses_card
A_CUST116128,M_MER100394,shops_at
A_CUST116128,L_Gujarat,located_in
A_CUST116129,C_CARD520954,uses_card
A_CUST116129,M_MER100107,shops_at
A_CUST116129,L_Bihar,located_in
A_CUST116129,M_MER100129,shops_at
A_CUST116131,C_CARD520957,uses_card
A_CUST116131,M_MER100083,shops_at
A_CUST116131,L_Punjab,located_in
A_CUST116132,C_CARD520959,uses_card
A_CUST116132,M_MER100041,shops_at
A_CUST116132,L_Odisha,located_in
A_CUST116132,C_CARD520960,uses_card
A_CUST116132,M_MER100326,shops_at
A_CUST116134,C_CARD520962,uses_card
A_CUST116134,M_MER100117,shops_at
A_CUST116134,L_Gujarat,located_in
A_CUST116141,C_CARD520972,uses_card
A_CUST116141,M_MER100034,shops_at
A_CUST116141,L_Kerala,located_in
A_CUST116141,M_MER100237,shops_at
A_CUST116142,C_CARD520973,uses_card
A_CUST116142,M_MER100427,shops_at
A_CUST116142,L_Haryana,located_in
A_CUST116143,C_CARD520976,uses_card
A_CUST116143,M_MER100256,shops_at
A_CUST116143,L_West Bengal,located_in
A_CUST116145,C_CARD520978,uses_card
A_CUST116145,M_MER100348,shops_at
A_CUST116145,L_West Bengal,located_in
A_CUST116153,C_CARD520987,uses_card
A_CUST116153,M_MER100249,shops_at
A_CUST116153,L_Haryana,located_in
A_CUST116153,M_MER100356,shops_at
A_CUST116153,M_MER100481,shops_at
A_CUST116156,C_CARD520991,uses_card
A_CUST116156,M_MER100359,shops_at
A_CUST116156,L_West Bengal,located_in
A_CUST116156,M_MER100404,shops_at
A_CUST116157,C_CARD520992,uses_card
A_CUST116157,M_MER100046,shops_at
A_CUST116157,L_Haryana,located_in
A_CUST116167,C_CARD521002,uses_card
A_CUST116167,M_MER100027,shops_at
A_CUST116167,L_Punjab,located_in
A_CUST116167,M_MER100432,shops_at
A_CUST116175,C_CARD521011,uses_card
A_CUST116175,M_MER100444,shops_at
A_CUST116175,L_Tamil Nadu,located_in
A_CUST116176,C_CARD521013,uses_card
A_CUST116176,M_MER100253,shops_at
A_CUST116176,L_Madhya Pradesh,located_in
A_CUST116178,C_CARD521016,uses_card
A_CUST116178,M_MER100138,shops_at
A_CUST116178,L_Madhya Pradesh,located_in
A_CUST116178,M_MER100286,shops_at
A_CUST116179,C_CARD521017,uses_card
A_CUST116179,M_MER100390,shops_at
A_CUST116179,L_Kerala,located_in
A_CUST116179,M_MER100392,shops_at
A_CUST116179,C_CARD521018,uses_card
A_CUST116179,M_MER100135,shops_at
A_CUST116191,C_CARD521032,uses_card
A_CUST116191,M_MER100417,shops_at
A_CUST116191,L_Telangana,located_in
A_CUST116195,C_CARD521036,uses_card
A_CUST116195,M_MER100358,shops_at
A_CUST116195,L_Madhya Pradesh,located_in
A_CUST116195,M_MER100169,shops_at
A_CUST116198,C_CARD521040,uses_card
A_CUST116198,M_MER100405,shops_at
A_CUST116198,L_Uttar Pradesh,located_in
A_CUST116198,M_MER100382,shops_at
A_CUST116199,C_CARD521042,uses_card
A_CUST116199,M_MER100326,shops_at
A_CUST116199,L_Haryana,located_in
A_CUST116202,C_CARD521045,uses_card
A_CUST116202,M_MER100376,shops_at
A_CUST116202,L_Kerala,located_in
A_CUST116203,C_CARD521047,uses_card
A_CUST116203,M_MER100047,shops_at
A_CUST116203,L_Telangana,located_in
A_CUST116206,C_CARD521051,uses_card
A_CUST116206,M_MER100251,shops_at
A_CUST116206,L_Tamil Nadu,located_in
A_CUST116207,C_CARD521053,uses_card
A_CUST116207,M_MER100345,shops_at
A_CUST116207,L_Odisha,located_in
A_CUST116209,C_CARD521055,uses_card
A_CUST116209,M_MER100005,shops_at
A_CUST116209,L_Kerala,located_in
A_CUST116213,C_CARD521059,uses_card
A_CUST116213,M_MER100412,shops_at
A_CUST116213,L_Odisha,located_in
A_CUST116213,M_MER100096,shops_at
A_CUST116213,M_MER100220,shops_at
A_CUST116218,C_CARD521064,uses_card
A_CUST116218,M_MER100145,shops_at
A_CUST116218,L_Bihar,located_in
A_CUST116224,C_CARD521075,uses_card
A_CUST116224,M_MER100179,shops_at
A_CUST116224,L_Uttar Pradesh,located_in
A_CUST116236,C_CARD521088,uses_card
A_CUST116236,M_MER100196,shops_at
A_CUST116236,L_Gujarat,located_in
A_CUST116236,M_MER100257,shops_at
A_CUST116236,M_MER100395,shops_at
A_CUST116244,C_CARD521097,uses_card
A_CUST116244,M_MER100189,shops_at
A_CUST116244,L_Haryana,located_in
A_CUST116247,C_CARD521102,uses_card
A_CUST116247,M_MER100437,shops_at
A_CUST116247,L_Rajasthan,located_in
A_CUST116250,C_CARD521105,uses_card
A_CUST116250,M_MER100295,shops_at
A_CUST116250,L_Tamil Nadu,located_in
A_CUST116252,C_CARD521108,uses_card
A_CUST116252,M_MER100156,shops_at
A_CUST116252,L_Madhya Pradesh,located_in
A_CUST116252,C_CARD521107,uses_card
A_CUST116252,M_MER100051,shops_at
A_CUST116253,C_CARD521109,uses_card
A_CUST116253,M_MER100078,shops_at
A_CUST116253,L_Karnataka,located_in
A_CUST116255,C_CARD521111,uses_card
A_CUST116255,M_MER100480,shops_at
A_CUST116255,L_Bihar,located_in
A_CUST116262,C_CARD521120,uses_card
A_CUST116262,M_MER100278,shops_at
A_CUST116262,L_Telangana,located_in
A_CUST116262,M_MER100361,shops_at
A_CUST116263,C_CARD521121,uses_card
A_CUST116263,M_MER100446,shops_at
A_CUST116263,L_Odisha,located_in
A_CUST116269,C_CARD521129,uses_card
A_CUST116269,M_MER100495,shops_at
A_CUST116269,L_West Bengal,located_in
A_CUST116271,C_CARD521132,uses_card
A_CUST116271,M_MER100252,shops_at
A_CUST116271,L_Kerala,located_in
A_CUST116273,C_CARD521135,uses_card
A_CUST116273,M_MER100178,shops_at
A_CUST116273,L_Bihar,located_in
A_CUST116273,M_MER100138,shops_at
A_CUST116276,C_CARD521138,uses_card
A_CUST116276,M_MER100229,shops_at
A_CUST116276,L_Telangana,located_in
A_CUST116277,C_CARD521139,uses_card
A_CUST116277,M_MER100141,shops_at
A_CUST116277,L_Madhya Pradesh,located_in
A_CUST116277,M_MER100062,shops_at
A_CUST116277,C_CARD521140,uses_card
A_CUST116277,M_MER100157,shops_at
A_CUST116277,M_MER100320,shops_at
A_CUST116277,M_MER100059,shops_at
A_CUST116282,C_CARD521145,uses_card
A_CUST116282,M_MER100318,shops_at
A_CUST116282,L_Haryana,located_in
A_CUST116285,C_CARD521149,uses_card
A_CUST116285,M_MER100368,shops_at
A_CUST116285,L_Madhya Pradesh,located_in
A_CUST116287,C_CARD521152,uses_card
A_CUST116287,M_MER100426,shops_at
A_CUST116287,L_Telangana,located_in
A_CUST116289,C_CARD521155,uses_card
A_CUST116289,M_MER100226,shops_at
A_CUST116289,L_Odisha,located_in
A_CUST116289,M_MER100269,shops_at
A_CUST116289,C_CARD521154,uses_card
A_CUST116289,M_MER100444,shops_at
A_CUST116294,C_CARD521160,uses_card
A_CUST116294,M_MER100183,shops_at
A_CUST116294,L_Karnataka,located_in
A_CUST116296,C_CARD521162,uses_card
A_CUST116296,M_MER100048,shops_at
A_CUST116296,L_Gujarat,located_in
A_CUST116299,C_CARD521165,uses_card
A_CUST116299,M_MER100028,shops_at
A_CUST116299,L_Haryana,located_in
A_CUST116311,C_CARD521182,uses_card
A_CUST116311,M_MER100261,shops_at
A_CUST116311,L_Rajasthan,located_in
A_CUST116313,C_CARD521186,uses_card
A_CUST116313,M_MER100120,shops_at
A_CUST116313,L_West Bengal,located_in
A_CUST116326,C_CARD521201,uses_card
A_CUST116326,M_MER100249,shops_at
A_CUST116326,L_Uttar Pradesh,located_in
A_CUST116331,C_CARD521207,uses_card
A_CUST116331,M_MER100135,shops_at
A_CUST116331,L_Assam,located_in
A_CUST116332,C_CARD521208,uses_card
A_CUST116332,M_MER100399,shops_at
A_CUST116332,L_Madhya Pradesh,located_in
A_CUST116334,C_CARD521210,uses_card
A_CUST116334,M_MER100194,shops_at
A_CUST116334,L_Kerala,located_in
A_CUST116334,M_MER100365,shops_at
A_CUST116334,C_CARD521211,uses_card
A_CUST116334,M_MER100152,shops_at
A_CUST116334,M_MER100074,shops_at
A_CUST116339,C_CARD521217,uses_card
A_CUST116339,M_MER100329,shops_at
A_CUST116339,L_Odisha,located_in
A_CUST116346,C_CARD521225,uses_card
A_CUST116346,M_MER100375,shops_at
A_CUST116346,L_Uttar Pradesh,located_in
A_CUST116348,C_CARD521227,uses_card
A_CUST116348,M_MER100495,shops_at
A_CUST116348,L_Rajasthan,located_in
A_CUST116350,C_CARD521229,uses_card
A_CUST116350,M_MER100059,shops_at
A_CUST116350,L_Uttar Pradesh,located_in
A_CUST116350,M_MER100405,shops_at
A_CUST116352,C_CARD521231,uses_card
A_CUST116352,M_MER100206,shops_at
A_CUST116352,L_Assam,located_in
A_CUST116358,C_CARD521238,uses_card
A_CUST116358,M_MER100405,shops_at
A_CUST116358,L_Odisha,located_in
A_CUST116358,C_CARD521239,uses_card
A_CUST116358,M_MER100411,shops_at
A_CUST116358,M_MER100476,shops_at
A_CUST116359,C_CARD521240,uses_card
A_CUST116359,M_MER100266,shops_at
A_CUST116359,L_Haryana,located_in
A_CUST116360,C_CARD521241,uses_card
A_CUST116360,M_MER100358,shops_at
A_CUST116360,L_West Bengal,located_in
A_CUST116362,C_CARD521243,uses_card
A_CUST116362,M_MER100264,shops_at
A_CUST116362,L_Maharashtra,located_in
A_CUST116364,C_CARD521245,uses_card
A_CUST116364,M_MER100060,shops_at
A_CUST116364,L_Gujarat,located_in
A_CUST116364,M_MER100348,shops_at
A_CUST116364,M_MER100105,shops_at
A_CUST116364,M_MER100476,shops_at
A_CUST116364,C_CARD521246,uses_card
A_CUST116364,M_MER100209,shops_at
A_CUST116364,M_MER100104,shops_at
A_CUST116369,C_CARD521252,uses_card
A_CUST116369,M_MER100134,shops_at
A_CUST116369,L_West Bengal,located_in
A_CUST116370,C_CARD521254,uses_card
A_CUST116370,M_MER100132,shops_at
A_CUST116370,L_Madhya Pradesh,located_in
A_CUST116371,C_CARD521255,uses_card
A_CUST116371,M_MER100185,shops_at
A_CUST116371,L_Kerala,located_in
A_CUST116373,C_CARD521258,uses_card
A_CUST116373,M_MER100175,shops_at
A_CUST116373,L_Assam,located_in
A_CUST116378,C_CARD521266,uses_card
A_CUST116378,M_MER100359,shops_at
A_CUST116378,L_Punjab,located_in
A_CUST116380,C_CARD521269,uses_card
A_CUST116380,M_MER100451,shops_at
A_CUST116380,L_Maharashtra,located_in
A_CUST116383,C_CARD521272,uses_card
A_CUST116383,M_MER100014,shops_at
A_CUST116383,L_Odisha,located_in
A_CUST116384,C_CARD521273,uses_card
A_CUST116384,M_MER100195,shops_at
A_CUST116384,L_Karnataka,located_in
A_CUST116392,C_CARD521283,uses_card
A_CUST116392,M_MER100110,shops_at
A_CUST116392,L_Madhya Pradesh,located_in
A_CUST116395,C_CARD521287,uses_card
A_CUST116395,M_MER100004,shops_at
A_CUST116395,L_Odisha,located_in
A_CUST116398,C_CARD521291,uses_card
A_CUST116398,M_MER100311,shops_at
A_CUST116398,L_West Bengal,located_in
A_CUST116398,M_MER100038,shops_at
A_CUST116399,C_CARD521292,uses_card
A_CUST116399,M_MER100418,shops_at
A_CUST116399,L_Madhya Pradesh,located_in
A_CUST116400,C_CARD521294,uses_card
A_CUST116400,M_MER100409,shops_at
A_CUST116400,L_Haryana,located_in
A_CUST116403,C_CARD521300,uses_card
A_CUST116403,M_MER100474,shops_at
A_CUST116403,L_Odisha,located_in
A_CUST116403,C_CARD521299,uses_card
A_CUST116403,M_MER100427,shops_at
A_CUST116403,M_MER100286,shops_at
A_CUST116403,C_CARD521298,uses_card
A_CUST116403,M_MER100406,shops_at
A_CUST116405,C_CARD521303,uses_card
A_CUST116405,M_MER100330,shops_at
A_CUST116405,L_Karnataka,located_in
A_CUST116407,C_CARD521307,uses_card
A_CUST116407,M_MER100062,shops_at
A_CUST116407,L_Punjab,located_in
A_CUST116409,C_CARD521311,uses_card
A_CUST116409,M_MER100366,shops_at
A_CUST116409,L_Rajasthan,located_in
A_CUST116410,C_CARD521313,uses_card
A_CUST116410,M_MER100094,shops_at
A_CUST116410,L_Assam,located_in
A_CUST116415,C_CARD521319,uses_card
A_CUST116415,M_MER100183,shops_at
A_CUST116415,L_Rajasthan,located_in
A_CUST116420,C_CARD521325,uses_card
A_CUST116420,M_MER100037,shops_at
A_CUST116420,L_Rajasthan,located_in
A_CUST116421,C_CARD521327,uses_card
A_CUST116421,M_MER100086,shops_at
A_CUST116421,L_West Bengal,located_in
A_CUST116421,C_CARD521328,uses_card
A_CUST116421,M_MER100238,shops_at
A_CUST116421,M_MER100014,shops_at
A_CUST116421,M_MER100389,shops_at
A_CUST116422,C_CARD521329,uses_card
A_CUST116422,M_MER100106,shops_at
A_CUST116422,L_Punjab,located_in
A_CUST116423,C_CARD521330,uses_card
A_CUST116423,M_MER100181,shops_at
A_CUST116423,L_Kerala,located_in
A_CUST116427,C_CARD521334,uses_card
A_CUST116427,M_MER100413,shops_at
A_CUST116427,L_Karnataka,located_in
A_CUST116433,C_CARD521342,uses_card
A_CUST116433,M_MER100065,shops_at
A_CUST116433,L_Assam,located_in
A_CUST116433,M_MER100429,shops_at
A_CUST116448,C_CARD521362,uses_card
A_CUST116448,M_MER100113,shops_at
A_CUST116448,L_Gujarat,located_in
A_CUST116449,C_CARD521363,uses_card
A_CUST116449,M_MER100059,shops_at
A_CUST116449,L_Karnataka,located_in
A_CUST116451,C_CARD521365,uses_card
A_CUST116451,M_MER100365,shops_at
A_CUST116451,L_Rajasthan,located_in
A_CUST116453,C_CARD521367,uses_card
A_CUST116453,M_MER100444,shops_at
A_CUST116453,L_Bihar,located_in
A_CUST116454,C_CARD521370,uses_card
A_CUST116454,M_MER100337,shops_at
A_CUST116454,L_Tamil Nadu,located_in
A_CUST116454,C_CARD521369,uses_card
A_CUST116454,M_MER100116,shops_at
A_CUST116454,M_MER100138,shops_at
A_CUST116458,C_CARD521375,uses_card
A_CUST116458,M_MER100092,shops_at
A_CUST116458,L_Maharashtra,located_in
A_CUST116466,C_CARD521385,uses_card
A_CUST116466,M_MER100136,shops_at
A_CUST116466,L_Kerala,located_in
A_CUST116466,C_CARD521386,uses_card
A_CUST116466,M_MER100262,shops_at
A_CUST116466,M_MER100382,shops_at
A_CUST116467,C_CARD521387,uses_card
A_CUST116467,M_MER100158,shops_at
A_CUST116467,L_West Bengal,located_in
A_CUST116468,C_CARD521388,uses_card
A_CUST116468,M_MER100218,shops_at
A_CUST116468,L_Kerala,located_in
A_CUST116470,C_CARD521390,uses_card
A_CUST116470,M_MER100018,shops_at
A_CUST116470,L_Haryana,located_in
A_CUST116470,M_MER100432,shops_at
A_CUST116470,M_MER100047,shops_at
A_CUST116477,C_CARD521400,uses_card
A_CUST116477,M_MER100357,shops_at
A_CUST116477,L_Karnataka,located_in
A_CUST116477,M_MER100292,shops_at
A_CUST116477,M_MER100014,shops_at
A_CUST116477,C_CARD521401,uses_card
A_CUST116477,M_MER100495,shops_at
A_CUST116479,C_CARD521404,uses_card
A_CUST116479,M_MER100270,shops_at
A_CUST116479,L_Kerala,located_in
A_CUST116484,C_CARD521410,uses_card
A_CUST116484,M_MER100107,shops_at
A_CUST116484,L_Uttar Pradesh,located_in
A_CUST116490,C_CARD521417,uses_card
A_CUST116490,M_MER100113,shops_at
A_CUST116490,L_Assam,located_in
A_CUST116490,C_CARD521416,uses_card
A_CUST116490,M_MER100039,shops_at
A_CUST116490,M_MER100490,shops_at
A_CUST116492,C_CARD521419,uses_card
A_CUST116492,M_MER100318,shops_at
A_CUST116492,L_Assam,located_in
A_CUST116497,C_CARD521424,uses_card
A_CUST116497,M_MER100089,shops_at
A_CUST116497,L_Rajasthan,located_in
A_CUST116504,C_CARD521432,uses_card
A_CUST116504,M_MER100012,shops_at
A_CUST116504,L_Bihar,located_in
A_CUST116507,C_CARD521436,uses_card
A_CUST116507,M_MER100066,shops_at
A_CUST116507,L_Karnataka,located_in
A_CUST116507,M_MER100442,shops_at
A_CUST116508,C_CARD521437,uses_card
A_CUST116508,M_MER100141,shops_at
A_CUST116508,L_Gujarat,located_in
A_CUST116512,C_CARD521441,uses_card
A_CUST116512,M_MER100018,shops_at
A_CUST116512,L_Odisha,located_in
A_CUST116515,C_CARD521444,uses_card
A_CUST116515,M_MER100053,shops_at
A_CUST116515,L_Kerala,located_in
A_CUST116516,C_CARD521445,uses_card
A_CUST116516,M_MER100215,shops_at
A_CUST116516,L_West Bengal,located_in
A_CUST116517,C_CARD521446,uses_card
A_CUST116517,M_MER100331,shops_at
A_CUST116517,L_Tamil Nadu,located_in
A_CUST116522,C_CARD521452,uses_card
A_CUST116522,M_MER100063,shops_at
A_CUST116522,L_Madhya Pradesh,located_in
A_CUST116527,C_CARD521457,uses_card
A_CUST116527,M_MER100070,shops_at
A_CUST116527,L_Maharashtra,located_in
A_CUST116528,C_CARD521458,uses_card
A_CUST116528,M_MER100215,shops_at
A_CUST116528,L_Odisha,located_in
A_CUST116528,M_MER100188,shops_at
A_CUST116528,M_MER100230,shops_at
A_CUST116528,M_MER100099,shops_at
A_CUST116531,C_CARD521461,uses_card
A_CUST116531,M_MER100179,shops_at
A_CUST116531,L_Haryana,located_in
A_CUST116539,C_CARD521469,uses_card
A_CUST116539,M_MER100046,shops_at
A_CUST116539,L_Telangana,located_in
A_CUST116546,C_CARD521478,uses_card
A_CUST116546,M_MER100382,shops_at
A_CUST116546,L_Rajasthan,located_in
A_CUST116549,C_CARD521484,uses_card
A_CUST116549,M_MER100157,shops_at
A_CUST116549,L_Kerala,located_in
A_CUST116549,M_MER100480,shops_at
A_CUST116549,M_MER100357,shops_at
A_CUST116549,M_MER100062,shops_at
A_CUST116549,C_CARD521482,uses_card
A_CUST116549,M_MER100235,shops_at
A_CUST116549,M_MER100330,shops_at
A_CUST116550,C_CARD521485,uses_card
A_CUST116550,M_MER100450,shops_at
A_CUST116550,L_Bihar,located_in
A_CUST116556,C_CARD521493,uses_card
A_CUST116556,M_MER100434,shops_at
A_CUST116556,L_Telangana,located_in
A_CUST116556,C_CARD521492,uses_card
A_CUST116556,M_MER100325,shops_at
A_CUST116557,C_CARD521494,uses_card
A_CUST116557,M_MER100369,shops_at
A_CUST116557,L_Punjab,located_in
A_CUST116558,C_CARD521495,uses_card
A_CUST116558,M_MER100196,shops_at
A_CUST116558,L_Gujarat,located_in
A_CUST116559,C_CARD521496,uses_card
A_CUST116559,M_MER100254,shops_at
A_CUST116559,L_Odisha,located_in
A_CUST116560,C_CARD521498,uses_card
A_CUST116560,M_MER100495,shops_at
A_CUST116560,L_Tamil Nadu,located_in
A_CUST116560,C_CARD521499,uses_card
A_CUST116560,M_MER100453,shops_at
A_CUST116560,M_MER100492,shops_at
A_CUST116576,C_CARD521515,uses_card
A_CUST116576,M_MER100242,shops_at
A_CUST116576,L_Madhya Pradesh,located_in
A_CUST116583,C_CARD521523,uses_card
A_CUST116583,M_MER100448,shops_at
A_CUST116583,L_Madhya Pradesh,located_in
A_CUST116585,C_CARD521526,uses_card
A_CUST116585,M_MER100481,shops_at
A_CUST116585,L_West Bengal,located_in
A_CUST116585,C_CARD521525,uses_card
A_CUST116585,M_MER100311,shops_at
A_CUST116585,M_MER100057,shops_at
A_CUST116585,M_MER100022,shops_at
A_CUST116585,M_MER100411,shops_at
A_CUST116587,C_CARD521529,uses_card
A_CUST116587,M_MER100110,shops_at
A_CUST116587,L_Rajasthan,located_in
A_CUST116587,M_MER100344,shops_at
A_CUST116588,C_CARD521530,uses_card
A_CUST116588,M_MER100369,shops_at
A_CUST116588,L_Rajasthan,located_in
A_CUST116591,C_CARD521534,uses_card
A_CUST116591,M_MER100288,shops_at
A_CUST116591,L_Assam,located_in
A_CUST116594,C_CARD521540,uses_card
A_CUST116594,M_MER100059,shops_at
A_CUST116594,L_Telangana,located_in
A_CUST116595,C_CARD521541,uses_card
A_CUST116595,M_MER100146,shops_at
A_CUST116595,L_Telangana,located_in
A_CUST116600,C_CARD521549,uses_card
A_CUST116600,M_MER100009,shops_at
A_CUST116600,L_Telangana,located_in
A_CUST116600,M_MER100456,shops_at
A_CUST116601,C_CARD521550,uses_card
A_CUST116601,M_MER100211,shops_at
A_CUST116601,L_Rajasthan,located_in
A_CUST116602,C_CARD521552,uses_card
A_CUST116602,M_MER100029,shops_at
A_CUST116602,L_Rajasthan,located_in
A_CUST116608,C_CARD521560,uses_card
A_CUST116608,M_MER100305,shops_at
A_CUST116608,L_Telangana,located_in
A_CUST116610,C_CARD521563,uses_card
A_CUST116610,M_MER100227,shops_at
A_CUST116610,L_Gujarat,located_in
A_CUST116614,C_CARD521567,uses_card
A_CUST116614,M_MER100171,shops_at
A_CUST116614,L_Gujarat,located_in
A_CUST116614,M_MER100481,shops_at
A_CUST116615,C_CARD521568,uses_card
A_CUST116615,M_MER100158,shops_at
A_CUST116615,L_Karnataka,located_in
A_CUST116618,C_CARD521571,uses_card
A_CUST116618,M_MER100011,shops_at
A_CUST116618,L_Punjab,located_in
A_CUST116622,C_CARD521577,uses_card
A_CUST116622,M_MER100429,shops_at
A_CUST116622,L_Odisha,located_in
A_CUST116622,M_MER100300,shops_at
A_CUST116622,M_MER100252,shops_at
A_CUST116630,C_CARD521585,uses_card
A_CUST116630,M_MER100352,shops_at
A_CUST116630,L_Maharashtra,located_in
A_CUST116630,M_MER100356,shops_at
A_CUST116636,C_CARD521593,uses_card
A_CUST116636,M_MER100278,shops_at
A_CUST116636,L_Uttar Pradesh,located_in
A_CUST116642,C_CARD521601,uses_card
A_CUST116642,M_MER100113,shops_at
A_CUST116642,L_Kerala,located_in
A_CUST116654,C_CARD521617,uses_card
A_CUST116654,M_MER100421,shops_at
A_CUST116654,L_Madhya Pradesh,located_in
A_CUST116669,C_CARD521635,uses_card
A_CUST116669,M_MER100127,shops_at
A_CUST116669,L_Rajasthan,located_in
A_CUST116669,M_MER100185,shops_at
A_CUST116669,C_CARD521636,uses_card
A_CUST116669,M_MER100302,shops_at
A_CUST116671,C_CARD521638,uses_card
A_CUST116671,M_MER100254,shops_at
A_CUST116671,L_Maharashtra,located_in
A_CUST116673,C_CARD521642,uses_card
A_CUST116673,M_MER100465,shops_at
A_CUST116673,L_Uttar Pradesh,located_in
A_CUST116673,C_CARD521641,uses_card
A_CUST116673,M_MER100418,shops_at
A_CUST116673,C_CARD521640,uses_card
A_CUST116673,M_MER100293,shops_at
A_CUST116673,M_MER100022,shops_at
A_CUST116676,C_CARD521645,uses_card
A_CUST116676,M_MER100275,shops_at
A_CUST116676,L_Kerala,located_in
A_CUST116679,C_CARD521648,uses_card
A_CUST116679,M_MER100207,shops_at
A_CUST116679,L_Telangana,located_in
A_CUST116691,C_CARD521666,uses_card
A_CUST116691,M_MER100017,shops_at
A_CUST116691,L_Punjab,located_in
A_CUST116692,C_CARD521667,uses_card
A_CUST116692,M_MER100179,shops_at
A_CUST116692,L_Assam,located_in
A_CUST116692,C_CARD521668,uses_card
A_CUST116692,M_MER100413,shops_at
A_CUST116692,M_MER100235,shops_at
A_CUST116694,C_CARD521670,uses_card
A_CUST116694,M_MER100028,shops_at
A_CUST116694,L_Madhya Pradesh,located_in
A_CUST116697,C_CARD521673,uses_card
A_CUST116697,M_MER100331,shops_at
A_CUST116697,L_Maharashtra,located_in
A_CUST116699,C_CARD521675,uses_card
A_CUST116699,M_MER100157,shops_at
A_CUST116699,L_Uttar Pradesh,located_in
A_CUST116703,C_CARD521679,uses_card
A_CUST116703,M_MER100047,shops_at
A_CUST116703,L_Telangana,located_in
A_CUST116704,C_CARD521680,uses_card
A_CUST116704,M_MER100325,shops_at
A_CUST116704,L_Telangana,located_in
A_CUST116705,C_CARD521681,uses_card
A_CUST116705,M_MER100123,shops_at
A_CUST116705,L_Haryana,located_in
A_CUST116705,M_MER100356,shops_at
A_CUST116705,M_MER100409,shops_at
A_CUST116710,C_CARD521688,uses_card
A_CUST116710,M_MER100270,shops_at
A_CUST116710,L_Assam,located_in
A_CUST116710,M_MER100420,shops_at
A_CUST116710,C_CARD521689,uses_card
A_CUST116710,M_MER100334,shops_at
A_CUST116724,C_CARD521705,uses_card
A_CUST116724,M_MER100226,shops_at
A_CUST116724,L_Karnataka,located_in
A_CUST116730,C_CARD521711,uses_card
A_CUST116730,M_MER100158,shops_at
A_CUST116730,L_Karnataka,located_in
A_CUST116731,C_CARD521712,uses_card
A_CUST116731,M_MER100444,shops_at
A_CUST116731,L_Rajasthan,located_in
A_CUST116731,M_MER100358,shops_at
A_CUST116733,C_CARD521714,uses_card
A_CUST116733,M_MER100367,shops_at
A_CUST116733,L_Uttar Pradesh,located_in
A_CUST116736,C_CARD521717,uses_card
A_CUST116736,M_MER100390,shops_at
A_CUST116736,L_Karnataka,located_in
A_CUST116736,M_MER100062,shops_at
A_CUST116740,C_CARD521723,uses_card
A_CUST116740,M_MER100179,shops_at
A_CUST116740,L_Madhya Pradesh,located_in
A_CUST116743,C_CARD521727,uses_card
A_CUST116743,M_MER100333,shops_at
A_CUST116743,L_Bihar,located_in
A_CUST116753,C_CARD521738,uses_card
A_CUST116753,M_MER100100,shops_at
A_CUST116753,L_Assam,located_in
A_CUST116754,C_CARD521739,uses_card
A_CUST116754,M_MER100129,shops_at
A_CUST116754,L_Haryana,located_in
A_CUST116759,C_CARD521745,uses_card
A_CUST116759,M_MER100408,shops_at
A_CUST116759,L_Madhya Pradesh,located_in
A_CUST116762,C_CARD521748,uses_card
A_CUST116762,M_MER100289,shops_at
A_CUST116762,L_Karnataka,located_in
A_CUST116765,C_CARD521753,uses_card
A_CUST116765,M_MER100022,shops_at
A_CUST116765,L_Kerala,located_in
A_CUST116770,C_CARD521758,uses_card
A_CUST116770,M_MER100195,shops_at
A_CUST116770,L_Punjab,located_in
A_CUST116772,C_CARD521761,uses_card
A_CUST116772,M_MER100060,shops_at
A_CUST116772,L_Assam,located_in
A_CUST116772,M_MER100485,shops_at
A_CUST116774,C_CARD521764,uses_card
A_CUST116774,M_MER100250,shops_at
A_CUST116774,L_Kerala,located_in
A_CUST116777,C_CARD521769,uses_card
A_CUST116777,M_MER100424,shops_at
A_CUST116777,L_Bihar,located_in
A_CUST116779,C_CARD521772,uses_card
A_CUST116779,M_MER100269,shops_at
A_CUST116779,L_Karnataka,located_in
A_CUST116784,C_CARD521778,uses_card
A_CUST116784,M_MER100333,shops_at
A_CUST116784,L_Bihar,located_in
A_CUST116786,C_CARD521781,uses_card
A_CUST116786,M_MER100085,shops_at
A_CUST116786,L_Telangana,located_in
A_CUST116786,C_CARD521780,uses_card
A_CUST116786,M_MER100059,shops_at
A_CUST116787,C_CARD521782,uses_card
A_CUST116787,M_MER100179,shops_at
A_CUST116787,L_Tamil Nadu,located_in
A_CUST116793,C_CARD521790,uses_card
A_CUST116793,M_MER100492,shops_at
A_CUST116793,L_Haryana,located_in
A_CUST116794,C_CARD521791,uses_card
A_CUST116794,M_MER100254,shops_at
A_CUST116794,L_Punjab,located_in
A_CUST116796,C_CARD521795,uses_card
A_CUST116796,M_MER100492,shops_at
A_CUST116796,L_Kerala,located_in
A_CUST116801,C_CARD521802,uses_card
A_CUST116801,M_MER100170,shops_at
A_CUST116801,L_Telangana,located_in
A_CUST116808,C_CARD521809,uses_card
A_CUST116808,M_MER100179,shops_at
A_CUST116808,L_Assam,located_in
A_CUST116812,C_CARD521815,uses_card
A_CUST116812,M_MER100292,shops_at
A_CUST116812,L_Odisha,located_in
A_CUST116815,C_CARD521819,uses_card
A_CUST116815,M_MER100367,shops_at
A_CUST116815,L_Uttar Pradesh,located_in
A_CUST116815,M_MER100138,shops_at
A_CUST116815,M_MER100291,shops_at
A_CUST116828,C_CARD521833,uses_card
A_CUST116828,M_MER100130,shops_at
A_CUST116828,L_Maharashtra,located_in
A_CUST116828,M_MER100138,shops_at
A_CUST116829,C_CARD521835,uses_card
A_CUST116829,M_MER100211,shops_at
A_CUST116829,L_Haryana,located_in
A_CUST116833,C_CARD521839,uses_card
A_CUST116833,M_MER100092,shops_at
A_CUST116833,L_Karnataka,located_in
A_CUST116838,C_CARD521846,uses_card
A_CUST116838,M_MER100496,shops_at
A_CUST116838,L_Karnataka,located_in
A_CUST116838,M_MER100210,shops_at
A_CUST116839,C_CARD521847,uses_card
A_CUST116839,M_MER100425,shops_at
A_CUST116839,L_Odisha,located_in
A_CUST116846,C_CARD521856,uses_card
A_CUST116846,M_MER100008,shops_at
A_CUST116846,L_Assam,located_in
A_CUST116850,C_CARD521864,uses_card
A_CUST116850,M_MER100432,shops_at
A_CUST116850,L_Tamil Nadu,located_in
A_CUST116850,M_MER100382,shops_at
A_CUST116850,M_MER100185,shops_at
A_CUST116851,C_CARD521865,uses_card
A_CUST116851,M_MER100062,shops_at
A_CUST116851,L_West Bengal,located_in
A_CUST116859,C_CARD521874,uses_card
A_CUST116859,M_MER100372,shops_at
A_CUST116859,L_Bihar,located_in
A_CUST116861,C_CARD521877,uses_card
A_CUST116861,M_MER100464,shops_at
A_CUST116861,L_Punjab,located_in
A_CUST116862,C_CARD521878,uses_card
A_CUST116862,M_MER100262,shops_at
A_CUST116862,L_Rajasthan,located_in
A_CUST116866,C_CARD521883,uses_card
A_CUST116866,M_MER100290,shops_at
A_CUST116866,L_Kerala,located_in
A_CUST116866,M_MER100036,shops_at
A_CUST116866,M_MER100487,shops_at
A_CUST116866,C_CARD521882,uses_card
A_CUST116866,M_MER100051,shops_at
A_CUST116874,C_CARD521893,uses_card
A_CUST116874,M_MER100495,shops_at
A_CUST116874,L_Punjab,located_in
A_CUST116883,C_CARD521904,uses_card
A_CUST116883,M_MER100059,shops_at
A_CUST116883,L_Tamil Nadu,located_in
A_CUST116883,M_MER100250,shops_at
A_CUST116889,C_CARD521913,uses_card
A_CUST116889,M_MER100443,shops_at
A_CUST116889,L_Rajasthan,located_in
A_CUST116890,C_CARD521914,uses_card
A_CUST116890,M_MER100022,shops_at
A_CUST116890,L_Gujarat,located_in
A_CUST116894,C_CARD521918,uses_card
A_CUST116894,M_MER100059,shops_at
A_CUST116894,L_West Bengal,located_in
A_CUST116895,C_CARD521919,uses_card
A_CUST116895,M_MER100216,shops_at
A_CUST116895,L_Punjab,located_in
A_CUST116896,C_CARD521924,uses_card
A_CUST116896,M_MER100165,shops_at
A_CUST116896,L_Tamil Nadu,located_in
A_CUST116896,C_CARD521922,uses_card
A_CUST116896,M_MER100214,shops_at
A_CUST116898,C_CARD521928,uses_card
A_CUST116898,M_MER100116,shops_at
A_CUST116898,L_Kerala,located_in
A_CUST116898,M_MER100059,shops_at
A_CUST116912,C_CARD521945,uses_card
A_CUST116912,M_MER100251,shops_at
A_CUST116912,L_Kerala,located_in
A_CUST116912,C_CARD521946,uses_card
A_CUST116912,M_MER100376,shops_at
A_CUST116917,C_CARD521952,uses_card
A_CUST116917,M_MER100102,shops_at
A_CUST116917,L_Maharashtra,located_in
A_CUST116918,C_CARD521953,uses_card
A_CUST116918,M_MER100249,shops_at
A_CUST116918,L_Haryana,located_in
A_CUST116922,C_CARD521960,uses_card
A_CUST116922,M_MER100158,shops_at
A_CUST116922,L_Bihar,located_in
A_CUST116923,C_CARD521962,uses_card
A_CUST116923,M_MER100090,shops_at
A_CUST116923,L_West Bengal,located_in
A_CUST116924,C_CARD521963,uses_card
A_CUST116924,M_MER100378,shops_at
A_CUST116924,L_Telangana,located_in
A_CUST116924,M_MER100024,shops_at
A_CUST116924,M_MER100448,shops_at
A_CUST116924,C_CARD521964,uses_card
A_CUST116924,M_MER100042,shops_at
A_CUST116926,C_CARD521967,uses_card
A_CUST116926,M_MER100456,shops_at
A_CUST116926,L_Telangana,located_in
A_CUST116926,C_CARD521966,uses_card
A_CUST116926,M_MER100254,shops_at
A_CUST116926,M_MER100442,shops_at
A_CUST116928,C_CARD521970,uses_card
A_CUST116928,M_MER100057,shops_at
A_CUST116928,L_Odisha,located_in
A_CUST116930,C_CARD521974,uses_card
A_CUST116930,M_MER100424,shops_at
A_CUST116930,L_Odisha,located_in
A_CUST116930,M_MER100092,shops_at
A_CUST116930,C_CARD521972,uses_card
A_CUST116930,M_MER100495,shops_at
A_CUST116936,C_CARD521980,uses_card
A_CUST116936,M_MER100030,shops_at
A_CUST116936,L_Maharashtra,located_in
A_CUST116936,M_MER100396,shops_at
A_CUST116939,C_CARD521984,uses_card
A_CUST116939,M_MER100254,shops_at
A_CUST116939,L_Madhya Pradesh,located_in
A_CUST116947,C_CARD521993,uses_card
A_CUST116947,M_MER100492,shops_at
A_CUST116947,L_Punjab,located_in
A_CUST116955,C_CARD522004,uses_card
A_CUST116955,M_MER100479,shops_at
A_CUST116955,L_Uttar Pradesh,located_in
A_CUST116956,C_CARD522005,uses_card
A_CUST116956,M_MER100006,shops_at
A_CUST116956,L_Rajasthan,located_in
A_CUST116956,M_MER100382,shops_at
A_CUST116957,C_CARD522008,uses_card
A_CUST116957,M_MER100424,shops_at
A_CUST116957,L_Gujarat,located_in
A_CUST116963,C_CARD522014,uses_card
A_CUST116963,M_MER100459,shops_at
A_CUST116963,L_Karnataka,located_in
A_CUST116963,M_MER100488,shops_at
A_CUST116963,C_CARD522015,uses_card
A_CUST116963,M_MER100494,shops_at
A_CUST116963,M_MER100234,shops_at
A_CUST116963,M_MER100002,shops_at
A_CUST116969,C_CARD522023,uses_card
A_CUST116969,M_MER100405,shops_at
A_CUST116969,L_West Bengal,located_in
A_CUST116970,C_CARD522025,uses_card
A_CUST116970,M_MER100018,shops_at
A_CUST116970,L_Bihar,located_in
A_CUST116970,C_CARD522026,uses_card
A_CUST116970,M_MER100418,shops_at
A_CUST116985,C_CARD522041,uses_card
A_CUST116985,M_MER100438,shops_at
A_CUST116985,L_Rajasthan,located_in
A_CUST116992,C_CARD522049,uses_card
A_CUST116992,M_MER100008,shops_at
A_CUST116992,L_Assam,located_in
A_CUST116993,C_CARD522050,uses_card
A_CUST116993,M_MER100124,shops_at
A_CUST116993,L_Uttar Pradesh,located_in
A_CUST116996,C_CARD522054,uses_card
A_CUST116996,M_MER100153,shops_at
A_CUST116996,L_Karnataka,located_in
A_CUST116997,C_CARD522057,uses_card
A_CUST116997,M_MER100327,shops_at
A_CUST116997,L_Kerala,located_in
A_CUST117001,C_CARD522061,uses_card
A_CUST117001,M_MER100181,shops_at
A_CUST117001,L_Kerala,located_in
A_CUST117004,C_CARD522066,uses_card
A_CUST117004,M_MER100102,shops_at
A_CUST117004,L_Uttar Pradesh,located_in
A_CUST117004,M_MER100365,shops_at
A_CUST117005,C_CARD522067,uses_card
A_CUST117005,M_MER100059,shops_at
A_CUST117005,L_Assam,located_in
A_CUST117005,M_MER100062,shops_at
A_CUST117006,C_CARD522069,uses_card
A_CUST117006,M_MER100326,shops_at
A_CUST117006,L_West Bengal,located_in
A_CUST117007,C_CARD522072,uses_card
A_CUST117007,M_MER100313,shops_at
A_CUST117007,L_Punjab,located_in
A_CUST117008,C_CARD522073,uses_card
A_CUST117008,M_MER100138,shops_at
A_CUST117008,L_West Bengal,located_in
A_CUST117008,M_MER100444,shops_at
A_CUST117009,C_CARD522074,uses_card
A_CUST117009,M_MER100047,shops_at
A_CUST117009,L_Bihar,located_in
A_CUST117010,C_CARD522076,uses_card
A_CUST117010,M_MER100464,shops_at
A_CUST117010,L_Maharashtra,located_in
A_CUST117012,C_CARD522080,uses_card
A_CUST117012,M_MER100002,shops_at
A_CUST117012,L_Kerala,located_in
A_CUST117012,M_MER100288,shops_at
A_CUST117014,C_CARD522083,uses_card
A_CUST117014,M_MER100062,shops_at
A_CUST117014,L_Kerala,located_in
A_CUST117016,C_CARD522085,uses_card
A_CUST117016,M_MER100276,shops_at
A_CUST117016,L_Rajasthan,located_in
A_CUST117016,M_MER100035,shops_at
A_CUST117018,C_CARD522089,uses_card
A_CUST117018,M_MER100323,shops_at
A_CUST117018,L_Telangana,located_in
A_CUST117018,M_MER100333,shops_at
A_CUST117020,C_CARD522091,uses_card
A_CUST117020,M_MER100331,shops_at
A_CUST117020,L_Madhya Pradesh,located_in
A_CUST117021,C_CARD522094,uses_card
A_CUST117021,M_MER100113,shops_at
A_CUST117021,L_Uttar Pradesh,located_in
A_CUST117021,M_MER100237,shops_at
A_CUST117024,C_CARD522097,uses_card
A_CUST117024,M_MER100085,shops_at
A_CUST117024,L_Odisha,located_in
A_CUST117024,M_MER100131,shops_at
A_CUST117024,C_CARD522098,uses_card
A_CUST117024,M_MER100411,shops_at
A_CUST117026,C_CARD522101,uses_card
A_CUST117026,M_MER100254,shops_at
A_CUST117026,L_Uttar Pradesh,located_in
A_CUST117029,C_CARD522106,uses_card
A_CUST117029,M_MER100424,shops_at
A_CUST117029,L_Madhya Pradesh,located_in
A_CUST117038,C_CARD522118,uses_card
A_CUST117038,M_MER100304,shops_at
A_CUST117038,L_Telangana,located_in
A_CUST117038,C_CARD522117,uses_card
A_CUST117038,M_MER100161,shops_at
A_CUST117038,M_MER100296,shops_at
A_CUST117038,M_MER100024,shops_at
A_CUST117043,C_CARD522123,uses_card
A_CUST117043,M_MER100498,shops_at
A_CUST117043,L_Gujarat,located_in
A_CUST117043,M_MER100046,shops_at
A_CUST117047,C_CARD522127,uses_card
A_CUST117047,M_MER100369,shops_at
A_CUST117047,L_Odisha,located_in
A_CUST117047,M_MER100047,shops_at
A_CUST117048,C_CARD522128,uses_card
A_CUST117048,M_MER100483,shops_at
A_CUST117048,L_Gujarat,located_in
A_CUST117048,M_MER100280,shops_at
A_CUST117049,C_CARD522130,uses_card
A_CUST117049,M_MER100198,shops_at
A_CUST117049,L_Punjab,located_in
A_CUST117049,M_MER100191,shops_at
A_CUST117058,C_CARD522141,uses_card
A_CUST117058,M_MER100144,shops_at
A_CUST117058,L_Odisha,located_in
A_CUST117058,M_MER100260,shops_at
A_CUST117058,M_MER100057,shops_at
A_CUST117058,M_MER100024,shops_at
A_CUST117060,C_CARD522144,uses_card
A_CUST117060,M_MER100047,shops_at
A_CUST117060,L_Maharashtra,located_in
A_CUST117067,C_CARD522151,uses_card
A_CUST117067,M_MER100054,shops_at
A_CUST117067,L_Odisha,located_in
A_CUST117067,M_MER100459,shops_at
A_CUST117073,C_CARD522159,uses_card
A_CUST117073,M_MER100105,shops_at
A_CUST117073,L_Maharashtra,located_in
A_CUST117074,C_CARD522161,uses_card
A_CUST117074,M_MER100131,shops_at
A_CUST117074,L_Maharashtra,located_in
A_CUST117075,C_CARD522162,uses_card
A_CUST117075,M_MER100249,shops_at
A_CUST117075,L_Telangana,located_in
A_CUST117075,C_CARD522163,uses_card
A_CUST117075,M_MER100135,shops_at
A_CUST117075,M_MER100323,shops_at
A_CUST117075,M_MER100495,shops_at
A_CUST117077,C_CARD522166,uses_card
A_CUST117077,M_MER100254,shops_at
A_CUST117077,L_Kerala,located_in
A_CUST117081,C_CARD522171,uses_card
A_CUST117081,M_MER100293,shops_at
A_CUST117081,L_Telangana,located_in
A_CUST117081,C_CARD522172,uses_card
A_CUST117081,M_MER100234,shops_at
A_CUST117086,C_CARD522178,uses_card
A_CUST117086,M_MER100074,shops_at
A_CUST117086,L_Kerala,located_in
A_CUST117087,C_CARD522179,uses_card
A_CUST117087,M_MER100420,shops_at
A_CUST117087,L_Karnataka,located_in
A_CUST117093,C_CARD522185,uses_card
A_CUST117093,M_MER100062,shops_at
A_CUST117093,L_Assam,located_in
A_CUST117093,C_CARD522186,uses_card
A_CUST117093,M_MER100060,shops_at
A_CUST117093,M_MER100243,shops_at
A_CUST117095,C_CARD522190,uses_card
A_CUST117095,M_MER100054,shops_at
A_CUST117095,L_West Bengal,located_in
A_CUST117095,M_MER100210,shops_at
A_CUST117095,M_MER100056,shops_at
A_CUST117097,C_CARD522192,uses_card
A_CUST117097,M_MER100475,shops_at
A_CUST117097,L_Odisha,located_in
A_CUST117097,M_MER100022,shops_at
A_CUST117100,C_CARD522195,uses_card
A_CUST117100,M_MER100326,shops_at
A_CUST117100,L_Rajasthan,located_in
A_CUST117102,C_CARD522197,uses_card
A_CUST117102,M_MER100424,shops_at
A_CUST117102,L_Bihar,located_in
A_CUST117105,C_CARD522202,uses_card
A_CUST117105,M_MER100113,shops_at
A_CUST117105,L_Tamil Nadu,located_in
A_CUST117109,C_CARD522207,uses_card
A_CUST117109,M_MER100014,shops_at
A_CUST117109,L_Haryana,located_in
A_CUST117109,M_MER100325,shops_at
A_CUST117115,C_CARD522214,uses_card
A_CUST117115,M_MER100248,shops_at
A_CUST117115,L_Rajasthan,located_in
A_CUST117116,C_CARD522215,uses_card
A_CUST117116,M_MER100141,shops_at
A_CUST117116,L_Gujarat,located_in
A_CUST117117,C_CARD522217,uses_card
A_CUST117117,M_MER100360,shops_at
A_CUST117117,L_Karnataka,located_in
A_CUST117117,M_MER100382,shops_at
A_CUST117118,C_CARD522221,uses_card
A_CUST117118,M_MER100472,shops_at
A_CUST117118,L_Odisha,located_in
A_CUST117118,C_CARD522219,uses_card
A_CUST117118,M_MER100166,shops_at
A_CUST117118,M_MER100494,shops_at
A_CUST117118,M_MER100320,shops_at
A_CUST117118,M_MER100482,shops_at
A_CUST117119,C_CARD522223,uses_card
A_CUST117119,M_MER100195,shops_at
A_CUST117119,L_Telangana,located_in
A_CUST117119,M_MER100109,shops_at
A_CUST117127,C_CARD522235,uses_card
A_CUST117127,M_MER100291,shops_at
A_CUST117127,L_Rajasthan,located_in
A_CUST117127,M_MER100138,shops_at
A_CUST117130,C_CARD522240,uses_card
A_CUST117130,M_MER100041,shops_at
A_CUST117130,L_Assam,located_in
A_CUST117132,C_CARD522242,uses_card
A_CUST117132,M_MER100284,shops_at
A_CUST117132,L_Bihar,located_in
A_CUST117136,C_CARD522247,uses_card
A_CUST117136,M_MER100326,shops_at
A_CUST117136,L_Assam,located_in
A_CUST117140,C_CARD522251,uses_card
A_CUST117140,M_MER100033,shops_at
A_CUST117140,L_Assam,located_in
A_CUST117144,C_CARD522257,uses_card
A_CUST117144,M_MER100213,shops_at
A_CUST117144,L_Uttar Pradesh,located_in
A_CUST117146,C_CARD522259,uses_card
A_CUST117146,M_MER100286,shops_at
A_CUST117146,L_Uttar Pradesh,located_in
A_CUST117146,M_MER100319,shops_at
A_CUST117146,C_CARD522260,uses_card
A_CUST117146,M_MER100415,shops_at
A_CUST117152,C_CARD522266,uses_card
A_CUST117152,M_MER100009,shops_at
A_CUST117152,L_Telangana,located_in
A_CUST117154,C_CARD522268,uses_card
A_CUST117154,M_MER100383,shops_at
A_CUST117154,L_Madhya Pradesh,located_in
A_CUST117158,C_CARD522273,uses_card
A_CUST117158,M_MER100276,shops_at
A_CUST117158,L_Karnataka,located_in
A_CUST117158,C_CARD522272,uses_card
A_CUST117158,M_MER100218,shops_at
A_CUST117158,M_MER100011,shops_at
A_CUST117158,M_MER100294,shops_at
A_CUST117158,M_MER100288,shops_at
A_CUST117159,C_CARD522275,uses_card
A_CUST117159,M_MER100358,shops_at
A_CUST117159,L_Rajasthan,located_in
A_CUST117162,C_CARD522279,uses_card
A_CUST117162,M_MER100044,shops_at
A_CUST117162,L_Karnataka,located_in
A_CUST117164,C_CARD522281,uses_card
A_CUST117164,M_MER100062,shops_at
A_CUST117164,L_Karnataka,located_in
A_CUST117164,M_MER100288,shops_at
A_CUST117164,C_CARD522282,uses_card
A_CUST117164,M_MER100236,shops_at
A_CUST117164,M_MER100369,shops_at
A_CUST117167,C_CARD522285,uses_card
A_CUST117167,M_MER100367,shops_at
A_CUST117167,L_Karnataka,located_in
A_CUST117168,C_CARD522286,uses_card
A_CUST117168,M_MER100420,shops_at
A_CUST117168,L_Punjab,located_in
A_CUST117174,C_CARD522292,uses_card
A_CUST117174,M_MER100029,shops_at
A_CUST117174,L_Uttar Pradesh,located_in
A_CUST117181,C_CARD522299,uses_card
A_CUST117181,M_MER100218,shops_at
A_CUST117181,L_Odisha,located_in
A_CUST117183,C_CARD522302,uses_card
A_CUST117183,M_MER100439,shops_at
A_CUST117183,L_Madhya Pradesh,located_in
A_CUST117189,C_CARD522309,uses_card
A_CUST117189,M_MER100253,shops_at
A_CUST117189,L_Gujarat,located_in
A_CUST117189,C_CARD522308,uses_card
A_CUST117189,M_MER100059,shops_at
A_CUST117197,C_CARD522320,uses_card
A_CUST117197,M_MER100283,shops_at
A_CUST117197,L_Maharashtra,located_in
A_CUST117197,M_MER100071,shops_at
A_CUST117197,M_MER100005,shops_at
A_CUST117199,C_CARD522323,uses_card
A_CUST117199,M_MER100459,shops_at
A_CUST117199,L_Assam,located_in
A_CUST117200,C_CARD522324,uses_card
A_CUST117200,M_MER100282,shops_at
A_CUST117200,L_Haryana,located_in
A_CUST117203,C_CARD522330,uses_card
A_CUST117203,M_MER100464,shops_at
A_CUST117203,L_Maharashtra,located_in
A_CUST117203,C_CARD522329,uses_card
A_CUST117203,M_MER100070,shops_at
A_CUST117204,C_CARD522331,uses_card
A_CUST117204,M_MER100115,shops_at
A_CUST117204,L_Karnataka,located_in
A_CUST117206,C_CARD522333,uses_card
A_CUST117206,M_MER100013,shops_at
A_CUST117206,L_Punjab,located_in
A_CUST117212,C_CARD522339,uses_card
A_CUST117212,M_MER100206,shops_at
A_CUST117212,L_Bihar,located_in
A_CUST117212,M_MER100499,shops_at
A_CUST117214,C_CARD522342,uses_card
A_CUST117214,M_MER100271,shops_at
A_CUST117214,L_Telangana,located_in
A_CUST117215,C_CARD522344,uses_card
A_CUST117215,M_MER100025,shops_at
A_CUST117215,L_Punjab,located_in
A_CUST117217,C_CARD522347,uses_card
A_CUST117217,M_MER100319,shops_at
A_CUST117217,L_West Bengal,located_in
A_CUST117217,C_CARD522348,uses_card
A_CUST117217,M_MER100323,shops_at
A_CUST117218,C_CARD522349,uses_card
A_CUST117218,M_MER100322,shops_at
A_CUST117218,L_Haryana,located_in
A_CUST117219,C_CARD522350,uses_card
A_CUST117219,M_MER100137,shops_at
A_CUST117219,L_Madhya Pradesh,located_in
A_CUST117220,C_CARD522351,uses_card
A_CUST117220,M_MER100110,shops_at
A_CUST117220,L_Uttar Pradesh,located_in
A_CUST117221,C_CARD522353,uses_card
A_CUST117221,M_MER100054,shops_at
A_CUST117221,L_Madhya Pradesh,located_in
A_CUST117222,C_CARD522356,uses_card
A_CUST117222,M_MER100071,shops_at
A_CUST117222,L_West Bengal,located_in
A_CUST117232,C_CARD522369,uses_card
A_CUST117232,M_MER100017,shops_at
A_CUST117232,L_Rajasthan,located_in
A_CUST117234,C_CARD522372,uses_card
A_CUST117234,M_MER100141,shops_at
A_CUST117234,L_Kerala,located_in
A_CUST117237,C_CARD522376,uses_card
A_CUST117237,M_MER100481,shops_at
A_CUST117237,L_Odisha,located_in
A_CUST117240,C_CARD522379,uses_card
A_CUST117240,M_MER100474,shops_at
A_CUST117240,L_Assam,located_in
A_CUST117242,C_CARD522381,uses_card
A_CUST117242,M_MER100390,shops_at
A_CUST117242,L_Maharashtra,located_in
A_CUST117242,C_CARD522382,uses_card
A_CUST117242,M_MER100218,shops_at
A_CUST117243,C_CARD522384,uses_card
A_CUST117243,M_MER100392,shops_at
A_CUST117243,L_Rajasthan,located_in
A_CUST117243,C_CARD522383,uses_card
A_CUST117243,M_MER100340,shops_at
A_CUST117245,C_CARD522386,uses_card
A_CUST117245,M_MER100286,shops_at
A_CUST117245,L_Rajasthan,located_in
A_CUST117247,C_CARD522388,uses_card
A_CUST117247,M_MER100465,shops_at
A_CUST117247,L_Assam,located_in
A_CUST117247,M_MER100126,shops_at
A_CUST117248,C_CARD522389,uses_card
A_CUST117248,M_MER100272,shops_at
A_CUST117248,L_Tamil Nadu,located_in
A_CUST117254,C_CARD522398,uses_card
A_CUST117254,M_MER100471,shops_at
A_CUST117254,L_West Bengal,located_in
A_CUST117262,C_CARD522409,uses_card
A_CUST117262,M_MER100493,shops_at
A_CUST117262,L_Tamil Nadu,located_in
A_CUST117266,C_CARD522414,uses_card
A_CUST117266,M_MER100247,shops_at
A_CUST117266,L_Tamil Nadu,located_in
A_CUST117269,C_CARD522417,uses_card
A_CUST117269,M_MER100113,shops_at
A_CUST117269,L_West Bengal,located_in
A_CUST117269,M_MER100155,shops_at
A_CUST117270,C_CARD522420,uses_card
A_CUST117270,M_MER100364,shops_at
A_CUST117270,L_Haryana,located_in
A_CUST117270,M_MER100250,shops_at
A_CUST117274,C_CARD522424,uses_card
A_CUST117274,M_MER100366,shops_at
A_CUST117274,L_Karnataka,located_in
A_CUST117277,C_CARD522429,uses_card
A_CUST117277,M_MER100097,shops_at
A_CUST117277,L_Telangana,located_in
A_CUST117278,C_CARD522431,uses_card
A_CUST117278,M_MER100109,shops_at
A_CUST117278,L_Assam,located_in
A_CUST117281,C_CARD522434,uses_card
A_CUST117281,M_MER100365,shops_at
A_CUST117281,L_Assam,located_in
A_CUST117283,C_CARD522436,uses_card
A_CUST117283,M_MER100182,shops_at
A_CUST117283,L_Rajasthan,located_in
A_CUST117283,M_MER100013,shops_at
A_CUST117284,C_CARD522438,uses_card
A_CUST117284,M_MER100033,shops_at
A_CUST117284,L_Maharashtra,located_in
A_CUST117286,C_CARD522440,uses_card
A_CUST117286,M_MER100002,shops_at
A_CUST117286,L_Bihar,located_in
A_CUST117286,M_MER100421,shops_at
A_CUST117287,C_CARD522442,uses_card
A_CUST117287,M_MER100364,shops_at
A_CUST117287,L_Kerala,located_in
A_CUST117292,C_CARD522447,uses_card
A_CUST117292,M_MER100217,shops_at
A_CUST117292,L_Haryana,located_in
A_CUST117304,C_CARD522460,uses_card
A_CUST117304,M_MER100022,shops_at
A_CUST117304,L_Telangana,located_in
A_CUST117312,C_CARD522469,uses_card
A_CUST117312,M_MER100135,shops_at
A_CUST117312,L_Punjab,located_in
A_CUST117312,C_CARD522470,uses_card
A_CUST117312,M_MER100224,shops_at
A_CUST117314,C_CARD522474,uses_card
A_CUST117314,M_MER100466,shops_at
A_CUST117314,L_Odisha,located_in
A_CUST117315,C_CARD522475,uses_card
A_CUST117315,M_MER100398,shops_at
A_CUST117315,L_Uttar Pradesh,located_in
A_CUST117316,C_CARD522476,uses_card
A_CUST117316,M_MER100124,shops_at
A_CUST117316,L_West Bengal,located_in
A_CUST117323,C_CARD522484,uses_card
A_CUST117323,M_MER100226,shops_at
A_CUST117323,L_Kerala,located_in
A_CUST117325,C_CARD522486,uses_card
A_CUST117325,M_MER100421,shops_at
A_CUST117325,L_Odisha,located_in
A_CUST117327,C_CARD522488,uses_card
A_CUST117327,M_MER100426,shops_at
A_CUST117327,L_Haryana,located_in
A_CUST117334,C_CARD522497,uses_card
A_CUST117334,M_MER100312,shops_at
A_CUST117334,L_West Bengal,located_in
A_CUST117335,C_CARD522498,uses_card
A_CUST117335,M_MER100090,shops_at
A_CUST117335,L_Assam,located_in
A_CUST117335,M_MER100175,shops_at
A_CUST117337,C_CARD522502,uses_card
A_CUST117337,M_MER100326,shops_at
A_CUST117337,L_Telangana,located_in
A_CUST117355,C_CARD522524,uses_card
A_CUST117355,M_MER100266,shops_at
A_CUST117355,L_West Bengal,located_in
A_CUST117356,C_CARD522527,uses_card
A_CUST117356,M_MER100446,shops_at
A_CUST117356,L_Assam,located_in
A_CUST117356,C_CARD522526,uses_card
A_CUST117356,M_MER100264,shops_at
A_CUST117356,C_CARD522525,uses_card
A_CUST117356,M_MER100492,shops_at
A_CUST117357,C_CARD522528,uses_card
A_CUST117357,M_MER100113,shops_at
A_CUST117357,L_Madhya Pradesh,located_in
A_CUST117360,C_CARD522531,uses_card
A_CUST117360,M_MER100144,shops_at
A_CUST117360,L_West Bengal,located_in
A_CUST117361,C_CARD522533,uses_card
A_CUST117361,M_MER100106,shops_at
A_CUST117361,L_Karnataka,located_in
A_CUST117361,M_MER100427,shops_at
A_CUST117362,C_CARD522534,uses_card
A_CUST117362,M_MER100140,shops_at
A_CUST117362,L_Maharashtra,located_in
A_CUST117370,C_CARD522542,uses_card
A_CUST117370,M_MER100209,shops_at
A_CUST117370,L_Bihar,located_in
A_CUST117375,C_CARD522547,uses_card
A_CUST117375,M_MER100259,shops_at
A_CUST117375,L_Gujarat,located_in
A_CUST117375,M_MER100163,shops_at
A_CUST117379,C_CARD522552,uses_card
A_CUST117379,M_MER100326,shops_at
A_CUST117379,L_West Bengal,located_in
A_CUST117379,M_MER100287,shops_at
A_CUST117379,M_MER100062,shops_at
A_CUST117381,C_CARD522556,uses_card
A_CUST117381,M_MER100358,shops_at
A_CUST117381,L_Telangana,located_in
A_CUST117385,C_CARD522560,uses_card
A_CUST117385,M_MER100476,shops_at
A_CUST117385,L_Punjab,located_in
A_CUST117389,C_CARD522565,uses_card
A_CUST117389,M_MER100014,shops_at
A_CUST117389,L_Punjab,located_in
A_CUST117389,M_MER100357,shops_at
A_CUST117389,M_MER100446,shops_at
A_CUST117389,C_CARD522564,uses_card
A_CUST117389,M_MER100066,shops_at
A_CUST117390,C_CARD522567,uses_card
A_CUST117390,M_MER100062,shops_at
A_CUST117390,L_Bihar,located_in
A_CUST117395,C_CARD522573,uses_card
A_CUST117395,M_MER100175,shops_at
A_CUST117395,L_Rajasthan,located_in
A_CUST117397,C_CARD522575,uses_card
A_CUST117397,M_MER100101,shops_at
A_CUST117397,L_Punjab,located_in
A_CUST117401,C_CARD522580,uses_card
A_CUST117401,M_MER100474,shops_at
A_CUST117401,L_Tamil Nadu,located_in
A_CUST117404,C_CARD522584,uses_card
A_CUST117404,M_MER100334,shops_at
A_CUST117404,L_Kerala,located_in
A_CUST117404,M_MER100090,shops_at
A_CUST117405,C_CARD522585,uses_card
A_CUST117405,M_MER100040,shops_at
A_CUST117405,L_Uttar Pradesh,located_in
A_CUST117405,M_MER100378,shops_at
A_CUST117406,C_CARD522586,uses_card
A_CUST117406,M_MER100479,shops_at
A_CUST117406,L_Maharashtra,located_in
A_CUST117408,C_CARD522589,uses_card
A_CUST117408,M_MER100029,shops_at
A_CUST117408,L_Haryana,located_in
A_CUST117414,C_CARD522597,uses_card
A_CUST117414,M_MER100365,shops_at
A_CUST117414,L_Haryana,located_in
A_CUST117416,C_CARD522599,uses_card
A_CUST117416,M_MER100146,shops_at
A_CUST117416,L_West Bengal,located_in
A_CUST117420,C_CARD522603,uses_card
A_CUST117420,M_MER100321,shops_at
A_CUST117420,L_Uttar Pradesh,located_in
A_CUST117423,C_CARD522606,uses_card
A_CUST117423,M_MER100345,shops_at
A_CUST117423,L_Odisha,located_in
A_CUST117428,C_CARD522611,uses_card
A_CUST117428,M_MER100421,shops_at
A_CUST117428,L_Uttar Pradesh,located_in
A_CUST117430,C_CARD522614,uses_card
A_CUST117430,M_MER100286,shops_at
A_CUST117430,L_West Bengal,located_in
A_CUST117437,C_CARD522623,uses_card
A_CUST117437,M_MER100188,shops_at
A_CUST117437,L_Gujarat,located_in
A_CUST117439,C_CARD522626,uses_card
A_CUST117439,M_MER100099,shops_at
A_CUST117439,L_Maharashtra,located_in
A_CUST117444,C_CARD522632,uses_card
A_CUST117444,M_MER100484,shops_at
A_CUST117444,L_Odisha,located_in
A_CUST117444,M_MER100425,shops_at
A_CUST117444,M_MER100194,shops_at
A_CUST117445,C_CARD522633,uses_card
A_CUST117445,M_MER100249,shops_at
A_CUST117445,L_Assam,located_in
A_CUST117446,C_CARD522634,uses_card
A_CUST117446,M_MER100365,shops_at
A_CUST117446,L_Tamil Nadu,located_in
A_CUST117449,C_CARD522639,uses_card
A_CUST117449,M_MER100288,shops_at
A_CUST117449,L_Kerala,located_in
A_CUST117449,M_MER100143,shops_at
A_CUST117449,M_MER100222,shops_at
A_CUST117449,M_MER100051,shops_at
A_CUST117449,C_CARD522638,uses_card
A_CUST117449,M_MER100101,shops_at
A_CUST117450,C_CARD522641,uses_card
A_CUST117450,M_MER100228,shops_at
A_CUST117450,L_Gujarat,located_in
A_CUST117450,M_MER100179,shops_at
A_CUST117456,C_CARD522648,uses_card
A_CUST117456,M_MER100358,shops_at
A_CUST117456,L_Gujarat,located_in
A_CUST117456,M_MER100328,shops_at
A_CUST117457,C_CARD522649,uses_card
A_CUST117457,M_MER100352,shops_at
A_CUST117457,L_Assam,located_in
A_CUST117457,M_MER100102,shops_at
A_CUST117457,M_MER100179,shops_at
A_CUST117457,M_MER100412,shops_at
A_CUST117457,M_MER100477,shops_at
A_CUST117459,C_CARD522654,uses_card
A_CUST117459,M_MER100097,shops_at
A_CUST117459,L_Odisha,located_in
A_CUST117460,C_CARD522656,uses_card
A_CUST117460,M_MER100226,shops_at
A_CUST117460,L_Assam,located_in
A_CUST117463,C_CARD522660,uses_card
A_CUST117463,M_MER100262,shops_at
A_CUST117463,L_Haryana,located_in
A_CUST117463,C_CARD522661,uses_card
A_CUST117463,M_MER100036,shops_at
A_CUST117464,C_CARD522663,uses_card
A_CUST117464,M_MER100062,shops_at
A_CUST117464,L_Tamil Nadu,located_in
A_CUST117468,C_CARD522668,uses_card
A_CUST117468,M_MER100353,shops_at
A_CUST117468,L_Kerala,located_in
A_CUST117468,C_CARD522669,uses_card
A_CUST117468,M_MER100467,shops_at
A_CUST117469,C_CARD522670,uses_card
A_CUST117469,M_MER100384,shops_at
A_CUST117469,L_Maharashtra,located_in
A_CUST117471,C_CARD522672,uses_card
A_CUST117471,M_MER100472,shops_at
A_CUST117471,L_Rajasthan,located_in
A_CUST117472,C_CARD522673,uses_card
A_CUST117472,M_MER100016,shops_at
A_CUST117472,L_Assam,located_in
A_CUST117475,C_CARD522676,uses_card
A_CUST117475,M_MER100034,shops_at
A_CUST117475,L_Karnataka,located_in
A_CUST117475,M_MER100404,shops_at
A_CUST117477,C_CARD522678,uses_card
A_CUST117477,M_MER100154,shops_at
A_CUST117477,L_Odisha,located_in
A_CUST117477,M_MER100429,shops_at
A_CUST117477,M_MER100104,shops_at
A_CUST117480,C_CARD522684,uses_card
A_CUST117480,M_MER100160,shops_at
A_CUST117480,L_Bihar,located_in
A_CUST117481,C_CARD522685,uses_card
A_CUST117481,M_MER100425,shops_at
A_CUST117481,L_Assam,located_in
A_CUST117483,C_CARD522687,uses_card
A_CUST117483,M_MER100459,shops_at
A_CUST117483,L_Rajasthan,located_in
A_CUST117485,C_CARD522689,uses_card
A_CUST117485,M_MER100008,shops_at
A_CUST117485,L_Kerala,located_in
A_CUST117485,M_MER100402,shops_at
A_CUST117486,C_CARD522691,uses_card
A_CUST117486,M_MER100387,shops_at
A_CUST117486,L_Tamil Nadu,located_in
A_CUST117488,C_CARD522694,uses_card
A_CUST117488,M_MER100492,shops_at
A_CUST117488,L_Odisha,located_in
A_CUST117488,M_MER100499,shops_at
A_CUST117497,C_CARD522708,uses_card
A_CUST117497,M_MER100071,shops_at
A_CUST117497,L_West Bengal,located_in
A_CUST117499,C_CARD522711,uses_card
A_CUST117499,M_MER100053,shops_at
A_CUST117499,L_Karnataka,located_in
A_CUST117499,M_MER100152,shops_at
A_CUST117502,C_CARD522715,uses_card
A_CUST117502,M_MER100191,shops_at
A_CUST117502,L_Bihar,located_in
A_CUST117510,C_CARD522723,uses_card
A_CUST117510,M_MER100331,shops_at
A_CUST117510,L_Punjab,located_in
A_CUST117512,C_CARD522726,uses_card
A_CUST117512,M_MER100442,shops_at
A_CUST117512,L_Madhya Pradesh,located_in
A_CUST117514,C_CARD522728,uses_card
A_CUST117514,M_MER100494,shops_at
A_CUST117514,L_Telangana,located_in
A_CUST117514,M_MER100072,shops_at
A_CUST117519,C_CARD522736,uses_card
A_CUST117519,M_MER100294,shops_at
A_CUST117519,L_Haryana,located_in
A_CUST117519,M_MER100234,shops_at
A_CUST117521,C_CARD522739,uses_card
A_CUST117521,M_MER100479,shops_at
A_CUST117521,L_Haryana,located_in
A_CUST117523,C_CARD522741,uses_card
A_CUST117523,M_MER100030,shops_at
A_CUST117523,L_Madhya Pradesh,located_in
A_CUST117524,C_CARD522742,uses_card
A_CUST117524,M_MER100358,shops_at
A_CUST117524,L_Haryana,located_in
A_CUST117524,C_CARD522743,uses_card
A_CUST117524,M_MER100382,shops_at
A_CUST117528,C_CARD522749,uses_card
A_CUST117528,M_MER100479,shops_at
A_CUST117528,L_Kerala,located_in
A_CUST117528,M_MER100144,shops_at
A_CUST117530,C_CARD522752,uses_card
A_CUST117530,M_MER100016,shops_at
A_CUST117530,L_Bihar,located_in
A_CUST117530,M_MER100461,shops_at
A_CUST117530,C_CARD522751,uses_card
A_CUST117530,M_MER100363,shops_at
A_CUST117530,M_MER100269,shops_at
A_CUST117531,C_CARD522753,uses_card
A_CUST117531,M_MER100252,shops_at
A_CUST117531,L_Punjab,located_in
A_CUST117531,M_MER100293,shops_at
A_CUST117534,C_CARD522756,uses_card
A_CUST117534,M_MER100055,shops_at
A_CUST117534,L_Odisha,located_in
A_CUST117538,C_CARD522761,uses_card
A_CUST117538,M_MER100308,shops_at
A_CUST117538,L_West Bengal,located_in
A_CUST117540,C_CARD522764,uses_card
A_CUST117540,M_MER100022,shops_at
A_CUST117540,L_Odisha,located_in
A_CUST117541,C_CARD522766,uses_card
A_CUST117541,M_MER100424,shops_at
A_CUST117541,L_Maharashtra,located_in
A_CUST117542,C_CARD522767,uses_card
A_CUST117542,M_MER100411,shops_at
A_CUST117542,L_Odisha,located_in
A_CUST117544,C_CARD522770,uses_card
A_CUST117544,M_MER100358,shops_at
A_CUST117544,L_Karnataka,located_in
A_CUST117544,C_CARD522771,uses_card
A_CUST117544,M_MER100291,shops_at
A_CUST117548,C_CARD522778,uses_card
A_CUST117548,M_MER100218,shops_at
A_CUST117548,L_Kerala,located_in
A_CUST117548,C_CARD522777,uses_card
A_CUST117548,M_MER100498,shops_at
A_CUST117548,M_MER100141,shops_at
A_CUST117548,M_MER100360,shops_at
A_CUST117548,M_MER100251,shops_at
A_CUST117553,C_CARD522784,uses_card
A_CUST117553,M_MER100378,shops_at
A_CUST117553,L_Telangana,located_in
A_CUST117555,C_CARD522787,uses_card
A_CUST117555,M_MER100167,shops_at
A_CUST117555,L_Maharashtra,located_in
A_CUST117563,C_CARD522796,uses_card
A_CUST117563,M_MER100425,shops_at
A_CUST117563,L_Madhya Pradesh,located_in
A_CUST117567,C_CARD522801,uses_card
A_CUST117567,M_MER100159,shops_at
A_CUST117567,L_Rajasthan,located_in
A_CUST117568,C_CARD522804,uses_card
A_CUST117568,M_MER100200,shops_at
A_CUST117568,L_Gujarat,located_in
A_CUST117583,C_CARD522821,uses_card
A_CUST117583,M_MER100014,shops_at
A_CUST117583,L_Gujarat,located_in
A_CUST117583,M_MER100476,shops_at
A_CUST117583,C_CARD522822,uses_card
A_CUST117583,M_MER100440,shops_at
A_CUST117584,C_CARD522824,uses_card
A_CUST117584,M_MER100121,shops_at
A_CUST117584,L_Punjab,located_in
A_CUST117587,C_CARD522828,uses_card
A_CUST117587,M_MER100390,shops_at
A_CUST117587,L_Rajasthan,located_in
A_CUST117590,C_CARD522831,uses_card
A_CUST117590,M_MER100339,shops_at
A_CUST117590,L_Telangana,located_in
A_CUST117596,C_CARD522839,uses_card
A_CUST117596,M_MER100234,shops_at
A_CUST117596,L_Gujarat,located_in
A_CUST117596,C_CARD522837,uses_card
A_CUST117596,M_MER100326,shops_at
A_CUST117596,M_MER100411,shops_at
A_CUST117601,C_CARD522844,uses_card
A_CUST117601,M_MER100014,shops_at
A_CUST117601,L_West Bengal,located_in
A_CUST117604,C_CARD522849,uses_card
A_CUST117604,M_MER100230,shops_at
A_CUST117604,L_Gujarat,located_in
A_CUST117607,C_CARD522853,uses_card
A_CUST117607,M_MER100179,shops_at
A_CUST117607,L_Tamil Nadu,located_in
A_CUST117610,C_CARD522856,uses_card
A_CUST117610,M_MER100382,shops_at
A_CUST117610,L_Gujarat,located_in
A_CUST117615,C_CARD522862,uses_card
A_CUST117615,M_MER100261,shops_at
A_CUST117615,L_Gujarat,located_in
A_CUST117615,M_MER100217,shops_at
A_CUST117617,C_CARD522864,uses_card
A_CUST117617,M_MER100500,shops_at
A_CUST117617,L_Uttar Pradesh,located_in
A_CUST117619,C_CARD522867,uses_card
A_CUST117619,M_MER100152,shops_at
A_CUST117619,L_Bihar,located_in
A_CUST117627,C_CARD522877,uses_card
A_CUST117627,M_MER100193,shops_at
A_CUST117627,L_Tamil Nadu,located_in
A_CUST117628,C_CARD522878,uses_card
A_CUST117628,M_MER100239,shops_at
A_CUST117628,L_Telangana,located_in
A_CUST117628,M_MER100235,shops_at
A_CUST117629,C_CARD522881,uses_card
A_CUST117629,M_MER100358,shops_at
A_CUST117629,L_Bihar,located_in
A_CUST117631,C_CARD522883,uses_card
A_CUST117631,M_MER100240,shops_at
A_CUST117631,L_Haryana,located_in
A_CUST117633,C_CARD522886,uses_card
A_CUST117633,M_MER100210,shops_at
A_CUST117633,L_Odisha,located_in
A_CUST117634,C_CARD522888,uses_card
A_CUST117634,M_MER100141,shops_at
A_CUST117634,L_Karnataka,located_in
A_CUST117634,C_CARD522890,uses_card
A_CUST117634,M_MER100011,shops_at
A_CUST117636,C_CARD522893,uses_card
A_CUST117636,M_MER100059,shops_at
A_CUST117636,L_Uttar Pradesh,located_in
A_CUST117640,C_CARD522898,uses_card
A_CUST117640,M_MER100294,shops_at
A_CUST117640,L_Madhya Pradesh,located_in
A_CUST117645,C_CARD522904,uses_card
A_CUST117645,M_MER100085,shops_at
A_CUST117645,L_Gujarat,located_in
A_CUST117655,C_CARD522914,uses_card
A_CUST117655,M_MER100107,shops_at
A_CUST117655,L_Gujarat,located_in
A_CUST117655,M_MER100439,shops_at
A_CUST117656,C_CARD522915,uses_card
A_CUST117656,M_MER100131,shops_at
A_CUST117656,L_West Bengal,located_in
A_CUST117661,C_CARD522920,uses_card
A_CUST117661,M_MER100108,shops_at
A_CUST117661,L_Telangana,located_in
A_CUST117668,C_CARD522932,uses_card
A_CUST117668,M_MER100035,shops_at
A_CUST117668,L_Rajasthan,located_in
A_CUST117670,C_CARD522936,uses_card
A_CUST117670,M_MER100396,shops_at
A_CUST117670,L_Rajasthan,located_in
A_CUST117670,M_MER100141,shops_at
A_CUST117671,C_CARD522937,uses_card
A_CUST117671,M_MER100443,shops_at
A_CUST117671,L_Kerala,located_in
A_CUST117672,C_CARD522939,uses_card
A_CUST117672,M_MER100047,shops_at
A_CUST117672,L_Maharashtra,located_in
A_CUST117672,C_CARD522938,uses_card
A_CUST117672,M_MER100062,shops_at
A_CUST117672,M_MER100249,shops_at
A_CUST117678,C_CARD522945,uses_card
A_CUST117678,M_MER100235,shops_at
A_CUST117678,L_Tamil Nadu,located_in
A_CUST117678,M_MER100398,shops_at
A_CUST117678,M_MER100298,shops_at
A_CUST117681,C_CARD522948,uses_card
A_CUST117681,M_MER100457,shops_at
A_CUST117681,L_Haryana,located_in
A_CUST117684,C_CARD522952,uses_card
A_CUST117684,M_MER100237,shops_at
A_CUST117684,L_Gujarat,located_in
A_CUST117684,M_MER100364,shops_at
A_CUST117690,C_CARD522959,uses_card
A_CUST117690,M_MER100092,shops_at
A_CUST117690,L_Assam,located_in
A_CUST117693,C_CARD522963,uses_card
A_CUST117693,M_MER100358,shops_at
A_CUST117693,L_Tamil Nadu,located_in
A_CUST117693,C_CARD522964,uses_card
A_CUST117693,M_MER100002,shops_at
A_CUST117697,C_CARD522969,uses_card
A_CUST117697,M_MER100425,shops_at
A_CUST117697,L_Kerala,located_in
A_CUST117699,C_CARD522972,uses_card
A_CUST117699,M_MER100130,shops_at
A_CUST117699,L_Bihar,located_in
A_CUST117700,C_CARD522974,uses_card
A_CUST117700,M_MER100465,shops_at
A_CUST117700,L_Odisha,located_in
A_CUST117704,C_CARD522978,uses_card
A_CUST117704,M_MER100040,shops_at
A_CUST117704,L_Bihar,located_in
A_CUST117706,C_CARD522981,uses_card
A_CUST117706,M_MER100025,shops_at
A_CUST117706,L_Madhya Pradesh,located_in
A_CUST117708,C_CARD522984,uses_card
A_CUST117708,M_MER100368,shops_at
A_CUST117708,L_West Bengal,located_in
A_CUST117712,C_CARD522990,uses_card
A_CUST117712,M_MER100094,shops_at
A_CUST117712,L_Punjab,located_in
A_CUST117712,C_CARD522988,uses_card
A_CUST117712,M_MER100292,shops_at
A_CUST117712,M_MER100062,shops_at
A_CUST117714,C_CARD522994,uses_card
A_CUST117714,M_MER100330,shops_at
A_CUST117714,L_Madhya Pradesh,located_in
A_CUST117718,C_CARD522999,uses_card
A_CUST117718,M_MER100047,shops_at
A_CUST117718,L_Karnataka,located_in
A_CUST117723,C_CARD523009,uses_card
A_CUST117723,M_MER100408,shops_at
A_CUST117723,L_West Bengal,located_in
A_CUST117723,C_CARD523007,uses_card
A_CUST117723,M_MER100087,shops_at
A_CUST117724,C_CARD523010,uses_card
A_CUST117724,M_MER100369,shops_at
A_CUST117724,L_West Bengal,located_in
A_CUST117724,M_MER100367,shops_at
A_CUST117725,C_CARD523011,uses_card
A_CUST117725,M_MER100218,shops_at
A_CUST117725,L_Madhya Pradesh,located_in
A_CUST117732,C_CARD523020,uses_card
A_CUST117732,M_MER100146,shops_at
A_CUST117732,L_Haryana,located_in
A_CUST117733,C_CARD523021,uses_card
A_CUST117733,M_MER100141,shops_at
A_CUST117733,L_Bihar,located_in
A_CUST117734,C_CARD523022,uses_card
A_CUST117734,M_MER100080,shops_at
A_CUST117734,L_West Bengal,located_in
A_CUST117736,C_CARD523025,uses_card
A_CUST117736,M_MER100324,shops_at
A_CUST117736,L_Assam,located_in
A_CUST117736,M_MER100353,shops_at
A_CUST117738,C_CARD523027,uses_card
A_CUST117738,M_MER100495,shops_at
A_CUST117738,L_Kerala,located_in
A_CUST117739,C_CARD523028,uses_card
A_CUST117739,M_MER100403,shops_at
A_CUST117739,L_Rajasthan,located_in
A_CUST117739,M_MER100222,shops_at
A_CUST117739,M_MER100113,shops_at
A_CUST117740,C_CARD523030,uses_card
A_CUST117740,M_MER100220,shops_at
A_CUST117740,L_West Bengal,located_in
A_CUST117741,C_CARD523031,uses_card
A_CUST117741,M_MER100382,shops_at
A_CUST117741,L_Telangana,located_in
A_CUST117742,C_CARD523032,uses_card
A_CUST117742,M_MER100252,shops_at
A_CUST117742,L_Rajasthan,located_in
A_CUST117744,C_CARD523035,uses_card
A_CUST117744,M_MER100377,shops_at
A_CUST117744,L_Assam,located_in
A_CUST117745,C_CARD523037,uses_card
A_CUST117745,M_MER100280,shops_at
A_CUST117745,L_Kerala,located_in
A_CUST117745,M_MER100033,shops_at
A_CUST117746,C_CARD523040,uses_card
A_CUST117746,M_MER100070,shops_at
A_CUST117746,L_Kerala,located_in
A_CUST117746,M_MER100332,shops_at
A_CUST117746,M_MER100360,shops_at
A_CUST117746,M_MER100422,shops_at
A_CUST117747,C_CARD523041,uses_card
A_CUST117747,M_MER100415,shops_at
A_CUST117747,L_Haryana,located_in
A_CUST117751,C_CARD523047,uses_card
A_CUST117751,M_MER100481,shops_at
A_CUST117751,L_Haryana,located_in
A_CUST117757,C_CARD523054,uses_card
A_CUST117757,M_MER100174,shops_at
A_CUST117757,L_Haryana,located_in
A_CUST117762,C_CARD523060,uses_card
A_CUST117762,M_MER100326,shops_at
A_CUST117762,L_Tamil Nadu,located_in
A_CUST117762,M_MER100141,shops_at
A_CUST117765,C_CARD523065,uses_card
A_CUST117765,M_MER100379,shops_at
A_CUST117765,L_Telangana,located_in
A_CUST117766,C_CARD523066,uses_card
A_CUST117766,M_MER100080,shops_at
A_CUST117766,L_Uttar Pradesh,located_in
A_CUST117768,C_CARD523068,uses_card
A_CUST117768,M_MER100450,shops_at
A_CUST117768,L_Tamil Nadu,located_in
A_CUST117771,C_CARD523072,uses_card
A_CUST117771,M_MER100141,shops_at
A_CUST117771,L_Punjab,located_in
A_CUST117775,C_CARD523079,uses_card
A_CUST117775,M_MER100305,shops_at
A_CUST117775,L_Punjab,located_in
A_CUST117775,C_CARD523078,uses_card
A_CUST117775,M_MER100358,shops_at
A_CUST117775,M_MER100105,shops_at
A_CUST117776,C_CARD523080,uses_card
A_CUST117776,M_MER100244,shops_at
A_CUST117776,L_Uttar Pradesh,located_in
A_CUST117780,C_CARD523085,uses_card
A_CUST117780,M_MER100235,shops_at
A_CUST117780,L_Punjab,located_in
A_CUST117780,M_MER100136,shops_at
A_CUST117783,C_CARD523088,uses_card
A_CUST117783,M_MER100382,shops_at
A_CUST117783,L_Rajasthan,located_in
A_CUST117785,C_CARD523091,uses_card
A_CUST117785,M_MER100323,shops_at
A_CUST117785,L_West Bengal,located_in
A_CUST117785,M_MER100138,shops_at
A_CUST117785,M_MER100407,shops_at
A_CUST117789,C_CARD523096,uses_card
A_CUST117789,M_MER100176,shops_at
A_CUST117789,L_Punjab,located_in
A_CUST117789,M_MER100089,shops_at
A_CUST117791,C_CARD523099,uses_card
A_CUST117791,M_MER100191,shops_at
A_CUST117791,L_Madhya Pradesh,located_in
A_CUST117791,C_CARD523098,uses_card
A_CUST117791,M_MER100147,shops_at
A_CUST117792,C_CARD523100,uses_card
A_CUST117792,M_MER100382,shops_at
A_CUST117792,L_Assam,located_in
A_CUST117792,C_CARD523102,uses_card
A_CUST117792,M_MER100170,shops_at
A_CUST117792,M_MER100181,shops_at
A_CUST117797,C_CARD523107,uses_card
A_CUST117797,M_MER100473,shops_at
A_CUST117797,L_Assam,located_in
A_CUST117799,C_CARD523112,uses_card
A_CUST117799,M_MER100114,shops_at
A_CUST117799,L_Punjab,located_in
A_CUST117800,C_CARD523113,uses_card
A_CUST117800,M_MER100071,shops_at
A_CUST117800,L_Odisha,located_in
A_CUST117801,C_CARD523117,uses_card
A_CUST117801,M_MER100138,shops_at
A_CUST117801,L_Tamil Nadu,located_in
A_CUST117805,C_CARD523121,uses_card
A_CUST117805,M_MER100062,shops_at
A_CUST117805,L_Tamil Nadu,located_in
A_CUST117808,C_CARD523125,uses_card
A_CUST117808,M_MER100375,shops_at
A_CUST117808,L_Kerala,located_in
A_CUST117808,M_MER100185,shops_at
A_CUST117814,C_CARD523133,uses_card
A_CUST117814,M_MER100200,shops_at
A_CUST117814,L_Odisha,located_in
A_CUST117816,C_CARD523137,uses_card
A_CUST117816,M_MER100182,shops_at
A_CUST117816,L_Gujarat,located_in
A_CUST117816,C_CARD523136,uses_card
A_CUST117816,M_MER100304,shops_at
A_CUST117821,C_CARD523144,uses_card
A_CUST117821,M_MER100325,shops_at
A_CUST117821,L_Rajasthan,located_in
A_CUST117827,C_CARD523151,uses_card
A_CUST117827,M_MER100014,shops_at
A_CUST117827,L_Madhya Pradesh,located_in
A_CUST117827,C_CARD523150,uses_card
A_CUST117827,M_MER100043,shops_at
A_CUST117827,M_MER100142,shops_at
A_CUST117828,C_CARD523153,uses_card
A_CUST117828,M_MER100003,shops_at
A_CUST117828,L_Haryana,located_in
A_CUST117828,C_CARD523152,uses_card
A_CUST117828,M_MER100226,shops_at
A_CUST117828,M_MER100423,shops_at
A_CUST117830,C_CARD523155,uses_card
A_CUST117830,M_MER100051,shops_at
A_CUST117830,L_Kerala,located_in
A_CUST117845,C_CARD523171,uses_card
A_CUST117845,M_MER100066,shops_at
A_CUST117845,L_Punjab,located_in
A_CUST117845,M_MER100204,shops_at
A_CUST117851,C_CARD523179,uses_card
A_CUST117851,M_MER100148,shops_at
A_CUST117851,L_Haryana,located_in
A_CUST117851,M_MER100038,shops_at
A_CUST117851,M_MER100246,shops_at
A_CUST117852,C_CARD523180,uses_card
A_CUST117852,M_MER100372,shops_at
A_CUST117852,L_Gujarat,located_in
A_CUST117855,C_CARD523183,uses_card
A_CUST117855,M_MER100060,shops_at
A_CUST117855,L_Karnataka,located_in
A_CUST117857,C_CARD523188,uses_card
A_CUST117857,M_MER100397,shops_at
A_CUST117857,L_West Bengal,located_in
A_CUST117857,M_MER100227,shops_at
A_CUST117858,C_CARD523190,uses_card
A_CUST117858,M_MER100365,shops_at
A_CUST117858,L_Odisha,located_in
A_CUST117859,C_CARD523191,uses_card
A_CUST117859,M_MER100102,shops_at
A_CUST117859,L_Kerala,located_in
A_CUST117863,C_CARD523198,uses_card
A_CUST117863,M_MER100138,shops_at
A_CUST117863,L_Kerala,located_in
A_CUST117863,C_CARD523197,uses_card
A_CUST117863,M_MER100216,shops_at
A_CUST117863,M_MER100322,shops_at
A_CUST117870,C_CARD523205,uses_card
A_CUST117870,M_MER100497,shops_at
A_CUST117870,L_Odisha,located_in
A_CUST117873,C_CARD523208,uses_card
A_CUST117873,M_MER100400,shops_at
A_CUST117873,L_Uttar Pradesh,located_in
A_CUST117878,C_CARD523214,uses_card
A_CUST117878,M_MER100183,shops_at
A_CUST117878,L_Maharashtra,located_in
A_CUST117878,M_MER100351,shops_at
A_CUST117882,C_CARD523219,uses_card
A_CUST117882,M_MER100249,shops_at
A_CUST117882,L_Karnataka,located_in
A_CUST117886,C_CARD523223,uses_card
A_CUST117886,M_MER100220,shops_at
A_CUST117886,L_Haryana,located_in
A_CUST117888,C_CARD523225,uses_card
A_CUST117888,M_MER100353,shops_at
A_CUST117888,L_Assam,located_in
A_CUST117890,C_CARD523227,uses_card
A_CUST117890,M_MER100060,shops_at
A_CUST117890,L_Haryana,located_in
A_CUST117896,C_CARD523234,uses_card
A_CUST117896,M_MER100441,shops_at
A_CUST117896,L_Punjab,located_in
A_CUST117896,C_CARD523233,uses_card
A_CUST117896,M_MER100106,shops_at
A_CUST117898,C_CARD523236,uses_card
A_CUST117898,M_MER100196,shops_at
A_CUST117898,L_Punjab,located_in
A_CUST117899,C_CARD523237,uses_card
A_CUST117899,M_MER100284,shops_at
A_CUST117899,L_Uttar Pradesh,located_in
A_CUST117899,C_CARD523238,uses_card
A_CUST117899,M_MER100251,shops_at
A_CUST117899,M_MER100025,shops_at
A_CUST117903,C_CARD523243,uses_card
A_CUST117903,M_MER100310,shops_at
A_CUST117903,L_Tamil Nadu,located_in
A_CUST117903,C_CARD523244,uses_card
A_CUST117903,M_MER100276,shops_at
A_CUST117905,C_CARD523246,uses_card
A_CUST117905,M_MER100316,shops_at
A_CUST117905,L_Uttar Pradesh,located_in
A_CUST117906,C_CARD523248,uses_card
A_CUST117906,M_MER100045,shops_at
A_CUST117906,L_West Bengal,located_in
A_CUST117906,C_CARD523247,uses_card
A_CUST117906,M_MER100202,shops_at
A_CUST117911,C_CARD523255,uses_card
A_CUST117911,M_MER100249,shops_at
A_CUST117911,L_Haryana,located_in
A_CUST117920,C_CARD523267,uses_card
A_CUST117920,M_MER100495,shops_at
A_CUST117920,L_Uttar Pradesh,located_in
A_CUST117921,C_CARD523268,uses_card
A_CUST117921,M_MER100408,shops_at
A_CUST117921,L_Maharashtra,located_in
A_CUST117925,C_CARD523274,uses_card
A_CUST117925,M_MER100092,shops_at
A_CUST117925,L_Uttar Pradesh,located_in
A_CUST117936,C_CARD523285,uses_card
A_CUST117936,M_MER100186,shops_at
A_CUST117936,L_Rajasthan,located_in
A_CUST117938,C_CARD523287,uses_card
A_CUST117938,M_MER100141,shops_at
A_CUST117938,L_Madhya Pradesh,located_in
A_CUST117938,M_MER100263,shops_at
A_CUST117938,M_MER100326,shops_at
A_CUST117948,C_CARD523297,uses_card
A_CUST117948,M_MER100423,shops_at
A_CUST117948,L_Rajasthan,located_in
A_CUST117950,C_CARD523300,uses_card
A_CUST117950,M_MER100358,shops_at
A_CUST117950,L_Odisha,located_in
A_CUST117960,C_CARD523310,uses_card
A_CUST117960,M_MER100274,shops_at
A_CUST117960,L_Gujarat,located_in
A_CUST117961,C_CARD523312,uses_card
A_CUST117961,M_MER100053,shops_at
A_CUST117961,L_Kerala,located_in
A_CUST117961,M_MER100244,shops_at
A_CUST117961,M_MER100386,shops_at
A_CUST117972,C_CARD523324,uses_card
A_CUST117972,M_MER100092,shops_at
A_CUST117972,L_Haryana,located_in
A_CUST117973,C_CARD523327,uses_card
A_CUST117973,M_MER100160,shops_at
A_CUST117973,L_Punjab,located_in
A_CUST117973,M_MER100411,shops_at
A_CUST117975,C_CARD523329,uses_card
A_CUST117975,M_MER100275,shops_at
A_CUST117975,L_Gujarat,located_in
A_CUST117975,C_CARD523330,uses_card
A_CUST117975,M_MER100457,shops_at
A_CUST117979,C_CARD523335,uses_card
A_CUST117979,M_MER100422,shops_at
A_CUST117979,L_Uttar Pradesh,located_in
A_CUST117979,M_MER100390,shops_at
A_CUST117980,C_CARD523337,uses_card
A_CUST117980,M_MER100365,shops_at
A_CUST117980,L_Bihar,located_in
A_CUST117989,C_CARD523346,uses_card
A_CUST117989,M_MER100073,shops_at
A_CUST117989,L_Madhya Pradesh,located_in
A_CUST117990,C_CARD523347,uses_card
A_CUST117990,M_MER100175,shops_at
A_CUST117990,L_West Bengal,located_in
A_CUST117993,C_CARD523350,uses_card
A_CUST117993,M_MER100124,shops_at
A_CUST117993,L_Punjab,located_in
A_CUST117999,C_CARD523358,uses_card
A_CUST117999,M_MER100031,shops_at
A_CUST117999,L_Tamil Nadu,located_in
A_CUST118000,C_CARD523359,uses_card
A_CUST118000,M_MER100470,shops_at
A_CUST118000,L_Odisha,located_in
A_CUST118000,M_MER100172,shops_at
A_CUST118018,C_CARD523379,uses_card
A_CUST118018,M_MER100033,shops_at
A_CUST118018,L_Karnataka,located_in
A_CUST118018,M_MER100004,shops_at
A_CUST118018,M_MER100238,shops_at
A_CUST118018,M_MER100138,shops_at
A_CUST118019,C_CARD523381,uses_card
A_CUST118019,M_MER100102,shops_at
A_CUST118019,L_Madhya Pradesh,located_in
A_CUST118019,M_MER100328,shops_at
A_CUST118021,C_CARD523383,uses_card
A_CUST118021,M_MER100120,shops_at
A_CUST118021,L_Kerala,located_in
A_CUST118023,C_CARD523387,uses_card
A_CUST118023,M_MER100467,shops_at
A_CUST118023,L_West Bengal,located_in
A_CUST118023,M_MER100147,shops_at
A_CUST118029,C_CARD523393,uses_card
A_CUST118029,M_MER100382,shops_at
A_CUST118029,L_Odisha,located_in
A_CUST118042,C_CARD523406,uses_card
A_CUST118042,M_MER100178,shops_at
A_CUST118042,L_Karnataka,located_in
A_CUST118044,C_CARD523410,uses_card
A_CUST118044,M_MER100150,shops_at
A_CUST118044,L_Punjab,located_in
A_CUST118045,C_CARD523412,uses_card
A_CUST118045,M_MER100226,shops_at
A_CUST118045,L_Rajasthan,located_in
A_CUST118051,C_CARD523419,uses_card
A_CUST118051,M_MER100278,shops_at
A_CUST118051,L_Odisha,located_in
A_CUST118051,C_CARD523420,uses_card
A_CUST118051,M_MER100162,shops_at
A_CUST118052,C_CARD523421,uses_card
A_CUST118052,M_MER100474,shops_at
A_CUST118052,L_Bihar,located_in
A_CUST118055,C_CARD523425,uses_card
A_CUST118055,M_MER100152,shops_at
A_CUST118055,L_Haryana,located_in
A_CUST118056,C_CARD523428,uses_card
A_CUST118056,M_MER100088,shops_at
A_CUST118056,L_Odisha,located_in
A_CUST118058,C_CARD523430,uses_card
A_CUST118058,M_MER100237,shops_at
A_CUST118058,L_Odisha,located_in
A_CUST118058,M_MER100470,shops_at
A_CUST118066,C_CARD523439,uses_card
A_CUST118066,M_MER100206,shops_at
A_CUST118066,L_Telangana,located_in
A_CUST118066,C_CARD523440,uses_card
A_CUST118066,M_MER100117,shops_at
A_CUST118081,C_CARD523457,uses_card
A_CUST118081,M_MER100448,shops_at
A_CUST118081,L_Punjab,located_in
A_CUST118084,C_CARD523462,uses_card
A_CUST118084,M_MER100105,shops_at
A_CUST118084,L_Telangana,located_in
A_CUST118085,C_CARD523463,uses_card
A_CUST118085,M_MER100331,shops_at
A_CUST118085,L_Telangana,located_in
A_CUST118090,C_CARD523470,uses_card
A_CUST118090,M_MER100417,shops_at
A_CUST118090,L_Telangana,located_in
A_CUST118091,C_CARD523471,uses_card
A_CUST118091,M_MER100272,shops_at
A_CUST118091,L_Kerala,located_in
A_CUST118096,C_CARD523477,uses_card
A_CUST118096,M_MER100365,shops_at
A_CUST118096,L_West Bengal,located_in
A_CUST118097,C_CARD523480,uses_card
A_CUST118097,M_MER100311,shops_at
A_CUST118097,L_Haryana,located_in
A_CUST118097,M_MER100194,shops_at
A_CUST118097,M_MER100082,shops_at
A_CUST118097,M_MER100129,shops_at
A_CUST118102,C_CARD523485,uses_card
A_CUST118102,M_MER100179,shops_at
A_CUST118102,L_Rajasthan,located_in
A_CUST118105,C_CARD523488,uses_card
A_CUST118105,M_MER100027,shops_at
A_CUST118105,L_Uttar Pradesh,located_in
A_CUST118105,M_MER100366,shops_at
A_CUST118105,M_MER100375,shops_at
A_CUST118111,C_CARD523496,uses_card
A_CUST118111,M_MER100035,shops_at
A_CUST118111,L_Madhya Pradesh,located_in
A_CUST118111,C_CARD523497,uses_card
A_CUST118111,M_MER100294,shops_at
A_CUST118111,M_MER100408,shops_at
A_CUST118113,C_CARD523499,uses_card
A_CUST118113,M_MER100238,shops_at
A_CUST118113,L_Karnataka,located_in
A_CUST118113,C_CARD523500,uses_card
A_CUST118113,M_MER100218,shops_at
A_CUST118113,M_MER100307,shops_at
A_CUST118115,C_CARD523504,uses_card
A_CUST118115,M_MER100057,shops_at
A_CUST118115,L_Assam,located_in
A_CUST118116,C_CARD523505,uses_card
A_CUST118116,M_MER100152,shops_at
A_CUST118116,L_Rajasthan,located_in
A_CUST118120,C_CARD523510,uses_card
A_CUST118120,M_MER100249,shops_at
A_CUST118120,L_Haryana,located_in
A_CUST118120,C_CARD523511,uses_card
A_CUST118120,M_MER100345,shops_at
A_CUST118120,M_MER100434,shops_at
A_CUST118126,C_CARD523518,uses_card
A_CUST118126,M_MER100210,shops_at
A_CUST118126,L_Karnataka,located_in
A_CUST118126,M_MER100422,shops_at
A_CUST118126,M_MER100180,shops_at
A_CUST118126,M_MER100264,shops_at
A_CUST118136,C_CARD523533,uses_card
A_CUST118136,M_MER100062,shops_at
A_CUST118136,L_Odisha,located_in
A_CUST118136,M_MER100152,shops_at
A_CUST118136,M_MER100444,shops_at
A_CUST118138,C_CARD523536,uses_card
A_CUST118138,M_MER100417,shops_at
A_CUST118138,L_Odisha,located_in
A_CUST118139,C_CARD523537,uses_card
A_CUST118139,M_MER100140,shops_at
A_CUST118139,L_Uttar Pradesh,located_in
A_CUST118141,C_CARD523540,uses_card
A_CUST118141,M_MER100443,shops_at
A_CUST118141,L_Madhya Pradesh,located_in
A_CUST118141,M_MER100216,shops_at
A_CUST118143,C_CARD523543,uses_card
A_CUST118143,M_MER100059,shops_at
A_CUST118143,L_Telangana,located_in
A_CUST118146,C_CARD523546,uses_card
A_CUST118146,M_MER100037,shops_at
A_CUST118146,L_Bihar,located_in
A_CUST118146,M_MER100141,shops_at
A_CUST118152,C_CARD523552,uses_card
A_CUST118152,M_MER100140,shops_at
A_CUST118152,L_Tamil Nadu,located_in
A_CUST118153,C_CARD523553,uses_card
A_CUST118153,M_MER100408,shops_at
A_CUST118153,L_Gujarat,located_in
A_CUST118154,C_CARD523556,uses_card
A_CUST118154,M_MER100330,shops_at
A_CUST118154,L_Haryana,located_in
A_CUST118157,C_CARD523559,uses_card
A_CUST118157,M_MER100321,shops_at
A_CUST118157,L_Assam,located_in
A_CUST118162,C_CARD523567,uses_card
A_CUST118162,M_MER100318,shops_at
A_CUST118162,L_Tamil Nadu,located_in
A_CUST118162,M_MER100364,shops_at
A_CUST118163,C_CARD523569,uses_card
A_CUST118163,M_MER100045,shops_at
A_CUST118163,L_Madhya Pradesh,located_in
A_CUST118165,C_CARD523571,uses_card
A_CUST118165,M_MER100404,shops_at
A_CUST118165,L_Kerala,located_in
A_CUST118168,C_CARD523576,uses_card
A_CUST118168,M_MER100351,shops_at
A_CUST118168,L_Odisha,located_in
A_CUST118168,M_MER100182,shops_at
A_CUST118169,C_CARD523578,uses_card
A_CUST118169,M_MER100391,shops_at
A_CUST118169,L_Telangana,located_in
A_CUST118169,M_MER100369,shops_at
A_CUST118169,C_CARD523577,uses_card
A_CUST118169,M_MER100481,shops_at
A_CUST118170,C_CARD523579,uses_card
A_CUST118170,M_MER100155,shops_at
A_CUST118170,L_Uttar Pradesh,located_in
A_CUST118172,C_CARD523582,uses_card
A_CUST118172,M_MER100494,shops_at
A_CUST118172,L_Assam,located_in
A_CUST118176,C_CARD523591,uses_card
A_CUST118176,M_MER100447,shops_at
A_CUST118176,L_Gujarat,located_in
A_CUST118176,C_CARD523590,uses_card
A_CUST118176,M_MER100267,shops_at
A_CUST118180,C_CARD523597,uses_card
A_CUST118180,M_MER100226,shops_at
A_CUST118180,L_Tamil Nadu,located_in
A_CUST118180,C_CARD523595,uses_card
A_CUST118180,M_MER100274,shops_at
A_CUST118188,C_CARD523607,uses_card
A_CUST118188,M_MER100254,shops_at
A_CUST118188,L_Punjab,located_in
A_CUST118199,C_CARD523619,uses_card
A_CUST118199,M_MER100286,shops_at
A_CUST118199,L_Uttar Pradesh,located_in
A_CUST118206,C_CARD523631,uses_card
A_CUST118206,M_MER100192,shops_at
A_CUST118206,L_Punjab,located_in
A_CUST118207,C_CARD523633,uses_card
A_CUST118207,M_MER100226,shops_at
A_CUST118207,L_Maharashtra,located_in
A_CUST118208,C_CARD523635,uses_card
A_CUST118208,M_MER100198,shops_at
A_CUST118208,L_Bihar,located_in
A_CUST118208,C_CARD523634,uses_card
A_CUST118208,M_MER100140,shops_at
A_CUST118210,C_CARD523637,uses_card
A_CUST118210,M_MER100378,shops_at
A_CUST118210,L_Telangana,located_in
A_CUST118213,C_CARD523640,uses_card
A_CUST118213,M_MER100059,shops_at
A_CUST118213,L_Haryana,located_in
A_CUST118215,C_CARD523644,uses_card
A_CUST118215,M_MER100464,shops_at
A_CUST118215,L_Madhya Pradesh,located_in
A_CUST118222,C_CARD523653,uses_card
A_CUST118222,M_MER100278,shops_at
A_CUST118222,L_West Bengal,located_in
A_CUST118228,C_CARD523660,uses_card
A_CUST118228,M_MER100499,shops_at
A_CUST118228,L_Kerala,located_in
A_CUST118228,M_MER100115,shops_at
A_CUST118228,M_MER100179,shops_at
A_CUST118230,C_CARD523662,uses_card
A_CUST118230,M_MER100022,shops_at
A_CUST118230,L_Karnataka,located_in
A_CUST118231,C_CARD523665,uses_card
A_CUST118231,M_MER100170,shops_at
A_CUST118231,L_Haryana,located_in
A_CUST118234,C_CARD523668,uses_card
A_CUST118234,M_MER100387,shops_at
A_CUST118234,L_Maharashtra,located_in
A_CUST118234,M_MER100256,shops_at
A_CUST118238,C_CARD523674,uses_card
A_CUST118238,M_MER100277,shops_at
A_CUST118238,L_West Bengal,located_in
A_CUST118238,M_MER100481,shops_at
A_CUST118240,C_CARD523676,uses_card
A_CUST118240,M_MER100485,shops_at
A_CUST118240,L_Punjab,located_in
A_CUST118242,C_CARD523678,uses_card
A_CUST118242,M_MER100089,shops_at
A_CUST118242,L_Madhya Pradesh,located_in
A_CUST118248,C_CARD523685,uses_card
A_CUST118248,M_MER100180,shops_at
A_CUST118248,L_Madhya Pradesh,located_in
A_CUST118248,M_MER100440,shops_at
A_CUST118248,C_CARD523687,uses_card
A_CUST118248,M_MER100278,shops_at
A_CUST118254,C_CARD523693,uses_card
A_CUST118254,M_MER100448,shops_at
A_CUST118254,L_Bihar,located_in
A_CUST118259,C_CARD523699,uses_card
A_CUST118259,M_MER100179,shops_at
A_CUST118259,L_Madhya Pradesh,located_in
A_CUST118259,C_CARD523700,uses_card
A_CUST118259,M_MER100153,shops_at
A_CUST118260,C_CARD523701,uses_card
A_CUST118260,M_MER100197,shops_at
A_CUST118260,L_Tamil Nadu,located_in
A_CUST118261,C_CARD523703,uses_card
A_CUST118261,M_MER100234,shops_at
A_CUST118261,L_Punjab,located_in
A_CUST118262,C_CARD523704,uses_card
A_CUST118262,M_MER100254,shops_at
A_CUST118262,L_Madhya Pradesh,located_in
A_CUST118274,C_CARD523716,uses_card
A_CUST118274,M_MER100055,shops_at
A_CUST118274,L_Tamil Nadu,located_in
A_CUST118277,C_CARD523720,uses_card
A_CUST118277,M_MER100235,shops_at
A_CUST118277,L_Uttar Pradesh,located_in
A_CUST118280,C_CARD523724,uses_card
A_CUST118280,M_MER100237,shops_at
A_CUST118280,L_Rajasthan,located_in
A_CUST118281,C_CARD523727,uses_card
A_CUST118281,M_MER100084,shops_at
A_CUST118281,L_Gujarat,located_in
A_CUST118281,C_CARD523725,uses_card
A_CUST118281,M_MER100043,shops_at
A_CUST118282,C_CARD523729,uses_card
A_CUST118282,M_MER100278,shops_at
A_CUST118282,L_Punjab,located_in
A_CUST118282,C_CARD523728,uses_card
A_CUST118282,M_MER100292,shops_at
A_CUST118283,C_CARD523730,uses_card
A_CUST118283,M_MER100376,shops_at
A_CUST118283,L_Bihar,located_in
A_CUST118284,C_CARD523731,uses_card
A_CUST118284,M_MER100102,shops_at
A_CUST118284,L_Haryana,located_in
A_CUST118285,C_CARD523732,uses_card
A_CUST118285,M_MER100116,shops_at
A_CUST118285,L_Gujarat,located_in
A_CUST118288,C_CARD523737,uses_card
A_CUST118288,M_MER100118,shops_at
A_CUST118288,L_Tamil Nadu,located_in
A_CUST118296,C_CARD523746,uses_card
A_CUST118296,M_MER100053,shops_at
A_CUST118296,L_Gujarat,located_in
A_CUST118299,C_CARD523751,uses_card
A_CUST118299,M_MER100141,shops_at
A_CUST118299,L_Odisha,located_in
A_CUST118304,C_CARD523756,uses_card
A_CUST118304,M_MER100059,shops_at
A_CUST118304,L_Bihar,located_in
A_CUST118307,C_CARD523760,uses_card
A_CUST118307,M_MER100026,shops_at
A_CUST118307,L_Karnataka,located_in
A_CUST118311,C_CARD523765,uses_card
A_CUST118311,M_MER100300,shops_at
A_CUST118311,L_Maharashtra,located_in
A_CUST118311,M_MER100156,shops_at
A_CUST118311,M_MER100365,shops_at
A_CUST118311,M_MER100029,shops_at
A_CUST118311,M_MER100081,shops_at
A_CUST118314,C_CARD523768,uses_card
A_CUST118314,M_MER100237,shops_at
A_CUST118314,L_Karnataka,located_in
A_CUST118314,C_CARD523770,uses_card
A_CUST118314,M_MER100242,shops_at
A_CUST118315,C_CARD523772,uses_card
A_CUST118315,M_MER100375,shops_at
A_CUST118315,L_Gujarat,located_in
A_CUST118315,C_CARD523771,uses_card
A_CUST118315,M_MER100356,shops_at
A_CUST118316,C_CARD523774,uses_card
A_CUST118316,M_MER100465,shops_at
A_CUST118316,L_Bihar,located_in
A_CUST118318,C_CARD523776,uses_card
A_CUST118318,M_MER100406,shops_at
A_CUST118318,L_West Bengal,located_in
A_CUST118318,M_MER100476,shops_at
A_CUST118319,C_CARD523777,uses_card
A_CUST118319,M_MER100451,shops_at
A_CUST118319,L_Uttar Pradesh,located_in
A_CUST118319,M_MER100366,shops_at
A_CUST118327,C_CARD523788,uses_card
A_CUST118327,M_MER100152,shops_at
A_CUST118327,L_Karnataka,located_in
A_CUST118327,M_MER100141,shops_at
A_CUST118327,C_CARD523789,uses_card
A_CUST118327,M_MER100424,shops_at
A_CUST118328,C_CARD523790,uses_card
A_CUST118328,M_MER100410,shops_at
A_CUST118328,L_Kerala,located_in
A_CUST118336,C_CARD523801,uses_card
A_CUST118336,M_MER100485,shops_at
A_CUST118336,L_Odisha,located_in
A_CUST118336,M_MER100186,shops_at
A_CUST118337,C_CARD523803,uses_card
A_CUST118337,M_MER100205,shops_at
A_CUST118337,L_Madhya Pradesh,located_in
A_CUST118342,C_CARD523808,uses_card
A_CUST118342,M_MER100403,shops_at
A_CUST118342,L_Assam,located_in
A_CUST118348,C_CARD523817,uses_card
A_CUST118348,M_MER100036,shops_at
A_CUST118348,L_Karnataka,located_in
A_CUST118352,C_CARD523823,uses_card
A_CUST118352,M_MER100499,shops_at
A_CUST118352,L_Tamil Nadu,located_in
A_CUST118361,C_CARD523836,uses_card
A_CUST118361,M_MER100276,shops_at
A_CUST118361,L_Odisha,located_in
A_CUST118361,M_MER100147,shops_at
A_CUST118364,C_CARD523839,uses_card
A_CUST118364,M_MER100106,shops_at
A_CUST118364,L_Telangana,located_in
A_CUST118365,C_CARD523840,uses_card
A_CUST118365,M_MER100003,shops_at
A_CUST118365,L_Maharashtra,located_in
A_CUST118367,C_CARD523844,uses_card
A_CUST118367,M_MER100366,shops_at
A_CUST118367,L_Kerala,located_in
A_CUST118367,C_CARD523842,uses_card
A_CUST118367,M_MER100152,shops_at
A_CUST118367,M_MER100193,shops_at
A_CUST118367,C_CARD523843,uses_card
A_CUST118367,M_MER100073,shops_at
A_CUST118367,M_MER100332,shops_at
A_CUST118373,C_CARD523850,uses_card
A_CUST118373,M_MER100246,shops_at
A_CUST118373,L_Odisha,located_in
A_CUST118377,C_CARD523855,uses_card
A_CUST118377,M_MER100191,shops_at
A_CUST118377,L_Madhya Pradesh,located_in
A_CUST118378,C_CARD523856,uses_card
A_CUST118378,M_MER100169,shops_at
A_CUST118378,L_Madhya Pradesh,located_in
A_CUST118378,M_MER100256,shops_at
A_CUST118380,C_CARD523859,uses_card
A_CUST118380,M_MER100446,shops_at
A_CUST118380,L_Punjab,located_in
A_CUST118380,M_MER100030,shops_at
A_CUST118382,C_CARD523861,uses_card
A_CUST118382,M_MER100500,shops_at
A_CUST118382,L_Punjab,located_in
A_CUST118384,C_CARD523865,uses_card
A_CUST118384,M_MER100175,shops_at
A_CUST118384,L_Bihar,located_in
A_CUST118384,C_CARD523863,uses_card
A_CUST118384,M_MER100113,shops_at
A_CUST118384,M_MER100085,shops_at
A_CUST118384,M_MER100137,shops_at
A_CUST118384,M_MER100383,shops_at
A_CUST118385,C_CARD523866,uses_card
A_CUST118385,M_MER100175,shops_at
A_CUST118385,L_Odisha,located_in
A_CUST118385,C_CARD523867,uses_card
A_CUST118385,M_MER100347,shops_at
A_CUST118395,C_CARD523880,uses_card
A_CUST118395,M_MER100487,shops_at
A_CUST118395,L_Assam,located_in
A_CUST118395,M_MER100204,shops_at
A_CUST118395,M_MER100345,shops_at
A_CUST118398,C_CARD523884,uses_card
A_CUST118398,M_MER100108,shops_at
A_CUST118398,L_Assam,located_in
A_CUST118399,C_CARD523887,uses_card
A_CUST118399,M_MER100059,shops_at
A_CUST118399,L_Maharashtra,located_in
A_CUST118400,C_CARD523888,uses_card
A_CUST118400,M_MER100287,shops_at
A_CUST118400,L_Kerala,located_in
A_CUST118406,C_CARD523894,uses_card
A_CUST118406,M_MER100173,shops_at
A_CUST118406,L_Uttar Pradesh,located_in
A_CUST118406,M_MER100140,shops_at
A_CUST118408,C_CARD523896,uses_card
A_CUST118408,M_MER100492,shops_at
A_CUST118408,L_Gujarat,located_in
A_CUST118411,C_CARD523899,uses_card
A_CUST118411,M_MER100286,shops_at
A_CUST118411,L_Karnataka,located_in
A_CUST118412,C_CARD523900,uses_card
A_CUST118412,M_MER100494,shops_at
A_CUST118412,L_Odisha,located_in
A_CUST118416,C_CARD523905,uses_card
A_CUST118416,M_MER100091,shops_at
A_CUST118416,L_Rajasthan,located_in
A_CUST118417,C_CARD523907,uses_card
A_CUST118417,M_MER100495,shops_at
A_CUST118417,L_Tamil Nadu,located_in
A_CUST118424,C_CARD523916,uses_card
A_CUST118424,M_MER100425,shops_at
A_CUST118424,L_West Bengal,located_in
A_CUST118427,C_CARD523919,uses_card
A_CUST118427,M_MER100180,shops_at
A_CUST118427,L_Bihar,located_in
A_CUST118428,C_CARD523920,uses_card
A_CUST118428,M_MER100110,shops_at
A_CUST118428,L_Madhya Pradesh,located_in
A_CUST118432,C_CARD523925,uses_card
A_CUST118432,M_MER100054,shops_at
A_CUST118432,L_Karnataka,located_in
A_CUST118432,M_MER100449,shops_at
A_CUST118432,C_CARD523924,uses_card
A_CUST118432,M_MER100317,shops_at
A_CUST118432,M_MER100189,shops_at
A_CUST118434,C_CARD523930,uses_card
A_CUST118434,M_MER100179,shops_at
A_CUST118434,L_Odisha,located_in
A_CUST118435,C_CARD523931,uses_card
A_CUST118435,M_MER100476,shops_at
A_CUST118435,L_Uttar Pradesh,located_in
A_CUST118435,M_MER100250,shops_at
A_CUST118437,C_CARD523933,uses_card
A_CUST118437,M_MER100179,shops_at
A_CUST118437,L_Bihar,located_in
A_CUST118439,C_CARD523935,uses_card
A_CUST118439,M_MER100439,shops_at
A_CUST118439,L_Assam,located_in
A_CUST118441,C_CARD523938,uses_card
A_CUST118441,M_MER100280,shops_at
A_CUST118441,L_Kerala,located_in
A_CUST118442,C_CARD523939,uses_card
A_CUST118442,M_MER100444,shops_at
A_CUST118442,L_Bihar,located_in
A_CUST118445,C_CARD523943,uses_card
A_CUST118445,M_MER100067,shops_at
A_CUST118445,L_Madhya Pradesh,located_in
A_CUST118447,C_CARD523946,uses_card
A_CUST118447,M_MER100131,shops_at
A_CUST118447,L_Maharashtra,located_in
A_CUST118447,C_CARD523947,uses_card
A_CUST118447,M_MER100390,shops_at
A_CUST118457,C_CARD523962,uses_card
A_CUST118457,M_MER100057,shops_at
A_CUST118457,L_Bihar,located_in
A_CUST118458,C_CARD523963,uses_card
A_CUST118458,M_MER100022,shops_at
A_CUST118458,L_Telangana,located_in
A_CUST118458,M_MER100346,shops_at
A_CUST118479,C_CARD523990,uses_card
A_CUST118479,M_MER100089,shops_at
A_CUST118479,L_Rajasthan,located_in
A_CUST118484,C_CARD523996,uses_card
A_CUST118484,M_MER100465,shops_at
A_CUST118484,L_Madhya Pradesh,located_in
A_CUST118484,M_MER100298,shops_at
A_CUST118484,M_MER100461,shops_at
A_CUST118484,C_CARD523995,uses_card
A_CUST118484,M_MER100209,shops_at
A_CUST118484,M_MER100242,shops_at
A_CUST118487,C_CARD524000,uses_card
A_CUST118487,M_MER100240,shops_at
A_CUST118487,L_Bihar,located_in
A_CUST118488,C_CARD524002,uses_card
A_CUST118488,M_MER100490,shops_at
A_CUST118488,L_Kerala,located_in
A_CUST118489,C_CARD524003,uses_card
A_CUST118489,M_MER100004,shops_at
A_CUST118489,L_Uttar Pradesh,located_in
A_CUST118490,C_CARD524005,uses_card
A_CUST118490,M_MER100352,shops_at
A_CUST118490,L_Gujarat,located_in
A_CUST118490,M_MER100074,shops_at
A_CUST118499,C_CARD524016,uses_card
A_CUST118499,M_MER100204,shops_at
A_CUST118499,L_Odisha,located_in
A_CUST118499,M_MER100059,shops_at
A_CUST118509,C_CARD524026,uses_card
A_CUST118509,M_MER100209,shops_at
A_CUST118509,L_Gujarat,located_in
A_CUST118509,M_MER100146,shops_at
A_CUST118515,C_CARD524034,uses_card
A_CUST118515,M_MER100121,shops_at
A_CUST118515,L_Telangana,located_in
A_CUST118515,M_MER100014,shops_at
A_CUST118518,C_CARD524037,uses_card
A_CUST118518,M_MER100060,shops_at
A_CUST118518,L_Uttar Pradesh,located_in
A_CUST118519,C_CARD524039,uses_card
A_CUST118519,M_MER100430,shops_at
A_CUST118519,L_Karnataka,located_in
A_CUST118521,C_CARD524041,uses_card
A_CUST118521,M_MER100090,shops_at
A_CUST118521,L_Haryana,located_in
A_CUST118521,C_CARD524042,uses_card
A_CUST118521,M_MER100345,shops_at
A_CUST118526,C_CARD524048,uses_card
A_CUST118526,M_MER100292,shops_at
A_CUST118526,L_Haryana,located_in
A_CUST118527,C_CARD524049,uses_card
A_CUST118527,M_MER100382,shops_at
A_CUST118527,L_Haryana,located_in
A_CUST118528,C_CARD524052,uses_card
A_CUST118528,M_MER100347,shops_at
A_CUST118528,L_Tamil Nadu,located_in
A_CUST118534,C_CARD524060,uses_card
A_CUST118534,M_MER100330,shops_at
A_CUST118534,L_Rajasthan,located_in
A_CUST118536,C_CARD524062,uses_card
A_CUST118536,M_MER100334,shops_at
A_CUST118536,L_Assam,located_in
A_CUST118538,C_CARD524064,uses_card
A_CUST118538,M_MER100249,shops_at
A_CUST118538,L_Madhya Pradesh,located_in
A_CUST118539,C_CARD524067,uses_card
A_CUST118539,M_MER100018,shops_at
A_CUST118539,L_Assam,located_in
A_CUST118541,C_CARD524069,uses_card
A_CUST118541,M_MER100453,shops_at
A_CUST118541,L_Karnataka,located_in
A_CUST118552,C_CARD524082,uses_card
A_CUST118552,M_MER100423,shops_at
A_CUST118552,L_Gujarat,located_in
A_CUST118557,C_CARD524087,uses_card
A_CUST118557,M_MER100005,shops_at
A_CUST118557,L_Kerala,located_in
A_CUST118557,M_MER100424,shops_at
A_CUST118563,C_CARD524094,uses_card
A_CUST118563,M_MER100138,shops_at
A_CUST118563,L_Uttar Pradesh,located_in
A_CUST118565,C_CARD524097,uses_card
A_CUST118565,M_MER100275,shops_at
A_CUST118565,L_Gujarat,located_in
A_CUST118582,C_CARD524118,uses_card
A_CUST118582,M_MER100396,shops_at
A_CUST118582,L_Haryana,located_in
A_CUST118582,M_MER100048,shops_at
A_CUST118582,M_MER100153,shops_at
A_CUST118583,C_CARD524119,uses_card
A_CUST118583,M_MER100382,shops_at
A_CUST118583,L_Punjab,located_in
A_CUST118586,C_CARD524122,uses_card
A_CUST118586,M_MER100112,shops_at
A_CUST118586,L_West Bengal,located_in
A_CUST118595,C_CARD524133,uses_card
A_CUST118595,M_MER100256,shops_at
A_CUST118595,L_Gujarat,located_in
A_CUST118595,C_CARD524131,uses_card
A_CUST118595,M_MER100060,shops_at
A_CUST118597,C_CARD524135,uses_card
A_CUST118597,M_MER100017,shops_at
A_CUST118597,L_Karnataka,located_in
A_CUST118597,M_MER100359,shops_at
A_CUST118600,C_CARD524139,uses_card
A_CUST118600,M_MER100346,shops_at
A_CUST118600,L_Maharashtra,located_in
A_CUST118603,C_CARD524143,uses_card
A_CUST118603,M_MER100495,shops_at
A_CUST118603,L_Uttar Pradesh,located_in
A_CUST118607,C_CARD524147,uses_card
A_CUST118607,M_MER100141,shops_at
A_CUST118607,L_West Bengal,located_in
A_CUST118611,C_CARD524151,uses_card
A_CUST118611,M_MER100237,shops_at
A_CUST118611,L_Assam,located_in
A_CUST118611,M_MER100162,shops_at
A_CUST118616,C_CARD524157,uses_card
A_CUST118616,M_MER100057,shops_at
A_CUST118616,L_Punjab,located_in
A_CUST118618,C_CARD524159,uses_card
A_CUST118618,M_MER100040,shops_at
A_CUST118618,L_Rajasthan,located_in
A_CUST118620,C_CARD524161,uses_card
A_CUST118620,M_MER100016,shops_at
A_CUST118620,L_Karnataka,located_in
A_CUST118622,C_CARD524164,uses_card
A_CUST118622,M_MER100372,shops_at
A_CUST118622,L_Punjab,located_in
A_CUST118627,C_CARD524169,uses_card
A_CUST118627,M_MER100391,shops_at
A_CUST118627,L_Kerala,located_in
A_CUST118632,C_CARD524175,uses_card
A_CUST118632,M_MER100386,shops_at
A_CUST118632,L_West Bengal,located_in
A_CUST118633,C_CARD524177,uses_card
A_CUST118633,M_MER100389,shops_at
A_CUST118633,L_Karnataka,located_in
A_CUST118633,M_MER100208,shops_at
A_CUST118633,M_MER100357,shops_at
A_CUST118633,C_CARD524176,uses_card
A_CUST118633,M_MER100141,shops_at
A_CUST118638,C_CARD524184,uses_card
A_CUST118638,M_MER100374,shops_at
A_CUST118638,L_Telangana,located_in
A_CUST118639,C_CARD524185,uses_card
A_CUST118639,M_MER100105,shops_at
A_CUST118639,L_Bihar,located_in
A_CUST118639,M_MER100138,shops_at
A_CUST118641,C_CARD524188,uses_card
A_CUST118641,M_MER100012,shops_at
A_CUST118641,L_West Bengal,located_in
A_CUST118650,C_CARD524199,uses_card
A_CUST118650,M_MER100191,shops_at
A_CUST118650,L_Karnataka,located_in
A_CUST118650,C_CARD524200,uses_card
A_CUST118650,M_MER100371,shops_at
A_CUST118653,C_CARD524203,uses_card
A_CUST118653,M_MER100037,shops_at
A_CUST118653,L_Punjab,located_in
A_CUST118656,C_CARD524207,uses_card
A_CUST118656,M_MER100325,shops_at
A_CUST118656,L_Punjab,located_in
A_CUST118656,M_MER100379,shops_at
A_CUST118656,M_MER100076,shops_at
A_CUST118660,C_CARD524211,uses_card
A_CUST118660,M_MER100292,shops_at
A_CUST118660,L_Assam,located_in
A_CUST118666,C_CARD524219,uses_card
A_CUST118666,M_MER100144,shops_at
A_CUST118666,L_Gujarat,located_in
A_CUST118666,M_MER100242,shops_at
A_CUST118666,M_MER100193,shops_at
A_CUST118667,C_CARD524220,uses_card
A_CUST118667,M_MER100358,shops_at
A_CUST118667,L_Odisha,located_in
A_CUST118671,C_CARD524226,uses_card
A_CUST118671,M_MER100138,shops_at
A_CUST118671,L_Bihar,located_in
A_CUST118671,C_CARD524227,uses_card
A_CUST118671,M_MER100198,shops_at
A_CUST118671,M_MER100452,shops_at
A_CUST118671,M_MER100132,shops_at
A_CUST118672,C_CARD524229,uses_card
A_CUST118672,M_MER100179,shops_at
A_CUST118672,L_West Bengal,located_in
A_CUST118673,C_CARD524231,uses_card
A_CUST118673,M_MER100495,shops_at
A_CUST118673,L_Madhya Pradesh,located_in
A_CUST118673,M_MER100424,shops_at
A_CUST118673,M_MER100379,shops_at
A_CUST118675,C_CARD524233,uses_card
A_CUST118675,M_MER100394,shops_at
A_CUST118675,L_West Bengal,located_in
A_CUST118675,C_CARD524234,uses_card
A_CUST118675,M_MER100467,shops_at
A_CUST118680,C_CARD524240,uses_card
A_CUST118680,M_MER100408,shops_at
A_CUST118680,L_Haryana,located_in
A_CUST118680,M_MER100264,shops_at
A_CUST118685,C_CARD524245,uses_card
A_CUST118685,M_MER100047,shops_at
A_CUST118685,L_Madhya Pradesh,located_in
A_CUST118686,C_CARD524247,uses_card
A_CUST118686,M_MER100492,shops_at
A_CUST118686,L_West Bengal,located_in
A_CUST118692,C_CARD524254,uses_card
A_CUST118692,M_MER100178,shops_at
A_CUST118692,L_West Bengal,located_in
A_CUST118693,C_CARD524256,uses_card
A_CUST118693,M_MER100235,shops_at
A_CUST118693,L_West Bengal,located_in
A_CUST118694,C_CARD524258,uses_card
A_CUST118694,M_MER100380,shops_at
A_CUST118694,L_Rajasthan,located_in
A_CUST118694,M_MER100348,shops_at
A_CUST118700,C_CARD524268,uses_card
A_CUST118700,M_MER100384,shops_at
A_CUST118700,L_Punjab,located_in
A_CUST118700,C_CARD524266,uses_card
A_CUST118700,M_MER100153,shops_at
A_CUST118701,C_CARD524269,uses_card
A_CUST118701,M_MER100141,shops_at
A_CUST118701,L_Telangana,located_in
A_CUST118709,C_CARD524280,uses_card
A_CUST118709,M_MER100117,shops_at
A_CUST118709,L_Punjab,located_in
A_CUST118710,C_CARD524281,uses_card
A_CUST118710,M_MER100081,shops_at
A_CUST118710,L_Haryana,located_in
A_CUST118714,C_CARD524287,uses_card
A_CUST118714,M_MER100462,shops_at
A_CUST118714,L_Haryana,located_in
A_CUST118715,C_CARD524288,uses_card
A_CUST118715,M_MER100062,shops_at
A_CUST118715,L_Madhya Pradesh,located_in
A_CUST118715,M_MER100249,shops_at
A_CUST118719,C_CARD524293,uses_card
A_CUST118719,M_MER100199,shops_at
A_CUST118719,L_Telangana,located_in
A_CUST118721,C_CARD524295,uses_card
A_CUST118721,M_MER100184,shops_at
A_CUST118721,L_Madhya Pradesh,located_in
A_CUST118721,M_MER100476,shops_at
A_CUST118731,C_CARD524306,uses_card
A_CUST118731,M_MER100358,shops_at
A_CUST118731,L_Tamil Nadu,located_in
A_CUST118731,C_CARD524305,uses_card
A_CUST118731,M_MER100061,shops_at
A_CUST118733,C_CARD524308,uses_card
A_CUST118733,M_MER100086,shops_at
A_CUST118733,L_Telangana,located_in
A_CUST118748,C_CARD524325,uses_card
A_CUST118748,M_MER100342,shops_at
A_CUST118748,L_Assam,located_in
A_CUST118752,C_CARD524330,uses_card
A_CUST118752,M_MER100199,shops_at
A_CUST118752,L_Rajasthan,located_in
A_CUST118756,C_CARD524334,uses_card
A_CUST118756,M_MER100162,shops_at
A_CUST118756,L_Karnataka,located_in
A_CUST118756,M_MER100442,shops_at
A_CUST118757,C_CARD524335,uses_card
A_CUST118757,M_MER100425,shops_at
A_CUST118757,L_Maharashtra,located_in
A_CUST118757,M_MER100439,shops_at
A_CUST118760,C_CARD524341,uses_card
A_CUST118760,M_MER100039,shops_at
A_CUST118760,L_Punjab,located_in
A_CUST118761,C_CARD524342,uses_card
A_CUST118761,M_MER100035,shops_at
A_CUST118761,L_Gujarat,located_in
A_CUST118761,M_MER100405,shops_at
A_CUST118761,C_CARD524343,uses_card
A_CUST118761,M_MER100465,shops_at
A_CUST118762,C_CARD524345,uses_card
A_CUST118762,M_MER100014,shops_at
A_CUST118762,L_Tamil Nadu,located_in
A_CUST118775,C_CARD524360,uses_card
A_CUST118775,M_MER100484,shops_at
A_CUST118775,L_Uttar Pradesh,located_in
A_CUST118783,C_CARD524372,uses_card
A_CUST118783,M_MER100110,shops_at
A_CUST118783,L_Assam,located_in
A_CUST118788,C_CARD524377,uses_card
A_CUST118788,M_MER100226,shops_at
A_CUST118788,L_Tamil Nadu,located_in
A_CUST118788,M_MER100255,shops_at
A_CUST118790,C_CARD524380,uses_card
A_CUST118790,M_MER100328,shops_at
A_CUST118790,L_Rajasthan,located_in
A_CUST118790,M_MER100272,shops_at
A_CUST118791,C_CARD524382,uses_card
A_CUST118791,M_MER100467,shops_at
A_CUST118791,L_Bihar,located_in
A_CUST118793,C_CARD524386,uses_card
A_CUST118793,M_MER100467,shops_at
A_CUST118793,L_Karnataka,located_in
A_CUST118793,M_MER100143,shops_at
A_CUST118793,M_MER100284,shops_at
A_CUST118799,C_CARD524393,uses_card
A_CUST118799,M_MER100198,shops_at
A_CUST118799,L_Bihar,located_in
A_CUST118801,C_CARD524395,uses_card
A_CUST118801,M_MER100404,shops_at
A_CUST118801,L_Rajasthan,located_in
A_CUST118808,C_CARD524402,uses_card
A_CUST118808,M_MER100372,shops_at
A_CUST118808,L_Uttar Pradesh,located_in
A_CUST118812,C_CARD524406,uses_card
A_CUST118812,M_MER100170,shops_at
A_CUST118812,L_Odisha,located_in
A_CUST118812,M_MER100383,shops_at
A_CUST118814,C_CARD524409,uses_card
A_CUST118814,M_MER100375,shops_at
A_CUST118814,L_Kerala,located_in
A_CUST118815,C_CARD524412,uses_card
A_CUST118815,M_MER100378,shops_at
A_CUST118815,L_Odisha,located_in
A_CUST118821,C_CARD524418,uses_card
A_CUST118821,M_MER100405,shops_at
A_CUST118821,L_West Bengal,located_in
A_CUST118821,M_MER100294,shops_at
A_CUST118824,C_CARD524422,uses_card
A_CUST118824,M_MER100061,shops_at
A_CUST118824,L_Madhya Pradesh,located_in
A_CUST118827,C_CARD524426,uses_card
A_CUST118827,M_MER100086,shops_at
A_CUST118827,L_Bihar,located_in
A_CUST118832,C_CARD524431,uses_card
A_CUST118832,M_MER100291,shops_at
A_CUST118832,L_Gujarat,located_in
A_CUST118832,C_CARD524432,uses_card
A_CUST118832,M_MER100179,shops_at
A_CUST118835,C_CARD524435,uses_card
A_CUST118835,M_MER100021,shops_at
A_CUST118835,L_Gujarat,located_in
A_CUST118838,C_CARD524440,uses_card
A_CUST118838,M_MER100044,shops_at
A_CUST118838,L_Assam,located_in
A_CUST118838,M_MER100365,shops_at
A_CUST118838,M_MER100014,shops_at
A_CUST118848,C_CARD524456,uses_card
A_CUST118848,M_MER100438,shops_at
A_CUST118848,L_Telangana,located_in
A_CUST118848,C_CARD524455,uses_card
A_CUST118848,M_MER100471,shops_at
A_CUST118855,C_CARD524463,uses_card
A_CUST118855,M_MER100379,shops_at
A_CUST118855,L_Bihar,located_in
A_CUST118858,C_CARD524467,uses_card
A_CUST118858,M_MER100140,shops_at
A_CUST118858,L_Karnataka,located_in
A_CUST118859,C_CARD524468,uses_card
A_CUST118859,M_MER100441,shops_at
A_CUST118859,L_Haryana,located_in
A_CUST118862,C_CARD524473,uses_card
A_CUST118862,M_MER100418,shops_at
A_CUST118862,L_Punjab,located_in
A_CUST118875,C_CARD524491,uses_card
A_CUST118875,M_MER100438,shops_at
A_CUST118875,L_Assam,located_in
A_CUST118875,M_MER100448,shops_at
A_CUST118875,M_MER100105,shops_at
A_CUST118877,C_CARD524495,uses_card
A_CUST118877,M_MER100062,shops_at
A_CUST118877,L_Telangana,located_in
A_CUST118882,C_CARD524501,uses_card
A_CUST118882,M_MER100109,shops_at
A_CUST118882,L_Gujarat,located_in
A_CUST118882,C_CARD524500,uses_card
A_CUST118882,M_MER100330,shops_at
A_CUST118882,M_MER100179,shops_at
A_CUST118887,C_CARD524507,uses_card
A_CUST118887,M_MER100148,shops_at
A_CUST118887,L_West Bengal,located_in
A_CUST118887,C_CARD524506,uses_card
A_CUST118887,M_MER100255,shops_at
A_CUST118888,C_CARD524509,uses_card
A_CUST118888,M_MER100200,shops_at
A_CUST118888,L_Maharashtra,located_in
A_CUST118888,M_MER100114,shops_at
A_CUST118892,C_CARD524514,uses_card
A_CUST118892,M_MER100305,shops_at
A_CUST118892,L_Odisha,located_in
A_CUST118896,C_CARD524521,uses_card
A_CUST118896,M_MER100366,shops_at
A_CUST118896,L_Kerala,located_in
A_CUST118901,C_CARD524527,uses_card
A_CUST118901,M_MER100358,shops_at
A_CUST118901,L_Kerala,located_in
A_CUST118902,C_CARD524528,uses_card
A_CUST118902,M_MER100141,shops_at
A_CUST118902,L_Odisha,located_in
A_CUST118905,C_CARD524534,uses_card
A_CUST118905,M_MER100107,shops_at
A_CUST118905,L_Bihar,located_in
A_CUST118905,C_CARD524532,uses_card
A_CUST118905,M_MER100288,shops_at
A_CUST118907,C_CARD524536,uses_card
A_CUST118907,M_MER100312,shops_at
A_CUST118907,L_Kerala,located_in
A_CUST118909,C_CARD524539,uses_card
A_CUST118909,M_MER100249,shops_at
A_CUST118909,L_Punjab,located_in
A_CUST118915,C_CARD524548,uses_card
A_CUST118915,M_MER100342,shops_at
A_CUST118915,L_West Bengal,located_in
A_CUST118917,C_CARD524551,uses_card
A_CUST118917,M_MER100136,shops_at
A_CUST118917,L_Assam,located_in
A_CUST118921,C_CARD524556,uses_card
A_CUST118921,M_MER100185,shops_at
A_CUST118921,L_Odisha,located_in
A_CUST118921,M_MER100219,shops_at
A_CUST118922,C_CARD524557,uses_card
A_CUST118922,M_MER100217,shops_at
A_CUST118922,L_Madhya Pradesh,located_in
A_CUST118922,M_MER100113,shops_at
A_CUST118926,C_CARD524564,uses_card
A_CUST118926,M_MER100223,shops_at
A_CUST118926,L_West Bengal,located_in
A_CUST118927,C_CARD524567,uses_card
A_CUST118927,M_MER100375,shops_at
A_CUST118927,L_Kerala,located_in
A_CUST118927,M_MER100131,shops_at
A_CUST118928,C_CARD524568,uses_card
A_CUST118928,M_MER100129,shops_at
A_CUST118928,L_Tamil Nadu,located_in
A_CUST118931,C_CARD524572,uses_card
A_CUST118931,M_MER100106,shops_at
A_CUST118931,L_Telangana,located_in
A_CUST118931,M_MER100478,shops_at
A_CUST118931,M_MER100150,shops_at
A_CUST118931,C_CARD524573,uses_card
A_CUST118931,M_MER100138,shops_at
A_CUST118931,M_MER100452,shops_at
A_CUST118931,M_MER100242,shops_at
A_CUST118931,M_MER100444,shops_at
A_CUST118931,C_CARD524571,uses_card
A_CUST118931,M_MER100001,shops_at
A_CUST118934,C_CARD524577,uses_card
A_CUST118934,M_MER100379,shops_at
A_CUST118934,L_Maharashtra,located_in
A_CUST118934,M_MER100291,shops_at
A_CUST118934,M_MER100152,shops_at
A_CUST118934,M_MER100102,shops_at
A_CUST118936,C_CARD524580,uses_card
A_CUST118936,M_MER100267,shops_at
A_CUST118936,L_Karnataka,located_in
A_CUST118939,C_CARD524583,uses_card
A_CUST118939,M_MER100291,shops_at
A_CUST118939,L_Uttar Pradesh,located_in
A_CUST118942,C_CARD524586,uses_card
A_CUST118942,M_MER100099,shops_at
A_CUST118942,L_Uttar Pradesh,located_in
A_CUST118942,M_MER100175,shops_at
A_CUST118949,C_CARD524593,uses_card
A_CUST118949,M_MER100095,shops_at
A_CUST118949,L_Punjab,located_in
A_CUST118950,C_CARD524594,uses_card
A_CUST118950,M_MER100031,shops_at
A_CUST118950,L_Odisha,located_in
A_CUST118950,M_MER100409,shops_at
A_CUST118950,M_MER100089,shops_at
A_CUST118953,C_CARD524599,uses_card
A_CUST118953,M_MER100360,shops_at
A_CUST118953,L_Tamil Nadu,located_in
A_CUST118953,C_CARD524598,uses_card
A_CUST118953,M_MER100318,shops_at
A_CUST118956,C_CARD524605,uses_card
A_CUST118956,M_MER100004,shops_at
A_CUST118956,L_Assam,located_in
A_CUST118963,C_CARD524613,uses_card
A_CUST118963,M_MER100208,shops_at
A_CUST118963,L_Tamil Nadu,located_in
A_CUST118964,C_CARD524614,uses_card
A_CUST118964,M_MER100226,shops_at
A_CUST118964,L_Tamil Nadu,located_in
A_CUST118968,C_CARD524618,uses_card
A_CUST118968,M_MER100146,shops_at
A_CUST118968,L_Telangana,located_in
A_CUST118968,M_MER100190,shops_at
A_CUST118969,C_CARD524619,uses_card
A_CUST118969,M_MER100140,shops_at
A_CUST118969,L_Tamil Nadu,located_in
A_CUST118971,C_CARD524621,uses_card
A_CUST118971,M_MER100140,shops_at
A_CUST118971,L_Karnataka,located_in
A_CUST118974,C_CARD524625,uses_card
A_CUST118974,M_MER100064,shops_at
A_CUST118974,L_Maharashtra,located_in
A_CUST118975,C_CARD524627,uses_card
A_CUST118975,M_MER100229,shops_at
A_CUST118975,L_Uttar Pradesh,located_in
A_CUST118978,C_CARD524630,uses_card
A_CUST118978,M_MER100173,shops_at
A_CUST118978,L_Maharashtra,located_in
A_CUST118980,C_CARD524632,uses_card
A_CUST118980,M_MER100084,shops_at
A_CUST118980,L_Kerala,located_in
A_CUST118980,M_MER100149,shops_at
A_CUST118980,M_MER100288,shops_at
A_CUST118981,C_CARD524636,uses_card
A_CUST118981,M_MER100009,shops_at
A_CUST118981,L_Assam,located_in
A_CUST118981,M_MER100149,shops_at
A_CUST118987,C_CARD524645,uses_card
A_CUST118987,M_MER100112,shops_at
A_CUST118987,L_Karnataka,located_in
A_CUST118987,C_CARD524644,uses_card
A_CUST118987,M_MER100329,shops_at
A_CUST118987,C_CARD524643,uses_card
A_CUST118987,M_MER100138,shops_at
A_CUST118988,C_CARD524646,uses_card
A_CUST118988,M_MER100195,shops_at
A_CUST118988,L_Telangana,located_in
A_CUST118994,C_CARD524652,uses_card
A_CUST118994,M_MER100069,shops_at
A_CUST118994,L_Uttar Pradesh,located_in
A_CUST118998,C_CARD524656,uses_card
A_CUST118998,M_MER100087,shops_at
A_CUST118998,L_Rajasthan,located_in
A_CUST118999,C_CARD524658,uses_card
A_CUST118999,M_MER100331,shops_at
A_CUST118999,L_Karnataka,located_in
A_CUST119000,C_CARD524659,uses_card
A_CUST119000,M_MER100349,shops_at
A_CUST119000,L_Gujarat,located_in
A_CUST119003,C_CARD524663,uses_card
A_CUST119003,M_MER100382,shops_at
A_CUST119003,L_Odisha,located_in
A_CUST119005,C_CARD524667,uses_card
A_CUST119005,M_MER100252,shops_at
A_CUST119005,L_Haryana,located_in
A_CUST119006,C_CARD524668,uses_card
A_CUST119006,M_MER100472,shops_at
A_CUST119006,L_Odisha,located_in
A_CUST119006,C_CARD524670,uses_card
A_CUST119006,M_MER100102,shops_at
A_CUST119006,M_MER100251,shops_at
A_CUST119006,M_MER100384,shops_at
A_CUST119006,C_CARD524669,uses_card
A_CUST119006,M_MER100488,shops_at
A_CUST119007,C_CARD524671,uses_card
A_CUST119007,M_MER100136,shops_at
A_CUST119007,L_Telangana,located_in
A_CUST119014,C_CARD524679,uses_card
A_CUST119014,M_MER100087,shops_at
A_CUST119014,L_Telangana,located_in
A_CUST119024,C_CARD524692,uses_card
A_CUST119024,M_MER100453,shops_at
A_CUST119024,L_Punjab,located_in
A_CUST119034,C_CARD524705,uses_card
A_CUST119034,M_MER100205,shops_at
A_CUST119034,L_Tamil Nadu,located_in
A_CUST119034,C_CARD524706,uses_card
A_CUST119034,M_MER100130,shops_at
A_CUST119038,C_CARD524711,uses_card
A_CUST119038,M_MER100475,shops_at
A_CUST119038,L_Tamil Nadu,located_in
A_CUST119045,C_CARD524723,uses_card
A_CUST119045,M_MER100491,shops_at
A_CUST119045,L_Odisha,located_in
A_CUST119045,C_CARD524722,uses_card
A_CUST119045,M_MER100288,shops_at
A_CUST119047,C_CARD524725,uses_card
A_CUST119047,M_MER100136,shops_at
A_CUST119047,L_Tamil Nadu,located_in
A_CUST119047,M_MER100308,shops_at
A_CUST119052,C_CARD524731,uses_card
A_CUST119052,M_MER100249,shops_at
A_CUST119052,L_Odisha,located_in
A_CUST119055,C_CARD524734,uses_card
A_CUST119055,M_MER100081,shops_at
A_CUST119055,L_Odisha,located_in
A_CUST119065,C_CARD524747,uses_card
A_CUST119065,M_MER100062,shops_at
A_CUST119065,L_Uttar Pradesh,located_in
A_CUST119067,C_CARD524750,uses_card
A_CUST119067,M_MER100422,shops_at
A_CUST119067,L_Assam,located_in
A_CUST119068,C_CARD524751,uses_card
A_CUST119068,M_MER100116,shops_at
A_CUST119068,L_Karnataka,located_in
A_CUST119069,C_CARD524752,uses_card
A_CUST119069,M_MER100065,shops_at
A_CUST119069,L_Gujarat,located_in
A_CUST119070,C_CARD524753,uses_card
A_CUST119070,M_MER100179,shops_at
A_CUST119070,L_Assam,located_in
A_CUST119071,C_CARD524756,uses_card
A_CUST119071,M_MER100422,shops_at
A_CUST119071,L_Uttar Pradesh,located_in
A_CUST119071,M_MER100305,shops_at
A_CUST119073,C_CARD524759,uses_card
A_CUST119073,M_MER100409,shops_at
A_CUST119073,L_Kerala,located_in
A_CUST119075,C_CARD524761,uses_card
A_CUST119075,M_MER100094,shops_at
A_CUST119075,L_Gujarat,located_in
A_CUST119076,C_CARD524762,uses_card
A_CUST119076,M_MER100166,shops_at
A_CUST119076,L_Gujarat,located_in
A_CUST119079,C_CARD524766,uses_card
A_CUST119079,M_MER100213,shops_at
A_CUST119079,L_Telangana,located_in
A_CUST119081,C_CARD524768,uses_card
A_CUST119081,M_MER100366,shops_at
A_CUST119081,L_Karnataka,located_in
A_CUST119088,C_CARD524781,uses_card
A_CUST119088,M_MER100395,shops_at
A_CUST119088,L_Punjab,located_in
A_CUST119088,C_CARD524782,uses_card
A_CUST119088,M_MER100037,shops_at
A_CUST119090,C_CARD524784,uses_card
A_CUST119090,M_MER100235,shops_at
A_CUST119090,L_Odisha,located_in
A_CUST119091,C_CARD524787,uses_card
A_CUST119091,M_MER100465,shops_at
A_CUST119091,L_Maharashtra,located_in
A_CUST119091,C_CARD524786,uses_card
A_CUST119091,M_MER100346,shops_at
A_CUST119095,C_CARD524793,uses_card
A_CUST119095,M_MER100499,shops_at
A_CUST119095,L_Bihar,located_in
A_CUST119095,C_CARD524792,uses_card
A_CUST119095,M_MER100383,shops_at
A_CUST119097,C_CARD524796,uses_card
A_CUST119097,M_MER100034,shops_at
A_CUST119097,L_Assam,located_in
A_CUST119097,M_MER100169,shops_at
A_CUST119097,M_MER100437,shops_at
A_CUST119100,C_CARD524799,uses_card
A_CUST119100,M_MER100173,shops_at
A_CUST119100,L_West Bengal,located_in
A_CUST119101,C_CARD524800,uses_card
A_CUST119101,M_MER100308,shops_at
A_CUST119101,L_Bihar,located_in
A_CUST119103,C_CARD524802,uses_card
A_CUST119103,M_MER100301,shops_at
A_CUST119103,L_Punjab,located_in
A_CUST119106,C_CARD524807,uses_card
A_CUST119106,M_MER100002,shops_at
A_CUST119106,L_Haryana,located_in
A_CUST119112,C_CARD524813,uses_card
A_CUST119112,M_MER100173,shops_at
A_CUST119112,L_Maharashtra,located_in
A_CUST119113,C_CARD524815,uses_card
A_CUST119113,M_MER100404,shops_at
A_CUST119113,L_Kerala,located_in
A_CUST119119,C_CARD524821,uses_card
A_CUST119119,M_MER100046,shops_at
A_CUST119119,L_Madhya Pradesh,located_in
A_CUST119125,C_CARD524827,uses_card
A_CUST119125,M_MER100130,shops_at
A_CUST119125,L_Bihar,located_in
A_CUST119125,M_MER100043,shops_at
A_CUST119127,C_CARD524830,uses_card
A_CUST119127,M_MER100182,shops_at
A_CUST119127,L_Maharashtra,located_in
A_CUST119127,C_CARD524829,uses_card
A_CUST119127,M_MER100312,shops_at
A_CUST119127,M_MER100222,shops_at
A_CUST119129,C_CARD524832,uses_card
A_CUST119129,M_MER100382,shops_at
A_CUST119129,L_Tamil Nadu,located_in
A_CUST119129,M_MER100352,shops_at
A_CUST119131,C_CARD524835,uses_card
A_CUST119131,M_MER100442,shops_at
A_CUST119131,L_Madhya Pradesh,located_in
A_CUST119133,C_CARD524837,uses_card
A_CUST119133,M_MER100403,shops_at
A_CUST119133,L_Haryana,located_in
A_CUST119138,C_CARD524843,uses_card
A_CUST119138,M_MER100382,shops_at
A_CUST119138,L_Kerala,located_in
A_CUST119138,M_MER100175,shops_at
A_CUST119143,C_CARD524850,uses_card
A_CUST119143,M_MER100356,shops_at
A_CUST119143,L_Maharashtra,located_in
A_CUST119144,C_CARD524853,uses_card
A_CUST119144,M_MER100179,shops_at
A_CUST119144,L_Odisha,located_in
A_CUST119144,M_MER100194,shops_at
A_CUST119144,M_MER100046,shops_at
A_CUST119144,M_MER100220,shops_at
A_CUST119145,C_CARD524854,uses_card
A_CUST119145,M_MER100171,shops_at
A_CUST119145,L_Tamil Nadu,located_in
A_CUST119150,C_CARD524861,uses_card
A_CUST119150,M_MER100099,shops_at
A_CUST119150,L_Madhya Pradesh,located_in
A_CUST119154,C_CARD524865,uses_card
A_CUST119154,M_MER100249,shops_at
A_CUST119154,L_Bihar,located_in
A_CUST119160,C_CARD524871,uses_card
A_CUST119160,M_MER100138,shops_at
A_CUST119160,L_Maharashtra,located_in
A_CUST119161,C_CARD524872,uses_card
A_CUST119161,M_MER100089,shops_at
A_CUST119161,L_Assam,located_in
A_CUST119161,M_MER100144,shops_at
A_CUST119164,C_CARD524876,uses_card
A_CUST119164,M_MER100293,shops_at
A_CUST119164,L_Bihar,located_in
A_CUST119165,C_CARD524879,uses_card
A_CUST119165,M_MER100199,shops_at
A_CUST119165,L_Maharashtra,located_in
A_CUST119165,C_CARD524880,uses_card
A_CUST119165,M_MER100209,shops_at
A_CUST119165,C_CARD524878,uses_card
A_CUST119165,M_MER100090,shops_at
A_CUST119166,C_CARD524881,uses_card
A_CUST119166,M_MER100052,shops_at
A_CUST119166,L_Tamil Nadu,located_in
A_CUST119166,M_MER100145,shops_at
A_CUST119167,C_CARD524882,uses_card
A_CUST119167,M_MER100124,shops_at
A_CUST119167,L_West Bengal,located_in
A_CUST119170,C_CARD524885,uses_card
A_CUST119170,M_MER100358,shops_at
A_CUST119170,L_Bihar,located_in
A_CUST119175,C_CARD524892,uses_card
A_CUST119175,M_MER100266,shops_at
A_CUST119175,L_Kerala,located_in
A_CUST119178,C_CARD524895,uses_card
A_CUST119178,M_MER100438,shops_at
A_CUST119178,L_Assam,located_in
A_CUST119179,C_CARD524896,uses_card
A_CUST119179,M_MER100490,shops_at
A_CUST119179,L_Haryana,located_in
A_CUST119180,C_CARD524897,uses_card
A_CUST119180,M_MER100226,shops_at
A_CUST119180,L_Rajasthan,located_in
A_CUST119181,C_CARD524899,uses_card
A_CUST119181,M_MER100058,shops_at
A_CUST119181,L_Bihar,located_in
A_CUST119182,C_CARD524900,uses_card
A_CUST119182,M_MER100234,shops_at
A_CUST119182,L_Assam,located_in
A_CUST119183,C_CARD524901,uses_card
A_CUST119183,M_MER100075,shops_at
A_CUST119183,L_Assam,located_in
A_CUST119183,C_CARD524902,uses_card
A_CUST119183,M_MER100125,shops_at
A_CUST119193,C_CARD524914,uses_card
A_CUST119193,M_MER100357,shops_at
A_CUST119193,L_Odisha,located_in
A_CUST119198,C_CARD524919,uses_card
A_CUST119198,M_MER100102,shops_at
A_CUST119198,L_Punjab,located_in
A_CUST119199,C_CARD524920,uses_card
A_CUST119199,M_MER100070,shops_at
A_CUST119199,L_Tamil Nadu,located_in
A_CUST119207,C_CARD524929,uses_card
A_CUST119207,M_MER100408,shops_at
A_CUST119207,L_Gujarat,located_in
A_CUST119210,C_CARD524934,uses_card
A_CUST119210,M_MER100475,shops_at
A_CUST119210,L_Rajasthan,located_in
A_CUST119210,M_MER100121,shops_at
A_CUST119210,M_MER100490,shops_at
A_CUST119210,M_MER100057,shops_at
A_CUST119214,C_CARD524939,uses_card
A_CUST119214,M_MER100394,shops_at
A_CUST119214,L_Madhya Pradesh,located_in
A_CUST119216,C_CARD524941,uses_card
A_CUST119216,M_MER100141,shops_at
A_CUST119216,L_Madhya Pradesh,located_in
A_CUST119219,C_CARD524944,uses_card
A_CUST119219,M_MER100130,shops_at
A_CUST119219,L_Tamil Nadu,located_in
A_CUST119221,C_CARD524946,uses_card
A_CUST119221,M_MER100021,shops_at
A_CUST119221,L_West Bengal,located_in
A_CUST119225,C_CARD524950,uses_card
A_CUST119225,M_MER100469,shops_at
A_CUST119225,L_Bihar,located_in
A_CUST119227,C_CARD524953,uses_card
A_CUST119227,M_MER100421,shops_at
A_CUST119227,L_Karnataka,located_in
A_CUST119237,C_CARD524964,uses_card
A_CUST119237,M_MER100129,shops_at
A_CUST119237,L_Rajasthan,located_in
A_CUST119239,C_CARD524966,uses_card
A_CUST119239,M_MER100047,shops_at
A_CUST119239,L_Haryana,located_in
A_CUST119246,C_CARD524976,uses_card
A_CUST119246,M_MER100492,shops_at
A_CUST119246,L_Assam,located_in
A_CUST119248,C_CARD524979,uses_card
A_CUST119248,M_MER100031,shops_at
A_CUST119248,L_West Bengal,located_in
A_CUST119250,C_CARD524984,uses_card
A_CUST119250,M_MER100493,shops_at
A_CUST119250,L_Rajasthan,located_in
A_CUST119252,C_CARD524987,uses_card
A_CUST119252,M_MER100042,shops_at
A_CUST119252,L_Uttar Pradesh,located_in
A_CUST119252,M_MER100135,shops_at
A_CUST119253,C_CARD524989,uses_card
A_CUST119253,M_MER100014,shops_at
A_CUST119253,L_Madhya Pradesh,located_in
A_CUST119259,C_CARD524997,uses_card
A_CUST119259,M_MER100022,shops_at
A_CUST119259,L_West Bengal,located_in
A_CUST119259,M_MER100062,shops_at
A_CUST119262,C_CARD525002,uses_card
A_CUST119262,M_MER100014,shops_at
A_CUST119262,L_Rajasthan,located_in
A_CUST119262,M_MER100065,shops_at
A_CUST119262,M_MER100425,shops_at
A_CUST119262,M_MER100199,shops_at
A_CUST119270,C_CARD525012,uses_card
A_CUST119270,M_MER100046,shops_at
A_CUST119270,L_Maharashtra,located_in
A_CUST119272,C_CARD525015,uses_card
A_CUST119272,M_MER100320,shops_at
A_CUST119272,L_Telangana,located_in
A_CUST119272,M_MER100474,shops_at
A_CUST119272,M_MER100005,shops_at
A_CUST119273,C_CARD525016,uses_card
A_CUST119273,M_MER100041,shops_at
A_CUST119273,L_Odisha,located_in
A_CUST119284,C_CARD525030,uses_card
A_CUST119284,M_MER100191,shops_at
A_CUST119284,L_Telangana,located_in
A_CUST119284,C_CARD525029,uses_card
A_CUST119284,M_MER100103,shops_at
A_CUST119284,M_MER100483,shops_at
A_CUST119289,C_CARD525038,uses_card
A_CUST119289,M_MER100022,shops_at
A_CUST119289,L_Assam,located_in
A_CUST119289,C_CARD525039,uses_card
A_CUST119289,M_MER100392,shops_at
A_CUST119292,C_CARD525044,uses_card
A_CUST119292,M_MER100470,shops_at
A_CUST119292,L_Telangana,located_in
A_CUST119292,M_MER100382,shops_at
A_CUST119292,C_CARD525042,uses_card
A_CUST119292,M_MER100202,shops_at
A_CUST119298,C_CARD525051,uses_card
A_CUST119298,M_MER100146,shops_at
A_CUST119298,L_Assam,located_in
A_CUST119298,M_MER100213,shops_at
A_CUST119300,C_CARD525053,uses_card
A_CUST119300,M_MER100047,shops_at
A_CUST119300,L_Rajasthan,located_in
A_CUST119300,M_MER100231,shops_at
A_CUST119300,C_CARD525055,uses_card
A_CUST119300,M_MER100367,shops_at
A_CUST119301,C_CARD525056,uses_card
A_CUST119301,M_MER100305,shops_at
A_CUST119301,L_Maharashtra,located_in
A_CUST119307,C_CARD525064,uses_card
A_CUST119307,M_MER100249,shops_at
A_CUST119307,L_Bihar,located_in
A_CUST119318,C_CARD525078,uses_card
A_CUST119318,M_MER100242,shops_at
A_CUST119318,L_Telangana,located_in
A_CUST119319,C_CARD525079,uses_card
A_CUST119319,M_MER100021,shops_at
A_CUST119319,L_Maharashtra,located_in
A_CUST119319,M_MER100102,shops_at
A_CUST119326,C_CARD525087,uses_card
A_CUST119326,M_MER100226,shops_at
A_CUST119326,L_Haryana,located_in
A_CUST119327,C_CARD525089,uses_card
A_CUST119327,M_MER100043,shops_at
A_CUST119327,L_West Bengal,located_in
A_CUST119327,C_CARD525090,uses_card
A_CUST119327,M_MER100240,shops_at
A_CUST119330,C_CARD525095,uses_card
A_CUST119330,M_MER100208,shops_at
A_CUST119330,L_Punjab,located_in
A_CUST119335,C_CARD525100,uses_card
A_CUST119335,M_MER100130,shops_at
A_CUST119335,L_Punjab,located_in
A_CUST119342,C_CARD525110,uses_card
A_CUST119342,M_MER100352,shops_at
A_CUST119342,L_West Bengal,located_in
A_CUST119351,C_CARD525121,uses_card
A_CUST119351,M_MER100295,shops_at
A_CUST119351,L_Odisha,located_in
A_CUST119351,M_MER100425,shops_at
A_CUST119354,C_CARD525125,uses_card
A_CUST119354,M_MER100076,shops_at
A_CUST119354,L_Odisha,located_in
A_CUST119354,M_MER100151,shops_at
A_CUST119356,C_CARD525127,uses_card
A_CUST119356,M_MER100235,shops_at
A_CUST119356,L_Punjab,located_in
A_CUST119360,C_CARD525134,uses_card
A_CUST119360,M_MER100050,shops_at
A_CUST119360,L_Kerala,located_in
A_CUST119360,M_MER100138,shops_at
A_CUST119360,M_MER100022,shops_at
A_CUST119361,C_CARD525136,uses_card
A_CUST119361,M_MER100156,shops_at
A_CUST119361,L_Uttar Pradesh,located_in
A_CUST119363,C_CARD525139,uses_card
A_CUST119363,M_MER100365,shops_at
A_CUST119363,L_Rajasthan,located_in
A_CUST119363,C_CARD525140,uses_card
A_CUST119363,M_MER100279,shops_at
A_CUST119369,C_CARD525146,uses_card
A_CUST119369,M_MER100055,shops_at
A_CUST119369,L_Telangana,located_in
A_CUST119372,C_CARD525149,uses_card
A_CUST119372,M_MER100432,shops_at
A_CUST119372,L_Punjab,located_in
A_CUST119374,C_CARD525151,uses_card
A_CUST119374,M_MER100482,shops_at
A_CUST119374,L_Telangana,located_in
A_CUST119378,C_CARD525156,uses_card
A_CUST119378,M_MER100447,shops_at
A_CUST119378,L_Karnataka,located_in
A_CUST119378,M_MER100037,shops_at
A_CUST119379,C_CARD525158,uses_card
A_CUST119379,M_MER100382,shops_at
A_CUST119379,L_Uttar Pradesh,located_in
A_CUST119380,C_CARD525160,uses_card
A_CUST119380,M_MER100033,shops_at
A_CUST119380,L_Haryana,located_in
A_CUST119391,C_CARD525171,uses_card
A_CUST119391,M_MER100138,shops_at
A_CUST119391,L_Tamil Nadu,located_in
A_CUST119396,C_CARD525177,uses_card
A_CUST119396,M_MER100062,shops_at
A_CUST119396,L_Madhya Pradesh,located_in
A_CUST119397,C_CARD525179,uses_card
A_CUST119397,M_MER100124,shops_at
A_CUST119397,L_Madhya Pradesh,located_in
A_CUST119399,C_CARD525181,uses_card
A_CUST119399,M_MER100062,shops_at
A_CUST119399,L_Tamil Nadu,located_in
A_CUST119402,C_CARD525186,uses_card
A_CUST119402,M_MER100187,shops_at
A_CUST119402,L_Haryana,located_in
A_CUST119405,C_CARD525192,uses_card
A_CUST119405,M_MER100464,shops_at
A_CUST119405,L_Gujarat,located_in
A_CUST119406,C_CARD525195,uses_card
A_CUST119406,M_MER100459,shops_at
A_CUST119406,L_Odisha,located_in
A_CUST119409,C_CARD525199,uses_card
A_CUST119409,M_MER100047,shops_at
A_CUST119409,L_Uttar Pradesh,located_in
A_CUST119409,C_CARD525200,uses_card
A_CUST119409,M_MER100360,shops_at
A_CUST119409,C_CARD525198,uses_card
A_CUST119409,M_MER100383,shops_at
A_CUST119412,C_CARD525203,uses_card
A_CUST119412,M_MER100015,shops_at
A_CUST119412,L_Telangana,located_in
A_CUST119413,C_CARD525206,uses_card
A_CUST119413,M_MER100455,shops_at
A_CUST119413,L_Kerala,located_in
A_CUST119413,M_MER100424,shops_at
A_CUST119423,C_CARD525219,uses_card
A_CUST119423,M_MER100361,shops_at
A_CUST119423,L_Bihar,located_in
A_CUST119436,C_CARD525238,uses_card
A_CUST119436,M_MER100229,shops_at
A_CUST119436,L_Punjab,located_in
A_CUST119436,M_MER100440,shops_at
A_CUST119437,C_CARD525239,uses_card
A_CUST119437,M_MER100346,shops_at
A_CUST119437,L_Telangana,located_in
A_CUST119438,C_CARD525241,uses_card
A_CUST119438,M_MER100060,shops_at
A_CUST119438,L_Bihar,located_in
A_CUST119438,M_MER100224,shops_at
A_CUST119438,M_MER100124,shops_at
A_CUST119440,C_CARD525243,uses_card
A_CUST119440,M_MER100163,shops_at
A_CUST119440,L_Maharashtra,located_in
A_CUST119445,C_CARD525249,uses_card
A_CUST119445,M_MER100113,shops_at
A_CUST119445,L_Maharashtra,located_in
A_CUST119445,C_CARD525250,uses_card
A_CUST119445,M_MER100014,shops_at
A_CUST119450,C_CARD525256,uses_card
A_CUST119450,M_MER100485,shops_at
A_CUST119450,L_Assam,located_in
A_CUST119452,C_CARD525258,uses_card
A_CUST119452,M_MER100005,shops_at
A_CUST119452,L_Haryana,located_in
A_CUST119452,M_MER100297,shops_at
A_CUST119454,C_CARD525262,uses_card
A_CUST119454,M_MER100179,shops_at
A_CUST119454,L_Karnataka,located_in
A_CUST119456,C_CARD525264,uses_card
A_CUST119456,M_MER100252,shops_at
A_CUST119456,L_Madhya Pradesh,located_in
A_CUST119458,C_CARD525267,uses_card
A_CUST119458,M_MER100317,shops_at
A_CUST119458,L_West Bengal,located_in
A_CUST119458,C_CARD525266,uses_card
A_CUST119458,M_MER100150,shops_at
A_CUST119458,M_MER100252,shops_at
A_CUST119461,C_CARD525271,uses_card
A_CUST119461,M_MER100174,shops_at
A_CUST119461,L_Tamil Nadu,located_in
A_CUST119465,C_CARD525276,uses_card
A_CUST119465,M_MER100016,shops_at
A_CUST119465,L_Kerala,located_in
A_CUST119468,C_CARD525279,uses_card
A_CUST119468,M_MER100138,shops_at
A_CUST119468,L_Tamil Nadu,located_in
A_CUST119476,C_CARD525287,uses_card
A_CUST119476,M_MER100149,shops_at
A_CUST119476,L_Gujarat,located_in
A_CUST119477,C_CARD525289,uses_card
A_CUST119477,M_MER100175,shops_at
A_CUST119477,L_Tamil Nadu,located_in
A_CUST119477,M_MER100326,shops_at
A_CUST119477,M_MER100140,shops_at
A_CUST119481,C_CARD525293,uses_card
A_CUST119481,M_MER100022,shops_at
A_CUST119481,L_Bihar,located_in
A_CUST119485,C_CARD525298,uses_card
A_CUST119485,M_MER100156,shops_at
A_CUST119485,L_Kerala,located_in
A_CUST119486,C_CARD525299,uses_card
A_CUST119486,M_MER100092,shops_at
A_CUST119486,L_Telangana,located_in
A_CUST119487,C_CARD525300,uses_card
A_CUST119487,M_MER100081,shops_at
A_CUST119487,L_Haryana,located_in
A_CUST119489,C_CARD525302,uses_card
A_CUST119489,M_MER100141,shops_at
A_CUST119489,L_Rajasthan,located_in
A_CUST119491,C_CARD525304,uses_card
A_CUST119491,M_MER100182,shops_at
A_CUST119491,L_Karnataka,located_in
A_CUST119492,C_CARD525306,uses_card
A_CUST119492,M_MER100185,shops_at
A_CUST119492,L_Assam,located_in
A_CUST119492,M_MER100273,shops_at
A_CUST119494,C_CARD525309,uses_card
A_CUST119494,M_MER100089,shops_at
A_CUST119494,L_Tamil Nadu,located_in
A_CUST119494,M_MER100473,shops_at
A_CUST119494,M_MER100166,shops_at
A_CUST119498,C_CARD525313,uses_card
A_CUST119498,M_MER100121,shops_at
A_CUST119498,L_Gujarat,located_in
A_CUST119498,C_CARD525315,uses_card
A_CUST119498,M_MER100305,shops_at
A_CUST119498,M_MER100415,shops_at
A_CUST119499,C_CARD525316,uses_card
A_CUST119499,M_MER100179,shops_at
A_CUST119499,L_Gujarat,located_in
A_CUST119502,C_CARD525322,uses_card
A_CUST119502,M_MER100285,shops_at
A_CUST119502,L_Punjab,located_in
A_CUST119506,C_CARD525327,uses_card
A_CUST119506,M_MER100365,shops_at
A_CUST119506,L_Odisha,located_in
A_CUST119506,C_CARD525328,uses_card
A_CUST119506,M_MER100002,shops_at
A_CUST119507,C_CARD525329,uses_card
A_CUST119507,M_MER100326,shops_at
A_CUST119507,L_Karnataka,located_in
A_CUST119512,C_CARD525334,uses_card
A_CUST119512,M_MER100234,shops_at
A_CUST119512,L_Tamil Nadu,located_in
A_CUST119512,M_MER100018,shops_at
A_CUST119514,C_CARD525337,uses_card
A_CUST119514,M_MER100336,shops_at
A_CUST119514,L_Uttar Pradesh,located_in
A_CUST119516,C_CARD525340,uses_card
A_CUST119516,M_MER100057,shops_at
A_CUST119516,L_Bihar,located_in
A_CUST119517,C_CARD525343,uses_card
A_CUST119517,M_MER100237,shops_at
A_CUST119517,L_Odisha,located_in
A_CUST119518,C_CARD525345,uses_card
A_CUST119518,M_MER100090,shops_at
A_CUST119518,L_Gujarat,located_in
A_CUST119519,C_CARD525347,uses_card
A_CUST119519,M_MER100303,shops_at
A_CUST119519,L_Uttar Pradesh,located_in
A_CUST119519,C_CARD525348,uses_card
A_CUST119519,M_MER100113,shops_at
A_CUST119522,C_CARD525351,uses_card
A_CUST119522,M_MER100226,shops_at
A_CUST119522,L_Telangana,located_in
A_CUST119524,C_CARD525353,uses_card
A_CUST119524,M_MER100305,shops_at
A_CUST119524,L_Kerala,located_in
A_CUST119525,C_CARD525355,uses_card
A_CUST119525,M_MER100220,shops_at
A_CUST119525,L_Kerala,located_in
A_CUST119527,C_CARD525357,uses_card
A_CUST119527,M_MER100137,shops_at
A_CUST119527,L_Uttar Pradesh,located_in
A_CUST119529,C_CARD525359,uses_card
A_CUST119529,M_MER100237,shops_at
A_CUST119529,L_Kerala,located_in
A_CUST119532,C_CARD525363,uses_card
A_CUST119532,M_MER100444,shops_at
A_CUST119532,L_Assam,located_in
A_CUST119537,C_CARD525369,uses_card
A_CUST119537,M_MER100455,shops_at
A_CUST119537,L_Gujarat,located_in
A_CUST119543,C_CARD525377,uses_card
A_CUST119543,M_MER100081,shops_at
A_CUST119543,L_Tamil Nadu,located_in
A_CUST119545,C_CARD525379,uses_card
A_CUST119545,M_MER100035,shops_at
A_CUST119545,L_Bihar,located_in
A_CUST119545,C_CARD525380,uses_card
A_CUST119545,M_MER100425,shops_at
A_CUST119548,C_CARD525385,uses_card
A_CUST119548,M_MER100089,shops_at
A_CUST119548,L_Odisha,located_in
A_CUST119550,C_CARD525388,uses_card
A_CUST119550,M_MER100454,shops_at
A_CUST119550,L_Rajasthan,located_in
A_CUST119550,C_CARD525389,uses_card
A_CUST119550,M_MER100235,shops_at
A_CUST119553,C_CARD525394,uses_card
A_CUST119553,M_MER100148,shops_at
A_CUST119553,L_Rajasthan,located_in
A_CUST119554,C_CARD525395,uses_card
A_CUST119554,M_MER100022,shops_at
A_CUST119554,L_Kerala,located_in
A_CUST119558,C_CARD525400,uses_card
A_CUST119558,M_MER100031,shops_at
A_CUST119558,L_Bihar,located_in
A_CUST119559,C_CARD525401,uses_card
A_CUST119559,M_MER100371,shops_at
A_CUST119559,L_Bihar,located_in
A_CUST119562,C_CARD525405,uses_card
A_CUST119562,M_MER100444,shops_at
A_CUST119562,L_Assam,located_in
A_CUST119566,C_CARD525410,uses_card
A_CUST119566,M_MER100443,shops_at
A_CUST119566,L_Karnataka,located_in
A_CUST119567,C_CARD525412,uses_card
A_CUST119567,M_MER100209,shops_at
A_CUST119567,L_West Bengal,located_in
A_CUST119567,M_MER100444,shops_at
A_CUST119583,C_CARD525431,uses_card
A_CUST119583,M_MER100412,shops_at
A_CUST119583,L_Karnataka,located_in
A_CUST119589,C_CARD525437,uses_card
A_CUST119589,M_MER100203,shops_at
A_CUST119589,L_Rajasthan,located_in
A_CUST119590,C_CARD525438,uses_card
A_CUST119590,M_MER100062,shops_at
A_CUST119590,L_Kerala,located_in
A_CUST119591,C_CARD525440,uses_card
A_CUST119591,M_MER100212,shops_at
A_CUST119591,L_Maharashtra,located_in
A_CUST119593,C_CARD525442,uses_card
A_CUST119593,M_MER100225,shops_at
A_CUST119593,L_Odisha,located_in
A_CUST119594,C_CARD525444,uses_card
A_CUST119594,M_MER100339,shops_at
A_CUST119594,L_Madhya Pradesh,located_in
A_CUST119594,M_MER100138,shops_at
A_CUST119594,C_CARD525443,uses_card
A_CUST119594,M_MER100237,shops_at
A_CUST119594,M_MER100348,shops_at
A_CUST119596,C_CARD525446,uses_card
A_CUST119596,M_MER100249,shops_at
A_CUST119596,L_Tamil Nadu,located_in
A_CUST119599,C_CARD525450,uses_card
A_CUST119599,M_MER100048,shops_at
A_CUST119599,L_Haryana,located_in
A_CUST119602,C_CARD525453,uses_card
A_CUST119602,M_MER100131,shops_at
A_CUST119602,L_Gujarat,located_in
A_CUST119602,C_CARD525455,uses_card
A_CUST119602,M_MER100012,shops_at
A_CUST119602,M_MER100059,shops_at
A_CUST119603,C_CARD525456,uses_card
A_CUST119603,M_MER100025,shops_at
A_CUST119603,L_Maharashtra,located_in
A_CUST119604,C_CARD525457,uses_card
A_CUST119604,M_MER100081,shops_at
A_CUST119604,L_Punjab,located_in
A_CUST119604,C_CARD525458,uses_card
A_CUST119604,M_MER100047,shops_at
A_CUST119607,C_CARD525463,uses_card
A_CUST119607,M_MER100045,shops_at
A_CUST119607,L_Rajasthan,located_in
A_CUST119616,C_CARD525472,uses_card
A_CUST119616,M_MER100077,shops_at
A_CUST119616,L_Maharashtra,located_in
A_CUST119618,C_CARD525474,uses_card
A_CUST119618,M_MER100318,shops_at
A_CUST119618,L_Maharashtra,located_in
A_CUST119618,M_MER100299,shops_at
A_CUST119619,C_CARD525477,uses_card
A_CUST119619,M_MER100065,shops_at
A_CUST119619,L_Gujarat,located_in
A_CUST119619,C_CARD525478,uses_card
A_CUST119619,M_MER100220,shops_at
A_CUST119619,M_MER100358,shops_at
A_CUST119622,C_CARD525481,uses_card
A_CUST119622,M_MER100262,shops_at
A_CUST119622,L_Tamil Nadu,located_in
A_CUST119622,M_MER100425,shops_at
A_CUST119622,M_MER100304,shops_at
A_CUST119623,C_CARD525483,uses_card
A_CUST119623,M_MER100093,shops_at
A_CUST119623,L_Punjab,located_in
A_CUST119625,C_CARD525486,uses_card
A_CUST119625,M_MER100363,shops_at
A_CUST119625,L_Bihar,located_in
A_CUST119625,M_MER100446,shops_at
A_CUST119625,M_MER100267,shops_at
A_CUST119628,C_CARD525489,uses_card
A_CUST119628,M_MER100339,shops_at
A_CUST119628,L_Uttar Pradesh,located_in
A_CUST119631,C_CARD525493,uses_card
A_CUST119631,M_MER100284,shops_at
A_CUST119631,L_Haryana,located_in
A_CUST119631,M_MER100304,shops_at
A_CUST119640,C_CARD525505,uses_card
A_CUST119640,M_MER100200,shops_at
A_CUST119640,L_Tamil Nadu,located_in
A_CUST119640,M_MER100146,shops_at
A_CUST119640,M_MER100286,shops_at
A_CUST119648,C_CARD525518,uses_card
A_CUST119648,M_MER100105,shops_at
A_CUST119648,L_Punjab,located_in
A_CUST119649,C_CARD525520,uses_card
A_CUST119649,M_MER100072,shops_at
A_CUST119649,L_Bihar,located_in
A_CUST119649,M_MER100382,shops_at
A_CUST119650,C_CARD525522,uses_card
A_CUST119650,M_MER100246,shops_at
A_CUST119650,L_Madhya Pradesh,located_in
A_CUST119650,M_MER100088,shops_at
A_CUST119650,M_MER100258,shops_at
A_CUST119651,C_CARD525523,uses_card
A_CUST119651,M_MER100092,shops_at
A_CUST119651,L_West Bengal,located_in
A_CUST119651,M_MER100235,shops_at
A_CUST119656,C_CARD525528,uses_card
A_CUST119656,M_MER100249,shops_at
A_CUST119656,L_Uttar Pradesh,located_in
A_CUST119659,C_CARD525532,uses_card
A_CUST119659,M_MER100369,shops_at
A_CUST119659,L_Tamil Nadu,located_in
A_CUST119659,C_CARD525531,uses_card
A_CUST119659,M_MER100034,shops_at
A_CUST119662,C_CARD525538,uses_card
A_CUST119662,M_MER100183,shops_at
A_CUST119662,L_Punjab,located_in
A_CUST119663,C_CARD525540,uses_card
A_CUST119663,M_MER100048,shops_at
A_CUST119663,L_Gujarat,located_in
A_CUST119666,C_CARD525543,uses_card
A_CUST119666,M_MER100150,shops_at
A_CUST119666,L_Bihar,located_in
A_CUST119667,C_CARD525544,uses_card
A_CUST119667,M_MER100465,shops_at
A_CUST119667,L_Kerala,located_in
A_CUST119671,C_CARD525548,uses_card
A_CUST119671,M_MER100435,shops_at
A_CUST119671,L_Madhya Pradesh,located_in
A_CUST119674,C_CARD525552,uses_card
A_CUST119674,M_MER100152,shops_at
A_CUST119674,L_Haryana,located_in
A_CUST119675,C_CARD525554,uses_card
A_CUST119675,M_MER100112,shops_at
A_CUST119675,L_Karnataka,located_in
A_CUST119679,C_CARD525561,uses_card
A_CUST119679,M_MER100476,shops_at
A_CUST119679,L_Odisha,located_in
A_CUST119679,M_MER100331,shops_at
A_CUST119679,M_MER100183,shops_at
A_CUST119679,C_CARD525562,uses_card
A_CUST119679,M_MER100466,shops_at
A_CUST119679,M_MER100092,shops_at
A_CUST119680,C_CARD525564,uses_card
A_CUST119680,M_MER100393,shops_at
A_CUST119680,L_West Bengal,located_in
A_CUST119681,C_CARD525566,uses_card
A_CUST119681,M_MER100465,shops_at
A_CUST119681,L_Telangana,located_in
A_CUST119685,C_CARD525573,uses_card
A_CUST119685,M_MER100405,shops_at
A_CUST119685,L_West Bengal,located_in
A_CUST119685,C_CARD525572,uses_card
A_CUST119685,M_MER100022,shops_at
A_CUST119685,M_MER100211,shops_at
A_CUST119688,C_CARD525577,uses_card
A_CUST119688,M_MER100028,shops_at
A_CUST119688,L_Uttar Pradesh,located_in
A_CUST119688,M_MER100500,shops_at
A_CUST119688,M_MER100024,shops_at
A_CUST119688,M_MER100311,shops_at
A_CUST119697,C_CARD525586,uses_card
A_CUST119697,M_MER100217,shops_at
A_CUST119697,L_Odisha,located_in
A_CUST119698,C_CARD525588,uses_card
A_CUST119698,M_MER100078,shops_at
A_CUST119698,L_West Bengal,located_in
A_CUST119698,C_CARD525589,uses_card
A_CUST119698,M_MER100254,shops_at
A_CUST119698,C_CARD525587,uses_card
A_CUST119698,M_MER100046,shops_at
A_CUST119702,C_CARD525593,uses_card
A_CUST119702,M_MER100062,shops_at
A_CUST119702,L_Tamil Nadu,located_in
A_CUST119703,C_CARD525594,uses_card
A_CUST119703,M_MER100175,shops_at
A_CUST119703,L_Rajasthan,located_in
A_CUST119722,C_CARD525617,uses_card
A_CUST119722,M_MER100014,shops_at
A_CUST119722,L_Karnataka,located_in
A_CUST119722,M_MER100276,shops_at
A_CUST119722,C_CARD525618,uses_card
A_CUST119722,M_MER100027,shops_at
A_CUST119722,M_MER100354,shops_at
A_CUST119722,M_MER100165,shops_at
A_CUST119722,M_MER100250,shops_at
A_CUST119724,C_CARD525621,uses_card
A_CUST119724,M_MER100425,shops_at
A_CUST119724,L_Maharashtra,located_in
A_CUST119727,C_CARD525625,uses_card
A_CUST119727,M_MER100382,shops_at
A_CUST119727,L_Madhya Pradesh,located_in
A_CUST119731,C_CARD525631,uses_card
A_CUST119731,M_MER100459,shops_at
A_CUST119731,L_Madhya Pradesh,located_in
A_CUST119731,M_MER100069,shops_at
A_CUST119732,C_CARD525632,uses_card
A_CUST119732,M_MER100081,shops_at
A_CUST119732,L_Madhya Pradesh,located_in
A_CUST119734,C_CARD525634,uses_card
A_CUST119734,M_MER100297,shops_at
A_CUST119734,L_Kerala,located_in
A_CUST119735,C_CARD525636,uses_card
A_CUST119735,M_MER100365,shops_at
A_CUST119735,L_Kerala,located_in
A_CUST119735,C_CARD525635,uses_card
A_CUST119735,M_MER100250,shops_at
A_CUST119735,M_MER100358,shops_at
A_CUST119742,C_CARD525644,uses_card
A_CUST119742,M_MER100278,shops_at
A_CUST119742,L_Haryana,located_in
A_CUST119743,C_CARD525646,uses_card
A_CUST119743,M_MER100111,shops_at
A_CUST119743,L_Haryana,located_in
A_CUST119743,M_MER100365,shops_at
A_CUST119744,C_CARD525648,uses_card
A_CUST119744,M_MER100495,shops_at
A_CUST119744,L_Karnataka,located_in
A_CUST119744,C_CARD525647,uses_card
A_CUST119744,M_MER100140,shops_at
A_CUST119749,C_CARD525655,uses_card
A_CUST119749,M_MER100431,shops_at
A_CUST119749,L_Madhya Pradesh,located_in
A_CUST119751,C_CARD525659,uses_card
A_CUST119751,M_MER100330,shops_at
A_CUST119751,L_Bihar,located_in
A_CUST119751,M_MER100240,shops_at
A_CUST119752,C_CARD525660,uses_card
A_CUST119752,M_MER100090,shops_at
A_CUST119752,L_Punjab,located_in
A_CUST119754,C_CARD525663,uses_card
A_CUST119754,M_MER100406,shops_at
A_CUST119754,L_Uttar Pradesh,located_in
A_CUST119756,C_CARD525666,uses_card
A_CUST119756,M_MER100018,shops_at
A_CUST119756,L_Odisha,located_in
A_CUST119759,C_CARD525670,uses_card
A_CUST119759,M_MER100251,shops_at
A_CUST119759,L_Maharashtra,located_in
A_CUST119762,C_CARD525674,uses_card
A_CUST119762,M_MER100497,shops_at
A_CUST119762,L_Kerala,located_in
A_CUST119765,C_CARD525679,uses_card
A_CUST119765,M_MER100406,shops_at
A_CUST119765,L_Odisha,located_in
A_CUST119769,C_CARD525686,uses_card
A_CUST119769,M_MER100140,shops_at
A_CUST119769,L_Tamil Nadu,located_in
A_CUST119770,C_CARD525688,uses_card
A_CUST119770,M_MER100083,shops_at
A_CUST119770,L_Maharashtra,located_in
A_CUST119770,M_MER100185,shops_at
A_CUST119770,M_MER100254,shops_at
A_CUST119775,C_CARD525693,uses_card
A_CUST119775,M_MER100010,shops_at
A_CUST119775,L_Assam,located_in
A_CUST119775,M_MER100168,shops_at
A_CUST119780,C_CARD525698,uses_card
A_CUST119780,M_MER100051,shops_at
A_CUST119780,L_Gujarat,located_in
A_CUST119784,C_CARD525704,uses_card
A_CUST119784,M_MER100431,shops_at
A_CUST119784,L_Kerala,located_in
A_CUST119785,C_CARD525705,uses_card
A_CUST119785,M_MER100235,shops_at
A_CUST119785,L_Maharashtra,located_in
A_CUST119787,C_CARD525707,uses_card
A_CUST119787,M_MER100047,shops_at
A_CUST119787,L_Gujarat,located_in
A_CUST119791,C_CARD525712,uses_card
A_CUST119791,M_MER100062,shops_at
A_CUST119791,L_Haryana,located_in
A_CUST119795,C_CARD525716,uses_card
A_CUST119795,M_MER100142,shops_at
A_CUST119795,L_Maharashtra,located_in
A_CUST119796,C_CARD525718,uses_card
A_CUST119796,M_MER100229,shops_at
A_CUST119796,L_Kerala,located_in
A_CUST119800,C_CARD525722,uses_card
A_CUST119800,M_MER100396,shops_at
A_CUST119800,L_Karnataka,located_in
A_CUST119804,C_CARD525726,uses_card
A_CUST119804,M_MER100291,shops_at
A_CUST119804,L_Haryana,located_in
A_CUST119805,C_CARD525727,uses_card
A_CUST119805,M_MER100034,shops_at
A_CUST119805,L_Karnataka,located_in
A_CUST119805,M_MER100117,shops_at
A_CUST119807,C_CARD525729,uses_card
A_CUST119807,M_MER100385,shops_at
A_CUST119807,L_Gujarat,located_in
A_CUST119808,C_CARD525731,uses_card
A_CUST119808,M_MER100422,shops_at
A_CUST119808,L_Gujarat,located_in
A_CUST119811,C_CARD525734,uses_card
A_CUST119811,M_MER100487,shops_at
A_CUST119811,L_West Bengal,located_in
A_CUST119811,M_MER100433,shops_at
A_CUST119813,C_CARD525736,uses_card
A_CUST119813,M_MER100390,shops_at
A_CUST119813,L_Odisha,located_in
A_CUST119819,C_CARD525744,uses_card
A_CUST119819,M_MER100113,shops_at
A_CUST119819,L_Tamil Nadu,located_in
A_CUST119821,C_CARD525747,uses_card
A_CUST119821,M_MER100483,shops_at
A_CUST119821,L_Telangana,located_in
A_CUST119823,C_CARD525749,uses_card
A_CUST119823,M_MER100369,shops_at
A_CUST119823,L_Telangana,located_in
A_CUST119827,C_CARD525756,uses_card
A_CUST119827,M_MER100179,shops_at
A_CUST119827,L_Madhya Pradesh,located_in
A_CUST119827,C_CARD525754,uses_card
A_CUST119827,M_MER100332,shops_at
A_CUST119831,C_CARD525761,uses_card
A_CUST119831,M_MER100293,shops_at
A_CUST119831,L_Haryana,located_in
A_CUST119832,C_CARD525762,uses_card
A_CUST119832,M_MER100235,shops_at
A_CUST119832,L_Gujarat,located_in
A_CUST119834,C_CARD525764,uses_card
A_CUST119834,M_MER100047,shops_at
A_CUST119834,L_Uttar Pradesh,located_in
A_CUST119834,C_CARD525765,uses_card
A_CUST119834,M_MER100063,shops_at
A_CUST119835,C_CARD525766,uses_card
A_CUST119835,M_MER100159,shops_at
A_CUST119835,L_Uttar Pradesh,located_in
A_CUST119835,M_MER100092,shops_at
A_CUST119841,C_CARD525774,uses_card
A_CUST119841,M_MER100115,shops_at
A_CUST119841,L_Tamil Nadu,located_in
A_CUST119841,C_CARD525772,uses_card
A_CUST119841,M_MER100018,shops_at
A_CUST119842,C_CARD525775,uses_card
A_CUST119842,M_MER100022,shops_at
A_CUST119842,L_Uttar Pradesh,located_in
A_CUST119842,M_MER100008,shops_at
A_CUST119846,C_CARD525780,uses_card
A_CUST119846,M_MER100078,shops_at
A_CUST119846,L_Rajasthan,located_in
A_CUST119848,C_CARD525784,uses_card
A_CUST119848,M_MER100249,shops_at
A_CUST119848,L_Uttar Pradesh,located_in
A_CUST119848,C_CARD525783,uses_card
A_CUST119848,M_MER100340,shops_at
A_CUST119848,M_MER100257,shops_at
A_CUST119848,M_MER100398,shops_at
A_CUST119851,C_CARD525787,uses_card
A_CUST119851,M_MER100047,shops_at
A_CUST119851,L_Madhya Pradesh,located_in
A_CUST119857,C_CARD525794,uses_card
A_CUST119857,M_MER100010,shops_at
A_CUST119857,L_Gujarat,located_in
A_CUST119878,C_CARD525821,uses_card
A_CUST119878,M_MER100432,shops_at
A_CUST119878,L_Karnataka,located_in
A_CUST119878,M_MER100034,shops_at
A_CUST119881,C_CARD525825,uses_card
A_CUST119881,M_MER100141,shops_at
A_CUST119881,L_Maharashtra,located_in
A_CUST119883,C_CARD525827,uses_card
A_CUST119883,M_MER100157,shops_at
A_CUST119883,L_Madhya Pradesh,located_in
A_CUST119883,M_MER100419,shops_at
A_CUST119883,M_MER100412,shops_at
A_CUST119887,C_CARD525832,uses_card
A_CUST119887,M_MER100391,shops_at
A_CUST119887,L_West Bengal,located_in
A_CUST119889,C_CARD525834,uses_card
A_CUST119889,M_MER100410,shops_at
A_CUST119889,L_Telangana,located_in
A_CUST119889,M_MER100130,shops_at
A_CUST119895,C_CARD525842,uses_card
A_CUST119895,M_MER100495,shops_at
A_CUST119895,L_Odisha,located_in
A_CUST119896,C_CARD525843,uses_card
A_CUST119896,M_MER100108,shops_at
A_CUST119896,L_Tamil Nadu,located_in
A_CUST119898,C_CARD525847,uses_card
A_CUST119898,M_MER100445,shops_at
A_CUST119898,L_Maharashtra,located_in
A_CUST119898,C_CARD525846,uses_card
A_CUST119898,M_MER100062,shops_at
A_CUST119900,C_CARD525851,uses_card
A_CUST119900,M_MER100326,shops_at
A_CUST119900,L_Punjab,located_in
A_CUST119900,C_CARD525849,uses_card
A_CUST119900,M_MER100382,shops_at
A_CUST119903,C_CARD525855,uses_card
A_CUST119903,M_MER100230,shops_at
A_CUST119903,L_Odisha,located_in
A_CUST119903,M_MER100315,shops_at
A_CUST119903,C_CARD525854,uses_card
A_CUST119903,M_MER100261,shops_at
A_CUST119906,C_CARD525858,uses_card
A_CUST119906,M_MER100252,shops_at
A_CUST119906,L_Haryana,located_in
A_CUST119907,C_CARD525859,uses_card
A_CUST119907,M_MER100319,shops_at
A_CUST119907,L_Telangana,located_in
A_CUST119908,C_CARD525860,uses_card
A_CUST119908,M_MER100495,shops_at
A_CUST119908,L_Kerala,located_in
A_CUST119916,C_CARD525869,uses_card
A_CUST119916,M_MER100183,shops_at
A_CUST119916,L_West Bengal,located_in
A_CUST119916,M_MER100421,shops_at
A_CUST119916,M_MER100439,shops_at
A_CUST119918,C_CARD525871,uses_card
A_CUST119918,M_MER100097,shops_at
A_CUST119918,L_West Bengal,located_in
A_CUST119922,C_CARD525875,uses_card
A_CUST119922,M_MER100311,shops_at
A_CUST119922,L_Uttar Pradesh,located_in
A_CUST119926,C_CARD525879,uses_card
A_CUST119926,M_MER100402,shops_at
A_CUST119926,L_Punjab,located_in
A_CUST119927,C_CARD525880,uses_card
A_CUST119927,M_MER100133,shops_at
A_CUST119927,L_Tamil Nadu,located_in
A_CUST119927,M_MER100272,shops_at
A_CUST119930,C_CARD525884,uses_card
A_CUST119930,M_MER100432,shops_at
A_CUST119930,L_Rajasthan,located_in
A_CUST119932,C_CARD525888,uses_card
A_CUST119932,M_MER100353,shops_at
A_CUST119932,L_Maharashtra,located_in
A_CUST119937,C_CARD525898,uses_card
A_CUST119937,M_MER100231,shops_at
A_CUST119937,L_Maharashtra,located_in
A_CUST119937,M_MER100157,shops_at
A_CUST119937,M_MER100400,shops_at
A_CUST119937,C_CARD525897,uses_card
A_CUST119937,M_MER100071,shops_at
A_CUST119937,M_MER100063,shops_at
A_CUST119938,C_CARD525899,uses_card
A_CUST119938,M_MER100345,shops_at
A_CUST119938,L_Tamil Nadu,located_in
A_CUST119943,C_CARD525907,uses_card
A_CUST119943,M_MER100294,shops_at
A_CUST119943,L_Bihar,located_in
A_CUST119943,M_MER100125,shops_at
A_CUST119943,M_MER100276,shops_at
A_CUST119943,M_MER100142,shops_at
A_CUST119945,C_CARD525911,uses_card
A_CUST119945,M_MER100036,shops_at
A_CUST119945,L_Madhya Pradesh,located_in
A_CUST119951,C_CARD525919,uses_card
A_CUST119951,M_MER100448,shops_at
A_CUST119951,L_Rajasthan,located_in
A_CUST119954,C_CARD525922,uses_card
A_CUST119954,M_MER100368,shops_at
A_CUST119954,L_West Bengal,located_in
A_CUST119954,M_MER100244,shops_at
A_CUST119954,M_MER100493,shops_at
A_CUST119958,C_CARD525926,uses_card
A_CUST119958,M_MER100072,shops_at
A_CUST119958,L_Bihar,located_in
A_CUST119967,C_CARD525936,uses_card
A_CUST119967,M_MER100367,shops_at
A_CUST119967,L_Telangana,located_in
A_CUST119968,C_CARD525937,uses_card
A_CUST119968,M_MER100308,shops_at
A_CUST119968,L_Rajasthan,located_in
A_CUST119972,C_CARD525943,uses_card
A_CUST119972,M_MER100424,shops_at
A_CUST119972,L_Telangana,located_in
A_CUST119972,M_MER100008,shops_at
A_CUST119972,C_CARD525942,uses_card
A_CUST119972,M_MER100020,shops_at
A_CUST119972,M_MER100302,shops_at
A_CUST119973,C_CARD525944,uses_card
A_CUST119973,M_MER100162,shops_at
A_CUST119973,L_Kerala,located_in
A_CUST119981,C_CARD525955,uses_card
A_CUST119981,M_MER100336,shops_at
A_CUST119981,L_Madhya Pradesh,located_in
A_CUST119981,M_MER100445,shops_at
A_CUST119981,M_MER100219,shops_at
A_CUST119985,C_CARD525960,uses_card
A_CUST119985,M_MER100469,shops_at
A_CUST119985,L_Kerala,located_in
A_CUST119990,C_CARD525969,uses_card
A_CUST119990,M_MER100090,shops_at
A_CUST119990,L_Gujarat,located_in
A_CUST119990,C_CARD525967,uses_card
A_CUST119990,M_MER100031,shops_at
A_CUST119992,C_CARD525971,uses_card
A_CUST119992,M_MER100008,shops_at
A_CUST119992,L_Tamil Nadu,located_in
A_CUST119992,M_MER100440,shops_at
A_CUST119993,C_CARD525974,uses_card
A_CUST119993,M_MER100451,shops_at
A_CUST119993,L_Karnataka,located_in
A_CUST119995,C_CARD525977,uses_card
A_CUST119995,M_MER100347,shops_at
A_CUST119995,L_Telangana,located_in
A_CUST119998,C_CARD525982,uses_card
A_CUST119998,M_MER100244,shops_at
A_CUST119998,L_Maharashtra,located_in
A_CUST119998,M_MER100464,shops_at
A_CUST120001,C_CARD525985,uses_card
A_CUST120001,M_MER100260,shops_at
A_CUST120001,L_Maharashtra,located_in
A_CUST120001,M_MER100426,shops_at
A_CUST120007,C_CARD525993,uses_card
A_CUST120007,M_MER100432,shops_at
A_CUST120007,L_Madhya Pradesh,located_in
A_CUST120008,C_CARD525994,uses_card
A_CUST120008,M_MER100291,shops_at
A_CUST120008,L_Haryana,located_in
A_CUST120013,C_CARD525999,uses_card
A_CUST120013,M_MER100047,shops_at
A_CUST120013,L_Bihar,located_in
A_CUST120016,C_CARD526002,uses_card
A_CUST120016,M_MER100320,shops_at
A_CUST120016,L_Haryana,located_in
A_CUST120018,C_CARD526004,uses_card
A_CUST120018,M_MER100152,shops_at
A_CUST120018,L_Madhya Pradesh,located_in
A_CUST120018,C_CARD526005,uses_card
A_CUST120018,M_MER100446,shops_at
A_CUST120018,M_MER100442,shops_at
A_CUST120018,M_MER100105,shops_at
A_CUST120020,C_CARD526007,uses_card
A_CUST120020,M_MER100495,shops_at
A_CUST120020,L_Punjab,located_in
A_CUST120025,C_CARD526014,uses_card
A_CUST120025,M_MER100359,shops_at
A_CUST120025,L_Bihar,located_in
A_CUST120027,C_CARD526017,uses_card
A_CUST120027,M_MER100113,shops_at
A_CUST120027,L_Punjab,located_in
A_CUST120027,C_CARD526016,uses_card
A_CUST120027,M_MER100228,shops_at
A_CUST120027,M_MER100477,shops_at
A_CUST120036,C_CARD526029,uses_card
A_CUST120036,M_MER100050,shops_at
A_CUST120036,L_Assam,located_in
A_CUST120041,C_CARD526034,uses_card
A_CUST120041,M_MER100014,shops_at
A_CUST120041,L_Tamil Nadu,located_in
A_CUST120042,C_CARD526035,uses_card
A_CUST120042,M_MER100392,shops_at
A_CUST120042,L_Haryana,located_in
A_CUST120043,C_CARD526037,uses_card
A_CUST120043,M_MER100058,shops_at
A_CUST120043,L_Maharashtra,located_in
A_CUST120051,C_CARD526047,uses_card
A_CUST120051,M_MER100102,shops_at
A_CUST120051,L_Telangana,located_in
A_CUST120052,C_CARD526048,uses_card
A_CUST120052,M_MER100440,shops_at
A_CUST120052,L_Uttar Pradesh,located_in
A_CUST120052,M_MER100240,shops_at
A_CUST120054,C_CARD526050,uses_card
A_CUST120054,M_MER100347,shops_at
A_CUST120054,L_West Bengal,located_in
A_CUST120054,M_MER100411,shops_at
A_CUST120055,C_CARD526053,uses_card
A_CUST120055,M_MER100379,shops_at
A_CUST120055,L_Madhya Pradesh,located_in
A_CUST120062,C_CARD526061,uses_card
A_CUST120062,M_MER100043,shops_at
A_CUST120062,L_Uttar Pradesh,located_in
A_CUST120062,M_MER100347,shops_at
A_CUST120062,M_MER100286,shops_at
A_CUST120062,M_MER100151,shops_at
A_CUST120063,C_CARD526062,uses_card
A_CUST120063,M_MER100126,shops_at
A_CUST120063,L_Assam,located_in
A_CUST120067,C_CARD526066,uses_card
A_CUST120067,M_MER100260,shops_at
A_CUST120067,L_Bihar,located_in
A_CUST120074,C_CARD526076,uses_card
A_CUST120074,M_MER100358,shops_at
A_CUST120074,L_Kerala,located_in
A_CUST120076,C_CARD526078,uses_card
A_CUST120076,M_MER100205,shops_at
A_CUST120076,L_Telangana,located_in
A_CUST120077,C_CARD526079,uses_card
A_CUST120077,M_MER100491,shops_at
A_CUST120077,L_Haryana,located_in
A_CUST120077,M_MER100497,shops_at
A_CUST120085,C_CARD526089,uses_card
A_CUST120085,M_MER100329,shops_at
A_CUST120085,L_Punjab,located_in
A_CUST120095,C_CARD526104,uses_card
A_CUST120095,M_MER100422,shops_at
A_CUST120095,L_Haryana,located_in
A_CUST120095,M_MER100460,shops_at
A_CUST120095,M_MER100391,shops_at
A_CUST120097,C_CARD526106,uses_card
A_CUST120097,M_MER100305,shops_at
A_CUST120097,L_Uttar Pradesh,located_in
A_CUST120105,C_CARD526117,uses_card
A_CUST120105,M_MER100459,shops_at
A_CUST120105,L_Telangana,located_in
A_CUST120105,C_CARD526116,uses_card
A_CUST120105,M_MER100441,shops_at
A_CUST120108,C_CARD526120,uses_card
A_CUST120108,M_MER100030,shops_at
A_CUST120108,L_Gujarat,located_in
A_CUST120109,C_CARD526123,uses_card
A_CUST120109,M_MER100205,shops_at
A_CUST120109,L_Karnataka,located_in
A_CUST120117,C_CARD526135,uses_card
A_CUST120117,M_MER100144,shops_at
A_CUST120117,L_Punjab,located_in
A_CUST120117,M_MER100109,shops_at
A_CUST120118,C_CARD526136,uses_card
A_CUST120118,M_MER100382,shops_at
A_CUST120118,L_Uttar Pradesh,located_in
A_CUST120120,C_CARD526139,uses_card
A_CUST120120,M_MER100437,shops_at
A_CUST120120,L_Punjab,located_in
A_CUST120123,C_CARD526143,uses_card
A_CUST120123,M_MER100220,shops_at
A_CUST120123,L_Haryana,located_in
A_CUST120123,C_CARD526142,uses_card
A_CUST120123,M_MER100295,shops_at
A_CUST120123,M_MER100368,shops_at
A_CUST120124,C_CARD526144,uses_card
A_CUST120124,M_MER100084,shops_at
A_CUST120124,L_Karnataka,located_in
A_CUST120124,M_MER100365,shops_at
A_CUST120128,C_CARD526148,uses_card
A_CUST120128,M_MER100439,shops_at
A_CUST120128,L_Uttar Pradesh,located_in
A_CUST120134,C_CARD526158,uses_card
A_CUST120134,M_MER100014,shops_at
A_CUST120134,L_Tamil Nadu,located_in
A_CUST120138,C_CARD526163,uses_card
A_CUST120138,M_MER100230,shops_at
A_CUST120138,L_Odisha,located_in
A_CUST120138,M_MER100444,shops_at
A_CUST120150,C_CARD526177,uses_card
A_CUST120150,M_MER100466,shops_at
A_CUST120150,L_Maharashtra,located_in
A_CUST120150,C_CARD526176,uses_card
A_CUST120150,M_MER100404,shops_at
A_CUST120150,M_MER100349,shops_at
A_CUST120151,C_CARD526179,uses_card
A_CUST120151,M_MER100278,shops_at
A_CUST120151,L_Uttar Pradesh,located_in
A_CUST120152,C_CARD526182,uses_card
A_CUST120152,M_MER100105,shops_at
A_CUST120152,L_Haryana,located_in
A_CUST120155,C_CARD526185,uses_card
A_CUST120155,M_MER100430,shops_at
A_CUST120155,L_Uttar Pradesh,located_in
A_CUST120158,C_CARD526188,uses_card
A_CUST120158,M_MER100058,shops_at
A_CUST120158,L_Assam,located_in
A_CUST120164,C_CARD526195,uses_card
A_CUST120164,M_MER100173,shops_at
A_CUST120164,L_Telangana,located_in
A_CUST120165,C_CARD526197,uses_card
A_CUST120165,M_MER100018,shops_at
A_CUST120165,L_Madhya Pradesh,located_in
A_CUST120165,M_MER100237,shops_at
A_CUST120171,C_CARD526204,uses_card
A_CUST120171,M_MER100317,shops_at
A_CUST120171,L_Maharashtra,located_in
A_CUST120172,C_CARD526206,uses_card
A_CUST120172,M_MER100022,shops_at
A_CUST120172,L_Haryana,located_in
A_CUST120172,M_MER100183,shops_at
A_CUST120172,C_CARD526205,uses_card
A_CUST120172,M_MER100096,shops_at
A_CUST120174,C_CARD526208,uses_card
A_CUST120174,M_MER100375,shops_at
A_CUST120174,L_Punjab,located_in
A_CUST120176,C_CARD526211,uses_card
A_CUST120176,M_MER100115,shops_at
A_CUST120176,L_Gujarat,located_in
A_CUST120186,C_CARD526223,uses_card
A_CUST120186,M_MER100451,shops_at
A_CUST120186,L_Maharashtra,located_in
A_CUST120187,C_CARD526224,uses_card
A_CUST120187,M_MER100412,shops_at
A_CUST120187,L_Karnataka,located_in
A_CUST120188,C_CARD526226,uses_card
A_CUST120188,M_MER100221,shops_at
A_CUST120188,L_Odisha,located_in
A_CUST120188,C_CARD526227,uses_card
A_CUST120188,M_MER100271,shops_at
A_CUST120188,M_MER100165,shops_at
A_CUST120206,C_CARD526248,uses_card
A_CUST120206,M_MER100378,shops_at
A_CUST120206,L_Bihar,located_in
A_CUST120206,C_CARD526247,uses_card
A_CUST120206,M_MER100183,shops_at
A_CUST120207,C_CARD526251,uses_card
A_CUST120207,M_MER100209,shops_at
A_CUST120207,L_Odisha,located_in
A_CUST120207,M_MER100425,shops_at
A_CUST120213,C_CARD526257,uses_card
A_CUST120213,M_MER100023,shops_at
A_CUST120213,L_Telangana,located_in
A_CUST120218,C_CARD526263,uses_card
A_CUST120218,M_MER100185,shops_at
A_CUST120218,L_Karnataka,located_in
A_CUST120220,C_CARD526265,uses_card
A_CUST120220,M_MER100021,shops_at
A_CUST120220,L_Maharashtra,located_in
A_CUST120220,C_CARD526266,uses_card
A_CUST120220,M_MER100072,shops_at
A_CUST120221,C_CARD526267,uses_card
A_CUST120221,M_MER100022,shops_at
A_CUST120221,L_Telangana,located_in
A_CUST120221,M_MER100358,shops_at
A_CUST120224,C_CARD526272,uses_card
A_CUST120224,M_MER100300,shops_at
A_CUST120224,L_Bihar,located_in
A_CUST120224,C_CARD526270,uses_card
A_CUST120224,M_MER100121,shops_at
A_CUST120225,C_CARD526273,uses_card
A_CUST120225,M_MER100261,shops_at
A_CUST120225,L_Telangana,located_in
A_CUST120238,C_CARD526288,uses_card
A_CUST120238,M_MER100234,shops_at
A_CUST120238,L_Telangana,located_in
A_CUST120239,C_CARD526290,uses_card
A_CUST120239,M_MER100137,shops_at
A_CUST120239,L_Gujarat,located_in
A_CUST120239,C_CARD526291,uses_card
A_CUST120239,M_MER100318,shops_at
A_CUST120243,C_CARD526296,uses_card
A_CUST120243,M_MER100444,shops_at
A_CUST120243,L_Haryana,located_in
A_CUST120243,M_MER100042,shops_at
A_CUST120247,C_CARD526300,uses_card
A_CUST120247,M_MER100305,shops_at
A_CUST120247,L_West Bengal,located_in
A_CUST120250,C_CARD526303,uses_card
A_CUST120250,M_MER100259,shops_at
A_CUST120250,L_Gujarat,located_in
A_CUST120250,M_MER100382,shops_at
A_CUST120252,C_CARD526307,uses_card
A_CUST120252,M_MER100240,shops_at
A_CUST120252,L_Maharashtra,located_in
A_CUST120255,C_CARD526310,uses_card
A_CUST120255,M_MER100209,shops_at
A_CUST120255,L_Bihar,located_in
A_CUST120255,M_MER100135,shops_at
A_CUST120256,C_CARD526312,uses_card
A_CUST120256,M_MER100431,shops_at
A_CUST120256,L_Assam,located_in
A_CUST120257,C_CARD526313,uses_card
A_CUST120257,M_MER100367,shops_at
A_CUST120257,L_Gujarat,located_in
A_CUST120258,C_CARD526314,uses_card
A_CUST120258,M_MER100249,shops_at
A_CUST120258,L_Rajasthan,located_in
A_CUST120259,C_CARD526316,uses_card
A_CUST120259,M_MER100112,shops_at
A_CUST120259,L_Punjab,located_in
A_CUST120270,C_CARD526328,uses_card
A_CUST120270,M_MER100213,shops_at
A_CUST120270,L_Tamil Nadu,located_in
A_CUST120270,M_MER100163,shops_at
A_CUST120274,C_CARD526332,uses_card
A_CUST120274,M_MER100112,shops_at
A_CUST120274,L_Karnataka,located_in
A_CUST120274,M_MER100025,shops_at
A_CUST120281,C_CARD526339,uses_card
A_CUST120281,M_MER100448,shops_at
A_CUST120281,L_Gujarat,located_in
A_CUST120282,C_CARD526343,uses_card
A_CUST120282,M_MER100016,shops_at
A_CUST120282,L_Punjab,located_in
A_CUST120282,C_CARD526342,uses_card
A_CUST120282,M_MER100236,shops_at
A_CUST120284,C_CARD526346,uses_card
A_CUST120284,M_MER100457,shops_at
A_CUST120284,L_Bihar,located_in
A_CUST120285,C_CARD526347,uses_card
A_CUST120285,M_MER100124,shops_at
A_CUST120285,L_Odisha,located_in
A_CUST120289,C_CARD526351,uses_card
A_CUST120289,M_MER100175,shops_at
A_CUST120289,L_Telangana,located_in
A_CUST120290,C_CARD526352,uses_card
A_CUST120290,M_MER100029,shops_at
A_CUST120290,L_Haryana,located_in
A_CUST120293,C_CARD526357,uses_card
A_CUST120293,M_MER100365,shops_at
A_CUST120293,L_Bihar,located_in
A_CUST120293,C_CARD526358,uses_card
A_CUST120293,M_MER100249,shops_at
A_CUST120294,C_CARD526359,uses_card
A_CUST120294,M_MER100257,shops_at
A_CUST120294,L_Rajasthan,located_in
A_CUST120296,C_CARD526361,uses_card
A_CUST120296,M_MER100226,shops_at
A_CUST120296,L_Tamil Nadu,located_in
A_CUST120296,C_CARD526362,uses_card
A_CUST120296,M_MER100013,shops_at
A_CUST120297,C_CARD526364,uses_card
A_CUST120297,M_MER100294,shops_at
A_CUST120297,L_Tamil Nadu,located_in
A_CUST120297,M_MER100089,shops_at
A_CUST120300,C_CARD526368,uses_card
A_CUST120300,M_MER100479,shops_at
A_CUST120300,L_Tamil Nadu,located_in
A_CUST120304,C_CARD526372,uses_card
A_CUST120304,M_MER100442,shops_at
A_CUST120304,L_Madhya Pradesh,located_in
A_CUST120306,C_CARD526374,uses_card
A_CUST120306,M_MER100278,shops_at
A_CUST120306,L_Madhya Pradesh,located_in
A_CUST120314,C_CARD526384,uses_card
A_CUST120314,M_MER100129,shops_at
A_CUST120314,L_Assam,located_in
A_CUST120314,C_CARD526383,uses_card
A_CUST120314,M_MER100082,shops_at
A_CUST120314,M_MER100417,shops_at
A_CUST120315,C_CARD526386,uses_card
A_CUST120315,M_MER100128,shops_at
A_CUST120315,L_Karnataka,located_in
A_CUST120317,C_CARD526388,uses_card
A_CUST120317,M_MER100102,shops_at
A_CUST120317,L_Rajasthan,located_in
A_CUST120325,C_CARD526400,uses_card
A_CUST120325,M_MER100241,shops_at
A_CUST120325,L_Rajasthan,located_in
A_CUST120326,C_CARD526401,uses_card
A_CUST120326,M_MER100213,shops_at
A_CUST120326,L_Gujarat,located_in
A_CUST120328,C_CARD526403,uses_card
A_CUST120328,M_MER100199,shops_at
A_CUST120328,L_Maharashtra,located_in
A_CUST120328,C_CARD526404,uses_card
A_CUST120328,M_MER100102,shops_at
A_CUST120336,C_CARD526413,uses_card
A_CUST120336,M_MER100391,shops_at
A_CUST120336,L_Haryana,located_in
A_CUST120339,C_CARD526416,uses_card
A_CUST120339,M_MER100365,shops_at
A_CUST120339,L_Maharashtra,located_in
A_CUST120345,C_CARD526424,uses_card
A_CUST120345,M_MER100011,shops_at
A_CUST120345,L_Punjab,located_in
A_CUST120345,M_MER100358,shops_at
A_CUST120345,C_CARD526426,uses_card
A_CUST120345,M_MER100495,shops_at
A_CUST120345,M_MER100107,shops_at
A_CUST120346,C_CARD526427,uses_card
A_CUST120346,M_MER100287,shops_at
A_CUST120346,L_Maharashtra,located_in
A_CUST120350,C_CARD526431,uses_card
A_CUST120350,M_MER100305,shops_at
A_CUST120350,L_Kerala,located_in
A_CUST120350,C_CARD526432,uses_card
A_CUST120350,M_MER100399,shops_at
A_CUST120357,C_CARD526440,uses_card
A_CUST120357,M_MER100183,shops_at
A_CUST120357,L_Bihar,located_in
A_CUST120364,C_CARD526448,uses_card
A_CUST120364,M_MER100092,shops_at
A_CUST120364,L_Telangana,located_in
A_CUST120365,C_CARD526449,uses_card
A_CUST120365,M_MER100244,shops_at
A_CUST120365,L_Madhya Pradesh,located_in
A_CUST120366,C_CARD526450,uses_card
A_CUST120366,M_MER100181,shops_at
A_CUST120366,L_Karnataka,located_in
A_CUST120367,C_CARD526451,uses_card
A_CUST120367,M_MER100487,shops_at
A_CUST120367,L_Kerala,located_in
A_CUST120367,M_MER100403,shops_at
A_CUST120368,C_CARD526453,uses_card
A_CUST120368,M_MER100179,shops_at
A_CUST120368,L_Telangana,located_in
A_CUST120372,C_CARD526459,uses_card
A_CUST120372,M_MER100166,shops_at
A_CUST120372,L_Rajasthan,located_in
A_CUST120376,C_CARD526464,uses_card
A_CUST120376,M_MER100482,shops_at
A_CUST120376,L_Kerala,located_in
A_CUST120376,M_MER100494,shops_at
A_CUST120381,C_CARD526470,uses_card
A_CUST120381,M_MER100106,shops_at
A_CUST120381,L_Karnataka,located_in
A_CUST120381,M_MER100105,shops_at
A_CUST120381,M_MER100342,shops_at
A_CUST120403,C_CARD526492,uses_card
A_CUST120403,M_MER100399,shops_at
A_CUST120403,L_Punjab,located_in
A_CUST120406,C_CARD526495,uses_card
A_CUST120406,M_MER100353,shops_at
A_CUST120406,L_Assam,located_in
A_CUST120414,C_CARD526506,uses_card
A_CUST120414,M_MER100331,shops_at
A_CUST120414,L_West Bengal,located_in
A_CUST120418,C_CARD526511,uses_card
A_CUST120418,M_MER100267,shops_at
A_CUST120418,L_West Bengal,located_in
A_CUST120426,C_CARD526521,uses_card
A_CUST120426,M_MER100207,shops_at
A_CUST120426,L_Rajasthan,located_in
A_CUST120426,M_MER100301,shops_at
A_CUST120428,C_CARD526524,uses_card
A_CUST120428,M_MER100295,shops_at
A_CUST120428,L_Rajasthan,located_in
A_CUST120435,C_CARD526532,uses_card
A_CUST120435,M_MER100131,shops_at
A_CUST120435,L_Bihar,located_in
A_CUST120440,C_CARD526539,uses_card
A_CUST120440,M_MER100125,shops_at
A_CUST120440,L_West Bengal,located_in
A_CUST120448,C_CARD526548,uses_card
A_CUST120448,M_MER100152,shops_at
A_CUST120448,L_Punjab,located_in
A_CUST120453,C_CARD526553,uses_card
A_CUST120453,M_MER100097,shops_at
A_CUST120453,L_Bihar,located_in
A_CUST120454,C_CARD526556,uses_card
A_CUST120454,M_MER100428,shops_at
A_CUST120454,L_Assam,located_in
A_CUST120454,M_MER100455,shops_at
A_CUST120457,C_CARD526560,uses_card
A_CUST120457,M_MER100008,shops_at
A_CUST120457,L_Telangana,located_in
A_CUST120458,C_CARD526562,uses_card
A_CUST120458,M_MER100293,shops_at
A_CUST120458,L_Telangana,located_in
A_CUST120463,C_CARD526568,uses_card
A_CUST120463,M_MER100162,shops_at
A_CUST120463,L_Assam,located_in
A_CUST120463,C_CARD526569,uses_card
A_CUST120463,M_MER100130,shops_at
A_CUST120466,C_CARD526572,uses_card
A_CUST120466,M_MER100092,shops_at
A_CUST120466,L_Telangana,located_in
A_CUST120466,M_MER100055,shops_at
A_CUST120468,C_CARD526574,uses_card
A_CUST120468,M_MER100060,shops_at
A_CUST120468,L_Punjab,located_in
A_CUST120469,C_CARD526576,uses_card
A_CUST120469,M_MER100056,shops_at
A_CUST120469,L_Odisha,located_in
A_CUST120469,M_MER100022,shops_at
A_CUST120473,C_CARD526581,uses_card
A_CUST120473,M_MER100022,shops_at
A_CUST120473,L_Rajasthan,located_in
A_CUST120473,C_CARD526580,uses_card
A_CUST120473,M_MER100407,shops_at
A_CUST120473,C_CARD526582,uses_card
A_CUST120473,M_MER100272,shops_at
A_CUST120474,C_CARD526585,uses_card
A_CUST120474,M_MER100237,shops_at
A_CUST120474,L_Rajasthan,located_in
A_CUST120476,C_CARD526587,uses_card
A_CUST120476,M_MER100345,shops_at
A_CUST120476,L_Karnataka,located_in
A_CUST120476,M_MER100146,shops_at
A_CUST120480,C_CARD526593,uses_card
A_CUST120480,M_MER100199,shops_at
A_CUST120480,L_Uttar Pradesh,located_in
A_CUST120486,C_CARD526601,uses_card
A_CUST120486,M_MER100175,shops_at
A_CUST120486,L_West Bengal,located_in
A_CUST120487,C_CARD526602,uses_card
A_CUST120487,M_MER100345,shops_at
A_CUST120487,L_West Bengal,located_in
A_CUST120489,C_CARD526604,uses_card
A_CUST120489,M_MER100140,shops_at
A_CUST120489,L_Madhya Pradesh,located_in
A_CUST120493,C_CARD526609,uses_card
A_CUST120493,M_MER100492,shops_at
A_CUST120493,L_Bihar,located_in
A_CUST120498,C_CARD526615,uses_card
A_CUST120498,M_MER100047,shops_at
A_CUST120498,L_Telangana,located_in
A_CUST120499,C_CARD526616,uses_card
A_CUST120499,M_MER100047,shops_at
A_CUST120499,L_Uttar Pradesh,located_in
A_CUST120507,C_CARD526626,uses_card
A_CUST120507,M_MER100288,shops_at
A_CUST120507,L_Rajasthan,located_in
A_CUST120507,C_CARD526627,uses_card
A_CUST120507,M_MER100048,shops_at
A_CUST120513,C_CARD526633,uses_card
A_CUST120513,M_MER100092,shops_at
A_CUST120513,L_Haryana,located_in
A_CUST120518,C_CARD526640,uses_card
A_CUST120518,M_MER100305,shops_at
A_CUST120518,L_West Bengal,located_in
A_CUST120519,C_CARD526641,uses_card
A_CUST120519,M_MER100287,shops_at
A_CUST120519,L_West Bengal,located_in
A_CUST120519,M_MER100123,shops_at
A_CUST120523,C_CARD526649,uses_card
A_CUST120523,M_MER100452,shops_at
A_CUST120523,L_Karnataka,located_in
A_CUST120523,C_CARD526648,uses_card
A_CUST120523,M_MER100140,shops_at
A_CUST120537,C_CARD526664,uses_card
A_CUST120537,M_MER100235,shops_at
A_CUST120537,L_Assam,located_in
A_CUST120546,C_CARD526675,uses_card
A_CUST120546,M_MER100150,shops_at
A_CUST120546,L_Bihar,located_in
A_CUST120546,C_CARD526676,uses_card
A_CUST120546,M_MER100010,shops_at
A_CUST120550,C_CARD526680,uses_card
A_CUST120550,M_MER100286,shops_at
A_CUST120550,L_Kerala,located_in
A_CUST120554,C_CARD526684,uses_card
A_CUST120554,M_MER100423,shops_at
A_CUST120554,L_West Bengal,located_in
A_CUST120554,M_MER100310,shops_at
A_CUST120554,M_MER100360,shops_at
A_CUST120557,C_CARD526687,uses_card
A_CUST120557,M_MER100428,shops_at
A_CUST120557,L_Rajasthan,located_in
A_CUST120557,C_CARD526688,uses_card
A_CUST120557,M_MER100224,shops_at
A_CUST120557,M_MER100391,shops_at
A_CUST120559,C_CARD526690,uses_card
A_CUST120559,M_MER100424,shops_at
A_CUST120559,L_Telangana,located_in
A_CUST120564,C_CARD526699,uses_card
A_CUST120564,M_MER100422,shops_at
A_CUST120564,L_Tamil Nadu,located_in
A_CUST120564,C_CARD526697,uses_card
A_CUST120564,M_MER100072,shops_at
A_CUST120564,C_CARD526698,uses_card
A_CUST120564,M_MER100277,shops_at
A_CUST120568,C_CARD526703,uses_card
A_CUST120568,M_MER100203,shops_at
A_CUST120568,L_Uttar Pradesh,located_in
A_CUST120568,C_CARD526704,uses_card
A_CUST120568,M_MER100442,shops_at
A_CUST120574,C_CARD526711,uses_card
A_CUST120574,M_MER100186,shops_at
A_CUST120574,L_Rajasthan,located_in
A_CUST120574,M_MER100022,shops_at
A_CUST120574,M_MER100106,shops_at
A_CUST120577,C_CARD526716,uses_card
A_CUST120577,M_MER100240,shops_at
A_CUST120577,L_Assam,located_in
A_CUST120577,C_CARD526714,uses_card
A_CUST120577,M_MER100062,shops_at
A_CUST120580,C_CARD526720,uses_card
A_CUST120580,M_MER100347,shops_at
A_CUST120580,L_Rajasthan,located_in
A_CUST120580,C_CARD526719,uses_card
A_CUST120580,M_MER100373,shops_at
A_CUST120580,C_CARD526721,uses_card
A_CUST120580,M_MER100081,shops_at
A_CUST120580,M_MER100399,shops_at
A_CUST120580,M_MER100352,shops_at
A_CUST120582,C_CARD526723,uses_card
A_CUST120582,M_MER100082,shops_at
A_CUST120582,L_Tamil Nadu,located_in
A_CUST120587,C_CARD526728,uses_card
A_CUST120587,M_MER100461,shops_at
A_CUST120587,L_Bihar,located_in
A_CUST120590,C_CARD526734,uses_card
A_CUST120590,M_MER100059,shops_at
A_CUST120590,L_Kerala,located_in
A_CUST120590,C_CARD526733,uses_card
A_CUST120590,M_MER100323,shops_at
A_CUST120590,M_MER100249,shops_at
A_CUST120590,M_MER100043,shops_at
A_CUST120590,M_MER100424,shops_at
A_CUST120590,M_MER100359,shops_at
A_CUST120606,C_CARD526754,uses_card
A_CUST120606,M_MER100192,shops_at
A_CUST120606,L_West Bengal,located_in
A_CUST120606,M_MER100346,shops_at
A_CUST120606,M_MER100491,shops_at
A_CUST120610,C_CARD526758,uses_card
A_CUST120610,M_MER100092,shops_at
A_CUST120610,L_Kerala,located_in
A_CUST120613,C_CARD526762,uses_card
A_CUST120613,M_MER100040,shops_at
A_CUST120613,L_Assam,located_in
A_CUST120613,M_MER100334,shops_at
A_CUST120623,C_CARD526774,uses_card
A_CUST120623,M_MER100317,shops_at
A_CUST120623,L_Kerala,located_in
A_CUST120623,M_MER100013,shops_at
A_CUST120630,C_CARD526783,uses_card
A_CUST120630,M_MER100053,shops_at
A_CUST120630,L_Haryana,located_in
A_CUST120633,C_CARD526786,uses_card
A_CUST120633,M_MER100399,shops_at
A_CUST120633,L_Odisha,located_in
A_CUST120637,C_CARD526790,uses_card
A_CUST120637,M_MER100382,shops_at
A_CUST120637,L_Haryana,located_in
A_CUST120643,C_CARD526797,uses_card
A_CUST120643,M_MER100005,shops_at
A_CUST120643,L_Karnataka,located_in
A_CUST120643,C_CARD526796,uses_card
A_CUST120643,M_MER100297,shops_at
A_CUST120644,C_CARD526798,uses_card
A_CUST120644,M_MER100348,shops_at
A_CUST120644,L_Bihar,located_in
A_CUST120644,M_MER100166,shops_at
A_CUST120644,C_CARD526799,uses_card
A_CUST120644,M_MER100018,shops_at
A_CUST120649,C_CARD526804,uses_card
A_CUST120649,M_MER100127,shops_at
A_CUST120649,L_Telangana,located_in
A_CUST120650,C_CARD526806,uses_card
A_CUST120650,M_MER100004,shops_at
A_CUST120650,L_Bihar,located_in
A_CUST120652,C_CARD526809,uses_card
A_CUST120652,M_MER100484,shops_at
A_CUST120652,L_Karnataka,located_in
A_CUST120652,M_MER100022,shops_at
A_CUST120652,M_MER100365,shops_at
A_CUST120656,C_CARD526817,uses_card
A_CUST120656,M_MER100293,shops_at
A_CUST120656,L_Punjab,located_in
A_CUST120656,C_CARD526816,uses_card
A_CUST120656,M_MER100114,shops_at
A_CUST120656,M_MER100462,shops_at
A_CUST120662,C_CARD526826,uses_card
A_CUST120662,M_MER100476,shops_at
A_CUST120662,L_Odisha,located_in
A_CUST120662,M_MER100182,shops_at
A_CUST120663,C_CARD526830,uses_card
A_CUST120663,M_MER100102,shops_at
A_CUST120663,L_Kerala,located_in
A_CUST120665,C_CARD526832,uses_card
A_CUST120665,M_MER100399,shops_at
A_CUST120665,L_West Bengal,located_in
A_CUST120665,M_MER100152,shops_at
A_CUST120665,M_MER100070,shops_at
A_CUST120665,C_CARD526833,uses_card
A_CUST120665,M_MER100154,shops_at
A_CUST120669,C_CARD526838,uses_card
A_CUST120669,M_MER100429,shops_at
A_CUST120669,L_Kerala,located_in
A_CUST120670,C_CARD526839,uses_card
A_CUST120670,M_MER100175,shops_at
A_CUST120670,L_Rajasthan,located_in
A_CUST120670,C_CARD526840,uses_card
A_CUST120670,M_MER100227,shops_at
A_CUST120670,M_MER100347,shops_at
A_CUST120672,C_CARD526842,uses_card
A_CUST120672,M_MER100198,shops_at
A_CUST120672,L_Haryana,located_in
A_CUST120678,C_CARD526851,uses_card
A_CUST120678,M_MER100380,shops_at
A_CUST120678,L_Haryana,located_in
A_CUST120678,M_MER100017,shops_at
A_CUST120679,C_CARD526852,uses_card
A_CUST120679,M_MER100466,shops_at
A_CUST120679,L_Uttar Pradesh,located_in
A_CUST120685,C_CARD526858,uses_card
A_CUST120685,M_MER100205,shops_at
A_CUST120685,L_Gujarat,located_in
A_CUST120688,C_CARD526861,uses_card
A_CUST120688,M_MER100330,shops_at
A_CUST120688,L_Madhya Pradesh,located_in
A_CUST120690,C_CARD526863,uses_card
A_CUST120690,M_MER100234,shops_at
A_CUST120690,L_Kerala,located_in
A_CUST120693,C_CARD526869,uses_card
A_CUST120693,M_MER100413,shops_at
A_CUST120693,L_Haryana,located_in
A_CUST120693,C_CARD526870,uses_card
A_CUST120693,M_MER100382,shops_at
A_CUST120693,M_MER100132,shops_at
A_CUST120693,C_CARD526868,uses_card
A_CUST120693,M_MER100135,shops_at
A_CUST120714,C_CARD526893,uses_card
A_CUST120714,M_MER100226,shops_at
A_CUST120714,L_Rajasthan,located_in
A_CUST120714,M_MER100092,shops_at
A_CUST120718,C_CARD526897,uses_card
A_CUST120718,M_MER100235,shops_at
A_CUST120718,L_Rajasthan,located_in
A_CUST120724,C_CARD526904,uses_card
A_CUST120724,M_MER100399,shops_at
A_CUST120724,L_Punjab,located_in
A_CUST120724,M_MER100036,shops_at
A_CUST120726,C_CARD526906,uses_card
A_CUST120726,M_MER100145,shops_at
A_CUST120726,L_Punjab,located_in
A_CUST120727,C_CARD526910,uses_card
A_CUST120727,M_MER100347,shops_at
A_CUST120727,L_Gujarat,located_in
A_CUST120727,M_MER100298,shops_at
A_CUST120730,C_CARD526914,uses_card
A_CUST120730,M_MER100055,shops_at
A_CUST120730,L_Uttar Pradesh,located_in
A_CUST120733,C_CARD526917,uses_card
A_CUST120733,M_MER100063,shops_at
A_CUST120733,L_Madhya Pradesh,located_in
A_CUST120736,C_CARD526920,uses_card
A_CUST120736,M_MER100018,shops_at
A_CUST120736,L_Bihar,located_in
A_CUST120736,M_MER100430,shops_at
A_CUST120736,M_MER100179,shops_at
A_CUST120738,C_CARD526923,uses_card
A_CUST120738,M_MER100099,shops_at
A_CUST120738,L_West Bengal,located_in
A_CUST120738,M_MER100004,shops_at
A_CUST120738,M_MER100199,shops_at
A_CUST120751,C_CARD526938,uses_card
A_CUST120751,M_MER100397,shops_at
A_CUST120751,L_Punjab,located_in
A_CUST120752,C_CARD526940,uses_card
A_CUST120752,M_MER100152,shops_at
A_CUST120752,L_West Bengal,located_in
A_CUST120752,M_MER100329,shops_at
A_CUST120752,C_CARD526941,uses_card
A_CUST120752,M_MER100401,shops_at
A_CUST120752,M_MER100325,shops_at
A_CUST120752,M_MER100487,shops_at
A_CUST120752,M_MER100444,shops_at
A_CUST120752,C_CARD526942,uses_card
A_CUST120752,M_MER100075,shops_at
A_CUST120754,C_CARD526944,uses_card
A_CUST120754,M_MER100156,shops_at
A_CUST120754,L_Kerala,located_in
A_CUST120758,C_CARD526949,uses_card
A_CUST120758,M_MER100348,shops_at
A_CUST120758,L_Madhya Pradesh,located_in
A_CUST120758,M_MER100433,shops_at
A_CUST120762,C_CARD526954,uses_card
A_CUST120762,M_MER100101,shops_at
A_CUST120762,L_Bihar,located_in
A_CUST120762,M_MER100052,shops_at
A_CUST120763,C_CARD526955,uses_card
A_CUST120763,M_MER100090,shops_at
A_CUST120763,L_Madhya Pradesh,located_in
A_CUST120763,M_MER100328,shops_at
A_CUST120770,C_CARD526964,uses_card
A_CUST120770,M_MER100152,shops_at
A_CUST120770,L_West Bengal,located_in
A_CUST120772,C_CARD526966,uses_card
A_CUST120772,M_MER100307,shops_at
A_CUST120772,L_Karnataka,located_in
A_CUST120772,C_CARD526967,uses_card
A_CUST120772,M_MER100492,shops_at
A_CUST120784,C_CARD526981,uses_card
A_CUST120784,M_MER100010,shops_at
A_CUST120784,L_Tamil Nadu,located_in
A_CUST120787,C_CARD526985,uses_card
A_CUST120787,M_MER100138,shops_at
A_CUST120787,L_Assam,located_in
A_CUST120793,C_CARD526992,uses_card
A_CUST120793,M_MER100249,shops_at
A_CUST120793,L_Punjab,located_in
A_CUST120795,C_CARD526995,uses_card
A_CUST120795,M_MER100190,shops_at
A_CUST120795,L_Rajasthan,located_in
A_CUST120795,C_CARD526994,uses_card
A_CUST120795,M_MER100399,shops_at
A_CUST120799,C_CARD526999,uses_card
A_CUST120799,M_MER100179,shops_at
A_CUST120799,L_Uttar Pradesh,located_in
A_CUST120803,C_CARD527004,uses_card
A_CUST120803,M_MER100081,shops_at
A_CUST120803,L_Punjab,located_in
A_CUST120803,M_MER100182,shops_at
A_CUST120811,C_CARD527015,uses_card
A_CUST120811,M_MER100424,shops_at
A_CUST120811,L_Assam,located_in
A_CUST120814,C_CARD527018,uses_card
A_CUST120814,M_MER100224,shops_at
A_CUST120814,L_Telangana,located_in
A_CUST120814,C_CARD527019,uses_card
A_CUST120814,M_MER100178,shops_at
A_CUST120816,C_CARD527021,uses_card
A_CUST120816,M_MER100040,shops_at
A_CUST120816,L_Uttar Pradesh,located_in
A_CUST120823,C_CARD527028,uses_card
A_CUST120823,M_MER100471,shops_at
A_CUST120823,L_Odisha,located_in
A_CUST120823,C_CARD527029,uses_card
A_CUST120823,M_MER100141,shops_at
A_CUST120834,C_CARD527043,uses_card
A_CUST120834,M_MER100235,shops_at
A_CUST120834,L_Madhya Pradesh,located_in
A_CUST120834,M_MER100268,shops_at
A_CUST120834,M_MER100236,shops_at
A_CUST120834,M_MER100257,shops_at
A_CUST120834,M_MER100050,shops_at
A_CUST120834,M_MER100261,shops_at
A_CUST120840,C_CARD527050,uses_card
A_CUST120840,M_MER100437,shops_at
A_CUST120840,L_Madhya Pradesh,located_in
A_CUST120840,C_CARD527051,uses_card
A_CUST120840,M_MER100329,shops_at
A_CUST120840,M_MER100492,shops_at
A_CUST120844,C_CARD527058,uses_card
A_CUST120844,M_MER100428,shops_at
A_CUST120844,L_Karnataka,located_in
A_CUST120846,C_CARD527060,uses_card
A_CUST120846,M_MER100444,shops_at
A_CUST120846,L_Uttar Pradesh,located_in
A_CUST120846,M_MER100092,shops_at
A_CUST120849,C_CARD527064,uses_card
A_CUST120849,M_MER100492,shops_at
A_CUST120849,L_Maharashtra,located_in
A_CUST120849,C_CARD527065,uses_card
A_CUST120849,M_MER100446,shops_at
A_CUST120849,M_MER100062,shops_at
A_CUST120850,C_CARD527067,uses_card
A_CUST120850,M_MER100406,shops_at
A_CUST120850,L_Maharashtra,located_in
A_CUST120850,C_CARD527066,uses_card
A_CUST120850,M_MER100226,shops_at
A_CUST120850,M_MER100109,shops_at
A_CUST120853,C_CARD527071,uses_card
A_CUST120853,M_MER100448,shops_at
A_CUST120853,L_Rajasthan,located_in
A_CUST120857,C_CARD527075,uses_card
A_CUST120857,M_MER100286,shops_at
A_CUST120857,L_Rajasthan,located_in
A_CUST120857,C_CARD527077,uses_card
A_CUST120857,M_MER100124,shops_at
A_CUST120860,C_CARD527083,uses_card
A_CUST120860,M_MER100495,shops_at
A_CUST120860,L_Telangana,located_in
A_CUST120860,M_MER100105,shops_at
A_CUST120862,C_CARD527085,uses_card
A_CUST120862,M_MER100479,shops_at
A_CUST120862,L_West Bengal,located_in
A_CUST120868,C_CARD527092,uses_card
A_CUST120868,M_MER100046,shops_at
A_CUST120868,L_Madhya Pradesh,located_in
A_CUST120882,C_CARD527107,uses_card
A_CUST120882,M_MER100166,shops_at
A_CUST120882,L_Madhya Pradesh,located_in
A_CUST120882,C_CARD527108,uses_card
A_CUST120882,M_MER100022,shops_at
A_CUST120882,M_MER100233,shops_at
A_CUST120882,M_MER100343,shops_at
A_CUST120885,C_CARD527112,uses_card
A_CUST120885,M_MER100358,shops_at
A_CUST120885,L_Bihar,located_in
A_CUST120890,C_CARD527120,uses_card
A_CUST120890,M_MER100476,shops_at
A_CUST120890,L_Assam,located_in
A_CUST120891,C_CARD527122,uses_card
A_CUST120891,M_MER100372,shops_at
A_CUST120891,L_West Bengal,located_in
A_CUST120891,C_CARD527121,uses_card
A_CUST120891,M_MER100271,shops_at
A_CUST120905,C_CARD527138,uses_card
A_CUST120905,M_MER100259,shops_at
A_CUST120905,L_Uttar Pradesh,located_in
A_CUST120905,M_MER100115,shops_at
A_CUST120914,C_CARD527147,uses_card
A_CUST120914,M_MER100438,shops_at
A_CUST120914,L_Gujarat,located_in
A_CUST120916,C_CARD527149,uses_card
A_CUST120916,M_MER100079,shops_at
A_CUST120916,L_West Bengal,located_in
A_CUST120917,C_CARD527151,uses_card
A_CUST120917,M_MER100215,shops_at
A_CUST120917,L_West Bengal,located_in
A_CUST120918,C_CARD527153,uses_card
A_CUST120918,M_MER100345,shops_at
A_CUST120918,L_Tamil Nadu,located_in
A_CUST120919,C_CARD527155,uses_card
A_CUST120919,M_MER100321,shops_at
A_CUST120919,L_Telangana,located_in
A_CUST120919,M_MER100365,shops_at
A_CUST120919,M_MER100394,shops_at
A_CUST120920,C_CARD527156,uses_card
A_CUST120920,M_MER100272,shops_at
A_CUST120920,L_Bihar,located_in
A_CUST120927,C_CARD527166,uses_card
A_CUST120927,M_MER100358,shops_at
A_CUST120927,L_Uttar Pradesh,located_in
A_CUST120927,M_MER100342,shops_at
A_CUST120928,C_CARD527168,uses_card
A_CUST120928,M_MER100430,shops_at
A_CUST120928,L_Punjab,located_in
A_CUST120931,C_CARD527171,uses_card
A_CUST120931,M_MER100380,shops_at
A_CUST120931,L_Madhya Pradesh,located_in
A_CUST120931,C_CARD527172,uses_card
A_CUST120931,M_MER100336,shops_at
A_CUST120931,M_MER100089,shops_at
A_CUST120931,M_MER100056,shops_at
A_CUST120931,M_MER100191,shops_at
A_CUST120933,C_CARD527175,uses_card
A_CUST120933,M_MER100028,shops_at
A_CUST120933,L_West Bengal,located_in
A_CUST120941,C_CARD527186,uses_card
A_CUST120941,M_MER100408,shops_at
A_CUST120941,L_Punjab,located_in
A_CUST120941,M_MER100314,shops_at
A_CUST120942,C_CARD527188,uses_card
A_CUST120942,M_MER100217,shops_at
A_CUST120942,L_Telangana,located_in
A_CUST120942,C_CARD527189,uses_card
A_CUST120942,M_MER100220,shops_at
A_CUST120942,M_MER100177,shops_at
A_CUST120946,C_CARD527195,uses_card
A_CUST120946,M_MER100458,shops_at
A_CUST120946,L_Haryana,located_in
A_CUST120946,C_CARD527197,uses_card
A_CUST120946,M_MER100446,shops_at
A_CUST120949,C_CARD527200,uses_card
A_CUST120949,M_MER100243,shops_at
A_CUST120949,L_Assam,located_in
A_CUST120955,C_CARD527206,uses_card
A_CUST120955,M_MER100377,shops_at
A_CUST120955,L_Telangana,located_in
A_CUST120956,C_CARD527209,uses_card
A_CUST120956,M_MER100083,shops_at
A_CUST120956,L_Tamil Nadu,located_in
A_CUST120956,C_CARD527207,uses_card
A_CUST120956,M_MER100367,shops_at
A_CUST120956,M_MER100092,shops_at
A_CUST120957,C_CARD527210,uses_card
A_CUST120957,M_MER100302,shops_at
A_CUST120957,L_Haryana,located_in
A_CUST120964,C_CARD527217,uses_card
A_CUST120964,M_MER100399,shops_at
A_CUST120964,L_Bihar,located_in
A_CUST120968,C_CARD527223,uses_card
A_CUST120968,M_MER100286,shops_at
A_CUST120968,L_Assam,located_in
A_CUST120969,C_CARD527224,uses_card
A_CUST120969,M_MER100175,shops_at
A_CUST120969,L_Karnataka,located_in
A_CUST120970,C_CARD527228,uses_card
A_CUST120970,M_MER100249,shops_at
A_CUST120970,L_Maharashtra,located_in
A_CUST120970,M_MER100448,shops_at
A_CUST120970,M_MER100268,shops_at
A_CUST120970,M_MER100237,shops_at
A_CUST120975,C_CARD527233,uses_card
A_CUST120975,M_MER100355,shops_at
A_CUST120975,L_West Bengal,located_in
A_CUST120979,C_CARD527243,uses_card
A_CUST120979,M_MER100196,shops_at
A_CUST120979,L_Madhya Pradesh,located_in
A_CUST120982,C_CARD527247,uses_card
A_CUST120982,M_MER100294,shops_at
A_CUST120982,L_Madhya Pradesh,located_in
A_CUST120985,C_CARD527250,uses_card
A_CUST120985,M_MER100492,shops_at
A_CUST120985,L_Punjab,located_in
A_CUST120992,C_CARD527257,uses_card
A_CUST120992,M_MER100444,shops_at
A_CUST120992,L_Bihar,located_in
A_CUST120992,M_MER100337,shops_at
A_CUST120998,C_CARD527265,uses_card
A_CUST120998,M_MER100117,shops_at
A_CUST120998,L_Telangana,located_in
A_CUST120998,M_MER100442,shops_at
A_CUST120998,M_MER100331,shops_at
A_CUST121000,C_CARD527267,uses_card
A_CUST121000,M_MER100448,shops_at
A_CUST121000,L_Maharashtra,located_in
A_CUST121001,C_CARD527268,uses_card
A_CUST121001,M_MER100085,shops_at
A_CUST121001,L_Bihar,located_in
A_CUST121001,C_CARD527269,uses_card
A_CUST121001,M_MER100271,shops_at
A_CUST121009,C_CARD527277,uses_card
A_CUST121009,M_MER100279,shops_at
A_CUST121009,L_Madhya Pradesh,located_in
A_CUST121011,C_CARD527280,uses_card
A_CUST121011,M_MER100042,shops_at
A_CUST121011,L_Assam,located_in
A_CUST121012,C_CARD527282,uses_card
A_CUST121012,M_MER100494,shops_at
A_CUST121012,L_Assam,located_in
A_CUST121013,C_CARD527284,uses_card
A_CUST121013,M_MER100334,shops_at
A_CUST121013,L_Karnataka,located_in
A_CUST121013,M_MER100110,shops_at
A_CUST121013,M_MER100137,shops_at
A_CUST121014,C_CARD527285,uses_card
A_CUST121014,M_MER100452,shops_at
A_CUST121014,L_West Bengal,located_in
A_CUST121014,C_CARD527286,uses_card
A_CUST121014,M_MER100326,shops_at
A_CUST121014,M_MER100070,shops_at
A_CUST121014,M_MER100405,shops_at
A_CUST121014,M_MER100209,shops_at
A_CUST121017,C_CARD527289,uses_card
A_CUST121017,M_MER100252,shops_at
A_CUST121017,L_Bihar,located_in
A_CUST121018,C_CARD527292,uses_card
A_CUST121018,M_MER100452,shops_at
A_CUST121018,L_Uttar Pradesh,located_in
A_CUST121018,M_MER100414,shops_at
A_CUST121018,M_MER100262,shops_at
A_CUST121018,C_CARD527291,uses_card
A_CUST121018,M_MER100238,shops_at
A_CUST121034,C_CARD527311,uses_card
A_CUST121034,M_MER100094,shops_at
A_CUST121034,L_Haryana,located_in
A_CUST121035,C_CARD527313,uses_card
A_CUST121035,M_MER100405,shops_at
A_CUST121035,L_Gujarat,located_in
A_CUST121041,C_CARD527319,uses_card
A_CUST121041,M_MER100322,shops_at
A_CUST121041,L_Tamil Nadu,located_in
A_CUST121043,C_CARD527321,uses_card
A_CUST121043,M_MER100127,shops_at
A_CUST121043,L_Kerala,located_in
A_CUST121045,C_CARD527324,uses_card
A_CUST121045,M_MER100034,shops_at
A_CUST121045,L_Haryana,located_in
A_CUST121058,C_CARD527338,uses_card
A_CUST121058,M_MER100325,shops_at
A_CUST121058,L_Telangana,located_in
A_CUST121058,M_MER100046,shops_at
A_CUST121059,C_CARD527341,uses_card
A_CUST121059,M_MER100254,shops_at
A_CUST121059,L_Karnataka,located_in
A_CUST121068,C_CARD527351,uses_card
A_CUST121068,M_MER100494,shops_at
A_CUST121068,L_Rajasthan,located_in
A_CUST121078,C_CARD527365,uses_card
A_CUST121078,M_MER100479,shops_at
A_CUST121078,L_Kerala,located_in
A_CUST121079,C_CARD527366,uses_card
A_CUST121079,M_MER100280,shops_at
A_CUST121079,L_Karnataka,located_in
A_CUST121081,C_CARD527368,uses_card
A_CUST121081,M_MER100345,shops_at
A_CUST121081,L_Bihar,located_in
A_CUST121084,C_CARD527372,uses_card
A_CUST121084,M_MER100199,shops_at
A_CUST121084,L_Haryana,located_in
A_CUST121084,M_MER100210,shops_at
A_CUST121084,M_MER100326,shops_at
A_CUST121093,C_CARD527382,uses_card
A_CUST121093,M_MER100324,shops_at
A_CUST121093,L_Kerala,located_in
A_CUST121096,C_CARD527386,uses_card
A_CUST121096,M_MER100326,shops_at
A_CUST121096,L_Karnataka,located_in
A_CUST121100,C_CARD527391,uses_card
A_CUST121100,M_MER100216,shops_at
A_CUST121100,L_Telangana,located_in
A_CUST121107,C_CARD527398,uses_card
A_CUST121107,M_MER100405,shops_at
A_CUST121107,L_Madhya Pradesh,located_in
A_CUST121108,C_CARD527400,uses_card
A_CUST121108,M_MER100010,shops_at
A_CUST121108,L_Uttar Pradesh,located_in
A_CUST121111,C_CARD527403,uses_card
A_CUST121111,M_MER100125,shops_at
A_CUST121111,L_Uttar Pradesh,located_in
A_CUST121124,C_CARD527421,uses_card
A_CUST121124,M_MER100360,shops_at
A_CUST121124,L_Gujarat,located_in
A_CUST121125,C_CARD527422,uses_card
A_CUST121125,M_MER100387,shops_at
A_CUST121125,L_Haryana,located_in
A_CUST121126,C_CARD527423,uses_card
A_CUST121126,M_MER100060,shops_at
A_CUST121126,L_Telangana,located_in
A_CUST121126,M_MER100381,shops_at
A_CUST121131,C_CARD527428,uses_card
A_CUST121131,M_MER100130,shops_at
A_CUST121131,L_Odisha,located_in
A_CUST121133,C_CARD527432,uses_card
A_CUST121133,M_MER100282,shops_at
A_CUST121133,L_Assam,located_in
A_CUST121133,C_CARD527433,uses_card
A_CUST121133,M_MER100056,shops_at
A_CUST121136,C_CARD527437,uses_card
A_CUST121136,M_MER100021,shops_at
A_CUST121136,L_Haryana,located_in
A_CUST121138,C_CARD527441,uses_card
A_CUST121138,M_MER100379,shops_at
A_CUST121138,L_Karnataka,located_in
A_CUST121138,M_MER100469,shops_at
A_CUST121138,C_CARD527439,uses_card
A_CUST121138,M_MER100167,shops_at
A_CUST121138,M_MER100344,shops_at
A_CUST121139,C_CARD527442,uses_card
A_CUST121139,M_MER100159,shops_at
A_CUST121139,L_Punjab,located_in
A_CUST121139,M_MER100309,shops_at
A_CUST121139,M_MER100215,shops_at
A_CUST121144,C_CARD527447,uses_card
A_CUST121144,M_MER100445,shops_at
A_CUST121144,L_Madhya Pradesh,located_in
A_CUST121154,C_CARD527459,uses_card
A_CUST121154,M_MER100022,shops_at
A_CUST121154,L_West Bengal,located_in
A_CUST121154,M_MER100353,shops_at
A_CUST121154,C_CARD527460,uses_card
A_CUST121154,M_MER100002,shops_at
A_CUST121154,M_MER100156,shops_at
A_CUST121158,C_CARD527464,uses_card
A_CUST121158,M_MER100138,shops_at
A_CUST121158,L_Assam,located_in
A_CUST121158,M_MER100185,shops_at
A_CUST121160,C_CARD527466,uses_card
A_CUST121160,M_MER100480,shops_at
A_CUST121160,L_Bihar,located_in
A_CUST121167,C_CARD527476,uses_card
A_CUST121167,M_MER100315,shops_at
A_CUST121167,L_Madhya Pradesh,located_in
A_CUST121178,C_CARD527490,uses_card
A_CUST121178,M_MER100104,shops_at
A_CUST121178,L_Rajasthan,located_in
A_CUST121179,C_CARD527491,uses_card
A_CUST121179,M_MER100137,shops_at
A_CUST121179,L_Odisha,located_in
A_CUST121184,C_CARD527498,uses_card
A_CUST121184,M_MER100368,shops_at
A_CUST121184,L_Telangana,located_in
A_CUST121184,M_MER100220,shops_at
A_CUST121185,C_CARD527499,uses_card
A_CUST121185,M_MER100421,shops_at
A_CUST121185,L_Punjab,located_in
A_CUST121187,C_CARD527501,uses_card
A_CUST121187,M_MER100106,shops_at
A_CUST121187,L_Uttar Pradesh,located_in
A_CUST121193,C_CARD527509,uses_card
A_CUST121193,M_MER100308,shops_at
A_CUST121193,L_Haryana,located_in
A_CUST121193,M_MER100476,shops_at
A_CUST121198,C_CARD527514,uses_card
A_CUST121198,M_MER100157,shops_at
A_CUST121198,L_Tamil Nadu,located_in
A_CUST121205,C_CARD527523,uses_card
A_CUST121205,M_MER100163,shops_at
A_CUST121205,L_Uttar Pradesh,located_in
A_CUST121205,C_CARD527522,uses_card
A_CUST121205,M_MER100438,shops_at
A_CUST121208,C_CARD527529,uses_card
A_CUST121208,M_MER100171,shops_at
A_CUST121208,L_Odisha,located_in
A_CUST121214,C_CARD527536,uses_card
A_CUST121214,M_MER100253,shops_at
A_CUST121214,L_Maharashtra,located_in
A_CUST121221,C_CARD527547,uses_card
A_CUST121221,M_MER100228,shops_at
A_CUST121221,L_Madhya Pradesh,located_in
A_CUST121224,C_CARD527551,uses_card
A_CUST121224,M_MER100175,shops_at
A_CUST121224,L_Karnataka,located_in
A_CUST121224,M_MER100239,shops_at
A_CUST121229,C_CARD527557,uses_card
A_CUST121229,M_MER100040,shops_at
A_CUST121229,L_Telangana,located_in
A_CUST121236,C_CARD527564,uses_card
A_CUST121236,M_MER100483,shops_at
A_CUST121236,L_Punjab,located_in
A_CUST121239,C_CARD527567,uses_card
A_CUST121239,M_MER100039,shops_at
A_CUST121239,L_Karnataka,located_in
A_CUST121246,C_CARD527574,uses_card
A_CUST121246,M_MER100092,shops_at
A_CUST121246,L_Gujarat,located_in
A_CUST121246,C_CARD527576,uses_card
A_CUST121246,M_MER100128,shops_at
A_CUST121246,M_MER100368,shops_at
A_CUST121249,C_CARD527580,uses_card
A_CUST121249,M_MER100271,shops_at
A_CUST121249,L_Haryana,located_in
A_CUST121249,C_CARD527579,uses_card
A_CUST121249,M_MER100375,shops_at
A_CUST121252,C_CARD527583,uses_card
A_CUST121252,M_MER100037,shops_at
A_CUST121252,L_West Bengal,located_in
A_CUST121256,C_CARD527588,uses_card
A_CUST121256,M_MER100288,shops_at
A_CUST121256,L_Karnataka,located_in
A_CUST121259,C_CARD527593,uses_card
A_CUST121259,M_MER100252,shops_at
A_CUST121259,L_Maharashtra,located_in
A_CUST121263,C_CARD527598,uses_card
A_CUST121263,M_MER100424,shops_at
A_CUST121263,L_Haryana,located_in
A_CUST121263,M_MER100106,shops_at
A_CUST121271,C_CARD527608,uses_card
A_CUST121271,M_MER100124,shops_at
A_CUST121271,L_Kerala,located_in
A_CUST121277,C_CARD527616,uses_card
A_CUST121277,M_MER100252,shops_at
A_CUST121277,L_Kerala,located_in
A_CUST121279,C_CARD527620,uses_card
A_CUST121279,M_MER100058,shops_at
A_CUST121279,L_Gujarat,located_in
A_CUST121281,C_CARD527624,uses_card
A_CUST121281,M_MER100072,shops_at
A_CUST121281,L_Haryana,located_in
A_CUST121282,C_CARD527625,uses_card
A_CUST121282,M_MER100444,shops_at
A_CUST121282,L_Rajasthan,located_in
A_CUST121282,M_MER100115,shops_at
A_CUST121285,C_CARD527630,uses_card
A_CUST121285,M_MER100030,shops_at
A_CUST121285,L_Madhya Pradesh,located_in
A_CUST121285,M_MER100254,shops_at
A_CUST121285,C_CARD527629,uses_card
A_CUST121285,M_MER100047,shops_at
A_CUST121288,C_CARD527634,uses_card
A_CUST121288,M_MER100399,shops_at
A_CUST121288,L_West Bengal,located_in
A_CUST121288,M_MER100141,shops_at
A_CUST121291,C_CARD527637,uses_card
A_CUST121291,M_MER100013,shops_at
A_CUST121291,L_Karnataka,located_in
A_CUST121293,C_CARD527639,uses_card
A_CUST121293,M_MER100014,shops_at
A_CUST121293,L_Kerala,located_in
A_CUST121293,M_MER100294,shops_at
A_CUST121294,C_CARD527641,uses_card
A_CUST121294,M_MER100179,shops_at
A_CUST121294,L_Telangana,located_in
A_CUST121295,C_CARD527643,uses_card
A_CUST121295,M_MER100082,shops_at
A_CUST121295,L_Kerala,located_in
A_CUST121295,M_MER100360,shops_at
A_CUST121295,C_CARD527644,uses_card
A_CUST121295,M_MER100218,shops_at
A_CUST121296,C_CARD527645,uses_card
A_CUST121296,M_MER100157,shops_at
A_CUST121296,L_Telangana,located_in
A_CUST121297,C_CARD527646,uses_card
A_CUST121297,M_MER100138,shops_at
A_CUST121297,L_West Bengal,located_in
A_CUST121297,C_CARD527647,uses_card
A_CUST121297,M_MER100158,shops_at
A_CUST121299,C_CARD527650,uses_card
A_CUST121299,M_MER100179,shops_at
A_CUST121299,L_Kerala,located_in
A_CUST121299,M_MER100121,shops_at
A_CUST121300,C_CARD527653,uses_card
A_CUST121300,M_MER100288,shops_at
A_CUST121300,L_Uttar Pradesh,located_in
A_CUST121301,C_CARD527654,uses_card
A_CUST121301,M_MER100025,shops_at
A_CUST121301,L_Maharashtra,located_in
A_CUST121302,C_CARD527655,uses_card
A_CUST121302,M_MER100267,shops_at
A_CUST121302,L_Odisha,located_in
A_CUST121302,M_MER100326,shops_at
A_CUST121302,C_CARD527656,uses_card
A_CUST121302,M_MER100282,shops_at
A_CUST121302,M_MER100105,shops_at
A_CUST121302,M_MER100062,shops_at
A_CUST121305,C_CARD527661,uses_card
A_CUST121305,M_MER100139,shops_at
A_CUST121305,L_Maharashtra,located_in
A_CUST121307,C_CARD527664,uses_card
A_CUST121307,M_MER100286,shops_at
A_CUST121307,L_Karnataka,located_in
A_CUST121307,C_CARD527663,uses_card
A_CUST121307,M_MER100206,shops_at
A_CUST121312,C_CARD527670,uses_card
A_CUST121312,M_MER100207,shops_at
A_CUST121312,L_West Bengal,located_in
A_CUST121316,C_CARD527675,uses_card
A_CUST121316,M_MER100011,shops_at
A_CUST121316,L_Gujarat,located_in
A_CUST121318,C_CARD527677,uses_card
A_CUST121318,M_MER100278,shops_at
A_CUST121318,L_Assam,located_in
A_CUST121323,C_CARD527682,uses_card
A_CUST121323,M_MER100022,shops_at
A_CUST121323,L_Bihar,located_in
A_CUST121323,M_MER100424,shops_at
A_CUST121327,C_CARD527687,uses_card
A_CUST121327,M_MER100088,shops_at
A_CUST121327,L_Kerala,located_in
A_CUST121329,C_CARD527689,uses_card
A_CUST121329,M_MER100407,shops_at
A_CUST121329,L_Maharashtra,located_in
A_CUST121332,C_CARD527692,uses_card
A_CUST121332,M_MER100014,shops_at
A_CUST121332,L_Maharashtra,located_in
A_CUST121335,C_CARD527697,uses_card
A_CUST121335,M_MER100224,shops_at
A_CUST121335,L_Gujarat,located_in
A_CUST121338,C_CARD527700,uses_card
A_CUST121338,M_MER100092,shops_at
A_CUST121338,L_Telangana,located_in
A_CUST121338,M_MER100083,shops_at
A_CUST121339,C_CARD527701,uses_card
A_CUST121339,M_MER100051,shops_at
A_CUST121339,L_Telangana,located_in
A_CUST121339,C_CARD527702,uses_card
A_CUST121339,M_MER100310,shops_at
A_CUST121339,M_MER100249,shops_at
A_CUST121339,M_MER100479,shops_at
A_CUST121339,C_CARD527703,uses_card
A_CUST121339,M_MER100200,shops_at
A_CUST121339,M_MER100418,shops_at
A_CUST121339,M_MER100474,shops_at
A_CUST121341,C_CARD527705,uses_card
A_CUST121341,M_MER100129,shops_at
A_CUST121341,L_Uttar Pradesh,located_in
A_CUST121341,M_MER100492,shops_at
A_CUST121341,M_MER100228,shops_at
A_CUST121342,C_CARD527706,uses_card
A_CUST121342,M_MER100009,shops_at
A_CUST121342,L_Tamil Nadu,located_in
A_CUST121342,C_CARD527708,uses_card
A_CUST121342,M_MER100028,shops_at
A_CUST121342,C_CARD527707,uses_card
A_CUST121342,M_MER100031,shops_at
A_CUST121345,C_CARD527711,uses_card
A_CUST121345,M_MER100354,shops_at
A_CUST121345,L_Maharashtra,located_in
A_CUST121346,C_CARD527713,uses_card
A_CUST121346,M_MER100394,shops_at
A_CUST121346,L_Kerala,located_in
A_CUST121354,C_CARD527721,uses_card
A_CUST121354,M_MER100031,shops_at
A_CUST121354,L_Kerala,located_in
A_CUST121358,C_CARD527727,uses_card
A_CUST121358,M_MER100136,shops_at
A_CUST121358,L_Tamil Nadu,located_in
A_CUST121358,M_MER100213,shops_at
A_CUST121359,C_CARD527729,uses_card
A_CUST121359,M_MER100220,shops_at
A_CUST121359,L_Maharashtra,located_in
A_CUST121360,C_CARD527732,uses_card
A_CUST121360,M_MER100034,shops_at
A_CUST121360,L_Bihar,located_in
A_CUST121360,M_MER100224,shops_at
A_CUST121365,C_CARD527738,uses_card
A_CUST121365,M_MER100414,shops_at
A_CUST121365,L_Maharashtra,located_in
A_CUST121371,C_CARD527745,uses_card
A_CUST121371,M_MER100022,shops_at
A_CUST121371,L_Haryana,located_in
A_CUST121379,C_CARD527753,uses_card
A_CUST121379,M_MER100131,shops_at
A_CUST121379,L_Kerala,located_in
A_CUST121379,C_CARD527755,uses_card
A_CUST121379,M_MER100059,shops_at
A_CUST121381,C_CARD527757,uses_card
A_CUST121381,M_MER100382,shops_at
A_CUST121381,L_Punjab,located_in
A_CUST121382,C_CARD527758,uses_card
A_CUST121382,M_MER100181,shops_at
A_CUST121382,L_Karnataka,located_in
A_CUST121383,C_CARD527760,uses_card
A_CUST121383,M_MER100196,shops_at
A_CUST121383,L_West Bengal,located_in
A_CUST121388,C_CARD527766,uses_card
A_CUST121388,M_MER100382,shops_at
A_CUST121388,L_Uttar Pradesh,located_in
A_CUST121393,C_CARD527774,uses_card
A_CUST121393,M_MER100403,shops_at
A_CUST121393,L_West Bengal,located_in
A_CUST121393,M_MER100059,shops_at
A_CUST121402,C_CARD527786,uses_card
A_CUST121402,M_MER100098,shops_at
A_CUST121402,L_West Bengal,located_in
A_CUST121403,C_CARD527788,uses_card
A_CUST121403,M_MER100447,shops_at
A_CUST121403,L_Punjab,located_in
A_CUST121404,C_CARD527790,uses_card
A_CUST121404,M_MER100467,shops_at
A_CUST121404,L_Uttar Pradesh,located_in
A_CUST121407,C_CARD527796,uses_card
A_CUST121407,M_MER100140,shops_at
A_CUST121407,L_Karnataka,located_in
A_CUST121409,C_CARD527799,uses_card
A_CUST121409,M_MER100072,shops_at
A_CUST121409,L_Haryana,located_in
A_CUST121412,C_CARD527803,uses_card
A_CUST121412,M_MER100197,shops_at
A_CUST121412,L_Bihar,located_in
A_CUST121414,C_CARD527805,uses_card
A_CUST121414,M_MER100059,shops_at
A_CUST121414,L_Rajasthan,located_in
A_CUST121418,C_CARD527813,uses_card
A_CUST121418,M_MER100305,shops_at
A_CUST121418,L_Tamil Nadu,located_in
A_CUST121418,M_MER100336,shops_at
A_CUST121418,M_MER100199,shops_at
A_CUST121419,C_CARD527814,uses_card
A_CUST121419,M_MER100081,shops_at
A_CUST121419,L_Karnataka,located_in
A_CUST121419,M_MER100130,shops_at
A_CUST121423,C_CARD527820,uses_card
A_CUST121423,M_MER100389,shops_at
A_CUST121423,L_Maharashtra,located_in
A_CUST121426,C_CARD527825,uses_card
A_CUST121426,M_MER100382,shops_at
A_CUST121426,L_Rajasthan,located_in
A_CUST121431,C_CARD527830,uses_card
A_CUST121431,M_MER100328,shops_at
A_CUST121431,L_Punjab,located_in
A_CUST121440,C_CARD527842,uses_card
A_CUST121440,M_MER100397,shops_at
A_CUST121440,L_Haryana,located_in
A_CUST121441,C_CARD527843,uses_card
A_CUST121441,M_MER100036,shops_at
A_CUST121441,L_Kerala,located_in
A_CUST121444,C_CARD527846,uses_card
A_CUST121444,M_MER100342,shops_at
A_CUST121444,L_Maharashtra,located_in
A_CUST121450,C_CARD527853,uses_card
A_CUST121450,M_MER100351,shops_at
A_CUST121450,L_Bihar,located_in
A_CUST121450,M_MER100450,shops_at
A_CUST121451,C_CARD527854,uses_card
A_CUST121451,M_MER100337,shops_at
A_CUST121451,L_Rajasthan,located_in
A_CUST121456,C_CARD527861,uses_card
A_CUST121456,M_MER100106,shops_at
A_CUST121456,L_Karnataka,located_in
A_CUST121465,C_CARD527870,uses_card
A_CUST121465,M_MER100372,shops_at
A_CUST121465,L_Kerala,located_in
A_CUST121465,C_CARD527871,uses_card
A_CUST121465,M_MER100467,shops_at
A_CUST121466,C_CARD527873,uses_card
A_CUST121466,M_MER100116,shops_at
A_CUST121466,L_Punjab,located_in
A_CUST121471,C_CARD527878,uses_card
A_CUST121471,M_MER100084,shops_at
A_CUST121471,L_Karnataka,located_in
A_CUST121472,C_CARD527879,uses_card
A_CUST121472,M_MER100469,shops_at
A_CUST121472,L_Uttar Pradesh,located_in
A_CUST121472,M_MER100148,shops_at
A_CUST121472,M_MER100071,shops_at
A_CUST121477,C_CARD527885,uses_card
A_CUST121477,M_MER100495,shops_at
A_CUST121477,L_Karnataka,located_in
A_CUST121481,C_CARD527890,uses_card
A_CUST121481,M_MER100105,shops_at
A_CUST121481,L_Haryana,located_in
A_CUST121482,C_CARD527891,uses_card
A_CUST121482,M_MER100397,shops_at
A_CUST121482,L_West Bengal,located_in
A_CUST121485,C_CARD527898,uses_card
A_CUST121485,M_MER100299,shops_at
A_CUST121485,L_Maharashtra,located_in
A_CUST121485,M_MER100217,shops_at
A_CUST121485,C_CARD527897,uses_card
A_CUST121485,M_MER100136,shops_at
A_CUST121485,M_MER100034,shops_at
A_CUST121485,M_MER100357,shops_at
A_CUST121491,C_CARD527905,uses_card
A_CUST121491,M_MER100376,shops_at
A_CUST121491,L_Assam,located_in
A_CUST121496,C_CARD527910,uses_card
A_CUST121496,M_MER100339,shops_at
A_CUST121496,L_Bihar,located_in
A_CUST121501,C_CARD527916,uses_card
A_CUST121501,M_MER100092,shops_at
A_CUST121501,L_Odisha,located_in
A_CUST121501,C_CARD527915,uses_card
A_CUST121501,M_MER100347,shops_at
A_CUST121505,C_CARD527920,uses_card
A_CUST121505,M_MER100071,shops_at
A_CUST121505,L_Gujarat,located_in
A_CUST121509,C_CARD527924,uses_card
A_CUST121509,M_MER100424,shops_at
A_CUST121509,L_Punjab,located_in
A_CUST121509,M_MER100302,shops_at
A_CUST121520,C_CARD527939,uses_card
A_CUST121520,M_MER100397,shops_at
A_CUST121520,L_Madhya Pradesh,located_in
A_CUST121521,C_CARD527941,uses_card
A_CUST121521,M_MER100463,shops_at
A_CUST121521,L_West Bengal,located_in
A_CUST121526,C_CARD527946,uses_card
A_CUST121526,M_MER100179,shops_at
A_CUST121526,L_Madhya Pradesh,located_in
A_CUST121528,C_CARD527950,uses_card
A_CUST121528,M_MER100050,shops_at
A_CUST121528,L_Bihar,located_in
A_CUST121528,M_MER100170,shops_at
A_CUST121528,M_MER100152,shops_at
A_CUST121532,C_CARD527954,uses_card
A_CUST121532,M_MER100382,shops_at
A_CUST121532,L_Haryana,located_in
A_CUST121538,C_CARD527961,uses_card
A_CUST121538,M_MER100485,shops_at
A_CUST121538,L_Tamil Nadu,located_in
A_CUST121538,M_MER100299,shops_at
A_CUST121538,M_MER100129,shops_at
A_CUST121538,M_MER100045,shops_at
A_CUST121538,M_MER100391,shops_at
A_CUST121538,M_MER100306,shops_at
A_CUST121539,C_CARD527962,uses_card
A_CUST121539,M_MER100432,shops_at
A_CUST121539,L_Telangana,located_in
A_CUST121539,M_MER100365,shops_at
A_CUST121539,C_CARD527963,uses_card
A_CUST121539,M_MER100059,shops_at
A_CUST121540,C_CARD527965,uses_card
A_CUST121540,M_MER100297,shops_at
A_CUST121540,L_Odisha,located_in
A_CUST121549,C_CARD527975,uses_card
A_CUST121549,M_MER100022,shops_at
A_CUST121549,L_Punjab,located_in
A_CUST121553,C_CARD527979,uses_card
A_CUST121553,M_MER100391,shops_at
A_CUST121553,L_Kerala,located_in
A_CUST121553,C_CARD527981,uses_card
A_CUST121553,M_MER100182,shops_at
A_CUST121554,C_CARD527983,uses_card
A_CUST121554,M_MER100077,shops_at
A_CUST121554,L_Gujarat,located_in
A_CUST121560,C_CARD527991,uses_card
A_CUST121560,M_MER100102,shops_at
A_CUST121560,L_Maharashtra,located_in
A_CUST121562,C_CARD527995,uses_card
A_CUST121562,M_MER100358,shops_at
A_CUST121562,L_Madhya Pradesh,located_in
A_CUST121565,C_CARD527998,uses_card
A_CUST121565,M_MER100091,shops_at
A_CUST121565,L_Bihar,located_in
A_CUST121567,C_CARD528001,uses_card
A_CUST121567,M_MER100166,shops_at
A_CUST121567,L_Tamil Nadu,located_in
A_CUST121567,M_MER100098,shops_at
A_CUST121570,C_CARD528005,uses_card
A_CUST121570,M_MER100235,shops_at
A_CUST121570,L_Bihar,located_in
A_CUST121574,C_CARD528011,uses_card
A_CUST121574,M_MER100312,shops_at
A_CUST121574,L_Karnataka,located_in
A_CUST121581,C_CARD528019,uses_card
A_CUST121581,M_MER100442,shops_at
A_CUST121581,L_Tamil Nadu,located_in
A_CUST121582,C_CARD528020,uses_card
A_CUST121582,M_MER100089,shops_at
A_CUST121582,L_Odisha,located_in
A_CUST121588,C_CARD528028,uses_card
A_CUST121588,M_MER100085,shops_at
A_CUST121588,L_Kerala,located_in
A_CUST121590,C_CARD528031,uses_card
A_CUST121590,M_MER100182,shops_at
A_CUST121590,L_Haryana,located_in
A_CUST121591,C_CARD528033,uses_card
A_CUST121591,M_MER100358,shops_at
A_CUST121591,L_Maharashtra,located_in
A_CUST121591,C_CARD528032,uses_card
A_CUST121591,M_MER100210,shops_at
A_CUST121591,M_MER100490,shops_at
A_CUST121591,M_MER100384,shops_at
A_CUST121591,M_MER100201,shops_at
A_CUST121593,C_CARD528035,uses_card
A_CUST121593,M_MER100039,shops_at
A_CUST121593,L_Telangana,located_in
A_CUST121593,M_MER100235,shops_at
A_CUST121596,C_CARD528039,uses_card
A_CUST121596,M_MER100191,shops_at
A_CUST121596,L_Maharashtra,located_in
A_CUST121597,C_CARD528040,uses_card
A_CUST121597,M_MER100360,shops_at
A_CUST121597,L_Madhya Pradesh,located_in
A_CUST121598,C_CARD528042,uses_card
A_CUST121598,M_MER100070,shops_at
A_CUST121598,L_Assam,located_in
A_CUST121598,C_CARD528041,uses_card
A_CUST121598,M_MER100063,shops_at
A_CUST121598,M_MER100310,shops_at
A_CUST121603,C_CARD528048,uses_card
A_CUST121603,M_MER100092,shops_at
A_CUST121603,L_Telangana,located_in
A_CUST121604,C_CARD528049,uses_card
A_CUST121604,M_MER100464,shops_at
A_CUST121604,L_Karnataka,located_in
A_CUST121607,C_CARD528053,uses_card
A_CUST121607,M_MER100204,shops_at
A_CUST121607,L_Gujarat,located_in
A_CUST121608,C_CARD528054,uses_card
A_CUST121608,M_MER100328,shops_at
A_CUST121608,L_Karnataka,located_in
A_CUST121621,C_CARD528067,uses_card
A_CUST121621,M_MER100144,shops_at
A_CUST121621,L_Karnataka,located_in
A_CUST121621,M_MER100440,shops_at
A_CUST121621,M_MER100493,shops_at
A_CUST121623,C_CARD528070,uses_card
A_CUST121623,M_MER100080,shops_at
A_CUST121623,L_Haryana,located_in
A_CUST121625,C_CARD528072,uses_card
A_CUST121625,M_MER100424,shops_at
A_CUST121625,L_Telangana,located_in
A_CUST121633,C_CARD528081,uses_card
A_CUST121633,M_MER100382,shops_at
A_CUST121633,L_Assam,located_in
A_CUST121640,C_CARD528091,uses_card
A_CUST121640,M_MER100259,shops_at
A_CUST121640,L_Kerala,located_in
A_CUST121651,C_CARD528104,uses_card
A_CUST121651,M_MER100235,shops_at
A_CUST121651,L_Madhya Pradesh,located_in
A_CUST121651,C_CARD528106,uses_card
A_CUST121651,M_MER100092,shops_at
A_CUST121651,M_MER100308,shops_at
A_CUST121658,C_CARD528114,uses_card
A_CUST121658,M_MER100090,shops_at
A_CUST121658,L_Odisha,located_in
A_CUST121658,M_MER100051,shops_at
A_CUST121659,C_CARD528115,uses_card
A_CUST121659,M_MER100369,shops_at
A_CUST121659,L_Madhya Pradesh,located_in
A_CUST121660,C_CARD528117,uses_card
A_CUST121660,M_MER100369,shops_at
A_CUST121660,L_Madhya Pradesh,located_in
A_CUST121660,M_MER100444,shops_at
A_CUST121662,C_CARD528119,uses_card
A_CUST121662,M_MER100234,shops_at
A_CUST121662,L_Tamil Nadu,located_in
A_CUST121664,C_CARD528121,uses_card
A_CUST121664,M_MER100141,shops_at
A_CUST121664,L_Karnataka,located_in
A_CUST121665,C_CARD528124,uses_card
A_CUST121665,M_MER100152,shops_at
A_CUST121665,L_Tamil Nadu,located_in
A_CUST121665,C_CARD528122,uses_card
A_CUST121665,M_MER100284,shops_at
A_CUST121668,C_CARD528127,uses_card
A_CUST121668,M_MER100218,shops_at
A_CUST121668,L_Telangana,located_in
A_CUST121672,C_CARD528133,uses_card
A_CUST121672,M_MER100218,shops_at
A_CUST121672,L_Haryana,located_in
A_CUST121679,C_CARD528142,uses_card
A_CUST121679,M_MER100257,shops_at
A_CUST121679,L_Uttar Pradesh,located_in
A_CUST121679,M_MER100067,shops_at
A_CUST121680,C_CARD528143,uses_card
A_CUST121680,M_MER100214,shops_at
A_CUST121680,L_Rajasthan,located_in
A_CUST121695,C_CARD528161,uses_card
A_CUST121695,M_MER100152,shops_at
A_CUST121695,L_West Bengal,located_in
A_CUST121695,C_CARD528159,uses_card
A_CUST121695,M_MER100399,shops_at
A_CUST121695,M_MER100237,shops_at
A_CUST121698,C_CARD528164,uses_card
A_CUST121698,M_MER100266,shops_at
A_CUST121698,L_Rajasthan,located_in
A_CUST121699,C_CARD528165,uses_card
A_CUST121699,M_MER100131,shops_at
A_CUST121699,L_Assam,located_in
A_CUST121705,C_CARD528172,uses_card
A_CUST121705,M_MER100173,shops_at
A_CUST121705,L_Odisha,located_in
A_CUST121706,C_CARD528173,uses_card
A_CUST121706,M_MER100080,shops_at
A_CUST121706,L_Gujarat,located_in
A_CUST121708,C_CARD528176,uses_card
A_CUST121708,M_MER100249,shops_at
A_CUST121708,L_Madhya Pradesh,located_in
A_CUST121713,C_CARD528182,uses_card
A_CUST121713,M_MER100382,shops_at
A_CUST121713,L_Haryana,located_in
A_CUST121715,C_CARD528184,uses_card
A_CUST121715,M_MER100266,shops_at
A_CUST121715,L_Rajasthan,located_in
A_CUST121720,C_CARD528191,uses_card
A_CUST121720,M_MER100446,shops_at
A_CUST121720,L_Rajasthan,located_in
A_CUST121720,M_MER100211,shops_at
A_CUST121728,C_CARD528199,uses_card
A_CUST121728,M_MER100466,shops_at
A_CUST121728,L_Madhya Pradesh,located_in
A_CUST121728,C_CARD528200,uses_card
A_CUST121728,M_MER100369,shops_at
A_CUST121744,C_CARD528216,uses_card
A_CUST121744,M_MER100478,shops_at
A_CUST121744,L_Punjab,located_in
A_CUST121745,C_CARD528218,uses_card
A_CUST121745,M_MER100424,shops_at
A_CUST121745,L_Rajasthan,located_in
A_CUST121745,M_MER100345,shops_at
A_CUST121745,M_MER100248,shops_at
A_CUST121745,M_MER100137,shops_at
A_CUST121757,C_CARD528233,uses_card
A_CUST121757,M_MER100180,shops_at
A_CUST121757,L_Punjab,located_in
A_CUST121758,C_CARD528234,uses_card
A_CUST121758,M_MER100286,shops_at
A_CUST121758,L_Punjab,located_in
A_CUST121758,M_MER100175,shops_at
A_CUST121760,C_CARD528237,uses_card
A_CUST121760,M_MER100134,shops_at
A_CUST121760,L_West Bengal,located_in
A_CUST121762,C_CARD528240,uses_card
A_CUST121762,M_MER100205,shops_at
A_CUST121762,L_Odisha,located_in
A_CUST121768,C_CARD528246,uses_card
A_CUST121768,M_MER100136,shops_at
A_CUST121768,L_Punjab,located_in
A_CUST121770,C_CARD528249,uses_card
A_CUST121770,M_MER100176,shops_at
A_CUST121770,L_Assam,located_in
A_CUST121770,M_MER100459,shops_at
A_CUST121770,M_MER100060,shops_at
A_CUST121770,M_MER100017,shops_at
A_CUST121770,M_MER100444,shops_at
A_CUST121770,M_MER100123,shops_at
A_CUST121771,C_CARD528251,uses_card
A_CUST121771,M_MER100179,shops_at
A_CUST121771,L_Maharashtra,located_in
A_CUST121774,C_CARD528258,uses_card
A_CUST121774,M_MER100052,shops_at
A_CUST121774,L_Kerala,located_in
A_CUST121774,M_MER100331,shops_at
A_CUST121779,C_CARD528264,uses_card
A_CUST121779,M_MER100358,shops_at
A_CUST121779,L_Odisha,located_in
A_CUST121781,C_CARD528266,uses_card
A_CUST121781,M_MER100495,shops_at
A_CUST121781,L_Punjab,located_in
A_CUST121787,C_CARD528273,uses_card
A_CUST121787,M_MER100059,shops_at
A_CUST121787,L_Odisha,located_in
A_CUST121787,M_MER100278,shops_at
A_CUST121788,C_CARD528274,uses_card
A_CUST121788,M_MER100452,shops_at
A_CUST121788,L_Uttar Pradesh,located_in
A_CUST121789,C_CARD528275,uses_card
A_CUST121789,M_MER100307,shops_at
A_CUST121789,L_Karnataka,located_in
A_CUST121796,C_CARD528286,uses_card
A_CUST121796,M_MER100336,shops_at
A_CUST121796,L_Odisha,located_in
A_CUST121797,C_CARD528287,uses_card
A_CUST121797,M_MER100234,shops_at
A_CUST121797,L_Assam,located_in
A_CUST121797,M_MER100441,shops_at
A_CUST121801,C_CARD528292,uses_card
A_CUST121801,M_MER100138,shops_at
A_CUST121801,L_Tamil Nadu,located_in
A_CUST121820,C_CARD528315,uses_card
A_CUST121820,M_MER100200,shops_at
A_CUST121820,L_Madhya Pradesh,located_in
A_CUST121821,C_CARD528316,uses_card
A_CUST121821,M_MER100310,shops_at
A_CUST121821,L_Maharashtra,located_in
A_CUST121823,C_CARD528319,uses_card
A_CUST121823,M_MER100276,shops_at
A_CUST121823,L_West Bengal,located_in
A_CUST121823,M_MER100037,shops_at
A_CUST121825,C_CARD528322,uses_card
A_CUST121825,M_MER100178,shops_at
A_CUST121825,L_Kerala,located_in
A_CUST121827,C_CARD528326,uses_card
A_CUST121827,M_MER100102,shops_at
A_CUST121827,L_Karnataka,located_in
A_CUST121828,C_CARD528328,uses_card
A_CUST121828,M_MER100380,shops_at
A_CUST121828,L_Telangana,located_in
A_CUST121828,M_MER100005,shops_at
A_CUST121828,M_MER100209,shops_at
A_CUST121830,C_CARD528330,uses_card
A_CUST121830,M_MER100254,shops_at
A_CUST121830,L_Telangana,located_in
A_CUST121832,C_CARD528334,uses_card
A_CUST121832,M_MER100369,shops_at
A_CUST121832,L_Karnataka,located_in
A_CUST121841,C_CARD528345,uses_card
A_CUST121841,M_MER100495,shops_at
A_CUST121841,L_Maharashtra,located_in
A_CUST121851,C_CARD528357,uses_card
A_CUST121851,M_MER100042,shops_at
A_CUST121851,L_Rajasthan,located_in
A_CUST121854,C_CARD528361,uses_card
A_CUST121854,M_MER100218,shops_at
A_CUST121854,L_Tamil Nadu,located_in
A_CUST121862,C_CARD528374,uses_card
A_CUST121862,M_MER100140,shops_at
A_CUST121862,L_Telangana,located_in
A_CUST121865,C_CARD528378,uses_card
A_CUST121865,M_MER100291,shops_at
A_CUST121865,L_Gujarat,located_in
A_CUST121870,C_CARD528385,uses_card
A_CUST121870,M_MER100479,shops_at
A_CUST121870,L_Tamil Nadu,located_in
A_CUST121874,C_CARD528389,uses_card
A_CUST121874,M_MER100352,shops_at
A_CUST121874,L_Karnataka,located_in
A_CUST121875,C_CARD528391,uses_card
A_CUST121875,M_MER100042,shops_at
A_CUST121875,L_Assam,located_in
A_CUST121875,M_MER100222,shops_at
A_CUST121877,C_CARD528393,uses_card
A_CUST121877,M_MER100407,shops_at
A_CUST121877,L_Uttar Pradesh,located_in
A_CUST121879,C_CARD528396,uses_card
A_CUST121879,M_MER100137,shops_at
A_CUST121879,L_Odisha,located_in
A_CUST121892,C_CARD528411,uses_card
A_CUST121892,M_MER100469,shops_at
A_CUST121892,L_Tamil Nadu,located_in
A_CUST121892,M_MER100278,shops_at
A_CUST121892,M_MER100145,shops_at
A_CUST121897,C_CARD528416,uses_card
A_CUST121897,M_MER100282,shops_at
A_CUST121897,L_Uttar Pradesh,located_in
A_CUST121901,C_CARD528421,uses_card
A_CUST121901,M_MER100491,shops_at
A_CUST121901,L_Rajasthan,located_in
A_CUST121906,C_CARD528429,uses_card
A_CUST121906,M_MER100490,shops_at
A_CUST121906,L_Bihar,located_in
A_CUST121913,C_CARD528436,uses_card
A_CUST121913,M_MER100163,shops_at
A_CUST121913,L_Uttar Pradesh,located_in
A_CUST121914,C_CARD528437,uses_card
A_CUST121914,M_MER100093,shops_at
A_CUST121914,L_Kerala,located_in
A_CUST121923,C_CARD528447,uses_card
A_CUST121923,M_MER100443,shops_at
A_CUST121923,L_Telangana,located_in
A_CUST121926,C_CARD528453,uses_card
A_CUST121926,M_MER100057,shops_at
A_CUST121926,L_Maharashtra,located_in
A_CUST121930,C_CARD528457,uses_card
A_CUST121930,M_MER100073,shops_at
A_CUST121930,L_Rajasthan,located_in
A_CUST121935,C_CARD528462,uses_card
A_CUST121935,M_MER100253,shops_at
A_CUST121935,L_Maharashtra,located_in
A_CUST121942,C_CARD528470,uses_card
A_CUST121942,M_MER100226,shops_at
A_CUST121942,L_Bihar,located_in
A_CUST121943,C_CARD528471,uses_card
A_CUST121943,M_MER100480,shops_at
A_CUST121943,L_Uttar Pradesh,located_in
A_CUST121943,C_CARD528472,uses_card
A_CUST121943,M_MER100322,shops_at
A_CUST121943,M_MER100494,shops_at
A_CUST121943,M_MER100326,shops_at
A_CUST121949,C_CARD528481,uses_card
A_CUST121949,M_MER100087,shops_at
A_CUST121949,L_Haryana,located_in
A_CUST121952,C_CARD528484,uses_card
A_CUST121952,M_MER100235,shops_at
A_CUST121952,L_Gujarat,located_in
A_CUST121953,C_CARD528485,uses_card
A_CUST121953,M_MER100305,shops_at
A_CUST121953,L_Kerala,located_in
A_CUST121953,M_MER100116,shops_at
A_CUST121954,C_CARD528486,uses_card
A_CUST121954,M_MER100487,shops_at
A_CUST121954,L_West Bengal,located_in
A_CUST121956,C_CARD528488,uses_card
A_CUST121956,M_MER100415,shops_at
A_CUST121956,L_Bihar,located_in
A_CUST121960,C_CARD528493,uses_card
A_CUST121960,M_MER100331,shops_at
A_CUST121960,L_Assam,located_in
A_CUST121966,C_CARD528500,uses_card
A_CUST121966,M_MER100288,shops_at
A_CUST121966,L_Kerala,located_in
A_CUST121967,C_CARD528501,uses_card
A_CUST121967,M_MER100308,shops_at
A_CUST121967,L_Rajasthan,located_in
A_CUST121970,C_CARD528505,uses_card
A_CUST121970,M_MER100036,shops_at
A_CUST121970,L_Odisha,located_in
A_CUST121970,M_MER100040,shops_at
A_CUST121970,C_CARD528504,uses_card
A_CUST121970,M_MER100126,shops_at
A_CUST121972,C_CARD528507,uses_card
A_CUST121972,M_MER100495,shops_at
A_CUST121972,L_Assam,located_in
A_CUST121973,C_CARD528509,uses_card
A_CUST121973,M_MER100435,shops_at
A_CUST121973,L_Uttar Pradesh,located_in
A_CUST121982,C_CARD528519,uses_card
A_CUST121982,M_MER100214,shops_at
A_CUST121982,L_Maharashtra,located_in
A_CUST121985,C_CARD528523,uses_card
A_CUST121985,M_MER100230,shops_at
A_CUST121985,L_Telangana,located_in
A_CUST121985,M_MER100059,shops_at
A_CUST121987,C_CARD528526,uses_card
A_CUST121987,M_MER100106,shops_at
A_CUST121987,L_Gujarat,located_in
A_CUST121987,C_CARD528525,uses_card
A_CUST121987,M_MER100408,shops_at
A_CUST121988,C_CARD528528,uses_card
A_CUST121988,M_MER100243,shops_at
A_CUST121988,L_Odisha,located_in
A_CUST121993,C_CARD528536,uses_card
A_CUST121993,M_MER100294,shops_at
A_CUST121993,L_Bihar,located_in
A_CUST121999,C_CARD528543,uses_card
A_CUST121999,M_MER100014,shops_at
A_CUST121999,L_Karnataka,located_in
A_CUST122000,C_CARD528544,uses_card
A_CUST122000,M_MER100438,shops_at
A_CUST122000,L_West Bengal,located_in
A_CUST122000,M_MER100353,shops_at
A_CUST122002,C_CARD528546,uses_card
A_CUST122002,M_MER100444,shops_at
A_CUST122002,L_Bihar,located_in
A_CUST122004,C_CARD528549,uses_card
A_CUST122004,M_MER100322,shops_at
A_CUST122004,L_Maharashtra,located_in
A_CUST122004,M_MER100175,shops_at
A_CUST122005,C_CARD528550,uses_card
A_CUST122005,M_MER100069,shops_at
A_CUST122005,L_Gujarat,located_in
A_CUST122007,C_CARD528553,uses_card
A_CUST122007,M_MER100135,shops_at
A_CUST122007,L_Madhya Pradesh,located_in
A_CUST122007,M_MER100014,shops_at
A_CUST122012,C_CARD528559,uses_card
A_CUST122012,M_MER100204,shops_at
A_CUST122012,L_Telangana,located_in
A_CUST122013,C_CARD528560,uses_card
A_CUST122013,M_MER100047,shops_at
A_CUST122013,L_Assam,located_in
A_CUST122014,C_CARD528561,uses_card
A_CUST122014,M_MER100168,shops_at
A_CUST122014,L_Karnataka,located_in
A_CUST122021,C_CARD528570,uses_card
A_CUST122021,M_MER100116,shops_at
A_CUST122021,L_Haryana,located_in
A_CUST122022,C_CARD528573,uses_card
A_CUST122022,M_MER100195,shops_at
A_CUST122022,L_Odisha,located_in
A_CUST122022,M_MER100346,shops_at
A_CUST122025,C_CARD528577,uses_card
A_CUST122025,M_MER100202,shops_at
A_CUST122025,L_Punjab,located_in
A_CUST122025,M_MER100481,shops_at
A_CUST122027,C_CARD528579,uses_card
A_CUST122027,M_MER100499,shops_at
A_CUST122027,L_Karnataka,located_in
A_CUST122027,M_MER100180,shops_at
A_CUST122031,C_CARD528584,uses_card
A_CUST122031,M_MER100121,shops_at
A_CUST122031,L_Bihar,located_in
A_CUST122032,C_CARD528587,uses_card
A_CUST122032,M_MER100226,shops_at
A_CUST122032,L_West Bengal,located_in
A_CUST122032,C_CARD528586,uses_card
A_CUST122032,M_MER100104,shops_at
A_CUST122032,M_MER100159,shops_at
A_CUST122032,M_MER100105,shops_at
A_CUST122039,C_CARD528595,uses_card
A_CUST122039,M_MER100138,shops_at
A_CUST122039,L_Odisha,located_in
A_CUST122041,C_CARD528599,uses_card
A_CUST122041,M_MER100364,shops_at
A_CUST122041,L_Kerala,located_in
A_CUST122041,C_CARD528598,uses_card
A_CUST122041,M_MER100302,shops_at
A_CUST122042,C_CARD528600,uses_card
A_CUST122042,M_MER100148,shops_at
A_CUST122042,L_Kerala,located_in
A_CUST122043,C_CARD528602,uses_card
A_CUST122043,M_MER100162,shops_at
A_CUST122043,L_Rajasthan,located_in
A_CUST122050,C_CARD528613,uses_card
A_CUST122050,M_MER100214,shops_at
A_CUST122050,L_Bihar,located_in
A_CUST122050,M_MER100162,shops_at
A_CUST122051,C_CARD528615,uses_card
A_CUST122051,M_MER100367,shops_at
A_CUST122051,L_Rajasthan,located_in
A_CUST122055,C_CARD528620,uses_card
A_CUST122055,M_MER100136,shops_at
A_CUST122055,L_Odisha,located_in
A_CUST122055,M_MER100341,shops_at
A_CUST122056,C_CARD528623,uses_card
A_CUST122056,M_MER100409,shops_at
A_CUST122056,L_Haryana,located_in
A_CUST122056,C_CARD528622,uses_card
A_CUST122056,M_MER100267,shops_at
A_CUST122057,C_CARD528624,uses_card
A_CUST122057,M_MER100249,shops_at
A_CUST122057,L_Bihar,located_in
A_CUST122057,M_MER100430,shops_at
A_CUST122058,C_CARD528627,uses_card
A_CUST122058,M_MER100128,shops_at
A_CUST122058,L_Bihar,located_in
A_CUST122071,C_CARD528643,uses_card
A_CUST122071,M_MER100028,shops_at
A_CUST122071,L_Assam,located_in
A_CUST122076,C_CARD528649,uses_card
A_CUST122076,M_MER100427,shops_at
A_CUST122076,L_Haryana,located_in
A_CUST122080,C_CARD528655,uses_card
A_CUST122080,M_MER100235,shops_at
A_CUST122080,L_Haryana,located_in
A_CUST122081,C_CARD528657,uses_card
A_CUST122081,M_MER100326,shops_at
A_CUST122081,L_Tamil Nadu,located_in
A_CUST122085,C_CARD528663,uses_card
A_CUST122085,M_MER100196,shops_at
A_CUST122085,L_Bihar,located_in
A_CUST122088,C_CARD528668,uses_card
A_CUST122088,M_MER100448,shops_at
A_CUST122088,L_Uttar Pradesh,located_in
A_CUST122088,M_MER100357,shops_at
A_CUST122090,C_CARD528671,uses_card
A_CUST122090,M_MER100082,shops_at
A_CUST122090,L_Odisha,located_in
A_CUST122093,C_CARD528674,uses_card
A_CUST122093,M_MER100275,shops_at
A_CUST122093,L_West Bengal,located_in
A_CUST122094,C_CARD528675,uses_card
A_CUST122094,M_MER100224,shops_at
A_CUST122094,L_Karnataka,located_in
A_CUST122097,C_CARD528679,uses_card
A_CUST122097,M_MER100089,shops_at
A_CUST122097,L_Bihar,located_in
A_CUST122097,M_MER100274,shops_at
A_CUST122099,C_CARD528683,uses_card
A_CUST122099,M_MER100086,shops_at
A_CUST122099,L_Odisha,located_in
A_CUST122099,M_MER100453,shops_at
A_CUST122103,C_CARD528687,uses_card
A_CUST122103,M_MER100200,shops_at
A_CUST122103,L_Bihar,located_in
A_CUST122105,C_CARD528690,uses_card
A_CUST122105,M_MER100408,shops_at
A_CUST122105,L_Odisha,located_in
A_CUST122107,C_CARD528694,uses_card
A_CUST122107,M_MER100085,shops_at
A_CUST122107,L_Haryana,located_in
A_CUST122113,C_CARD528702,uses_card
A_CUST122113,M_MER100358,shops_at
A_CUST122113,L_Kerala,located_in
A_CUST122113,M_MER100252,shops_at
A_CUST122115,C_CARD528704,uses_card
A_CUST122115,M_MER100326,shops_at
A_CUST122115,L_Gujarat,located_in
A_CUST122115,M_MER100092,shops_at
A_CUST122117,C_CARD528707,uses_card
A_CUST122117,M_MER100424,shops_at
A_CUST122117,L_Uttar Pradesh,located_in
A_CUST122117,C_CARD528709,uses_card
A_CUST122117,M_MER100034,shops_at
A_CUST122121,C_CARD528713,uses_card
A_CUST122121,M_MER100235,shops_at
A_CUST122121,L_Karnataka,located_in
A_CUST122124,C_CARD528717,uses_card
A_CUST122124,M_MER100457,shops_at
A_CUST122124,L_Maharashtra,located_in
A_CUST122129,C_CARD528724,uses_card
A_CUST122129,M_MER100198,shops_at
A_CUST122129,L_Karnataka,located_in
A_CUST122131,C_CARD528726,uses_card
A_CUST122131,M_MER100240,shops_at
A_CUST122131,L_Punjab,located_in
A_CUST122137,C_CARD528732,uses_card
A_CUST122137,M_MER100427,shops_at
A_CUST122137,L_Telangana,located_in
A_CUST122140,C_CARD528735,uses_card
A_CUST122140,M_MER100377,shops_at
A_CUST122140,L_Uttar Pradesh,located_in
A_CUST122141,C_CARD528736,uses_card
A_CUST122141,M_MER100226,shops_at
A_CUST122141,L_Assam,located_in
A_CUST122144,C_CARD528741,uses_card
A_CUST122144,M_MER100417,shops_at
A_CUST122144,L_Gujarat,located_in
A_CUST122155,C_CARD528755,uses_card
A_CUST122155,M_MER100074,shops_at
A_CUST122155,L_West Bengal,located_in
A_CUST122155,C_CARD528753,uses_card
A_CUST122155,M_MER100405,shops_at
A_CUST122155,M_MER100040,shops_at
A_CUST122165,C_CARD528767,uses_card
A_CUST122165,M_MER100169,shops_at
A_CUST122165,L_Haryana,located_in
A_CUST122172,C_CARD528775,uses_card
A_CUST122172,M_MER100181,shops_at
A_CUST122172,L_Karnataka,located_in
A_CUST122175,C_CARD528780,uses_card
A_CUST122175,M_MER100249,shops_at
A_CUST122175,L_Karnataka,located_in
A_CUST122180,C_CARD528786,uses_card
A_CUST122180,M_MER100350,shops_at
A_CUST122180,L_Telangana,located_in
A_CUST122180,C_CARD528788,uses_card
A_CUST122180,M_MER100047,shops_at
A_CUST122180,M_MER100163,shops_at
A_CUST122181,C_CARD528789,uses_card
A_CUST122181,M_MER100005,shops_at
A_CUST122181,L_Tamil Nadu,located_in
A_CUST122191,C_CARD528801,uses_card
A_CUST122191,M_MER100108,shops_at
A_CUST122191,L_Tamil Nadu,located_in
A_CUST122191,C_CARD528799,uses_card
A_CUST122191,M_MER100433,shops_at
A_CUST122191,M_MER100305,shops_at
A_CUST122191,M_MER100123,shops_at
A_CUST122191,M_MER100407,shops_at
A_CUST122191,M_MER100269,shops_at
A_CUST122191,M_MER100422,shops_at
A_CUST122191,M_MER100351,shops_at
A_CUST122196,C_CARD528806,uses_card
A_CUST122196,M_MER100249,shops_at
A_CUST122196,L_Bihar,located_in
A_CUST122198,C_CARD528808,uses_card
A_CUST122198,M_MER100404,shops_at
A_CUST122198,L_Haryana,located_in
A_CUST122211,C_CARD528823,uses_card
A_CUST122211,M_MER100292,shops_at
A_CUST122211,L_Rajasthan,located_in
A_CUST122215,C_CARD528828,uses_card
A_CUST122215,M_MER100356,shops_at
A_CUST122215,L_Rajasthan,located_in
A_CUST122217,C_CARD528830,uses_card
A_CUST122217,M_MER100278,shops_at
A_CUST122217,L_Telangana,located_in
A_CUST122218,C_CARD528833,uses_card
A_CUST122218,M_MER100196,shops_at
A_CUST122218,L_Rajasthan,located_in
A_CUST122218,M_MER100221,shops_at
A_CUST122218,M_MER100363,shops_at
A_CUST122219,C_CARD528834,uses_card
A_CUST122219,M_MER100003,shops_at
A_CUST122219,L_Rajasthan,located_in
A_CUST122219,M_MER100335,shops_at
A_CUST122224,C_CARD528839,uses_card
A_CUST122224,M_MER100483,shops_at
A_CUST122224,L_West Bengal,located_in
A_CUST122226,C_CARD528841,uses_card
A_CUST122226,M_MER100305,shops_at
A_CUST122226,L_West Bengal,located_in
A_CUST122230,C_CARD528848,uses_card
A_CUST122230,M_MER100302,shops_at
A_CUST122230,L_Maharashtra,located_in
A_CUST122230,M_MER100331,shops_at
A_CUST122232,C_CARD528850,uses_card
A_CUST122232,M_MER100200,shops_at
A_CUST122232,L_Madhya Pradesh,located_in
A_CUST122233,C_CARD528851,uses_card
A_CUST122233,M_MER100287,shops_at
A_CUST122233,L_Odisha,located_in
A_CUST122233,M_MER100105,shops_at
A_CUST122234,C_CARD528853,uses_card
A_CUST122234,M_MER100406,shops_at
A_CUST122234,L_Odisha,located_in
A_CUST122238,C_CARD528857,uses_card
A_CUST122238,M_MER100274,shops_at
A_CUST122238,L_Kerala,located_in
A_CUST122247,C_CARD528867,uses_card
A_CUST122247,M_MER100238,shops_at
A_CUST122247,L_Maharashtra,located_in
A_CUST122253,C_CARD528874,uses_card
A_CUST122253,M_MER100461,shops_at
A_CUST122253,L_Odisha,located_in
A_CUST122253,M_MER100231,shops_at
A_CUST122254,C_CARD528875,uses_card
A_CUST122254,M_MER100479,shops_at
A_CUST122254,L_Haryana,located_in
A_CUST122270,C_CARD528895,uses_card
A_CUST122270,M_MER100359,shops_at
A_CUST122270,L_Punjab,located_in
A_CUST122273,C_CARD528900,uses_card
A_CUST122273,M_MER100426,shops_at
A_CUST122273,L_Bihar,located_in
A_CUST122274,C_CARD528901,uses_card
A_CUST122274,M_MER100282,shops_at
A_CUST122274,L_Telangana,located_in
A_CUST122274,M_MER100383,shops_at
A_CUST122276,C_CARD528904,uses_card
A_CUST122276,M_MER100151,shops_at
A_CUST122276,L_Odisha,located_in
A_CUST122276,C_CARD528905,uses_card
A_CUST122276,M_MER100018,shops_at
A_CUST122276,M_MER100207,shops_at
A_CUST122276,M_MER100380,shops_at
A_CUST122276,M_MER100434,shops_at
A_CUST122278,C_CARD528907,uses_card
A_CUST122278,M_MER100226,shops_at
A_CUST122278,L_Telangana,located_in
A_CUST122279,C_CARD528910,uses_card
A_CUST122279,M_MER100215,shops_at
A_CUST122279,L_Assam,located_in
A_CUST122279,M_MER100436,shops_at
A_CUST122287,C_CARD528920,uses_card
A_CUST122287,M_MER100386,shops_at
A_CUST122287,L_Tamil Nadu,located_in
A_CUST122291,C_CARD528925,uses_card
A_CUST122291,M_MER100277,shops_at
A_CUST122291,L_Gujarat,located_in
A_CUST122293,C_CARD528927,uses_card
A_CUST122293,M_MER100479,shops_at
A_CUST122293,L_Odisha,located_in
A_CUST122296,C_CARD528931,uses_card
A_CUST122296,M_MER100254,shops_at
A_CUST122296,L_Gujarat,located_in
A_CUST122299,C_CARD528934,uses_card
A_CUST122299,M_MER100451,shops_at
A_CUST122299,L_Bihar,located_in
A_CUST122307,C_CARD528943,uses_card
A_CUST122307,M_MER100092,shops_at
A_CUST122307,L_Punjab,located_in
A_CUST122311,C_CARD528949,uses_card
A_CUST122311,M_MER100105,shops_at
A_CUST122311,L_Maharashtra,located_in
A_CUST122311,M_MER100432,shops_at
A_CUST122312,C_CARD528953,uses_card
A_CUST122312,M_MER100152,shops_at
A_CUST122312,L_Kerala,located_in
A_CUST122312,C_CARD528952,uses_card
A_CUST122312,M_MER100305,shops_at
A_CUST122315,C_CARD528957,uses_card
A_CUST122315,M_MER100266,shops_at
A_CUST122315,L_West Bengal,located_in
A_CUST122315,M_MER100357,shops_at
A_CUST122315,M_MER100089,shops_at
A_CUST122320,C_CARD528963,uses_card
A_CUST122320,M_MER100224,shops_at
A_CUST122320,L_Rajasthan,located_in
A_CUST122321,C_CARD528964,uses_card
A_CUST122321,M_MER100216,shops_at
A_CUST122321,L_Karnataka,located_in
A_CUST122321,M_MER100141,shops_at
A_CUST122321,M_MER100124,shops_at
A_CUST122321,M_MER100218,shops_at
A_CUST122323,C_CARD528966,uses_card
A_CUST122323,M_MER100077,shops_at
A_CUST122323,L_Kerala,located_in
A_CUST122328,C_CARD528971,uses_card
A_CUST122328,M_MER100226,shops_at
A_CUST122328,L_Telangana,located_in
A_CUST122332,C_CARD528976,uses_card
A_CUST122332,M_MER100382,shops_at
A_CUST122332,L_Haryana,located_in
A_CUST122332,C_CARD528975,uses_card
A_CUST122332,M_MER100402,shops_at
A_CUST122334,C_CARD528978,uses_card
A_CUST122334,M_MER100070,shops_at
A_CUST122334,L_Assam,located_in
A_CUST122335,C_CARD528979,uses_card
A_CUST122335,M_MER100424,shops_at
A_CUST122335,L_Telangana,located_in
A_CUST122335,M_MER100459,shops_at
A_CUST122339,C_CARD528983,uses_card
A_CUST122339,M_MER100130,shops_at
A_CUST122339,L_Assam,located_in
A_CUST122341,C_CARD528985,uses_card
A_CUST122341,M_MER100446,shops_at
A_CUST122341,L_Telangana,located_in
A_CUST122346,C_CARD528992,uses_card
A_CUST122346,M_MER100226,shops_at
A_CUST122346,L_Kerala,located_in
A_CUST122346,M_MER100128,shops_at
A_CUST122350,C_CARD528996,uses_card
A_CUST122350,M_MER100500,shops_at
A_CUST122350,L_Assam,located_in
A_CUST122354,C_CARD529001,uses_card
A_CUST122354,M_MER100233,shops_at
A_CUST122354,L_Madhya Pradesh,located_in
A_CUST122355,C_CARD529002,uses_card
A_CUST122355,M_MER100059,shops_at
A_CUST122355,L_Kerala,located_in
A_CUST122363,C_CARD529013,uses_card
A_CUST122363,M_MER100005,shops_at
A_CUST122363,L_Odisha,located_in
A_CUST122364,C_CARD529015,uses_card
A_CUST122364,M_MER100097,shops_at
A_CUST122364,L_Haryana,located_in
A_CUST122364,M_MER100235,shops_at
A_CUST122364,C_CARD529014,uses_card
A_CUST122364,M_MER100220,shops_at
A_CUST122368,C_CARD529020,uses_card
A_CUST122368,M_MER100163,shops_at
A_CUST122368,L_Assam,located_in
A_CUST122373,C_CARD529026,uses_card
A_CUST122373,M_MER100407,shops_at
A_CUST122373,L_Rajasthan,located_in
A_CUST122373,M_MER100423,shops_at
A_CUST122373,M_MER100111,shops_at
A_CUST122378,C_CARD529033,uses_card
A_CUST122378,M_MER100245,shops_at
A_CUST122378,L_Haryana,located_in
A_CUST122383,C_CARD529040,uses_card
A_CUST122383,M_MER100219,shops_at
A_CUST122383,L_West Bengal,located_in
A_CUST122386,C_CARD529043,uses_card
A_CUST122386,M_MER100249,shops_at
A_CUST122386,L_Madhya Pradesh,located_in
A_CUST122386,M_MER100083,shops_at
A_CUST122386,C_CARD529044,uses_card
A_CUST122386,M_MER100089,shops_at
A_CUST122388,C_CARD529047,uses_card
A_CUST122388,M_MER100336,shops_at
A_CUST122388,L_Tamil Nadu,located_in
A_CUST122388,C_CARD529046,uses_card
A_CUST122388,M_MER100035,shops_at
A_CUST122388,M_MER100237,shops_at
A_CUST122389,C_CARD529048,uses_card
A_CUST122389,M_MER100265,shops_at
A_CUST122389,L_Bihar,located_in
A_CUST122399,C_CARD529060,uses_card
A_CUST122399,M_MER100315,shops_at
A_CUST122399,L_Punjab,located_in
A_CUST122399,C_CARD529059,uses_card
A_CUST122399,M_MER100059,shops_at
A_CUST122402,C_CARD529063,uses_card
A_CUST122402,M_MER100216,shops_at
A_CUST122402,L_Haryana,located_in
A_CUST122402,M_MER100014,shops_at
A_CUST122402,M_MER100065,shops_at
A_CUST122405,C_CARD529067,uses_card
A_CUST122405,M_MER100357,shops_at
A_CUST122405,L_Rajasthan,located_in
A_CUST122405,C_CARD529066,uses_card
A_CUST122405,M_MER100237,shops_at
A_CUST122408,C_CARD529071,uses_card
A_CUST122408,M_MER100244,shops_at
A_CUST122408,L_Rajasthan,located_in
A_CUST122408,C_CARD529070,uses_card
A_CUST122408,M_MER100040,shops_at
A_CUST122411,C_CARD529075,uses_card
A_CUST122411,M_MER100027,shops_at
A_CUST122411,L_Rajasthan,located_in
A_CUST122412,C_CARD529076,uses_card
A_CUST122412,M_MER100210,shops_at
A_CUST122412,L_Maharashtra,located_in
A_CUST122412,M_MER100237,shops_at
A_CUST122414,C_CARD529080,uses_card
A_CUST122414,M_MER100070,shops_at
A_CUST122414,L_Assam,located_in
A_CUST122414,C_CARD529079,uses_card
A_CUST122414,M_MER100231,shops_at
A_CUST122414,M_MER100074,shops_at
A_CUST122415,C_CARD529082,uses_card
A_CUST122415,M_MER100402,shops_at
A_CUST122415,L_Haryana,located_in
A_CUST122415,M_MER100105,shops_at
A_CUST122415,M_MER100088,shops_at
A_CUST122415,M_MER100232,shops_at
A_CUST122415,M_MER100108,shops_at
A_CUST122415,M_MER100477,shops_at
A_CUST122419,C_CARD529089,uses_card
A_CUST122419,M_MER100399,shops_at
A_CUST122419,L_Assam,located_in
A_CUST122423,C_CARD529094,uses_card
A_CUST122423,M_MER100422,shops_at
A_CUST122423,L_Uttar Pradesh,located_in
A_CUST122423,M_MER100365,shops_at
A_CUST122423,C_CARD529093,uses_card
A_CUST122423,M_MER100062,shops_at
A_CUST122423,M_MER100457,shops_at
A_CUST122427,C_CARD529099,uses_card
A_CUST122427,M_MER100341,shops_at
A_CUST122427,L_Maharashtra,located_in
A_CUST122427,C_CARD529100,uses_card
A_CUST122427,M_MER100201,shops_at
A_CUST122427,M_MER100349,shops_at
A_CUST122427,M_MER100241,shops_at
A_CUST122427,M_MER100086,shops_at
A_CUST122427,M_MER100065,shops_at
A_CUST122428,C_CARD529101,uses_card
A_CUST122428,M_MER100288,shops_at
A_CUST122428,L_Maharashtra,located_in
A_CUST122428,M_MER100061,shops_at
A_CUST122429,C_CARD529103,uses_card
A_CUST122429,M_MER100246,shops_at
A_CUST122429,L_Rajasthan,located_in
A_CUST122430,C_CARD529104,uses_card
A_CUST122430,M_MER100180,shops_at
A_CUST122430,L_Rajasthan,located_in
A_CUST122436,C_CARD529110,uses_card
A_CUST122436,M_MER100492,shops_at
A_CUST122436,L_Bihar,located_in
A_CUST122439,C_CARD529114,uses_card
A_CUST122439,M_MER100022,shops_at
A_CUST122439,L_Rajasthan,located_in
A_CUST122439,C_CARD529113,uses_card
A_CUST122439,M_MER100235,shops_at
A_CUST122443,C_CARD529118,uses_card
A_CUST122443,M_MER100047,shops_at
A_CUST122443,L_West Bengal,located_in
A_CUST122450,C_CARD529126,uses_card
A_CUST122450,M_MER100464,shops_at
A_CUST122450,L_Tamil Nadu,located_in
A_CUST122453,C_CARD529131,uses_card
A_CUST122453,M_MER100060,shops_at
A_CUST122453,L_Kerala,located_in
A_CUST122453,C_CARD529132,uses_card
A_CUST122453,M_MER100092,shops_at
A_CUST122453,M_MER100235,shops_at
A_CUST122455,C_CARD529134,uses_card
A_CUST122455,M_MER100105,shops_at
A_CUST122455,L_Madhya Pradesh,located_in
A_CUST122461,C_CARD529143,uses_card
A_CUST122461,M_MER100152,shops_at
A_CUST122461,L_Odisha,located_in
A_CUST122472,C_CARD529156,uses_card
A_CUST122472,M_MER100249,shops_at
A_CUST122472,L_Bihar,located_in
A_CUST122473,C_CARD529158,uses_card
A_CUST122473,M_MER100282,shops_at
A_CUST122473,L_Kerala,located_in
A_CUST122474,C_CARD529159,uses_card
A_CUST122474,M_MER100338,shops_at
A_CUST122474,L_Gujarat,located_in
A_CUST122475,C_CARD529161,uses_card
A_CUST122475,M_MER100413,shops_at
A_CUST122475,L_Gujarat,located_in
A_CUST122483,C_CARD529173,uses_card
A_CUST122483,M_MER100412,shops_at
A_CUST122483,L_Gujarat,located_in
A_CUST122483,C_CARD529172,uses_card
A_CUST122483,M_MER100188,shops_at
A_CUST122483,M_MER100417,shops_at
A_CUST122486,C_CARD529177,uses_card
A_CUST122486,M_MER100017,shops_at
A_CUST122486,L_Telangana,located_in
A_CUST122486,M_MER100131,shops_at
A_CUST122487,C_CARD529180,uses_card
A_CUST122487,M_MER100409,shops_at
A_CUST122487,L_Madhya Pradesh,located_in
A_CUST122488,C_CARD529181,uses_card
A_CUST122488,M_MER100287,shops_at
A_CUST122488,L_West Bengal,located_in
A_CUST122488,M_MER100338,shops_at
A_CUST122492,C_CARD529188,uses_card
A_CUST122492,M_MER100249,shops_at
A_CUST122492,L_Gujarat,located_in
A_CUST122492,M_MER100239,shops_at
A_CUST122500,C_CARD529197,uses_card
A_CUST122500,M_MER100286,shops_at
A_CUST122500,L_Assam,located_in
A_CUST122503,C_CARD529200,uses_card
A_CUST122503,M_MER100218,shops_at
A_CUST122503,L_Odisha,located_in
A_CUST122503,M_MER100375,shops_at
A_CUST122504,C_CARD529202,uses_card
A_CUST122504,M_MER100278,shops_at
A_CUST122504,L_Kerala,located_in
A_CUST122506,C_CARD529204,uses_card
A_CUST122506,M_MER100495,shops_at
A_CUST122506,L_Gujarat,located_in
A_CUST122507,C_CARD529207,uses_card
A_CUST122507,M_MER100056,shops_at
A_CUST122507,L_Punjab,located_in
A_CUST122508,C_CARD529210,uses_card
A_CUST122508,M_MER100499,shops_at
A_CUST122508,L_Madhya Pradesh,located_in
A_CUST122508,C_CARD529209,uses_card
A_CUST122508,M_MER100007,shops_at
A_CUST122508,C_CARD529208,uses_card
A_CUST122508,M_MER100153,shops_at
A_CUST122508,M_MER100453,shops_at
A_CUST122512,C_CARD529214,uses_card
A_CUST122512,M_MER100274,shops_at
A_CUST122512,L_Punjab,located_in
A_CUST122512,M_MER100323,shops_at
A_CUST122513,C_CARD529216,uses_card
A_CUST122513,M_MER100035,shops_at
A_CUST122513,L_Rajasthan,located_in
A_CUST122516,C_CARD529221,uses_card
A_CUST122516,M_MER100094,shops_at
A_CUST122516,L_Kerala,located_in
A_CUST122525,C_CARD529232,uses_card
A_CUST122525,M_MER100326,shops_at
A_CUST122525,L_Uttar Pradesh,located_in
A_CUST122525,C_CARD529233,uses_card
A_CUST122525,M_MER100308,shops_at
A_CUST122528,C_CARD529237,uses_card
A_CUST122528,M_MER100430,shops_at
A_CUST122528,L_Punjab,located_in
A_CUST122528,M_MER100442,shops_at
A_CUST122531,C_CARD529240,uses_card
A_CUST122531,M_MER100047,shops_at
A_CUST122531,L_Gujarat,located_in
A_CUST122537,C_CARD529246,uses_card
A_CUST122537,M_MER100249,shops_at
A_CUST122537,L_Kerala,located_in
A_CUST122542,C_CARD529251,uses_card
A_CUST122542,M_MER100105,shops_at
A_CUST122542,L_Bihar,located_in
A_CUST122542,M_MER100059,shops_at
A_CUST122543,C_CARD529253,uses_card
A_CUST122543,M_MER100198,shops_at
A_CUST122543,L_Bihar,located_in
A_CUST122543,C_CARD529252,uses_card
A_CUST122543,M_MER100342,shops_at
A_CUST122543,C_CARD529254,uses_card
A_CUST122543,M_MER100395,shops_at
A_CUST122543,M_MER100206,shops_at
A_CUST122543,M_MER100106,shops_at
A_CUST122553,C_CARD529264,uses_card
A_CUST122553,M_MER100302,shops_at
A_CUST122553,L_Karnataka,located_in
A_CUST122557,C_CARD529269,uses_card
A_CUST122557,M_MER100485,shops_at
A_CUST122557,L_Madhya Pradesh,located_in
A_CUST122559,C_CARD529271,uses_card
A_CUST122559,M_MER100330,shops_at
A_CUST122559,L_Punjab,located_in
A_CUST122559,C_CARD529273,uses_card
A_CUST122559,M_MER100159,shops_at
A_CUST122559,M_MER100250,shops_at
A_CUST122559,M_MER100167,shops_at
A_CUST122562,C_CARD529276,uses_card
A_CUST122562,M_MER100192,shops_at
A_CUST122562,L_Bihar,located_in
A_CUST122564,C_CARD529278,uses_card
A_CUST122564,M_MER100486,shops_at
A_CUST122564,L_Telangana,located_in
A_CUST122564,M_MER100079,shops_at
A_CUST122573,C_CARD529289,uses_card
A_CUST122573,M_MER100046,shops_at
A_CUST122573,L_Tamil Nadu,located_in
A_CUST122574,C_CARD529292,uses_card
A_CUST122574,M_MER100216,shops_at
A_CUST122574,L_Assam,located_in
A_CUST122574,M_MER100286,shops_at
A_CUST122575,C_CARD529293,uses_card
A_CUST122575,M_MER100046,shops_at
A_CUST122575,L_Karnataka,located_in
A_CUST122575,M_MER100158,shops_at
A_CUST122575,M_MER100138,shops_at
A_CUST122579,C_CARD529300,uses_card
A_CUST122579,M_MER100141,shops_at
A_CUST122579,L_Kerala,located_in
A_CUST122579,M_MER100276,shops_at
A_CUST122579,C_CARD529298,uses_card
A_CUST122579,M_MER100052,shops_at
A_CUST122581,C_CARD529304,uses_card
A_CUST122581,M_MER100479,shops_at
A_CUST122581,L_Kerala,located_in
A_CUST122581,C_CARD529303,uses_card
A_CUST122581,M_MER100302,shops_at
A_CUST122582,C_CARD529306,uses_card
A_CUST122582,M_MER100138,shops_at
A_CUST122582,L_Haryana,located_in
A_CUST122582,M_MER100379,shops_at
A_CUST122586,C_CARD529310,uses_card
A_CUST122586,M_MER100425,shops_at
A_CUST122586,L_Haryana,located_in
A_CUST122589,C_CARD529313,uses_card
A_CUST122589,M_MER100080,shops_at
A_CUST122589,L_Kerala,located_in
A_CUST122591,C_CARD529315,uses_card
A_CUST122591,M_MER100404,shops_at
A_CUST122591,L_Haryana,located_in
A_CUST122592,C_CARD529316,uses_card
A_CUST122592,M_MER100358,shops_at
A_CUST122592,L_Madhya Pradesh,located_in
A_CUST122593,C_CARD529319,uses_card
A_CUST122593,M_MER100434,shops_at
A_CUST122593,L_Karnataka,located_in
A_CUST122593,M_MER100002,shops_at
A_CUST122594,C_CARD529320,uses_card
A_CUST122594,M_MER100252,shops_at
A_CUST122594,L_Karnataka,located_in
A_CUST122595,C_CARD529322,uses_card
A_CUST122595,M_MER100192,shops_at
A_CUST122595,L_Gujarat,located_in
A_CUST122595,M_MER100421,shops_at
A_CUST122598,C_CARD529326,uses_card
A_CUST122598,M_MER100083,shops_at
A_CUST122598,L_Karnataka,located_in
A_CUST122598,M_MER100138,shops_at
A_CUST122601,C_CARD529330,uses_card
A_CUST122601,M_MER100130,shops_at
A_CUST122601,L_Tamil Nadu,located_in
A_CUST122601,M_MER100450,shops_at
A_CUST122601,M_MER100431,shops_at
A_CUST122602,C_CARD529332,uses_card
A_CUST122602,M_MER100046,shops_at
A_CUST122602,L_Rajasthan,located_in
A_CUST122606,C_CARD529338,uses_card
A_CUST122606,M_MER100251,shops_at
A_CUST122606,L_Maharashtra,located_in
A_CUST122607,C_CARD529340,uses_card
A_CUST122607,M_MER100394,shops_at
A_CUST122607,L_Bihar,located_in
A_CUST122613,C_CARD529348,uses_card
A_CUST122613,M_MER100492,shops_at
A_CUST122613,L_Assam,located_in
A_CUST122613,C_CARD529347,uses_card
A_CUST122613,M_MER100105,shops_at
A_CUST122614,C_CARD529349,uses_card
A_CUST122614,M_MER100031,shops_at
A_CUST122614,L_Karnataka,located_in
A_CUST122616,C_CARD529352,uses_card
A_CUST122616,M_MER100180,shops_at
A_CUST122616,L_Tamil Nadu,located_in
A_CUST122616,M_MER100377,shops_at
A_CUST122618,C_CARD529355,uses_card
A_CUST122618,M_MER100275,shops_at
A_CUST122618,L_Punjab,located_in
A_CUST122623,C_CARD529361,uses_card
A_CUST122623,M_MER100236,shops_at
A_CUST122623,L_Maharashtra,located_in
A_CUST122626,C_CARD529366,uses_card
A_CUST122626,M_MER100358,shops_at
A_CUST122626,L_Telangana,located_in
A_CUST122632,C_CARD529372,uses_card
A_CUST122632,M_MER100144,shops_at
A_CUST122632,L_Rajasthan,located_in
A_CUST122641,C_CARD529381,uses_card
A_CUST122641,M_MER100439,shops_at
A_CUST122641,L_Odisha,located_in
A_CUST122647,C_CARD529387,uses_card
A_CUST122647,M_MER100179,shops_at
A_CUST122647,L_Bihar,located_in
A_CUST122651,C_CARD529391,uses_card
A_CUST122651,M_MER100096,shops_at
A_CUST122651,L_Rajasthan,located_in
A_CUST122651,M_MER100355,shops_at
A_CUST122657,C_CARD529399,uses_card
A_CUST122657,M_MER100203,shops_at
A_CUST122657,L_Kerala,located_in
A_CUST122659,C_CARD529403,uses_card
A_CUST122659,M_MER100490,shops_at
A_CUST122659,L_West Bengal,located_in
A_CUST122659,C_CARD529402,uses_card
A_CUST122659,M_MER100404,shops_at
A_CUST122660,C_CARD529404,uses_card
A_CUST122660,M_MER100020,shops_at
A_CUST122660,L_Rajasthan,located_in
A_CUST122661,C_CARD529405,uses_card
A_CUST122661,M_MER100482,shops_at
A_CUST122661,L_Tamil Nadu,located_in
A_CUST122663,C_CARD529407,uses_card
A_CUST122663,M_MER100264,shops_at
A_CUST122663,L_Bihar,located_in
A_CUST122663,M_MER100083,shops_at
A_CUST122664,C_CARD529408,uses_card
A_CUST122664,M_MER100043,shops_at
A_CUST122664,L_Bihar,located_in
A_CUST122666,C_CARD529410,uses_card
A_CUST122666,M_MER100475,shops_at
A_CUST122666,L_Maharashtra,located_in
A_CUST122666,C_CARD529411,uses_card
A_CUST122666,M_MER100186,shops_at
A_CUST122671,C_CARD529416,uses_card
A_CUST122671,M_MER100457,shops_at
A_CUST122671,L_Assam,located_in
A_CUST122675,C_CARD529420,uses_card
A_CUST122675,M_MER100138,shops_at
A_CUST122675,L_Rajasthan,located_in
A_CUST122677,C_CARD529422,uses_card
A_CUST122677,M_MER100158,shops_at
A_CUST122677,L_Karnataka,located_in
A_CUST122677,C_CARD529423,uses_card
A_CUST122677,M_MER100416,shops_at
A_CUST122683,C_CARD529430,uses_card
A_CUST122683,M_MER100018,shops_at
A_CUST122683,L_Uttar Pradesh,located_in
A_CUST122684,C_CARD529431,uses_card
A_CUST122684,M_MER100099,shops_at
A_CUST122684,L_Telangana,located_in
A_CUST122688,C_CARD529436,uses_card
A_CUST122688,M_MER100171,shops_at
A_CUST122688,L_Madhya Pradesh,located_in
A_CUST122688,C_CARD529435,uses_card
A_CUST122688,M_MER100112,shops_at
A_CUST122689,C_CARD529437,uses_card
A_CUST122689,M_MER100424,shops_at
A_CUST122689,L_Haryana,located_in
A_CUST122690,C_CARD529439,uses_card
A_CUST122690,M_MER100107,shops_at
A_CUST122690,L_Rajasthan,located_in
A_CUST122695,C_CARD529444,uses_card
A_CUST122695,M_MER100305,shops_at
A_CUST122695,L_Gujarat,located_in
A_CUST122696,C_CARD529446,uses_card
A_CUST122696,M_MER100036,shops_at
A_CUST122696,L_Maharashtra,located_in
A_CUST122698,C_CARD529448,uses_card
A_CUST122698,M_MER100008,shops_at
A_CUST122698,L_Madhya Pradesh,located_in
A_CUST122706,C_CARD529458,uses_card
A_CUST122706,M_MER100108,shops_at
A_CUST122706,L_Rajasthan,located_in
A_CUST122707,C_CARD529459,uses_card
A_CUST122707,M_MER100332,shops_at
A_CUST122707,L_Odisha,located_in
A_CUST122708,C_CARD529461,uses_card
A_CUST122708,M_MER100250,shops_at
A_CUST122708,L_Rajasthan,located_in
A_CUST122709,C_CARD529463,uses_card
A_CUST122709,M_MER100208,shops_at
A_CUST122709,L_Haryana,located_in
A_CUST122709,C_CARD529462,uses_card
A_CUST122709,M_MER100025,shops_at
A_CUST122709,M_MER100365,shops_at
A_CUST122712,C_CARD529468,uses_card
A_CUST122712,M_MER100094,shops_at
A_CUST122712,L_Bihar,located_in
A_CUST122717,C_CARD529474,uses_card
A_CUST122717,M_MER100465,shops_at
A_CUST122717,L_Bihar,located_in
A_CUST122721,C_CARD529479,uses_card
A_CUST122721,M_MER100254,shops_at
A_CUST122721,L_Bihar,located_in
A_CUST122724,C_CARD529483,uses_card
A_CUST122724,M_MER100079,shops_at
A_CUST122724,L_Karnataka,located_in
A_CUST122725,C_CARD529484,uses_card
A_CUST122725,M_MER100445,shops_at
A_CUST122725,L_Tamil Nadu,located_in
A_CUST122726,C_CARD529485,uses_card
A_CUST122726,M_MER100209,shops_at
A_CUST122726,L_West Bengal,located_in
A_CUST122735,C_CARD529496,uses_card
A_CUST122735,M_MER100021,shops_at
A_CUST122735,L_Bihar,located_in
A_CUST122735,M_MER100345,shops_at
A_CUST122735,C_CARD529497,uses_card
A_CUST122735,M_MER100135,shops_at
A_CUST122735,M_MER100445,shops_at
A_CUST122737,C_CARD529499,uses_card
A_CUST122737,M_MER100489,shops_at
A_CUST122737,L_Assam,located_in
A_CUST122738,C_CARD529500,uses_card
A_CUST122738,M_MER100250,shops_at
A_CUST122738,L_Uttar Pradesh,located_in
A_CUST122738,M_MER100459,shops_at
A_CUST122739,C_CARD529502,uses_card
A_CUST122739,M_MER100216,shops_at
A_CUST122739,L_Telangana,located_in
A_CUST122739,C_CARD529501,uses_card
A_CUST122739,M_MER100397,shops_at
A_CUST122741,C_CARD529505,uses_card
A_CUST122741,M_MER100148,shops_at
A_CUST122741,L_Rajasthan,located_in
A_CUST122743,C_CARD529509,uses_card
A_CUST122743,M_MER100262,shops_at
A_CUST122743,L_Tamil Nadu,located_in
A_CUST122746,C_CARD529513,uses_card
A_CUST122746,M_MER100390,shops_at
A_CUST122746,L_Tamil Nadu,located_in
A_CUST122750,C_CARD529517,uses_card
A_CUST122750,M_MER100025,shops_at
A_CUST122750,L_Karnataka,located_in
A_CUST122752,C_CARD529519,uses_card
A_CUST122752,M_MER100358,shops_at
A_CUST122752,L_Uttar Pradesh,located_in
A_CUST122756,C_CARD529523,uses_card
A_CUST122756,M_MER100139,shops_at
A_CUST122756,L_Madhya Pradesh,located_in
A_CUST122760,C_CARD529527,uses_card
A_CUST122760,M_MER100267,shops_at
A_CUST122760,L_Telangana,located_in
A_CUST122763,C_CARD529531,uses_card
A_CUST122763,M_MER100286,shops_at
A_CUST122763,L_Assam,located_in
A_CUST122763,M_MER100326,shops_at
A_CUST122765,C_CARD529533,uses_card
A_CUST122765,M_MER100255,shops_at
A_CUST122765,L_Punjab,located_in
A_CUST122769,C_CARD529537,uses_card
A_CUST122769,M_MER100383,shops_at
A_CUST122769,L_Haryana,located_in
A_CUST122771,C_CARD529541,uses_card
A_CUST122771,M_MER100198,shops_at
A_CUST122771,L_West Bengal,located_in
A_CUST122771,M_MER100378,shops_at
A_CUST122784,C_CARD529556,uses_card
A_CUST122784,M_MER100352,shops_at
A_CUST122784,L_Rajasthan,located_in
A_CUST122789,C_CARD529563,uses_card
A_CUST122789,M_MER100086,shops_at
A_CUST122789,L_Madhya Pradesh,located_in
A_CUST122789,M_MER100219,shops_at
A_CUST122789,M_MER100468,shops_at
A_CUST122793,C_CARD529568,uses_card
A_CUST122793,M_MER100257,shops_at
A_CUST122793,L_Uttar Pradesh,located_in
A_CUST122793,M_MER100062,shops_at
A_CUST122796,C_CARD529573,uses_card
A_CUST122796,M_MER100458,shops_at
A_CUST122796,L_Kerala,located_in
A_CUST122800,C_CARD529579,uses_card
A_CUST122800,M_MER100346,shops_at
A_CUST122800,L_Assam,located_in
A_CUST122800,M_MER100087,shops_at
A_CUST122802,C_CARD529582,uses_card
A_CUST122802,M_MER100424,shops_at
A_CUST122802,L_Rajasthan,located_in
A_CUST122804,C_CARD529585,uses_card
A_CUST122804,M_MER100132,shops_at
A_CUST122804,L_Kerala,located_in
A_CUST122809,C_CARD529591,uses_card
A_CUST122809,M_MER100152,shops_at
A_CUST122809,L_Tamil Nadu,located_in
A_CUST122810,C_CARD529592,uses_card
A_CUST122810,M_MER100294,shops_at
A_CUST122810,L_West Bengal,located_in
A_CUST122811,C_CARD529593,uses_card
A_CUST122811,M_MER100176,shops_at
A_CUST122811,L_Odisha,located_in
A_CUST122812,C_CARD529594,uses_card
A_CUST122812,M_MER100331,shops_at
A_CUST122812,L_Odisha,located_in
A_CUST122814,C_CARD529598,uses_card
A_CUST122814,M_MER100492,shops_at
A_CUST122814,L_Bihar,located_in
A_CUST122815,C_CARD529600,uses_card
A_CUST122815,M_MER100179,shops_at
A_CUST122815,L_Maharashtra,located_in
A_CUST122816,C_CARD529603,uses_card
A_CUST122816,M_MER100235,shops_at
A_CUST122816,L_Telangana,located_in
A_CUST122816,M_MER100384,shops_at
A_CUST122816,M_MER100411,shops_at
A_CUST122818,C_CARD529606,uses_card
A_CUST122818,M_MER100191,shops_at
A_CUST122818,L_Gujarat,located_in
A_CUST122819,C_CARD529607,uses_card
A_CUST122819,M_MER100092,shops_at
A_CUST122819,L_Gujarat,located_in
A_CUST122819,M_MER100237,shops_at
A_CUST122828,C_CARD529619,uses_card
A_CUST122828,M_MER100123,shops_at
A_CUST122828,L_Telangana,located_in
A_CUST122829,C_CARD529621,uses_card
A_CUST122829,M_MER100382,shops_at
A_CUST122829,L_Tamil Nadu,located_in
A_CUST122831,C_CARD529623,uses_card
A_CUST122831,M_MER100403,shops_at
A_CUST122831,L_West Bengal,located_in
A_CUST122832,C_CARD529625,uses_card
A_CUST122832,M_MER100191,shops_at
A_CUST122832,L_Maharashtra,located_in
A_CUST122837,C_CARD529633,uses_card
A_CUST122837,M_MER100049,shops_at
A_CUST122837,L_Assam,located_in
A_CUST122837,M_MER100046,shops_at
A_CUST122837,M_MER100096,shops_at
A_CUST122837,M_MER100078,shops_at
A_CUST122838,C_CARD529634,uses_card
A_CUST122838,M_MER100386,shops_at
A_CUST122838,L_Tamil Nadu,located_in
A_CUST122840,C_CARD529636,uses_card
A_CUST122840,M_MER100264,shops_at
A_CUST122840,L_Bihar,located_in
A_CUST122842,C_CARD529641,uses_card
A_CUST122842,M_MER100410,shops_at
A_CUST122842,L_Maharashtra,located_in
A_CUST122842,M_MER100200,shops_at
A_CUST122842,C_CARD529642,uses_card
A_CUST122842,M_MER100381,shops_at
A_CUST122842,M_MER100022,shops_at
A_CUST122842,M_MER100329,shops_at
A_CUST122846,C_CARD529647,uses_card
A_CUST122846,M_MER100302,shops_at
A_CUST122846,L_Telangana,located_in
A_CUST122846,C_CARD529648,uses_card
A_CUST122846,M_MER100156,shops_at
A_CUST122846,M_MER100254,shops_at
A_CUST122850,C_CARD529652,uses_card
A_CUST122850,M_MER100237,shops_at
A_CUST122850,L_Haryana,located_in
A_CUST122850,M_MER100423,shops_at
A_CUST122851,C_CARD529654,uses_card
A_CUST122851,M_MER100051,shops_at
A_CUST122851,L_West Bengal,located_in
A_CUST122852,C_CARD529655,uses_card
A_CUST122852,M_MER100283,shops_at
A_CUST122852,L_Telangana,located_in
A_CUST122852,M_MER100499,shops_at
A_CUST122860,C_CARD529666,uses_card
A_CUST122860,M_MER100131,shops_at
A_CUST122860,L_Rajasthan,located_in
A_CUST122860,M_MER100023,shops_at
A_CUST122863,C_CARD529671,uses_card
A_CUST122863,M_MER100376,shops_at
A_CUST122863,L_Maharashtra,located_in
A_CUST122863,M_MER100141,shops_at
A_CUST122863,M_MER100328,shops_at
A_CUST122863,M_MER100286,shops_at
A_CUST122870,C_CARD529682,uses_card
A_CUST122870,M_MER100424,shops_at
A_CUST122870,L_Assam,located_in
A_CUST122872,C_CARD529685,uses_card
A_CUST122872,M_MER100407,shops_at
A_CUST122872,L_Assam,located_in
A_CUST122872,M_MER100099,shops_at
A_CUST122877,C_CARD529691,uses_card
A_CUST122877,M_MER100076,shops_at
A_CUST122877,L_Telangana,located_in
A_CUST122878,C_CARD529692,uses_card
A_CUST122878,M_MER100018,shops_at
A_CUST122878,L_Maharashtra,located_in
A_CUST122883,C_CARD529699,uses_card
A_CUST122883,M_MER100318,shops_at
A_CUST122883,L_Assam,located_in
A_CUST122887,C_CARD529703,uses_card
A_CUST122887,M_MER100354,shops_at
A_CUST122887,L_Kerala,located_in
A_CUST122893,C_CARD529710,uses_card
A_CUST122893,M_MER100360,shops_at
A_CUST122893,L_Telangana,located_in
A_CUST122893,M_MER100062,shops_at
A_CUST122894,C_CARD529713,uses_card
A_CUST122894,M_MER100394,shops_at
A_CUST122894,L_Karnataka,located_in
A_CUST122894,C_CARD529712,uses_card
A_CUST122894,M_MER100162,shops_at
A_CUST122898,C_CARD529717,uses_card
A_CUST122898,M_MER100358,shops_at
A_CUST122898,L_Rajasthan,located_in
A_CUST122901,C_CARD529720,uses_card
A_CUST122901,M_MER100183,shops_at
A_CUST122901,L_Assam,located_in
A_CUST122904,C_CARD529726,uses_card
A_CUST122904,M_MER100402,shops_at
A_CUST122904,L_Haryana,located_in
A_CUST122904,M_MER100199,shops_at
A_CUST122904,C_CARD529725,uses_card
A_CUST122904,M_MER100200,shops_at
A_CUST122906,C_CARD529728,uses_card
A_CUST122906,M_MER100235,shops_at
A_CUST122906,L_Rajasthan,located_in
A_CUST122908,C_CARD529731,uses_card
A_CUST122908,M_MER100179,shops_at
A_CUST122908,L_Bihar,located_in
A_CUST122909,C_CARD529733,uses_card
A_CUST122909,M_MER100488,shops_at
A_CUST122909,L_Kerala,located_in
A_CUST122909,M_MER100076,shops_at
A_CUST122912,C_CARD529737,uses_card
A_CUST122912,M_MER100338,shops_at
A_CUST122912,L_Assam,located_in
A_CUST122912,M_MER100166,shops_at
A_CUST122912,M_MER100358,shops_at
A_CUST122913,C_CARD529739,uses_card
A_CUST122913,M_MER100424,shops_at
A_CUST122913,L_Gujarat,located_in
A_CUST122914,C_CARD529741,uses_card
A_CUST122914,M_MER100311,shops_at
A_CUST122914,L_Rajasthan,located_in
A_CUST122931,C_CARD529759,uses_card
A_CUST122931,M_MER100376,shops_at
A_CUST122931,L_Bihar,located_in
A_CUST122934,C_CARD529765,uses_card
A_CUST122934,M_MER100369,shops_at
A_CUST122934,L_Haryana,located_in
A_CUST122934,C_CARD529764,uses_card
A_CUST122934,M_MER100119,shops_at
A_CUST122936,C_CARD529767,uses_card
A_CUST122936,M_MER100235,shops_at
A_CUST122936,L_Karnataka,located_in
A_CUST122946,C_CARD529780,uses_card
A_CUST122946,M_MER100161,shops_at
A_CUST122946,L_Bihar,located_in
A_CUST122946,C_CARD529779,uses_card
A_CUST122946,M_MER100092,shops_at
A_CUST122947,C_CARD529781,uses_card
A_CUST122947,M_MER100391,shops_at
A_CUST122947,L_Gujarat,located_in
A_CUST122947,C_CARD529782,uses_card
A_CUST122947,M_MER100236,shops_at
A_CUST122948,C_CARD529783,uses_card
A_CUST122948,M_MER100196,shops_at
A_CUST122948,L_Telangana,located_in
A_CUST122950,C_CARD529786,uses_card
A_CUST122950,M_MER100256,shops_at
A_CUST122950,L_Tamil Nadu,located_in
A_CUST122950,M_MER100305,shops_at
A_CUST122953,C_CARD529789,uses_card
A_CUST122953,M_MER100174,shops_at
A_CUST122953,L_Haryana,located_in
A_CUST122954,C_CARD529790,uses_card
A_CUST122954,M_MER100368,shops_at
A_CUST122954,L_Kerala,located_in
A_CUST122958,C_CARD529795,uses_card
A_CUST122958,M_MER100076,shops_at
A_CUST122958,L_Odisha,located_in
A_CUST122958,C_CARD529796,uses_card
A_CUST122958,M_MER100308,shops_at
A_CUST122960,C_CARD529798,uses_card
A_CUST122960,M_MER100048,shops_at
A_CUST122960,L_Odisha,located_in
A_CUST122961,C_CARD529799,uses_card
A_CUST122961,M_MER100323,shops_at
A_CUST122961,L_Bihar,located_in
A_CUST122965,C_CARD529804,uses_card
A_CUST122965,M_MER100105,shops_at
A_CUST122965,L_Uttar Pradesh,located_in
A_CUST122965,C_CARD529803,uses_card
A_CUST122965,M_MER100254,shops_at
A_CUST122965,M_MER100397,shops_at
A_CUST122967,C_CARD529807,uses_card
A_CUST122967,M_MER100102,shops_at
A_CUST122967,L_Rajasthan,located_in
A_CUST122974,C_CARD529815,uses_card
A_CUST122974,M_MER100146,shops_at
A_CUST122974,L_Rajasthan,located_in
A_CUST123002,C_CARD529848,uses_card
A_CUST123002,M_MER100305,shops_at
A_CUST123002,L_Kerala,located_in
A_CUST123002,M_MER100199,shops_at
A_CUST123003,C_CARD529849,uses_card
A_CUST123003,M_MER100228,shops_at
A_CUST123003,L_Maharashtra,located_in
A_CUST123004,C_CARD529850,uses_card
A_CUST123004,M_MER100173,shops_at
A_CUST123004,L_Assam,located_in
A_CUST123011,C_CARD529860,uses_card
A_CUST123011,M_MER100152,shops_at
A_CUST123011,L_Tamil Nadu,located_in
A_CUST123011,M_MER100021,shops_at
A_CUST123011,M_MER100357,shops_at
A_CUST123018,C_CARD529867,uses_card
A_CUST123018,M_MER100235,shops_at
A_CUST123018,L_Telangana,located_in
A_CUST123018,C_CARD529868,uses_card
A_CUST123018,M_MER100331,shops_at
A_CUST123024,C_CARD529875,uses_card
A_CUST123024,M_MER100369,shops_at
A_CUST123024,L_Karnataka,located_in
A_CUST123027,C_CARD529879,uses_card
A_CUST123027,M_MER100319,shops_at
A_CUST123027,L_Telangana,located_in
A_CUST123027,M_MER100084,shops_at
A_CUST123042,C_CARD529895,uses_card
A_CUST123042,M_MER100138,shops_at
A_CUST123042,L_Karnataka,located_in
A_CUST123047,C_CARD529902,uses_card
A_CUST123047,M_MER100063,shops_at
A_CUST123047,L_Haryana,located_in
A_CUST123051,C_CARD529908,uses_card
A_CUST123051,M_MER100041,shops_at
A_CUST123051,L_West Bengal,located_in
A_CUST123053,C_CARD529910,uses_card
A_CUST123053,M_MER100055,shops_at
A_CUST123053,L_Punjab,located_in
A_CUST123054,C_CARD529911,uses_card
A_CUST123054,M_MER100047,shops_at
A_CUST123054,L_Maharashtra,located_in
A_CUST123054,M_MER100009,shops_at
A_CUST123067,C_CARD529929,uses_card
A_CUST123067,M_MER100252,shops_at
A_CUST123067,L_Gujarat,located_in
A_CUST123067,C_CARD529928,uses_card
A_CUST123067,M_MER100222,shops_at
A_CUST123070,C_CARD529937,uses_card
A_CUST123070,M_MER100167,shops_at
A_CUST123070,L_Gujarat,located_in
A_CUST123070,C_CARD529935,uses_card
A_CUST123070,M_MER100492,shops_at
A_CUST123077,C_CARD529946,uses_card
A_CUST123077,M_MER100427,shops_at
A_CUST123077,L_Rajasthan,located_in
A_CUST123088,C_CARD529958,uses_card
A_CUST123088,M_MER100192,shops_at
A_CUST123088,L_Karnataka,located_in
A_CUST123089,C_CARD529960,uses_card
A_CUST123089,M_MER100093,shops_at
A_CUST123089,L_Gujarat,located_in
A_CUST123089,C_CARD529961,uses_card
A_CUST123089,M_MER100499,shops_at
A_CUST123090,C_CARD529963,uses_card
A_CUST123090,M_MER100360,shops_at
A_CUST123090,L_Maharashtra,located_in
A_CUST123090,C_CARD529962,uses_card
A_CUST123090,M_MER100255,shops_at
A_CUST123090,M_MER100424,shops_at
A_CUST123090,M_MER100171,shops_at
A_CUST123091,C_CARD529964,uses_card
A_CUST123091,M_MER100280,shops_at
A_CUST123091,L_Gujarat,located_in
A_CUST123091,M_MER100378,shops_at
A_CUST123092,C_CARD529966,uses_card
A_CUST123092,M_MER100495,shops_at
A_CUST123092,L_Tamil Nadu,located_in
A_CUST123094,C_CARD529969,uses_card
A_CUST123094,M_MER100046,shops_at
A_CUST123094,L_Bihar,located_in
A_CUST123099,C_CARD529975,uses_card
A_CUST123099,M_MER100495,shops_at
A_CUST123099,L_Rajasthan,located_in
A_CUST123099,C_CARD529976,uses_card
A_CUST123099,M_MER100234,shops_at
A_CUST123099,M_MER100327,shops_at
A_CUST123108,C_CARD529986,uses_card
A_CUST123108,M_MER100455,shops_at
A_CUST123108,L_West Bengal,located_in
A_CUST123108,C_CARD529985,uses_card
A_CUST123108,M_MER100112,shops_at
A_CUST123108,C_CARD529987,uses_card
A_CUST123108,M_MER100088,shops_at
A_CUST123109,C_CARD529988,uses_card
A_CUST123109,M_MER100135,shops_at
A_CUST123109,L_Karnataka,located_in
A_CUST123110,C_CARD529990,uses_card
A_CUST123110,M_MER100346,shops_at
A_CUST123110,L_Odisha,located_in
A_CUST123113,C_CARD529995,uses_card
A_CUST123113,M_MER100347,shops_at
A_CUST123113,L_Telangana,located_in
A_CUST123115,C_CARD529997,uses_card
A_CUST123115,M_MER100333,shops_at
A_CUST123115,L_Kerala,located_in
A_CUST123118,C_CARD530003,uses_card
A_CUST123118,M_MER100041,shops_at
A_CUST123118,L_Madhya Pradesh,located_in
A_CUST123118,M_MER100397,shops_at
A_CUST123118,M_MER100092,shops_at
A_CUST123121,C_CARD530006,uses_card
A_CUST123121,M_MER100453,shops_at
A_CUST123121,L_Odisha,located_in
A_CUST123128,C_CARD530015,uses_card
A_CUST123128,M_MER100353,shops_at
A_CUST123128,L_Maharashtra,located_in
A_CUST123131,C_CARD530020,uses_card
A_CUST123131,M_MER100219,shops_at
A_CUST123131,L_Bihar,located_in
A_CUST123133,C_CARD530023,uses_card
A_CUST123133,M_MER100138,shops_at
A_CUST123133,L_Madhya Pradesh,located_in
A_CUST123133,M_MER100099,shops_at
A_CUST123143,C_CARD530036,uses_card
A_CUST123143,M_MER100338,shops_at
A_CUST123143,L_West Bengal,located_in
A_CUST123145,C_CARD530038,uses_card
A_CUST123145,M_MER100413,shops_at
A_CUST123145,L_West Bengal,located_in
A_CUST123145,M_MER100360,shops_at
A_CUST123146,C_CARD530041,uses_card
A_CUST123146,M_MER100059,shops_at
A_CUST123146,L_Haryana,located_in
A_CUST123149,C_CARD530045,uses_card
A_CUST123149,M_MER100330,shops_at
A_CUST123149,L_Bihar,located_in
A_CUST123151,C_CARD530047,uses_card
A_CUST123151,M_MER100457,shops_at
A_CUST123151,L_Maharashtra,located_in
A_CUST123151,C_CARD530049,uses_card
A_CUST123151,M_MER100140,shops_at
A_CUST123153,C_CARD530052,uses_card
A_CUST123153,M_MER100360,shops_at
A_CUST123153,L_Bihar,located_in
A_CUST123153,M_MER100199,shops_at
A_CUST123154,C_CARD530053,uses_card
A_CUST123154,M_MER100235,shops_at
A_CUST123154,L_Gujarat,located_in
A_CUST123160,C_CARD530061,uses_card
A_CUST123160,M_MER100250,shops_at
A_CUST123160,L_Bihar,located_in
A_CUST123163,C_CARD530064,uses_card
A_CUST123163,M_MER100333,shops_at
A_CUST123163,L_West Bengal,located_in
A_CUST123164,C_CARD530065,uses_card
A_CUST123164,M_MER100156,shops_at
A_CUST123164,L_Punjab,located_in
A_CUST123168,C_CARD530070,uses_card
A_CUST123168,M_MER100493,shops_at
A_CUST123168,L_Odisha,located_in
A_CUST123171,C_CARD530074,uses_card
A_CUST123171,M_MER100243,shops_at
A_CUST123171,L_Bihar,located_in
A_CUST123171,M_MER100464,shops_at
A_CUST123172,C_CARD530078,uses_card
A_CUST123172,M_MER100428,shops_at
A_CUST123172,L_Uttar Pradesh,located_in
A_CUST123172,C_CARD530076,uses_card
A_CUST123172,M_MER100103,shops_at
A_CUST123172,M_MER100204,shops_at
A_CUST123175,C_CARD530082,uses_card
A_CUST123175,M_MER100312,shops_at
A_CUST123175,L_Telangana,located_in
A_CUST123175,M_MER100189,shops_at
A_CUST123179,C_CARD530087,uses_card
A_CUST123179,M_MER100128,shops_at
A_CUST123179,L_Odisha,located_in
A_CUST123180,C_CARD530088,uses_card
A_CUST123180,M_MER100244,shops_at
A_CUST123180,L_Haryana,located_in
A_CUST123185,C_CARD530096,uses_card
A_CUST123185,M_MER100194,shops_at
A_CUST123185,L_Uttar Pradesh,located_in
A_CUST123186,C_CARD530098,uses_card
A_CUST123186,M_MER100375,shops_at
A_CUST123186,L_Assam,located_in
A_CUST123186,M_MER100071,shops_at
A_CUST123192,C_CARD530106,uses_card
A_CUST123192,M_MER100046,shops_at
A_CUST123192,L_Telangana,located_in
A_CUST123198,C_CARD530112,uses_card
A_CUST123198,M_MER100084,shops_at
A_CUST123198,L_Uttar Pradesh,located_in
A_CUST123200,C_CARD530114,uses_card
A_CUST123200,M_MER100033,shops_at
A_CUST123200,L_Rajasthan,located_in
A_CUST123209,C_CARD530127,uses_card
A_CUST123209,M_MER100077,shops_at
A_CUST123209,L_Kerala,located_in
A_CUST123209,C_CARD530126,uses_card
A_CUST123209,M_MER100002,shops_at
A_CUST123209,M_MER100112,shops_at
A_CUST123212,C_CARD530132,uses_card
A_CUST123212,M_MER100174,shops_at
A_CUST123212,L_Haryana,located_in
A_CUST123212,M_MER100232,shops_at
A_CUST123212,M_MER100057,shops_at
A_CUST123213,C_CARD530136,uses_card
A_CUST123213,M_MER100349,shops_at
A_CUST123213,L_Haryana,located_in
A_CUST123213,C_CARD530135,uses_card
A_CUST123213,M_MER100167,shops_at
A_CUST123213,M_MER100386,shops_at
A_CUST123213,C_CARD530134,uses_card
A_CUST123213,M_MER100084,shops_at
A_CUST123213,M_MER100383,shops_at
A_CUST123219,C_CARD530142,uses_card
A_CUST123219,M_MER100387,shops_at
A_CUST123219,L_Assam,located_in
A_CUST123220,C_CARD530143,uses_card
A_CUST123220,M_MER100036,shops_at
A_CUST123220,L_Odisha,located_in
A_CUST123229,C_CARD530158,uses_card
A_CUST123229,M_MER100141,shops_at
A_CUST123229,L_Punjab,located_in
A_CUST123238,C_CARD530167,uses_card
A_CUST123238,M_MER100426,shops_at
A_CUST123238,L_Uttar Pradesh,located_in
A_CUST123242,C_CARD530171,uses_card
A_CUST123242,M_MER100365,shops_at
A_CUST123242,L_Madhya Pradesh,located_in
A_CUST123242,M_MER100092,shops_at
A_CUST123249,C_CARD530180,uses_card
A_CUST123249,M_MER100183,shops_at
A_CUST123249,L_Rajasthan,located_in
A_CUST123249,M_MER100047,shops_at
A_CUST123249,M_MER100491,shops_at
A_CUST123251,C_CARD530183,uses_card
A_CUST123251,M_MER100063,shops_at
A_CUST123251,L_Odisha,located_in
A_CUST123252,C_CARD530185,uses_card
A_CUST123252,M_MER100399,shops_at
A_CUST123252,L_Kerala,located_in
A_CUST123252,C_CARD530184,uses_card
A_CUST123252,M_MER100235,shops_at
A_CUST123257,C_CARD530192,uses_card
A_CUST123257,M_MER100175,shops_at
A_CUST123257,L_Odisha,located_in
A_CUST123260,C_CARD530196,uses_card
A_CUST123260,M_MER100230,shops_at
A_CUST123260,L_Assam,located_in
A_CUST123269,C_CARD530207,uses_card
A_CUST123269,M_MER100177,shops_at
A_CUST123269,L_Madhya Pradesh,located_in
A_CUST123270,C_CARD530208,uses_card
A_CUST123270,M_MER100175,shops_at
A_CUST123270,L_Rajasthan,located_in
A_CUST123270,C_CARD530210,uses_card
A_CUST123270,M_MER100220,shops_at
A_CUST123274,C_CARD530214,uses_card
A_CUST123274,M_MER100043,shops_at
A_CUST123274,L_Assam,located_in
A_CUST123275,C_CARD530215,uses_card
A_CUST123275,M_MER100368,shops_at
A_CUST123275,L_Madhya Pradesh,located_in
A_CUST123275,M_MER100011,shops_at
A_CUST123279,C_CARD530219,uses_card
A_CUST123279,M_MER100040,shops_at
A_CUST123279,L_Karnataka,located_in
A_CUST123284,C_CARD530224,uses_card
A_CUST123284,M_MER100181,shops_at
A_CUST123284,L_Assam,located_in
A_CUST123287,C_CARD530229,uses_card
A_CUST123287,M_MER100451,shops_at
A_CUST123287,L_Gujarat,located_in
A_CUST123287,M_MER100366,shops_at
A_CUST123287,M_MER100447,shops_at
A_CUST123287,M_MER100243,shops_at
A_CUST123287,M_MER100164,shops_at
A_CUST123289,C_CARD530236,uses_card
A_CUST123289,M_MER100252,shops_at
A_CUST123289,L_Kerala,located_in
A_CUST123289,C_CARD530235,uses_card
A_CUST123289,M_MER100135,shops_at
A_CUST123289,M_MER100227,shops_at
A_CUST123289,M_MER100043,shops_at
A_CUST123292,C_CARD530242,uses_card
A_CUST123292,M_MER100002,shops_at
A_CUST123292,L_Assam,located_in
A_CUST123292,M_MER100277,shops_at
A_CUST123294,C_CARD530244,uses_card
A_CUST123294,M_MER100062,shops_at
A_CUST123294,L_Haryana,located_in
A_CUST123296,C_CARD530246,uses_card
A_CUST123296,M_MER100238,shops_at
A_CUST123296,L_Karnataka,located_in
A_CUST123304,C_CARD530255,uses_card
A_CUST123304,M_MER100427,shops_at
A_CUST123304,L_Madhya Pradesh,located_in
A_CUST123307,C_CARD530260,uses_card
A_CUST123307,M_MER100138,shops_at
A_CUST123307,L_Assam,located_in
A_CUST123307,C_CARD530261,uses_card
A_CUST123307,M_MER100297,shops_at
A_CUST123307,M_MER100063,shops_at
A_CUST123307,M_MER100324,shops_at
A_CUST123307,M_MER100194,shops_at
A_CUST123307,M_MER100228,shops_at
A_CUST123307,M_MER100120,shops_at
A_CUST123307,M_MER100163,shops_at
A_CUST123307,M_MER100446,shops_at
A_CUST123311,C_CARD530265,uses_card
A_CUST123311,M_MER100022,shops_at
A_CUST123311,L_Rajasthan,located_in
A_CUST123311,C_CARD530266,uses_card
A_CUST123311,M_MER100081,shops_at
A_CUST123312,C_CARD530267,uses_card
A_CUST123312,M_MER100424,shops_at
A_CUST123312,L_Haryana,located_in
A_CUST123315,C_CARD530272,uses_card
A_CUST123315,M_MER100390,shops_at
A_CUST123315,L_Uttar Pradesh,located_in
A_CUST123315,M_MER100228,shops_at
A_CUST123315,C_CARD530271,uses_card
A_CUST123315,M_MER100071,shops_at
A_CUST123315,M_MER100353,shops_at
A_CUST123316,C_CARD530273,uses_card
A_CUST123316,M_MER100059,shops_at
A_CUST123316,L_Kerala,located_in
A_CUST123317,C_CARD530274,uses_card
A_CUST123317,M_MER100286,shops_at
A_CUST123317,L_Uttar Pradesh,located_in
A_CUST123322,C_CARD530279,uses_card
A_CUST123322,M_MER100091,shops_at
A_CUST123322,L_Telangana,located_in
A_CUST123322,M_MER100146,shops_at
A_CUST123326,C_CARD530284,uses_card
A_CUST123326,M_MER100065,shops_at
A_CUST123326,L_Haryana,located_in
A_CUST123329,C_CARD530287,uses_card
A_CUST123329,M_MER100481,shops_at
A_CUST123329,L_Haryana,located_in
A_CUST123332,C_CARD530290,uses_card
A_CUST123332,M_MER100065,shops_at
A_CUST123332,L_Gujarat,located_in
A_CUST123336,C_CARD530295,uses_card
A_CUST123336,M_MER100092,shops_at
A_CUST123336,L_Punjab,located_in
A_CUST123339,C_CARD530299,uses_card
A_CUST123339,M_MER100012,shops_at
A_CUST123339,L_Punjab,located_in
A_CUST123339,M_MER100356,shops_at
A_CUST123344,C_CARD530305,uses_card
A_CUST123344,M_MER100022,shops_at
A_CUST123344,L_Haryana,located_in
A_CUST123345,C_CARD530306,uses_card
A_CUST123345,M_MER100089,shops_at
A_CUST123345,L_Madhya Pradesh,located_in
A_CUST123349,C_CARD530311,uses_card
A_CUST123349,M_MER100204,shops_at
A_CUST123349,L_Kerala,located_in
A_CUST123350,C_CARD530313,uses_card
A_CUST123350,M_MER100106,shops_at
A_CUST123350,L_Madhya Pradesh,located_in
A_CUST123351,C_CARD530314,uses_card
A_CUST123351,M_MER100266,shops_at
A_CUST123351,L_Karnataka,located_in
A_CUST123352,C_CARD530315,uses_card
A_CUST123352,M_MER100046,shops_at
A_CUST123352,L_Madhya Pradesh,located_in
A_CUST123355,C_CARD530320,uses_card
A_CUST123355,M_MER100204,shops_at
A_CUST123355,L_Bihar,located_in
A_CUST123357,C_CARD530323,uses_card
A_CUST123357,M_MER100081,shops_at
A_CUST123357,L_Assam,located_in
A_CUST123357,M_MER100406,shops_at
A_CUST123360,C_CARD530326,uses_card
A_CUST123360,M_MER100102,shops_at
A_CUST123360,L_Assam,located_in
A_CUST123362,C_CARD530330,uses_card
A_CUST123362,M_MER100481,shops_at
A_CUST123362,L_Madhya Pradesh,located_in
A_CUST123362,M_MER100098,shops_at
A_CUST123374,C_CARD530342,uses_card
A_CUST123374,M_MER100311,shops_at
A_CUST123374,L_Odisha,located_in
A_CUST123375,C_CARD530343,uses_card
A_CUST123375,M_MER100112,shops_at
A_CUST123375,L_Punjab,located_in
A_CUST123379,C_CARD530348,uses_card
A_CUST123379,M_MER100268,shops_at
A_CUST123379,L_Madhya Pradesh,located_in
A_CUST123385,C_CARD530355,uses_card
A_CUST123385,M_MER100157,shops_at
A_CUST123385,L_Karnataka,located_in
A_CUST123389,C_CARD530360,uses_card
A_CUST123389,M_MER100162,shops_at
A_CUST123389,L_Karnataka,located_in
A_CUST123392,C_CARD530364,uses_card
A_CUST123392,M_MER100359,shops_at
A_CUST123392,L_Haryana,located_in
A_CUST123392,M_MER100440,shops_at
A_CUST123392,M_MER100151,shops_at
A_CUST123392,M_MER100088,shops_at
A_CUST123399,C_CARD530371,uses_card
A_CUST123399,M_MER100184,shops_at
A_CUST123399,L_Rajasthan,located_in
A_CUST123401,C_CARD530373,uses_card
A_CUST123401,M_MER100320,shops_at
A_CUST123401,L_Rajasthan,located_in
A_CUST123413,C_CARD530389,uses_card
A_CUST123413,M_MER100146,shops_at
A_CUST123413,L_Kerala,located_in
A_CUST123423,C_CARD530402,uses_card
A_CUST123423,M_MER100476,shops_at
A_CUST123423,L_Rajasthan,located_in
A_CUST123424,C_CARD530403,uses_card
A_CUST123424,M_MER100243,shops_at
A_CUST123424,L_Kerala,located_in
A_CUST123424,M_MER100162,shops_at
A_CUST123425,C_CARD530404,uses_card
A_CUST123425,M_MER100059,shops_at
A_CUST123425,L_Rajasthan,located_in
A_CUST123426,C_CARD530405,uses_card
A_CUST123426,M_MER100436,shops_at
A_CUST123426,L_Maharashtra,located_in
A_CUST123426,C_CARD530407,uses_card
A_CUST123426,M_MER100014,shops_at
A_CUST123426,M_MER100079,shops_at
A_CUST123428,C_CARD530409,uses_card
A_CUST123428,M_MER100454,shops_at
A_CUST123428,L_Maharashtra,located_in
A_CUST123429,C_CARD530412,uses_card
A_CUST123429,M_MER100418,shops_at
A_CUST123429,L_Haryana,located_in
A_CUST123429,M_MER100164,shops_at
A_CUST123429,C_CARD530411,uses_card
A_CUST123429,M_MER100141,shops_at
A_CUST123431,C_CARD530414,uses_card
A_CUST123431,M_MER100117,shops_at
A_CUST123431,L_Haryana,located_in
A_CUST123433,C_CARD530416,uses_card
A_CUST123433,M_MER100331,shops_at
A_CUST123433,L_Uttar Pradesh,located_in
A_CUST123436,C_CARD530421,uses_card
A_CUST123436,M_MER100002,shops_at
A_CUST123436,L_Rajasthan,located_in
A_CUST123436,M_MER100448,shops_at
A_CUST123443,C_CARD530428,uses_card
A_CUST123443,M_MER100177,shops_at
A_CUST123443,L_Haryana,located_in
A_CUST123455,C_CARD530442,uses_card
A_CUST123455,M_MER100336,shops_at
A_CUST123455,L_Bihar,located_in
A_CUST123457,C_CARD530444,uses_card
A_CUST123457,M_MER100003,shops_at
A_CUST123457,L_Punjab,located_in
A_CUST123457,M_MER100347,shops_at
A_CUST123458,C_CARD530446,uses_card
A_CUST123458,M_MER100095,shops_at
A_CUST123458,L_Haryana,located_in
A_CUST123458,C_CARD530447,uses_card
A_CUST123458,M_MER100384,shops_at
A_CUST123461,C_CARD530450,uses_card
A_CUST123461,M_MER100014,shops_at
A_CUST123461,L_Bihar,located_in
A_CUST123461,C_CARD530451,uses_card
A_CUST123461,M_MER100168,shops_at
A_CUST123461,M_MER100305,shops_at
A_CUST123472,C_CARD530462,uses_card
A_CUST123472,M_MER100326,shops_at
A_CUST123472,L_Haryana,located_in
A_CUST123474,C_CARD530465,uses_card
A_CUST123474,M_MER100099,shops_at
A_CUST123474,L_Haryana,located_in
A_CUST123475,C_CARD530467,uses_card
A_CUST123475,M_MER100365,shops_at
A_CUST123475,L_Madhya Pradesh,located_in
A_CUST123479,C_CARD530471,uses_card
A_CUST123479,M_MER100150,shops_at
A_CUST123479,L_Punjab,located_in
A_CUST123479,M_MER100382,shops_at
A_CUST123479,M_MER100295,shops_at
A_CUST123483,C_CARD530477,uses_card
A_CUST123483,M_MER100005,shops_at
A_CUST123483,L_Punjab,located_in
A_CUST123485,C_CARD530480,uses_card
A_CUST123485,M_MER100041,shops_at
A_CUST123485,L_Bihar,located_in
A_CUST123489,C_CARD530485,uses_card
A_CUST123489,M_MER100437,shops_at
A_CUST123489,L_Haryana,located_in
A_CUST123496,C_CARD530494,uses_card
A_CUST123496,M_MER100102,shops_at
A_CUST123496,L_Punjab,located_in
A_CUST123496,C_CARD530493,uses_card
A_CUST123496,M_MER100243,shops_at
A_CUST123496,M_MER100039,shops_at
A_CUST123498,C_CARD530497,uses_card
A_CUST123498,M_MER100185,shops_at
A_CUST123498,L_West Bengal,located_in
A_CUST123498,M_MER100092,shops_at
A_CUST123501,C_CARD530502,uses_card
A_CUST123501,M_MER100121,shops_at
A_CUST123501,L_Karnataka,located_in
A_CUST123507,C_CARD530510,uses_card
A_CUST123507,M_MER100047,shops_at
A_CUST123507,L_Tamil Nadu,located_in
A_CUST123508,C_CARD530511,uses_card
A_CUST123508,M_MER100158,shops_at
A_CUST123508,L_Odisha,located_in
A_CUST123514,C_CARD530519,uses_card
A_CUST123514,M_MER100483,shops_at
A_CUST123514,L_Uttar Pradesh,located_in
A_CUST123521,C_CARD530528,uses_card
A_CUST123521,M_MER100187,shops_at
A_CUST123521,L_Telangana,located_in
A_CUST123521,C_CARD530526,uses_card
A_CUST123521,M_MER100163,shops_at
A_CUST123522,C_CARD530529,uses_card
A_CUST123522,M_MER100495,shops_at
A_CUST123522,L_Tamil Nadu,located_in
A_CUST123525,C_CARD530533,uses_card
A_CUST123525,M_MER100444,shops_at
A_CUST123525,L_Punjab,located_in
A_CUST123525,M_MER100455,shops_at
A_CUST123529,C_CARD530538,uses_card
A_CUST123529,M_MER100059,shops_at
A_CUST123529,L_Gujarat,located_in
A_CUST123542,C_CARD530555,uses_card
A_CUST123542,M_MER100162,shops_at
A_CUST123542,L_Punjab,located_in
A_CUST123544,C_CARD530559,uses_card
A_CUST123544,M_MER100410,shops_at
A_CUST123544,L_Uttar Pradesh,located_in
A_CUST123544,C_CARD530557,uses_card
A_CUST123544,M_MER100422,shops_at
A_CUST123544,M_MER100286,shops_at
A_CUST123544,C_CARD530558,uses_card
A_CUST123544,M_MER100226,shops_at
A_CUST123544,M_MER100035,shops_at
A_CUST123550,C_CARD530568,uses_card
A_CUST123550,M_MER100014,shops_at
A_CUST123550,L_Bihar,located_in
A_CUST123550,C_CARD530566,uses_card
A_CUST123550,M_MER100021,shops_at
A_CUST123550,M_MER100485,shops_at
A_CUST123551,C_CARD530569,uses_card
A_CUST123551,M_MER100352,shops_at
A_CUST123551,L_West Bengal,located_in
A_CUST123554,C_CARD530575,uses_card
A_CUST123554,M_MER100403,shops_at
A_CUST123554,L_Maharashtra,located_in
A_CUST123555,C_CARD530577,uses_card
A_CUST123555,M_MER100249,shops_at
A_CUST123555,L_Telangana,located_in
A_CUST123555,C_CARD530576,uses_card
A_CUST123555,M_MER100292,shops_at
A_CUST123556,C_CARD530578,uses_card
A_CUST123556,M_MER100106,shops_at
A_CUST123556,L_Uttar Pradesh,located_in
A_CUST123556,M_MER100451,shops_at
A_CUST123560,C_CARD530585,uses_card
A_CUST123560,M_MER100444,shops_at
A_CUST123560,L_Gujarat,located_in
A_CUST123569,C_CARD530596,uses_card
A_CUST123569,M_MER100188,shops_at
A_CUST123569,L_West Bengal,located_in
A_CUST123569,M_MER100150,shops_at
A_CUST123578,C_CARD530609,uses_card
A_CUST123578,M_MER100129,shops_at
A_CUST123578,L_Gujarat,located_in
A_CUST123579,C_CARD530611,uses_card
A_CUST123579,M_MER100264,shops_at
A_CUST123579,L_Rajasthan,located_in
A_CUST123587,C_CARD530620,uses_card
A_CUST123587,M_MER100162,shops_at
A_CUST123587,L_Odisha,located_in
A_CUST123590,C_CARD530623,uses_card
A_CUST123590,M_MER100285,shops_at
A_CUST123590,L_Tamil Nadu,located_in
A_CUST123590,M_MER100330,shops_at
A_CUST123591,C_CARD530625,uses_card
A_CUST123591,M_MER100288,shops_at
A_CUST123591,L_Assam,located_in
A_CUST123594,C_CARD530630,uses_card
A_CUST123594,M_MER100249,shops_at
A_CUST123594,L_Maharashtra,located_in
A_CUST123598,C_CARD530637,uses_card
A_CUST123598,M_MER100419,shops_at
A_CUST123598,L_Tamil Nadu,located_in
A_CUST123607,C_CARD530647,uses_card
A_CUST123607,M_MER100059,shops_at
A_CUST123607,L_Bihar,located_in
A_CUST123610,C_CARD530650,uses_card
A_CUST123610,M_MER100240,shops_at
A_CUST123610,L_Kerala,located_in
A_CUST123618,C_CARD530659,uses_card
A_CUST123618,M_MER100406,shops_at
A_CUST123618,L_Haryana,located_in
A_CUST123621,C_CARD530663,uses_card
A_CUST123621,M_MER100219,shops_at
A_CUST123621,L_Rajasthan,located_in
A_CUST123625,C_CARD530668,uses_card
A_CUST123625,M_MER100175,shops_at
A_CUST123625,L_Karnataka,located_in
A_CUST123635,C_CARD530678,uses_card
A_CUST123635,M_MER100447,shops_at
A_CUST123635,L_Maharashtra,located_in
A_CUST123636,C_CARD530681,uses_card
A_CUST123636,M_MER100062,shops_at
A_CUST123636,L_Tamil Nadu,located_in
A_CUST123638,C_CARD530685,uses_card
A_CUST123638,M_MER100179,shops_at
A_CUST123638,L_Punjab,located_in
A_CUST123638,C_CARD530684,uses_card
A_CUST123638,M_MER100082,shops_at
A_CUST123638,M_MER100351,shops_at
A_CUST123640,C_CARD530687,uses_card
A_CUST123640,M_MER100256,shops_at
A_CUST123640,L_Odisha,located_in
A_CUST123640,M_MER100326,shops_at
A_CUST123642,C_CARD530691,uses_card
A_CUST123642,M_MER100476,shops_at
A_CUST123642,L_Bihar,located_in
A_CUST123643,C_CARD530694,uses_card
A_CUST123643,M_MER100236,shops_at
A_CUST123643,L_Odisha,located_in
A_CUST123648,C_CARD530700,uses_card
A_CUST123648,M_MER100438,shops_at
A_CUST123648,L_Haryana,located_in
A_CUST123656,C_CARD530708,uses_card
A_CUST123656,M_MER100249,shops_at
A_CUST123656,L_Assam,located_in
A_CUST123665,C_CARD530722,uses_card
A_CUST123665,M_MER100357,shops_at
A_CUST123665,L_Karnataka,located_in
A_CUST123665,C_CARD530720,uses_card
A_CUST123665,M_MER100042,shops_at
A_CUST123665,M_MER100046,shops_at
A_CUST123666,C_CARD530724,uses_card
A_CUST123666,M_MER100183,shops_at
A_CUST123666,L_Bihar,located_in
A_CUST123667,C_CARD530726,uses_card
A_CUST123667,M_MER100352,shops_at
A_CUST123667,L_Rajasthan,located_in
A_CUST123667,M_MER100381,shops_at
A_CUST123670,C_CARD530733,uses_card
A_CUST123670,M_MER100362,shops_at
A_CUST123670,L_Telangana,located_in
A_CUST123677,C_CARD530742,uses_card
A_CUST123677,M_MER100280,shops_at
A_CUST123677,L_Maharashtra,located_in
A_CUST123682,C_CARD530749,uses_card
A_CUST123682,M_MER100022,shops_at
A_CUST123682,L_Tamil Nadu,located_in
A_CUST123685,C_CARD530754,uses_card
A_CUST123685,M_MER100048,shops_at
A_CUST123685,L_Punjab,located_in
A_CUST123686,C_CARD530755,uses_card
A_CUST123686,M_MER100141,shops_at
A_CUST123686,L_Odisha,located_in
A_CUST123693,C_CARD530765,uses_card
A_CUST123693,M_MER100470,shops_at
A_CUST123693,L_Kerala,located_in
A_CUST123694,C_CARD530767,uses_card
A_CUST123694,M_MER100417,shops_at
A_CUST123694,L_Punjab,located_in
A_CUST123694,M_MER100307,shops_at
A_CUST123697,C_CARD530770,uses_card
A_CUST123697,M_MER100017,shops_at
A_CUST123697,L_Punjab,located_in
A_CUST123700,C_CARD530773,uses_card
A_CUST123700,M_MER100415,shops_at
A_CUST123700,L_Assam,located_in
A_CUST123701,C_CARD530774,uses_card
A_CUST123701,M_MER100434,shops_at
A_CUST123701,L_Gujarat,located_in
A_CUST123705,C_CARD530780,uses_card
A_CUST123705,M_MER100218,shops_at
A_CUST123705,L_Maharashtra,located_in
A_CUST123706,C_CARD530781,uses_card
A_CUST123706,M_MER100342,shops_at
A_CUST123706,L_Rajasthan,located_in
A_CUST123706,M_MER100043,shops_at
A_CUST123707,C_CARD530782,uses_card
A_CUST123707,M_MER100313,shops_at
A_CUST123707,L_Telangana,located_in
A_CUST123708,C_CARD530785,uses_card
A_CUST123708,M_MER100365,shops_at
A_CUST123708,L_Bihar,located_in
A_CUST123708,M_MER100112,shops_at
A_CUST123710,C_CARD530789,uses_card
A_CUST123710,M_MER100014,shops_at
A_CUST123710,L_Rajasthan,located_in
A_CUST123712,C_CARD530791,uses_card
A_CUST123712,M_MER100040,shops_at
A_CUST123712,L_Karnataka,located_in
A_CUST123712,C_CARD530792,uses_card
A_CUST123712,M_MER100060,shops_at
A_CUST123712,M_MER100465,shops_at
A_CUST123717,C_CARD530799,uses_card
A_CUST123717,M_MER100308,shops_at
A_CUST123717,L_Tamil Nadu,located_in
A_CUST123717,M_MER100288,shops_at
A_CUST123717,M_MER100141,shops_at
A_CUST123721,C_CARD530803,uses_card
A_CUST123721,M_MER100332,shops_at
A_CUST123721,L_Maharashtra,located_in
A_CUST123721,M_MER100083,shops_at
A_CUST123721,M_MER100326,shops_at
A_CUST123726,C_CARD530810,uses_card
A_CUST123726,M_MER100105,shops_at
A_CUST123726,L_Uttar Pradesh,located_in
A_CUST123727,C_CARD530812,uses_card
A_CUST123727,M_MER100012,shops_at
A_CUST123727,L_Tamil Nadu,located_in
A_CUST123729,C_CARD530815,uses_card
A_CUST123729,M_MER100070,shops_at
A_CUST123729,L_West Bengal,located_in
A_CUST123733,C_CARD530821,uses_card
A_CUST123733,M_MER100179,shops_at
A_CUST123733,L_Karnataka,located_in
A_CUST123734,C_CARD530823,uses_card
A_CUST123734,M_MER100413,shops_at
A_CUST123734,L_West Bengal,located_in
A_CUST123734,C_CARD530822,uses_card
A_CUST123734,M_MER100179,shops_at
A_CUST123735,C_CARD530825,uses_card
A_CUST123735,M_MER100253,shops_at
A_CUST123735,L_Tamil Nadu,located_in
A_CUST123735,M_MER100444,shops_at
A_CUST123741,C_CARD530832,uses_card
A_CUST123741,M_MER100448,shops_at
A_CUST123741,L_Uttar Pradesh,located_in
A_CUST123751,C_CARD530846,uses_card
A_CUST123751,M_MER100481,shops_at
A_CUST123751,L_Assam,located_in
A_CUST123751,C_CARD530845,uses_card
A_CUST123751,M_MER100305,shops_at
A_CUST123755,C_CARD530851,uses_card
A_CUST123755,M_MER100156,shops_at
A_CUST123755,L_Punjab,located_in
A_CUST123757,C_CARD530855,uses_card
A_CUST123757,M_MER100291,shops_at
A_CUST123757,L_Rajasthan,located_in
A_CUST123762,C_CARD530860,uses_card
A_CUST123762,M_MER100071,shops_at
A_CUST123762,L_Karnataka,located_in
A_CUST123764,C_CARD530862,uses_card
A_CUST123764,M_MER100424,shops_at
A_CUST123764,L_Bihar,located_in
A_CUST123764,M_MER100471,shops_at
A_CUST123764,M_MER100108,shops_at
A_CUST123770,C_CARD530868,uses_card
A_CUST123770,M_MER100222,shops_at
A_CUST123770,L_Gujarat,located_in
A_CUST123774,C_CARD530873,uses_card
A_CUST123774,M_MER100059,shops_at
A_CUST123774,L_Bihar,located_in
A_CUST123778,C_CARD530877,uses_card
A_CUST123778,M_MER100315,shops_at
A_CUST123778,L_Bihar,located_in
A_CUST123783,C_CARD530883,uses_card
A_CUST123783,M_MER100382,shops_at
A_CUST123783,L_Bihar,located_in
A_CUST123788,C_CARD530888,uses_card
A_CUST123788,M_MER100252,shops_at
A_CUST123788,L_Karnataka,located_in
A_CUST123791,C_CARD530894,uses_card
A_CUST123791,M_MER100141,shops_at
A_CUST123791,L_Kerala,located_in
A_CUST123791,M_MER100043,shops_at
A_CUST123791,C_CARD530893,uses_card
A_CUST123791,M_MER100062,shops_at
A_CUST123792,C_CARD530895,uses_card
A_CUST123792,M_MER100425,shops_at
A_CUST123792,L_West Bengal,located_in
A_CUST123794,C_CARD530898,uses_card
A_CUST123794,M_MER100226,shops_at
A_CUST123794,L_Karnataka,located_in
A_CUST123794,M_MER100371,shops_at
A_CUST123794,M_MER100418,shops_at
A_CUST123801,C_CARD530906,uses_card
A_CUST123801,M_MER100391,shops_at
A_CUST123801,L_Gujarat,located_in
A_CUST123801,M_MER100043,shops_at
A_CUST123812,C_CARD530920,uses_card
A_CUST123812,M_MER100226,shops_at
A_CUST123812,L_Rajasthan,located_in
A_CUST123812,M_MER100081,shops_at
A_CUST123824,C_CARD530935,uses_card
A_CUST123824,M_MER100312,shops_at
A_CUST123824,L_West Bengal,located_in
A_CUST123825,C_CARD530937,uses_card
A_CUST123825,M_MER100254,shops_at
A_CUST123825,L_Assam,located_in
A_CUST123826,C_CARD530938,uses_card
A_CUST123826,M_MER100141,shops_at
A_CUST123826,L_Gujarat,located_in
A_CUST123827,C_CARD530939,uses_card
A_CUST123827,M_MER100287,shops_at
A_CUST123827,L_Madhya Pradesh,located_in
A_CUST123828,C_CARD530940,uses_card
A_CUST123828,M_MER100338,shops_at
A_CUST123828,L_Madhya Pradesh,located_in
A_CUST123829,C_CARD530941,uses_card
A_CUST123829,M_MER100017,shops_at
A_CUST123829,L_Haryana,located_in
A_CUST123829,M_MER100040,shops_at
A_CUST123831,C_CARD530943,uses_card
A_CUST123831,M_MER100012,shops_at
A_CUST123831,L_Telangana,located_in
A_CUST123839,C_CARD530951,uses_card
A_CUST123839,M_MER100196,shops_at
A_CUST123839,L_Rajasthan,located_in
A_CUST123846,C_CARD530958,uses_card
A_CUST123846,M_MER100291,shops_at
A_CUST123846,L_Odisha,located_in
A_CUST123848,C_CARD530961,uses_card
A_CUST123848,M_MER100192,shops_at
A_CUST123848,L_Telangana,located_in
A_CUST123849,C_CARD530963,uses_card
A_CUST123849,M_MER100390,shops_at
A_CUST123849,L_Uttar Pradesh,located_in
A_CUST123851,C_CARD530965,uses_card
A_CUST123851,M_MER100233,shops_at
A_CUST123851,L_Bihar,located_in
A_CUST123867,C_CARD530987,uses_card
A_CUST123867,M_MER100303,shops_at
A_CUST123867,L_Uttar Pradesh,located_in
A_CUST123874,C_CARD530994,uses_card
A_CUST123874,M_MER100454,shops_at
A_CUST123874,L_Rajasthan,located_in
A_CUST123879,C_CARD531001,uses_card
A_CUST123879,M_MER100476,shops_at
A_CUST123879,L_West Bengal,located_in
A_CUST123879,C_CARD531003,uses_card
A_CUST123879,M_MER100442,shops_at
A_CUST123882,C_CARD531007,uses_card
A_CUST123882,M_MER100492,shops_at
A_CUST123882,L_Rajasthan,located_in
A_CUST123882,C_CARD531006,uses_card
A_CUST123882,M_MER100277,shops_at
A_CUST123899,C_CARD531027,uses_card
A_CUST123899,M_MER100152,shops_at
A_CUST123899,L_Uttar Pradesh,located_in
A_CUST123901,C_CARD531031,uses_card
A_CUST123901,M_MER100062,shops_at
A_CUST123901,L_Kerala,located_in
A_CUST123905,C_CARD531036,uses_card
A_CUST123905,M_MER100033,shops_at
A_CUST123905,L_Odisha,located_in
A_CUST123905,M_MER100357,shops_at
A_CUST123905,M_MER100311,shops_at
A_CUST123905,C_CARD531035,uses_card
A_CUST123905,M_MER100132,shops_at
A_CUST123907,C_CARD531038,uses_card
A_CUST123907,M_MER100004,shops_at
A_CUST123907,L_Bihar,located_in
A_CUST123909,C_CARD531041,uses_card
A_CUST123909,M_MER100469,shops_at
A_CUST123909,L_Odisha,located_in
A_CUST123909,M_MER100254,shops_at
A_CUST123909,M_MER100199,shops_at
A_CUST123916,C_CARD531049,uses_card
A_CUST123916,M_MER100413,shops_at
A_CUST123916,L_Gujarat,located_in
A_CUST123917,C_CARD531050,uses_card
A_CUST123917,M_MER100092,shops_at
A_CUST123917,L_Kerala,located_in
A_CUST123924,C_CARD531058,uses_card
A_CUST123924,M_MER100121,shops_at
A_CUST123924,L_West Bengal,located_in
A_CUST123927,C_CARD531061,uses_card
A_CUST123927,M_MER100492,shops_at
A_CUST123927,L_Uttar Pradesh,located_in
A_CUST123932,C_CARD531068,uses_card
A_CUST123932,M_MER100303,shops_at
A_CUST123932,L_Gujarat,located_in
A_CUST123932,C_CARD531067,uses_card
A_CUST123932,M_MER100496,shops_at
A_CUST123955,C_CARD531096,uses_card
A_CUST123955,M_MER100268,shops_at
A_CUST123955,L_Punjab,located_in
A_CUST123955,M_MER100059,shops_at
A_CUST123965,C_CARD531106,uses_card
A_CUST123965,M_MER100274,shops_at
A_CUST123965,L_Haryana,located_in
A_CUST123968,C_CARD531112,uses_card
A_CUST123968,M_MER100472,shops_at
A_CUST123968,L_Madhya Pradesh,located_in
A_CUST123968,C_CARD531110,uses_card
A_CUST123968,M_MER100103,shops_at
A_CUST123968,M_MER100143,shops_at
A_CUST123975,C_CARD531119,uses_card
A_CUST123975,M_MER100339,shops_at
A_CUST123975,L_Kerala,located_in
A_CUST123977,C_CARD531121,uses_card
A_CUST123977,M_MER100074,shops_at
A_CUST123977,L_Gujarat,located_in
A_CUST123978,C_CARD531122,uses_card
A_CUST123978,M_MER100454,shops_at
A_CUST123978,L_Bihar,located_in
A_CUST123983,C_CARD531130,uses_card
A_CUST123983,M_MER100412,shops_at
A_CUST123983,L_Rajasthan,located_in
A_CUST123985,C_CARD531133,uses_card
A_CUST123985,M_MER100378,shops_at
A_CUST123985,L_Madhya Pradesh,located_in
A_CUST123986,C_CARD531134,uses_card
A_CUST123986,M_MER100163,shops_at
A_CUST123986,L_Punjab,located_in
A_CUST123987,C_CARD531136,uses_card
A_CUST123987,M_MER100485,shops_at
A_CUST123987,L_West Bengal,located_in
A_CUST123987,M_MER100032,shops_at
A_CUST123989,C_CARD531141,uses_card
A_CUST123989,M_MER100025,shops_at
A_CUST123989,L_Karnataka,located_in
A_CUST123989,C_CARD531140,uses_card
A_CUST123989,M_MER100388,shops_at
A_CUST123989,M_MER100328,shops_at
A_CUST123989,M_MER100020,shops_at
A_CUST123992,C_CARD531144,uses_card
A_CUST123992,M_MER100103,shops_at
A_CUST123992,L_Karnataka,located_in
A_CUST123993,C_CARD531147,uses_card
A_CUST123993,M_MER100064,shops_at
A_CUST123993,L_Telangana,located_in
A_CUST123993,M_MER100092,shops_at
A_CUST123995,C_CARD531150,uses_card
A_CUST123995,M_MER100124,shops_at
A_CUST123995,L_Rajasthan,located_in
A_CUST123996,C_CARD531151,uses_card
A_CUST123996,M_MER100217,shops_at
A_CUST123996,L_Kerala,located_in
A_CUST123996,M_MER100022,shops_at
A_CUST123998,C_CARD531155,uses_card
A_CUST123998,M_MER100081,shops_at
A_CUST123998,L_Kerala,located_in
A_CUST124000,C_CARD531158,uses_card
A_CUST124000,M_MER100469,shops_at
A_CUST124000,L_Tamil Nadu,located_in
A_CUST124003,C_CARD531161,uses_card
A_CUST124003,M_MER100166,shops_at
A_CUST124003,L_Assam,located_in
A_CUST124004,C_CARD531162,uses_card
A_CUST124004,M_MER100080,shops_at
A_CUST124004,L_Rajasthan,located_in
A_CUST124013,C_CARD531174,uses_card
A_CUST124013,M_MER100392,shops_at
A_CUST124013,L_Maharashtra,located_in
A_CUST124025,C_CARD531190,uses_card
A_CUST124025,M_MER100377,shops_at
A_CUST124025,L_Bihar,located_in
A_CUST124031,C_CARD531197,uses_card
A_CUST124031,M_MER100164,shops_at
A_CUST124031,L_Uttar Pradesh,located_in
A_CUST124042,C_CARD531212,uses_card
A_CUST124042,M_MER100335,shops_at
A_CUST124042,L_Punjab,located_in
A_CUST124042,C_CARD531213,uses_card
A_CUST124042,M_MER100235,shops_at
A_CUST124046,C_CARD531218,uses_card
A_CUST124046,M_MER100287,shops_at
A_CUST124046,L_Assam,located_in
A_CUST124047,C_CARD531220,uses_card
A_CUST124047,M_MER100040,shops_at
A_CUST124047,L_Uttar Pradesh,located_in
A_CUST124047,C_CARD531221,uses_card
A_CUST124047,M_MER100254,shops_at
A_CUST124047,M_MER100307,shops_at
A_CUST124047,M_MER100121,shops_at
A_CUST124047,M_MER100185,shops_at
A_CUST124047,M_MER100356,shops_at
A_CUST124050,C_CARD531227,uses_card
A_CUST124050,M_MER100138,shops_at
A_CUST124050,L_Punjab,located_in
A_CUST124058,C_CARD531238,uses_card
A_CUST124058,M_MER100231,shops_at
A_CUST124058,L_Haryana,located_in
A_CUST124058,C_CARD531237,uses_card
A_CUST124058,M_MER100179,shops_at
A_CUST124058,M_MER100444,shops_at
A_CUST124058,M_MER100443,shops_at
A_CUST124060,C_CARD531240,uses_card
A_CUST124060,M_MER100287,shops_at
A_CUST124060,L_West Bengal,located_in
A_CUST124060,M_MER100396,shops_at
A_CUST124061,C_CARD531241,uses_card
A_CUST124061,M_MER100424,shops_at
A_CUST124061,L_Haryana,located_in
A_CUST124064,C_CARD531247,uses_card
A_CUST124064,M_MER100427,shops_at
A_CUST124064,L_Odisha,located_in
A_CUST124069,C_CARD531253,uses_card
A_CUST124069,M_MER100138,shops_at
A_CUST124069,L_Punjab,located_in
A_CUST124069,C_CARD531255,uses_card
A_CUST124069,M_MER100002,shops_at
A_CUST124071,C_CARD531257,uses_card
A_CUST124071,M_MER100494,shops_at
A_CUST124071,L_Karnataka,located_in
A_CUST124075,C_CARD531262,uses_card
A_CUST124075,M_MER100433,shops_at
A_CUST124075,L_Bihar,located_in
A_CUST124079,C_CARD531266,uses_card
A_CUST124079,M_MER100365,shops_at
A_CUST124079,L_Maharashtra,located_in
A_CUST124086,C_CARD531273,uses_card
A_CUST124086,M_MER100348,shops_at
A_CUST124086,L_Haryana,located_in
A_CUST124086,M_MER100101,shops_at
A_CUST124087,C_CARD531275,uses_card
A_CUST124087,M_MER100006,shops_at
A_CUST124087,L_Odisha,located_in
A_CUST124091,C_CARD531280,uses_card
A_CUST124091,M_MER100021,shops_at
A_CUST124091,L_Bihar,located_in
A_CUST124091,M_MER100037,shops_at
A_CUST124091,C_CARD531279,uses_card
A_CUST124091,M_MER100206,shops_at
A_CUST124092,C_CARD531282,uses_card
A_CUST124092,M_MER100410,shops_at
A_CUST124092,L_Uttar Pradesh,located_in
A_CUST124095,C_CARD531286,uses_card
A_CUST124095,M_MER100492,shops_at
A_CUST124095,L_Madhya Pradesh,located_in
A_CUST124098,C_CARD531290,uses_card
A_CUST124098,M_MER100228,shops_at
A_CUST124098,L_Bihar,located_in
A_CUST124098,C_CARD531289,uses_card
A_CUST124098,M_MER100328,shops_at
A_CUST124107,C_CARD531300,uses_card
A_CUST124107,M_MER100122,shops_at
A_CUST124107,L_Gujarat,located_in
A_CUST124107,M_MER100146,shops_at
A_CUST124108,C_CARD531301,uses_card
A_CUST124108,M_MER100379,shops_at
A_CUST124108,L_Uttar Pradesh,located_in
A_CUST124116,C_CARD531310,uses_card
A_CUST124116,M_MER100160,shops_at
A_CUST124116,L_Telangana,located_in
A_CUST124117,C_CARD531312,uses_card
A_CUST124117,M_MER100305,shops_at
A_CUST124117,L_Punjab,located_in
A_CUST124117,M_MER100092,shops_at
A_CUST124121,C_CARD531320,uses_card
A_CUST124121,M_MER100424,shops_at
A_CUST124121,L_Odisha,located_in
A_CUST124121,C_CARD531319,uses_card
A_CUST124121,M_MER100228,shops_at
A_CUST124121,M_MER100047,shops_at
A_CUST124125,C_CARD531324,uses_card
A_CUST124125,M_MER100444,shops_at
A_CUST124125,L_Karnataka,located_in
A_CUST124133,C_CARD531333,uses_card
A_CUST124133,M_MER100254,shops_at
A_CUST124133,L_Uttar Pradesh,located_in
A_CUST124133,M_MER100147,shops_at
A_CUST124133,M_MER100047,shops_at
A_CUST124133,M_MER100461,shops_at
A_CUST124135,C_CARD531335,uses_card
A_CUST124135,M_MER100438,shops_at
A_CUST124135,L_Haryana,located_in
A_CUST124137,C_CARD531338,uses_card
A_CUST124137,M_MER100001,shops_at
A_CUST124137,L_Uttar Pradesh,located_in
A_CUST124137,C_CARD531337,uses_card
A_CUST124137,M_MER100124,shops_at
A_CUST124137,C_CARD531339,uses_card
A_CUST124137,M_MER100356,shops_at
A_CUST124137,M_MER100397,shops_at
A_CUST124144,C_CARD531348,uses_card
A_CUST124144,M_MER100062,shops_at
A_CUST124144,L_Rajasthan,located_in
A_CUST124144,C_CARD531347,uses_card
A_CUST124144,M_MER100253,shops_at
A_CUST124149,C_CARD531355,uses_card
A_CUST124149,M_MER100016,shops_at
A_CUST124149,L_Haryana,located_in
A_CUST124150,C_CARD531356,uses_card
A_CUST124150,M_MER100152,shops_at
A_CUST124150,L_Assam,located_in
A_CUST124150,M_MER100039,shops_at
A_CUST124152,C_CARD531359,uses_card
A_CUST124152,M_MER100154,shops_at
A_CUST124152,L_Tamil Nadu,located_in
A_CUST124154,C_CARD531361,uses_card
A_CUST124154,M_MER100362,shops_at
A_CUST124154,L_Odisha,located_in
A_CUST124156,C_CARD531364,uses_card
A_CUST124156,M_MER100459,shops_at
A_CUST124156,L_Uttar Pradesh,located_in
A_CUST124156,C_CARD531363,uses_card
A_CUST124156,M_MER100087,shops_at
A_CUST124157,C_CARD531365,uses_card
A_CUST124157,M_MER100464,shops_at
A_CUST124157,L_Punjab,located_in
A_CUST124159,C_CARD531369,uses_card
A_CUST124159,M_MER100374,shops_at
A_CUST124159,L_Madhya Pradesh,located_in
A_CUST124163,C_CARD531374,uses_card
A_CUST124163,M_MER100381,shops_at
A_CUST124163,L_Punjab,located_in
A_CUST124165,C_CARD531376,uses_card
A_CUST124165,M_MER100298,shops_at
A_CUST124165,L_Haryana,located_in
A_CUST124168,C_CARD531379,uses_card
A_CUST124168,M_MER100465,shops_at
A_CUST124168,L_Maharashtra,located_in
A_CUST124170,C_CARD531382,uses_card
A_CUST124170,M_MER100476,shops_at
A_CUST124170,L_Uttar Pradesh,located_in
A_CUST124171,C_CARD531383,uses_card
A_CUST124171,M_MER100042,shops_at
A_CUST124171,L_Assam,located_in
A_CUST124173,C_CARD531386,uses_card
A_CUST124173,M_MER100039,shops_at
A_CUST124173,L_Assam,located_in
A_CUST124176,C_CARD531390,uses_card
A_CUST124176,M_MER100213,shops_at
A_CUST124176,L_Rajasthan,located_in
A_CUST124187,C_CARD531401,uses_card
A_CUST124187,M_MER100498,shops_at
A_CUST124187,L_Karnataka,located_in
A_CUST124189,C_CARD531405,uses_card
A_CUST124189,M_MER100474,shops_at
A_CUST124189,L_Rajasthan,located_in
A_CUST124197,C_CARD531414,uses_card
A_CUST124197,M_MER100300,shops_at
A_CUST124197,L_Maharashtra,located_in
A_CUST124199,C_CARD531416,uses_card
A_CUST124199,M_MER100425,shops_at
A_CUST124199,L_West Bengal,located_in
A_CUST124199,M_MER100497,shops_at
A_CUST124204,C_CARD531423,uses_card
A_CUST124204,M_MER100254,shops_at
A_CUST124204,L_Uttar Pradesh,located_in
A_CUST124207,C_CARD531426,uses_card
A_CUST124207,M_MER100240,shops_at
A_CUST124207,L_Karnataka,located_in
A_CUST124210,C_CARD531430,uses_card
A_CUST124210,M_MER100391,shops_at
A_CUST124210,L_Karnataka,located_in
A_CUST124212,C_CARD531432,uses_card
A_CUST124212,M_MER100427,shops_at
A_CUST124212,L_Haryana,located_in
A_CUST124212,C_CARD531433,uses_card
A_CUST124212,M_MER100379,shops_at
A_CUST124212,M_MER100082,shops_at
A_CUST124214,C_CARD531436,uses_card
A_CUST124214,M_MER100410,shops_at
A_CUST124214,L_Telangana,located_in
A_CUST124214,C_CARD531437,uses_card
A_CUST124214,M_MER100487,shops_at
A_CUST124214,C_CARD531438,uses_card
A_CUST124214,M_MER100436,shops_at
A_CUST124220,C_CARD531444,uses_card
A_CUST124220,M_MER100326,shops_at
A_CUST124220,L_Gujarat,located_in
A_CUST124220,M_MER100390,shops_at
A_CUST124224,C_CARD531450,uses_card
A_CUST124224,M_MER100141,shops_at
A_CUST124224,L_Bihar,located_in
A_CUST124225,C_CARD531452,uses_card
A_CUST124225,M_MER100048,shops_at
A_CUST124225,L_Gujarat,located_in
A_CUST124226,C_CARD531454,uses_card
A_CUST124226,M_MER100492,shops_at
A_CUST124226,L_Gujarat,located_in
A_CUST124226,C_CARD531453,uses_card
A_CUST124226,M_MER100102,shops_at
A_CUST124229,C_CARD531457,uses_card
A_CUST124229,M_MER100140,shops_at
A_CUST124229,L_Punjab,located_in
A_CUST124233,C_CARD531463,uses_card
A_CUST124233,M_MER100052,shops_at
A_CUST124233,L_Maharashtra,located_in
A_CUST124236,C_CARD531467,uses_card
A_CUST124236,M_MER100064,shops_at
A_CUST124236,L_Haryana,located_in
A_CUST124238,C_CARD531471,uses_card
A_CUST124238,M_MER100046,shops_at
A_CUST124238,L_Bihar,located_in
A_CUST124238,C_CARD531470,uses_card
A_CUST124238,M_MER100288,shops_at
A_CUST124239,C_CARD531472,uses_card
A_CUST124239,M_MER100325,shops_at
A_CUST124239,L_Odisha,located_in
A_CUST124242,C_CARD531476,uses_card
A_CUST124242,M_MER100227,shops_at
A_CUST124242,L_Odisha,located_in
A_CUST124245,C_CARD531479,uses_card
A_CUST124245,M_MER100429,shops_at
A_CUST124245,L_Telangana,located_in
A_CUST124246,C_CARD531480,uses_card
A_CUST124246,M_MER100335,shops_at
A_CUST124246,L_Uttar Pradesh,located_in
A_CUST124266,C_CARD531501,uses_card
A_CUST124266,M_MER100163,shops_at
A_CUST124266,L_Assam,located_in
A_CUST124268,C_CARD531504,uses_card
A_CUST124268,M_MER100347,shops_at
A_CUST124268,L_Uttar Pradesh,located_in
A_CUST124269,C_CARD531506,uses_card
A_CUST124269,M_MER100138,shops_at
A_CUST124269,L_Karnataka,located_in
A_CUST124269,M_MER100070,shops_at
A_CUST124270,C_CARD531507,uses_card
A_CUST124270,M_MER100495,shops_at
A_CUST124270,L_Odisha,located_in
A_CUST124273,C_CARD531511,uses_card
A_CUST124273,M_MER100254,shops_at
A_CUST124273,L_Kerala,located_in
A_CUST124273,M_MER100065,shops_at
A_CUST124277,C_CARD531515,uses_card
A_CUST124277,M_MER100495,shops_at
A_CUST124277,L_Telangana,located_in
A_CUST124284,C_CARD531524,uses_card
A_CUST124284,M_MER100261,shops_at
A_CUST124284,L_West Bengal,located_in
A_CUST124291,C_CARD531531,uses_card
A_CUST124291,M_MER100252,shops_at
A_CUST124291,L_Kerala,located_in
A_CUST124298,C_CARD531539,uses_card
A_CUST124298,M_MER100115,shops_at
A_CUST124298,L_Haryana,located_in
A_CUST124299,C_CARD531540,uses_card
A_CUST124299,M_MER100147,shops_at
A_CUST124299,L_Haryana,located_in
A_CUST124300,C_CARD531541,uses_card
A_CUST124300,M_MER100140,shops_at
A_CUST124300,L_Karnataka,located_in
A_CUST124305,C_CARD531549,uses_card
A_CUST124305,M_MER100236,shops_at
A_CUST124305,L_Tamil Nadu,located_in
A_CUST124316,C_CARD531565,uses_card
A_CUST124316,M_MER100391,shops_at
A_CUST124316,L_Kerala,located_in
A_CUST124316,M_MER100369,shops_at
A_CUST124318,C_CARD531568,uses_card
A_CUST124318,M_MER100443,shops_at
A_CUST124318,L_Bihar,located_in
A_CUST124323,C_CARD531573,uses_card
A_CUST124323,M_MER100088,shops_at
A_CUST124323,L_West Bengal,located_in
A_CUST124323,M_MER100350,shops_at
A_CUST124323,M_MER100060,shops_at
A_CUST124325,C_CARD531577,uses_card
A_CUST124325,M_MER100087,shops_at
A_CUST124325,L_Haryana,located_in
A_CUST124326,C_CARD531578,uses_card
A_CUST124326,M_MER100029,shops_at
A_CUST124326,L_Tamil Nadu,located_in
A_CUST124327,C_CARD531579,uses_card
A_CUST124327,M_MER100212,shops_at
A_CUST124327,L_Punjab,located_in
A_CUST124330,C_CARD531582,uses_card
A_CUST124330,M_MER100302,shops_at
A_CUST124330,L_Punjab,located_in
A_CUST124330,M_MER100129,shops_at
A_CUST124331,C_CARD531584,uses_card
A_CUST124331,M_MER100287,shops_at
A_CUST124331,L_West Bengal,located_in
A_CUST124341,C_CARD531596,uses_card
A_CUST124341,M_MER100235,shops_at
A_CUST124341,L_Gujarat,located_in
A_CUST124343,C_CARD531600,uses_card
A_CUST124343,M_MER100152,shops_at
A_CUST124343,L_Bihar,located_in
A_CUST124343,M_MER100044,shops_at
A_CUST124343,M_MER100275,shops_at
A_CUST124346,C_CARD531604,uses_card
A_CUST124346,M_MER100015,shops_at
A_CUST124346,L_West Bengal,located_in
A_CUST124348,C_CARD531608,uses_card
A_CUST124348,M_MER100491,shops_at
A_CUST124348,L_Karnataka,located_in
A_CUST124353,C_CARD531613,uses_card
A_CUST124353,M_MER100396,shops_at
A_CUST124353,L_Maharashtra,located_in
A_CUST124355,C_CARD531616,uses_card
A_CUST124355,M_MER100141,shops_at
A_CUST124355,L_Tamil Nadu,located_in
A_CUST124359,C_CARD531620,uses_card
A_CUST124359,M_MER100043,shops_at
A_CUST124359,L_Gujarat,located_in
A_CUST124362,C_CARD531623,uses_card
A_CUST124362,M_MER100275,shops_at
A_CUST124362,L_Assam,located_in
A_CUST124362,M_MER100412,shops_at
A_CUST124364,C_CARD531626,uses_card
A_CUST124364,M_MER100493,shops_at
A_CUST124364,L_Kerala,located_in
A_CUST124370,C_CARD531634,uses_card
A_CUST124370,M_MER100255,shops_at
A_CUST124370,L_Karnataka,located_in
A_CUST124370,M_MER100203,shops_at
A_CUST124370,C_CARD531635,uses_card
A_CUST124370,M_MER100471,shops_at
A_CUST124378,C_CARD531644,uses_card
A_CUST124378,M_MER100231,shops_at
A_CUST124378,L_Tamil Nadu,located_in
A_CUST124379,C_CARD531645,uses_card
A_CUST124379,M_MER100054,shops_at
A_CUST124379,L_Maharashtra,located_in
A_CUST124379,M_MER100391,shops_at
A_CUST124380,C_CARD531647,uses_card
A_CUST124380,M_MER100428,shops_at
A_CUST124380,L_Tamil Nadu,located_in
A_CUST124380,M_MER100179,shops_at
A_CUST124380,M_MER100148,shops_at
A_CUST124394,C_CARD531661,uses_card
A_CUST124394,M_MER100162,shops_at
A_CUST124394,L_Assam,located_in
A_CUST124394,M_MER100178,shops_at
A_CUST124398,C_CARD531666,uses_card
A_CUST124398,M_MER100003,shops_at
A_CUST124398,L_Maharashtra,located_in
A_CUST124408,C_CARD531678,uses_card
A_CUST124408,M_MER100132,shops_at
A_CUST124408,L_Kerala,located_in
A_CUST124409,C_CARD531679,uses_card
A_CUST124409,M_MER100114,shops_at
A_CUST124409,L_Rajasthan,located_in
A_CUST124409,M_MER100144,shops_at
A_CUST124409,M_MER100041,shops_at
A_CUST124409,C_CARD531681,uses_card
A_CUST124409,M_MER100030,shops_at
A_CUST124410,C_CARD531683,uses_card
A_CUST124410,M_MER100488,shops_at
A_CUST124410,L_Odisha,located_in
A_CUST124411,C_CARD531685,uses_card
A_CUST124411,M_MER100141,shops_at
A_CUST124411,L_Rajasthan,located_in
A_CUST124416,C_CARD531690,uses_card
A_CUST124416,M_MER100026,shops_at
A_CUST124416,L_Madhya Pradesh,located_in
A_CUST124416,M_MER100166,shops_at
A_CUST124421,C_CARD531697,uses_card
A_CUST124421,M_MER100409,shops_at
A_CUST124421,L_Gujarat,located_in
A_CUST124421,C_CARD531698,uses_card
A_CUST124421,M_MER100076,shops_at
A_CUST124421,C_CARD531696,uses_card
A_CUST124421,M_MER100252,shops_at
A_CUST124421,M_MER100493,shops_at
A_CUST124427,C_CARD531706,uses_card
A_CUST124427,M_MER100199,shops_at
A_CUST124427,L_Uttar Pradesh,located_in
A_CUST124428,C_CARD531707,uses_card
A_CUST124428,M_MER100146,shops_at
A_CUST124428,L_Odisha,located_in
A_CUST124428,M_MER100055,shops_at
A_CUST124430,C_CARD531710,uses_card
A_CUST124430,M_MER100009,shops_at
A_CUST124430,L_Kerala,located_in
A_CUST124430,M_MER100444,shops_at
A_CUST124433,C_CARD531713,uses_card
A_CUST124433,M_MER100499,shops_at
A_CUST124433,L_Tamil Nadu,located_in
A_CUST124438,C_CARD531720,uses_card
A_CUST124438,M_MER100015,shops_at
A_CUST124438,L_Kerala,located_in
A_CUST124438,M_MER100495,shops_at
A_CUST124440,C_CARD531722,uses_card
A_CUST124440,M_MER100269,shops_at
A_CUST124440,L_Bihar,located_in
A_CUST124440,C_CARD531723,uses_card
A_CUST124440,M_MER100027,shops_at
A_CUST124441,C_CARD531724,uses_card
A_CUST124441,M_MER100113,shops_at
A_CUST124441,L_Uttar Pradesh,located_in
A_CUST124444,C_CARD531727,uses_card
A_CUST124444,M_MER100117,shops_at
A_CUST124444,L_Bihar,located_in
A_CUST124445,C_CARD531729,uses_card
A_CUST124445,M_MER100408,shops_at
A_CUST124445,L_Assam,located_in
A_CUST124447,C_CARD531733,uses_card
A_CUST124447,M_MER100380,shops_at
A_CUST124447,L_Odisha,located_in
A_CUST124448,C_CARD531735,uses_card
A_CUST124448,M_MER100046,shops_at
A_CUST124448,L_Karnataka,located_in
A_CUST124454,C_CARD531741,uses_card
A_CUST124454,M_MER100047,shops_at
A_CUST124454,L_Telangana,located_in
A_CUST124458,C_CARD531747,uses_card
A_CUST124458,M_MER100360,shops_at
A_CUST124458,L_Gujarat,located_in
A_CUST124459,C_CARD531748,uses_card
A_CUST124459,M_MER100466,shops_at
A_CUST124459,L_Maharashtra,located_in
A_CUST124461,C_CARD531750,uses_card
A_CUST124461,M_MER100160,shops_at
A_CUST124461,L_Kerala,located_in
A_CUST124466,C_CARD531756,uses_card
A_CUST124466,M_MER100077,shops_at
A_CUST124466,L_Gujarat,located_in
A_CUST124466,M_MER100099,shops_at
A_CUST124466,C_CARD531755,uses_card
A_CUST124466,M_MER100358,shops_at
A_CUST124466,M_MER100318,shops_at
A_CUST124472,C_CARD531763,uses_card
A_CUST124472,M_MER100135,shops_at
A_CUST124472,L_Gujarat,located_in
A_CUST124475,C_CARD531766,uses_card
A_CUST124475,M_MER100038,shops_at
A_CUST124475,L_Punjab,located_in
A_CUST124476,C_CARD531767,uses_card
A_CUST124476,M_MER100130,shops_at
A_CUST124476,L_Tamil Nadu,located_in
A_CUST124481,C_CARD531775,uses_card
A_CUST124481,M_MER100326,shops_at
A_CUST124481,L_Assam,located_in
A_CUST124489,C_CARD531785,uses_card
A_CUST124489,M_MER100163,shops_at
A_CUST124489,L_Punjab,located_in
A_CUST124489,C_CARD531786,uses_card
A_CUST124489,M_MER100490,shops_at
A_CUST124491,C_CARD531789,uses_card
A_CUST124491,M_MER100421,shops_at
A_CUST124491,L_Odisha,located_in
A_CUST124498,C_CARD531797,uses_card
A_CUST124498,M_MER100342,shops_at
A_CUST124498,L_Rajasthan,located_in
A_CUST124503,C_CARD531804,uses_card
A_CUST124503,M_MER100047,shops_at
A_CUST124503,L_Maharashtra,located_in
A_CUST124503,M_MER100072,shops_at
A_CUST124516,C_CARD531818,uses_card
A_CUST124516,M_MER100043,shops_at
A_CUST124516,L_Bihar,located_in
A_CUST124517,C_CARD531819,uses_card
A_CUST124517,M_MER100228,shops_at
A_CUST124517,L_Rajasthan,located_in
A_CUST124518,C_CARD531821,uses_card
A_CUST124518,M_MER100293,shops_at
A_CUST124518,L_Kerala,located_in
A_CUST124524,C_CARD531830,uses_card
A_CUST124524,M_MER100179,shops_at
A_CUST124524,L_Rajasthan,located_in
A_CUST124524,C_CARD531829,uses_card
A_CUST124524,M_MER100402,shops_at
A_CUST124525,C_CARD531831,uses_card
A_CUST124525,M_MER100310,shops_at
A_CUST124525,L_Karnataka,located_in
A_CUST124527,C_CARD531834,uses_card
A_CUST124527,M_MER100186,shops_at
A_CUST124527,L_Karnataka,located_in
A_CUST124527,C_CARD531835,uses_card
A_CUST124527,M_MER100138,shops_at
A_CUST124529,C_CARD531837,uses_card
A_CUST124529,M_MER100287,shops_at
A_CUST124529,L_Karnataka,located_in
A_CUST124532,C_CARD531841,uses_card
A_CUST124532,M_MER100392,shops_at
A_CUST124532,L_Kerala,located_in
A_CUST124532,M_MER100073,shops_at
A_CUST124538,C_CARD531849,uses_card
A_CUST124538,M_MER100381,shops_at
A_CUST124538,L_Tamil Nadu,located_in
A_CUST124538,M_MER100109,shops_at
A_CUST124538,C_CARD531847,uses_card
A_CUST124538,M_MER100209,shops_at
A_CUST124538,M_MER100328,shops_at
A_CUST124540,C_CARD531851,uses_card
A_CUST124540,M_MER100245,shops_at
A_CUST124540,L_Gujarat,located_in
A_CUST124541,C_CARD531853,uses_card
A_CUST124541,M_MER100116,shops_at
A_CUST124541,L_West Bengal,located_in
A_CUST124551,C_CARD531866,uses_card
A_CUST124551,M_MER100169,shops_at
A_CUST124551,L_Uttar Pradesh,located_in
A_CUST124551,C_CARD531867,uses_card
A_CUST124551,M_MER100113,shops_at
A_CUST124553,C_CARD531870,uses_card
A_CUST124553,M_MER100397,shops_at
A_CUST124553,L_Bihar,located_in
A_CUST124553,C_CARD531869,uses_card
A_CUST124553,M_MER100368,shops_at
A_CUST124553,M_MER100022,shops_at
A_CUST124558,C_CARD531875,uses_card
A_CUST124558,M_MER100446,shops_at
A_CUST124558,L_Uttar Pradesh,located_in
A_CUST124562,C_CARD531879,uses_card
A_CUST124562,M_MER100330,shops_at
A_CUST124562,L_Uttar Pradesh,located_in
A_CUST124566,C_CARD531883,uses_card
A_CUST124566,M_MER100353,shops_at
A_CUST124566,L_Telangana,located_in
A_CUST124572,C_CARD531892,uses_card
A_CUST124572,M_MER100024,shops_at
A_CUST124572,L_Madhya Pradesh,located_in
A_CUST124572,M_MER100305,shops_at
A_CUST124573,C_CARD531894,uses_card
A_CUST124573,M_MER100257,shops_at
A_CUST124573,L_Odisha,located_in
A_CUST124573,M_MER100254,shops_at
A_CUST124573,M_MER100305,shops_at
A_CUST124578,C_CARD531899,uses_card
A_CUST124578,M_MER100070,shops_at
A_CUST124578,L_West Bengal,located_in
A_CUST124583,C_CARD531908,uses_card
A_CUST124583,M_MER100088,shops_at
A_CUST124583,L_West Bengal,located_in
A_CUST124585,C_CARD531910,uses_card
A_CUST124585,M_MER100036,shops_at
A_CUST124585,L_Kerala,located_in
A_CUST124589,C_CARD531915,uses_card
A_CUST124589,M_MER100010,shops_at
A_CUST124589,L_Maharashtra,located_in
A_CUST124590,C_CARD531916,uses_card
A_CUST124590,M_MER100140,shops_at
A_CUST124590,L_Gujarat,located_in
A_CUST124591,C_CARD531918,uses_card
A_CUST124591,M_MER100179,shops_at
A_CUST124591,L_Madhya Pradesh,located_in
A_CUST124591,C_CARD531919,uses_card
A_CUST124591,M_MER100483,shops_at
A_CUST124591,M_MER100107,shops_at
A_CUST124593,C_CARD531921,uses_card
A_CUST124593,M_MER100492,shops_at
A_CUST124593,L_Odisha,located_in
A_CUST124595,C_CARD531926,uses_card
A_CUST124595,M_MER100218,shops_at
A_CUST124595,L_Gujarat,located_in
A_CUST124595,M_MER100140,shops_at
A_CUST124599,C_CARD531932,uses_card
A_CUST124599,M_MER100313,shops_at
A_CUST124599,L_Madhya Pradesh,located_in
A_CUST124601,C_CARD531935,uses_card
A_CUST124601,M_MER100254,shops_at
A_CUST124601,L_Uttar Pradesh,located_in
A_CUST124606,C_CARD531941,uses_card
A_CUST124606,M_MER100424,shops_at
A_CUST124606,L_Karnataka,located_in
A_CUST124606,M_MER100218,shops_at
A_CUST124606,M_MER100058,shops_at
A_CUST124606,M_MER100391,shops_at
A_CUST124607,C_CARD531942,uses_card
A_CUST124607,M_MER100069,shops_at
A_CUST124607,L_Telangana,located_in
A_CUST124607,M_MER100500,shops_at
A_CUST124608,C_CARD531943,uses_card
A_CUST124608,M_MER100037,shops_at
A_CUST124608,L_Assam,located_in
A_CUST124610,C_CARD531945,uses_card
A_CUST124610,M_MER100167,shops_at
A_CUST124610,L_Gujarat,located_in
A_CUST124622,C_CARD531961,uses_card
A_CUST124622,M_MER100491,shops_at
A_CUST124622,L_Madhya Pradesh,located_in
A_CUST124624,C_CARD531963,uses_card
A_CUST124624,M_MER100059,shops_at
A_CUST124624,L_Bihar,located_in
A_CUST124626,C_CARD531966,uses_card
A_CUST124626,M_MER100213,shops_at
A_CUST124626,L_Odisha,located_in
A_CUST124626,M_MER100078,shops_at
A_CUST124626,C_CARD531967,uses_card
A_CUST124626,M_MER100236,shops_at
A_CUST124626,M_MER100186,shops_at
A_CUST124626,C_CARD531965,uses_card
A_CUST124626,M_MER100308,shops_at
A_CUST124637,C_CARD531981,uses_card
A_CUST124637,M_MER100021,shops_at
A_CUST124637,L_Odisha,located_in
A_CUST124637,M_MER100299,shops_at
A_CUST124637,C_CARD531980,uses_card
A_CUST124637,M_MER100105,shops_at
A_CUST124638,C_CARD531982,uses_card
A_CUST124638,M_MER100186,shops_at
A_CUST124638,L_Maharashtra,located_in
A_CUST124639,C_CARD531983,uses_card
A_CUST124639,M_MER100224,shops_at
A_CUST124639,L_Uttar Pradesh,located_in
A_CUST124639,M_MER100052,shops_at
A_CUST124639,C_CARD531984,uses_card
A_CUST124639,M_MER100330,shops_at
A_CUST124639,M_MER100238,shops_at
A_CUST124640,C_CARD531987,uses_card
A_CUST124640,M_MER100125,shops_at
A_CUST124640,L_Uttar Pradesh,located_in
A_CUST124640,M_MER100199,shops_at
A_CUST124642,C_CARD531990,uses_card
A_CUST124642,M_MER100318,shops_at
A_CUST124642,L_Haryana,located_in
A_CUST124644,C_CARD531992,uses_card
A_CUST124644,M_MER100173,shops_at
A_CUST124644,L_Odisha,located_in
A_CUST124653,C_CARD532003,uses_card
A_CUST124653,M_MER100428,shops_at
A_CUST124653,L_Bihar,located_in
A_CUST124657,C_CARD532007,uses_card
A_CUST124657,M_MER100398,shops_at
A_CUST124657,L_Telangana,located_in
A_CUST124657,M_MER100369,shops_at
A_CUST124661,C_CARD532014,uses_card
A_CUST124661,M_MER100417,shops_at
A_CUST124661,L_Uttar Pradesh,located_in
A_CUST124667,C_CARD532021,uses_card
A_CUST124667,M_MER100477,shops_at
A_CUST124667,L_Bihar,located_in
A_CUST124667,M_MER100085,shops_at
A_CUST124671,C_CARD532027,uses_card
A_CUST124671,M_MER100226,shops_at
A_CUST124671,L_Rajasthan,located_in
A_CUST124675,C_CARD532032,uses_card
A_CUST124675,M_MER100148,shops_at
A_CUST124675,L_Haryana,located_in
A_CUST124678,C_CARD532036,uses_card
A_CUST124678,M_MER100383,shops_at
A_CUST124678,L_Kerala,located_in
A_CUST124680,C_CARD532039,uses_card
A_CUST124680,M_MER100375,shops_at
A_CUST124680,L_Uttar Pradesh,located_in
A_CUST124687,C_CARD532047,uses_card
A_CUST124687,M_MER100382,shops_at
A_CUST124687,L_Odisha,located_in
A_CUST124687,M_MER100182,shops_at
A_CUST124687,M_MER100249,shops_at
A_CUST124688,C_CARD532049,uses_card
A_CUST124688,M_MER100218,shops_at
A_CUST124688,L_Haryana,located_in
A_CUST124690,C_CARD532052,uses_card
A_CUST124690,M_MER100334,shops_at
A_CUST124690,L_West Bengal,located_in
A_CUST124691,C_CARD532053,uses_card
A_CUST124691,M_MER100286,shops_at
A_CUST124691,L_Karnataka,located_in
A_CUST124693,C_CARD532056,uses_card
A_CUST124693,M_MER100429,shops_at
A_CUST124693,L_Bihar,located_in
A_CUST124694,C_CARD532057,uses_card
A_CUST124694,M_MER100140,shops_at
A_CUST124694,L_Telangana,located_in
A_CUST124696,C_CARD532059,uses_card
A_CUST124696,M_MER100322,shops_at
A_CUST124696,L_Haryana,located_in
A_CUST124700,C_CARD532064,uses_card
A_CUST124700,M_MER100138,shops_at
A_CUST124700,L_Madhya Pradesh,located_in
A_CUST124701,C_CARD532065,uses_card
A_CUST124701,M_MER100212,shops_at
A_CUST124701,L_Telangana,located_in
A_CUST124705,C_CARD532071,uses_card
A_CUST124705,M_MER100197,shops_at
A_CUST124705,L_Karnataka,located_in
A_CUST124712,C_CARD532080,uses_card
A_CUST124712,M_MER100339,shops_at
A_CUST124712,L_Karnataka,located_in
A_CUST124718,C_CARD532087,uses_card
A_CUST124718,M_MER100099,shops_at
A_CUST124718,L_Maharashtra,located_in
A_CUST124723,C_CARD532096,uses_card
A_CUST124723,M_MER100081,shops_at
A_CUST124723,L_Punjab,located_in
A_CUST124723,C_CARD532095,uses_card
A_CUST124723,M_MER100090,shops_at
A_CUST124724,C_CARD532097,uses_card
A_CUST124724,M_MER100254,shops_at
A_CUST124724,L_Punjab,located_in
A_CUST124724,M_MER100477,shops_at
A_CUST124724,M_MER100064,shops_at
A_CUST124724,M_MER100349,shops_at
A_CUST124724,M_MER100041,shops_at
A_CUST124724,M_MER100133,shops_at
A_CUST124726,C_CARD532100,uses_card
A_CUST124726,M_MER100041,shops_at
A_CUST124726,L_Maharashtra,located_in
A_CUST124736,C_CARD532111,uses_card
A_CUST124736,M_MER100119,shops_at
A_CUST124736,L_Punjab,located_in
A_CUST124740,C_CARD532115,uses_card
A_CUST124740,M_MER100110,shops_at
A_CUST124740,L_West Bengal,located_in
A_CUST124742,C_CARD532117,uses_card
A_CUST124742,M_MER100466,shops_at
A_CUST124742,L_Tamil Nadu,located_in
A_CUST124745,C_CARD532121,uses_card
A_CUST124745,M_MER100459,shops_at
A_CUST124745,L_Karnataka,located_in
A_CUST124752,C_CARD532130,uses_card
A_CUST124752,M_MER100500,shops_at
A_CUST124752,L_Karnataka,located_in
A_CUST124752,C_CARD532129,uses_card
A_CUST124752,M_MER100440,shops_at
A_CUST124752,M_MER100288,shops_at
A_CUST124754,C_CARD532133,uses_card
A_CUST124754,M_MER100207,shops_at
A_CUST124754,L_Bihar,located_in
A_CUST124763,C_CARD532145,uses_card
A_CUST124763,M_MER100309,shops_at
A_CUST124763,L_Maharashtra,located_in
A_CUST124763,C_CARD532144,uses_card
A_CUST124763,M_MER100341,shops_at
A_CUST124765,C_CARD532148,uses_card
A_CUST124765,M_MER100295,shops_at
A_CUST124765,L_Haryana,located_in
A_CUST124767,C_CARD532152,uses_card
A_CUST124767,M_MER100446,shops_at
A_CUST124767,L_Maharashtra,located_in
A_CUST124770,C_CARD532157,uses_card
A_CUST124770,M_MER100345,shops_at
A_CUST124770,L_West Bengal,located_in
A_CUST124777,C_CARD532164,uses_card
A_CUST124777,M_MER100323,shops_at
A_CUST124777,L_Telangana,located_in
A_CUST124787,C_CARD532174,uses_card
A_CUST124787,M_MER100146,shops_at
A_CUST124787,L_Odisha,located_in
A_CUST124793,C_CARD532180,uses_card
A_CUST124793,M_MER100210,shops_at
A_CUST124793,L_West Bengal,located_in
A_CUST124794,C_CARD532182,uses_card
A_CUST124794,M_MER100428,shops_at
A_CUST124794,L_Madhya Pradesh,located_in
A_CUST124794,M_MER100047,shops_at
A_CUST124794,M_MER100342,shops_at
A_CUST124794,M_MER100075,shops_at
A_CUST124794,C_CARD532183,uses_card
A_CUST124794,M_MER100077,shops_at
A_CUST124794,M_MER100375,shops_at
A_CUST124797,C_CARD532186,uses_card
A_CUST124797,M_MER100359,shops_at
A_CUST124797,L_Madhya Pradesh,located_in
A_CUST124798,C_CARD532189,uses_card
A_CUST124798,M_MER100310,shops_at
A_CUST124798,L_Telangana,located_in
A_CUST124799,C_CARD532190,uses_card
A_CUST124799,M_MER100140,shops_at
A_CUST124799,L_West Bengal,located_in
A_CUST124799,M_MER100059,shops_at
A_CUST124800,C_CARD532192,uses_card
A_CUST124800,M_MER100086,shops_at
A_CUST124800,L_Karnataka,located_in
A_CUST124800,M_MER100059,shops_at
A_CUST124808,C_CARD532203,uses_card
A_CUST124808,M_MER100495,shops_at
A_CUST124808,L_Uttar Pradesh,located_in
A_CUST124810,C_CARD532207,uses_card
A_CUST124810,M_MER100377,shops_at
A_CUST124810,L_Odisha,located_in
A_CUST124810,C_CARD532206,uses_card
A_CUST124810,M_MER100331,shops_at
A_CUST124810,M_MER100407,shops_at
A_CUST124813,C_CARD532211,uses_card
A_CUST124813,M_MER100496,shops_at
A_CUST124813,L_Maharashtra,located_in
A_CUST124813,C_CARD532212,uses_card
A_CUST124813,M_MER100303,shops_at
A_CUST124813,M_MER100406,shops_at
A_CUST124813,M_MER100032,shops_at
A_CUST124814,C_CARD532214,uses_card
A_CUST124814,M_MER100152,shops_at
A_CUST124814,L_Bihar,located_in
A_CUST124814,C_CARD532213,uses_card
A_CUST124814,M_MER100443,shops_at
A_CUST124816,C_CARD532217,uses_card
A_CUST124816,M_MER100492,shops_at
A_CUST124816,L_Kerala,located_in
A_CUST124820,C_CARD532221,uses_card
A_CUST124820,M_MER100424,shops_at
A_CUST124820,L_West Bengal,located_in
A_CUST124824,C_CARD532226,uses_card
A_CUST124824,M_MER100234,shops_at
A_CUST124824,L_Maharashtra,located_in
A_CUST124826,C_CARD532229,uses_card
A_CUST124826,M_MER100495,shops_at
A_CUST124826,L_Karnataka,located_in
A_CUST124826,M_MER100014,shops_at
A_CUST124827,C_CARD532231,uses_card
A_CUST124827,M_MER100244,shops_at
A_CUST124827,L_West Bengal,located_in
A_CUST124830,C_CARD532234,uses_card
A_CUST124830,M_MER100476,shops_at
A_CUST124830,L_Kerala,located_in
A_CUST124833,C_CARD532239,uses_card
A_CUST124833,M_MER100298,shops_at
A_CUST124833,L_Uttar Pradesh,located_in
A_CUST124846,C_CARD532254,uses_card
A_CUST124846,M_MER100089,shops_at
A_CUST124846,L_Uttar Pradesh,located_in
A_CUST124850,C_CARD532258,uses_card
A_CUST124850,M_MER100329,shops_at
A_CUST124850,L_Madhya Pradesh,located_in
A_CUST124857,C_CARD532265,uses_card
A_CUST124857,M_MER100136,shops_at
A_CUST124857,L_Madhya Pradesh,located_in
A_CUST124858,C_CARD532268,uses_card
A_CUST124858,M_MER100086,shops_at
A_CUST124858,L_Telangana,located_in
A_CUST124858,C_CARD532266,uses_card
A_CUST124858,M_MER100182,shops_at
A_CUST124858,C_CARD532267,uses_card
A_CUST124858,M_MER100357,shops_at
A_CUST124858,M_MER100152,shops_at
A_CUST124860,C_CARD532270,uses_card
A_CUST124860,M_MER100372,shops_at
A_CUST124860,L_Madhya Pradesh,located_in
A_CUST124866,C_CARD532276,uses_card
A_CUST124866,M_MER100059,shops_at
A_CUST124866,L_Madhya Pradesh,located_in
A_CUST124873,C_CARD532284,uses_card
A_CUST124873,M_MER100249,shops_at
A_CUST124873,L_Bihar,located_in
A_CUST124875,C_CARD532286,uses_card
A_CUST124875,M_MER100291,shops_at
A_CUST124875,L_Karnataka,located_in
A_CUST124875,M_MER100424,shops_at
A_CUST124876,C_CARD532289,uses_card
A_CUST124876,M_MER100225,shops_at
A_CUST124876,L_West Bengal,located_in
A_CUST124876,M_MER100195,shops_at
A_CUST124880,C_CARD532294,uses_card
A_CUST124880,M_MER100007,shops_at
A_CUST124880,L_Punjab,located_in
A_CUST124880,M_MER100098,shops_at
A_CUST124883,C_CARD532297,uses_card
A_CUST124883,M_MER100473,shops_at
A_CUST124883,L_Punjab,located_in
A_CUST124885,C_CARD532300,uses_card
A_CUST124885,M_MER100388,shops_at
A_CUST124885,L_Odisha,located_in
A_CUST124887,C_CARD532303,uses_card
A_CUST124887,M_MER100145,shops_at
A_CUST124887,L_Tamil Nadu,located_in
A_CUST124887,C_CARD532302,uses_card
A_CUST124887,M_MER100083,shops_at
A_CUST124888,C_CARD532304,uses_card
A_CUST124888,M_MER100082,shops_at
A_CUST124888,L_Madhya Pradesh,located_in
A_CUST124896,C_CARD532313,uses_card
A_CUST124896,M_MER100155,shops_at
A_CUST124896,L_Assam,located_in
A_CUST124901,C_CARD532321,uses_card
A_CUST124901,M_MER100057,shops_at
A_CUST124901,L_Gujarat,located_in
A_CUST124902,C_CARD532322,uses_card
A_CUST124902,M_MER100152,shops_at
A_CUST124902,L_Rajasthan,located_in
A_CUST124903,C_CARD532324,uses_card
A_CUST124903,M_MER100164,shops_at
A_CUST124903,L_Rajasthan,located_in
A_CUST124903,C_CARD532323,uses_card
A_CUST124903,M_MER100216,shops_at
A_CUST124904,C_CARD532326,uses_card
A_CUST124904,M_MER100003,shops_at
A_CUST124904,L_Tamil Nadu,located_in
A_CUST124904,M_MER100012,shops_at
A_CUST124911,C_CARD532335,uses_card
A_CUST124911,M_MER100442,shops_at
A_CUST124911,L_Odisha,located_in
A_CUST124917,C_CARD532341,uses_card
A_CUST124917,M_MER100102,shops_at
A_CUST124917,L_Tamil Nadu,located_in
A_CUST124920,C_CARD532346,uses_card
A_CUST124920,M_MER100322,shops_at
A_CUST124920,L_Gujarat,located_in
A_CUST124922,C_CARD532351,uses_card
A_CUST124922,M_MER100146,shops_at
A_CUST124922,L_Uttar Pradesh,located_in
A_CUST124932,C_CARD532363,uses_card
A_CUST124932,M_MER100352,shops_at
A_CUST124932,L_Karnataka,located_in
A_CUST124935,C_CARD532366,uses_card
A_CUST124935,M_MER100446,shops_at
A_CUST124935,L_Rajasthan,located_in
A_CUST124937,C_CARD532368,uses_card
A_CUST124937,M_MER100443,shops_at
A_CUST124937,L_Tamil Nadu,located_in
A_CUST124938,C_CARD532369,uses_card
A_CUST124938,M_MER100105,shops_at
A_CUST124938,L_Bihar,located_in
A_CUST124938,M_MER100365,shops_at
A_CUST124944,C_CARD532377,uses_card
A_CUST124944,M_MER100113,shops_at
A_CUST124944,L_Odisha,located_in
A_CUST124944,C_CARD532376,uses_card
A_CUST124944,M_MER100058,shops_at
A_CUST124947,C_CARD532380,uses_card
A_CUST124947,M_MER100249,shops_at
A_CUST124947,L_Assam,located_in
A_CUST124949,C_CARD532382,uses_card
A_CUST124949,M_MER100323,shops_at
A_CUST124949,L_Gujarat,located_in
A_CUST124950,C_CARD532383,uses_card
A_CUST124950,M_MER100235,shops_at
A_CUST124950,L_Maharashtra,located_in
A_CUST124950,C_CARD532384,uses_card
A_CUST124950,M_MER100047,shops_at
A_CUST124950,M_MER100495,shops_at
A_CUST124950,M_MER100382,shops_at
A_CUST124954,C_CARD532389,uses_card
A_CUST124954,M_MER100107,shops_at
A_CUST124954,L_Gujarat,located_in
A_CUST124958,C_CARD532395,uses_card
A_CUST124958,M_MER100465,shops_at
A_CUST124958,L_Gujarat,located_in
A_CUST124958,M_MER100467,shops_at
A_CUST124959,C_CARD532397,uses_card
A_CUST124959,M_MER100251,shops_at
A_CUST124959,L_Punjab,located_in
A_CUST124959,M_MER100168,shops_at
A_CUST124961,C_CARD532400,uses_card
A_CUST124961,M_MER100252,shops_at
A_CUST124961,L_Uttar Pradesh,located_in
A_CUST124970,C_CARD532411,uses_card
A_CUST124970,M_MER100286,shops_at
A_CUST124970,L_Punjab,located_in
A_CUST124971,C_CARD532414,uses_card
A_CUST124971,M_MER100015,shops_at
A_CUST124971,L_Haryana,located_in
A_CUST124975,C_CARD532421,uses_card
A_CUST124975,M_MER100092,shops_at
A_CUST124975,L_Gujarat,located_in
A_CUST124976,C_CARD532422,uses_card
A_CUST124976,M_MER100470,shops_at
A_CUST124976,L_Kerala,located_in
A_CUST124976,C_CARD532424,uses_card
A_CUST124976,M_MER100469,shops_at
A_CUST124976,M_MER100123,shops_at
A_CUST124976,M_MER100495,shops_at
A_CUST124976,M_MER100053,shops_at
A_CUST124976,C_CARD532423,uses_card
A_CUST124976,M_MER100252,shops_at
A_CUST124979,C_CARD532428,uses_card
A_CUST124979,M_MER100439,shops_at
A_CUST124979,L_West Bengal,located_in
A_CUST124980,C_CARD532429,uses_card
A_CUST124980,M_MER100121,shops_at
A_CUST124980,L_Odisha,located_in
A_CUST124982,C_CARD532433,uses_card
A_CUST124982,M_MER100407,shops_at
A_CUST124982,L_Uttar Pradesh,located_in
A_CUST124984,C_CARD532436,uses_card
A_CUST124984,M_MER100450,shops_at
A_CUST124984,L_Odisha,located_in
A_CUST124984,M_MER100254,shops_at
A_CUST124984,M_MER100358,shops_at
A_CUST124986,C_CARD532438,uses_card
A_CUST124986,M_MER100223,shops_at
A_CUST124986,L_West Bengal,located_in
A_CUST124987,C_CARD532441,uses_card
A_CUST124987,M_MER100140,shops_at
A_CUST124987,L_Odisha,located_in
A_CUST124987,C_CARD532440,uses_card
A_CUST124987,M_MER100113,shops_at
A_CUST124989,C_CARD532444,uses_card
A_CUST124989,M_MER100358,shops_at
A_CUST124989,L_Tamil Nadu,located_in
A_CUST124990,C_CARD532445,uses_card
A_CUST124990,M_MER100109,shops_at
A_CUST124990,L_Maharashtra,located_in
A_CUST124990,M_MER100466,shops_at
A_CUST124997,C_CARD532453,uses_card
A_CUST124997,M_MER100397,shops_at
A_CUST124997,L_Karnataka,located_in
A_CUST124997,C_CARD532454,uses_card
A_CUST124997,M_MER100116,shops_at
