node_id,node_type,label,avg_risk,max_risk,txn_count,accounts_using,is_shared,risk_level
A_CUST100002,account,CUST100002,65.0,65.0,1.0,,,
A_CUST100004,account,CUST100004,70.0,70.0,1.0,,,
A_CUST100009,account,CUST100009,63.0,70.0,5.0,,,
A_CUST100010,account,CUST100010,72.5,80.0,2.0,,,
A_CUST100012,account,CUST100012,60.0,60.0,1.0,,,
A_CUST100017,account,CUST100017,60.0,60.0,1.0,,,
A_CUST100021,account,CUST100021,75.0,75.0,1.0,,,
A_CUST100025,account,CUST100025,65.0,65.0,1.0,,,
A_CUST100026,account,CUST100026,60.0,60.0,1.0,,,
A_CUST100029,account,CUST100029,65.0,65.0,1.0,,,
A_CUST100030,account,CUST100030,60.0,60.0,1.0,,,
A_CUST100031,account,CUST100031,85.0,100.0,2.0,,,
A_CUST100039,account,CUST100039,63.6,70.0,7.0,,,
A_CUST100040,account,CUST100040,71.4,95.0,7.0,,,
A_CUST100045,account,CUST100045,65.0,65.0,1.0,,,
A_CUST100048,account,CUST100048,70.0,70.0,1.0,,,
A_CUST100049,account,CUST100049,60.0,60.0,1.0,,,
A_CUST100050,account,CUST100050,72.5,75.0,2.0,,,
A_CUST100051,account,CUST100051,70.0,70.0,1.0,,,
A_CUST100064,account,CUST100064,70.0,70.0,2.0,,,
A_CUST100066,account,CUST100066,72.5,85.0,2.0,,,
A_CUST100069,account,CUST100069,70.0,70.0,1.0,,,
A_CUST100078,account,CUST100078,60.0,60.0,1.0,,,
A_CUST100080,account,CUST100080,70.0,70.0,1.0,,,
A_CUST100081,account,CUST100081,85.0,85.0,1.0,,,
A_CUST100088,account,CUST100088,70.0,70.0,1.0,,,
A_CUST100094,account,CUST100094,68.0,80.0,5.0,,,
A_CUST100099,account,CUST100099,65.0,70.0,2.0,,,
A_CUST100100,account,CUST100100,65.0,65.0,1.0,,,
A_CUST100106,account,CUST100106,70.0,70.0,1.0,,,
A_CUST100108,account,CUST100108,70.0,70.0,1.0,,,
A_CUST100111,account,CUST100111,60.0,60.0,1.0,,,
A_CUST100112,account,CUST100112,73.1,85.0,8.0,,,
A_CUST100114,account,CUST100114,62.5,65.0,2.0,,,
A_CUST100126,account,CUST100126,65.0,65.0,1.0,,,
A_CUST100130,account,CUST100130,60.0,60.0,1.0,,,
A_CUST100135,account,CUST100135,60.0,60.0,1.0,,,
A_CUST100136,account,CUST100136,65.0,65.0,1.0,,,
A_CUST100145,account,CUST100145,60.0,60.0,1.0,,,
A_CUST100146,account,CUST100146,70.0,70.0,1.0,,,
A_CUST100147,account,CUST100147,68.3,70.0,3.0,,,
A_CUST100149,account,CUST100149,60.0,60.0,2.0,,,
A_CUST100150,account,CUST100150,60.0,60.0,1.0,,,
A_CUST100157,account,CUST100157,60.0,60.0,1.0,,,
A_CUST100158,account,CUST100158,70.0,70.0,1.0,,,
A_CUST100160,account,CUST100160,75.0,100.0,4.0,,,
A_CUST100167,account,CUST100167,70.0,80.0,2.0,,,
A_CUST100172,account,CUST100172,65.0,65.0,1.0,,,
A_CUST100173,account,CUST100173,70.0,70.0,1.0,,,
A_CUST100175,account,CUST100175,62.5,65.0,2.0,,,
A_CUST100176,account,CUST100176,70.0,70.0,1.0,,,
A_CUST100178,account,CUST100178,60.0,60.0,1.0,,,
A_CUST100185,account,CUST100185,70.0,70.0,1.0,,,
A_CUST100190,account,CUST100190,80.0,80.0,1.0,,,
A_CUST100200,account,CUST100200,70.0,70.0,1.0,,,
A_CUST100206,account,CUST100206,62.5,70.0,4.0,,,
A_CUST100207,account,CUST100207,63.3,70.0,3.0,,,
A_CUST100208,account,CUST100208,60.0,60.0,1.0,,,
A_CUST100218,account,CUST100218,90.0,90.0,1.0,,,
A_CUST100222,account,CUST100222,60.0,60.0,1.0,,,
A_CUST100223,account,CUST100223,60.0,60.0,1.0,,,
A_CUST100225,account,CUST100225,60.0,60.0,1.0,,,
A_CUST100230,account,CUST100230,61.2,65.0,4.0,,,
A_CUST100242,account,CUST100242,65.0,65.0,1.0,,,
A_CUST100245,account,CUST100245,60.0,60.0,1.0,,,
A_CUST100247,account,CUST100247,60.0,60.0,1.0,,,
A_CUST100248,account,CUST100248,68.8,75.0,4.0,,,
A_CUST100250,account,CUST100250,62.5,65.0,2.0,,,
A_CUST100251,account,CUST100251,60.0,60.0,2.0,,,
A_CUST100255,account,CUST100255,66.7,80.0,3.0,,,
A_CUST100257,account,CUST100257,75.0,85.0,2.0,,,
A_CUST100261,account,CUST100261,62.5,65.0,2.0,,,
A_CUST100263,account,CUST100263,60.0,60.0,1.0,,,
A_CUST100264,account,CUST100264,60.0,60.0,1.0,,,
A_CUST100266,account,CUST100266,70.0,70.0,1.0,,,
A_CUST100270,account,CUST100270,65.0,65.0,1.0,,,
A_CUST100274,account,CUST100274,75.0,75.0,1.0,,,
A_CUST100275,account,CUST100275,72.5,75.0,2.0,,,
A_CUST100279,account,CUST100279,70.0,70.0,1.0,,,
A_CUST100280,account,CUST100280,65.0,70.0,2.0,,,
A_CUST100281,account,CUST100281,80.0,90.0,2.0,,,
A_CUST100283,account,CUST100283,65.0,65.0,1.0,,,
A_CUST100299,account,CUST100299,65.0,70.0,2.0,,,
A_CUST100300,account,CUST100300,60.0,60.0,1.0,,,
A_CUST100302,account,CUST100302,65.0,70.0,2.0,,,
A_CUST100309,account,CUST100309,65.0,75.0,4.0,,,
A_CUST100316,account,CUST100316,60.0,60.0,1.0,,,
A_CUST100323,account,CUST100323,70.0,70.0,1.0,,,
A_CUST100325,account,CUST100325,70.0,70.0,1.0,,,
A_CUST100331,account,CUST100331,65.0,65.0,1.0,,,
A_CUST100347,account,CUST100347,65.0,65.0,1.0,,,
A_CUST100349,account,CUST100349,60.0,60.0,1.0,,,
A_CUST100351,account,CUST100351,65.0,65.0,2.0,,,
A_CUST100352,account,CUST100352,60.0,60.0,1.0,,,
A_CUST100353,account,CUST100353,70.0,70.0,1.0,,,
A_CUST100356,account,CUST100356,62.5,65.0,2.0,,,
A_CUST100358,account,CUST100358,72.5,85.0,2.0,,,
A_CUST100359,account,CUST100359,70.0,70.0,1.0,,,
A_CUST100362,account,CUST100362,70.0,70.0,1.0,,,
A_CUST100363,account,CUST100363,60.0,60.0,2.0,,,
A_CUST100372,account,CUST100372,75.0,75.0,1.0,,,
A_CUST100373,account,CUST100373,71.2,95.0,4.0,,,
A_CUST100377,account,CUST100377,60.0,60.0,1.0,,,
A_CUST100393,account,CUST100393,60.0,60.0,1.0,,,
A_CUST100397,account,CUST100397,60.0,60.0,2.0,,,
A_CUST100399,account,CUST100399,60.0,60.0,1.0,,,
A_CUST100400,account,CUST100400,65.0,65.0,1.0,,,
A_CUST100404,account,CUST100404,70.0,70.0,1.0,,,
A_CUST100405,account,CUST100405,70.0,70.0,1.0,,,
A_CUST100406,account,CUST100406,60.0,60.0,1.0,,,
A_CUST100407,account,CUST100407,60.0,60.0,1.0,,,
A_CUST100410,account,CUST100410,60.0,60.0,1.0,,,
A_CUST100411,account,CUST100411,68.8,85.0,4.0,,,
A_CUST100414,account,CUST100414,60.0,60.0,1.0,,,
A_CUST100416,account,CUST100416,60.0,60.0,2.0,,,
A_CUST100422,account,CUST100422,65.0,65.0,1.0,,,
A_CUST100423,account,CUST100423,65.0,70.0,2.0,,,
A_CUST100426,account,CUST100426,85.0,100.0,2.0,,,
A_CUST100428,account,CUST100428,70.0,90.0,3.0,,,
A_CUST100431,account,CUST100431,60.0,60.0,1.0,,,
A_CUST100435,account,CUST100435,86.7,90.0,3.0,,,
A_CUST100445,account,CUST100445,65.0,65.0,1.0,,,
A_CUST100448,account,CUST100448,60.0,60.0,1.0,,,
A_CUST100454,account,CUST100454,65.0,65.0,1.0,,,
A_CUST100455,account,CUST100455,60.0,60.0,1.0,,,
A_CUST100456,account,CUST100456,60.0,60.0,1.0,,,
A_CUST100461,account,CUST100461,75.0,75.0,1.0,,,
A_CUST100465,account,CUST100465,70.0,70.0,1.0,,,
A_CUST100466,account,CUST100466,60.0,60.0,1.0,,,
A_CUST100468,account,CUST100468,60.0,60.0,2.0,,,
A_CUST100471,account,CUST100471,60.0,60.0,1.0,,,
A_CUST100475,account,CUST100475,78.3,85.0,3.0,,,
A_CUST100476,account,CUST100476,68.3,75.0,3.0,,,
A_CUST100479,account,CUST100479,60.0,60.0,1.0,,,
A_CUST100484,account,CUST100484,70.0,90.0,3.0,,,
A_CUST100486,account,CUST100486,60.0,60.0,1.0,,,
A_CUST100489,account,CUST100489,60.0,60.0,1.0,,,
A_CUST100492,account,CUST100492,79.0,100.0,5.0,,,
A_CUST100495,account,CUST100495,70.0,70.0,1.0,,,
A_CUST100496,account,CUST100496,63.3,65.0,3.0,,,
A_CUST100499,account,CUST100499,80.0,80.0,1.0,,,
A_CUST100502,account,CUST100502,60.0,60.0,2.0,,,
A_CUST100503,account,CUST100503,62.5,65.0,2.0,,,
A_CUST100504,account,CUST100504,60.0,60.0,3.0,,,
A_CUST100506,account,CUST100506,60.0,60.0,2.0,,,
A_CUST100507,account,CUST100507,65.0,65.0,1.0,,,
A_CUST100508,account,CUST100508,60.0,60.0,2.0,,,
A_CUST100514,account,CUST100514,77.5,85.0,2.0,,,
A_CUST100517,account,CUST100517,66.7,70.0,3.0,,,
A_CUST100520,account,CUST100520,75.0,80.0,2.0,,,
A_CUST100524,account,CUST100524,60.0,60.0,1.0,,,
A_CUST100525,account,CUST100525,72.5,80.0,2.0,,,
A_CUST100526,account,CUST100526,70.0,70.0,1.0,,,
A_CUST100530,account,CUST100530,60.0,60.0,1.0,,,
A_CUST100533,account,CUST100533,70.0,70.0,1.0,,,
A_CUST100534,account,CUST100534,70.0,80.0,3.0,,,
A_CUST100536,account,CUST100536,85.0,85.0,1.0,,,
A_CUST100543,account,CUST100543,72.5,100.0,4.0,,,
A_CUST100544,account,CUST100544,73.3,80.0,3.0,,,
A_CUST100554,account,CUST100554,70.0,75.0,2.0,,,
A_CUST100555,account,CUST100555,70.0,70.0,2.0,,,
A_CUST100560,account,CUST100560,60.0,60.0,1.0,,,
A_CUST100565,account,CUST100565,60.0,60.0,1.0,,,
A_CUST100573,account,CUST100573,60.0,60.0,1.0,,,
A_CUST100576,account,CUST100576,65.0,70.0,2.0,,,
A_CUST100578,account,CUST100578,80.0,80.0,1.0,,,
A_CUST100584,account,CUST100584,60.0,60.0,1.0,,,
A_CUST100585,account,CUST100585,67.5,75.0,2.0,,,
A_CUST100587,account,CUST100587,60.0,60.0,1.0,,,
A_CUST100588,account,CUST100588,60.0,60.0,1.0,,,
A_CUST100591,account,CUST100591,60.0,60.0,1.0,,,
A_CUST100598,account,CUST100598,75.0,75.0,1.0,,,
A_CUST100608,account,CUST100608,65.0,65.0,1.0,,,
A_CUST100611,account,CUST100611,60.0,60.0,1.0,,,
A_CUST100614,account,CUST100614,70.0,70.0,1.0,,,
A_CUST100622,account,CUST100622,67.5,70.0,2.0,,,
A_CUST100624,account,CUST100624,70.0,70.0,1.0,,,
A_CUST100626,account,CUST100626,80.0,95.0,3.0,,,
A_CUST100633,account,CUST100633,65.0,65.0,1.0,,,
A_CUST100634,account,CUST100634,75.0,90.0,2.0,,,
A_CUST100640,account,CUST100640,70.0,70.0,1.0,,,
A_CUST100644,account,CUST100644,70.0,70.0,1.0,,,
A_CUST100645,account,CUST100645,65.0,70.0,2.0,,,
A_CUST100646,account,CUST100646,60.0,60.0,1.0,,,
A_CUST100651,account,CUST100651,60.0,60.0,1.0,,,
A_CUST100658,account,CUST100658,71.7,95.0,3.0,,,
A_CUST100661,account,CUST100661,85.0,85.0,1.0,,,
A_CUST100665,account,CUST100665,70.0,70.0,1.0,,,
A_CUST100669,account,CUST100669,60.0,60.0,1.0,,,
A_CUST100673,account,CUST100673,70.0,70.0,1.0,,,
A_CUST100681,account,CUST100681,60.0,60.0,1.0,,,
A_CUST100683,account,CUST100683,65.0,70.0,3.0,,,
A_CUST100687,account,CUST100687,75.0,90.0,2.0,,,
A_CUST100699,account,CUST100699,70.0,80.0,5.0,,,
A_CUST100700,account,CUST100700,70.0,70.0,1.0,,,
A_CUST100707,account,CUST100707,60.0,60.0,1.0,,,
A_CUST100714,account,CUST100714,60.0,60.0,1.0,,,
A_CUST100720,account,CUST100720,65.0,65.0,1.0,,,
A_CUST100722,account,CUST100722,66.7,70.0,3.0,,,
A_CUST100723,account,CUST100723,65.0,65.0,1.0,,,
A_CUST100724,account,CUST100724,60.0,60.0,1.0,,,
A_CUST100727,account,CUST100727,60.0,60.0,1.0,,,
A_CUST100731,account,CUST100731,70.0,70.0,1.0,,,
A_CUST100741,account,CUST100741,65.0,70.0,2.0,,,
A_CUST100742,account,CUST100742,65.0,65.0,1.0,,,
A_CUST100751,account,CUST100751,60.0,60.0,1.0,,,
A_CUST100753,account,CUST100753,70.0,70.0,1.0,,,
A_CUST100758,account,CUST100758,61.7,65.0,3.0,,,
A_CUST100763,account,CUST100763,60.0,60.0,1.0,,,
A_CUST100765,account,CUST100765,65.0,70.0,2.0,,,
A_CUST100768,account,CUST100768,60.0,60.0,1.0,,,
A_CUST100769,account,CUST100769,60.0,60.0,1.0,,,
A_CUST100774,account,CUST100774,60.0,60.0,1.0,,,
A_CUST100775,account,CUST100775,70.0,70.0,2.0,,,
A_CUST100785,account,CUST100785,72.5,75.0,2.0,,,
A_CUST100787,account,CUST100787,65.0,65.0,1.0,,,
A_CUST100788,account,CUST100788,60.0,60.0,2.0,,,
A_CUST100796,account,CUST100796,75.0,75.0,1.0,,,
A_CUST100798,account,CUST100798,70.0,70.0,1.0,,,
A_CUST100801,account,CUST100801,65.0,65.0,1.0,,,
A_CUST100805,account,CUST100805,60.0,60.0,1.0,,,
A_CUST100806,account,CUST100806,60.0,60.0,1.0,,,
A_CUST100810,account,CUST100810,65.0,70.0,2.0,,,
A_CUST100813,account,CUST100813,80.0,80.0,1.0,,,
A_CUST100815,account,CUST100815,65.0,65.0,1.0,,,
A_CUST100830,account,CUST100830,60.0,60.0,1.0,,,
A_CUST100833,account,CUST100833,100.0,100.0,1.0,,,
A_CUST100834,account,CUST100834,65.0,65.0,1.0,,,
A_CUST100844,account,CUST100844,60.0,60.0,1.0,,,
A_CUST100848,account,CUST100848,70.0,80.0,2.0,,,
A_CUST100851,account,CUST100851,60.0,60.0,1.0,,,
A_CUST100854,account,CUST100854,60.0,60.0,1.0,,,
A_CUST100855,account,CUST100855,60.0,60.0,1.0,,,
A_CUST100859,account,CUST100859,60.0,60.0,1.0,,,
A_CUST100862,account,CUST100862,60.0,60.0,1.0,,,
A_CUST100865,account,CUST100865,60.0,60.0,1.0,,,
A_CUST100867,account,CUST100867,67.5,70.0,2.0,,,
A_CUST100869,account,CUST100869,65.0,65.0,1.0,,,
A_CUST100877,account,CUST100877,70.0,70.0,1.0,,,
A_CUST100882,account,CUST100882,60.0,60.0,1.0,,,
A_CUST100885,account,CUST100885,90.0,90.0,1.0,,,
A_CUST100889,account,CUST100889,60.0,60.0,1.0,,,
A_CUST100893,account,CUST100893,65.0,70.0,2.0,,,
A_CUST100896,account,CUST100896,67.5,75.0,2.0,,,
A_CUST100903,account,CUST100903,60.0,60.0,1.0,,,
A_CUST100904,account,CUST100904,65.0,80.0,4.0,,,
A_CUST100906,account,CUST100906,70.0,70.0,1.0,,,
A_CUST100911,account,CUST100911,85.0,85.0,1.0,,,
A_CUST100915,account,CUST100915,60.0,60.0,1.0,,,
A_CUST100917,account,CUST100917,70.0,70.0,1.0,,,
A_CUST100919,account,CUST100919,60.0,60.0,1.0,,,
A_CUST100920,account,CUST100920,65.0,70.0,2.0,,,
A_CUST100922,account,CUST100922,70.0,70.0,1.0,,,
A_CUST100929,account,CUST100929,60.0,60.0,3.0,,,
A_CUST100934,account,CUST100934,66.7,70.0,3.0,,,
A_CUST100950,account,CUST100950,72.5,85.0,2.0,,,
A_CUST100952,account,CUST100952,60.0,60.0,1.0,,,
A_CUST100953,account,CUST100953,70.0,70.0,3.0,,,
A_CUST100955,account,CUST100955,65.0,65.0,1.0,,,
A_CUST100962,account,CUST100962,70.0,75.0,2.0,,,
A_CUST100966,account,CUST100966,71.7,75.0,3.0,,,
A_CUST100971,account,CUST100971,60.0,60.0,3.0,,,
A_CUST100972,account,CUST100972,65.0,65.0,1.0,,,
A_CUST100980,account,CUST100980,65.0,70.0,2.0,,,
A_CUST100983,account,CUST100983,60.0,60.0,1.0,,,
A_CUST100986,account,CUST100986,60.0,60.0,1.0,,,
A_CUST100995,account,CUST100995,72.5,75.0,2.0,,,
A_CUST100996,account,CUST100996,75.0,75.0,1.0,,,
A_CUST100998,account,CUST100998,60.0,60.0,1.0,,,
A_CUST101012,account,CUST101012,60.0,60.0,2.0,,,
A_CUST101018,account,CUST101018,60.0,60.0,1.0,,,
A_CUST101025,account,CUST101025,70.0,70.0,1.0,,,
A_CUST101033,account,CUST101033,60.0,60.0,2.0,,,
A_CUST101034,account,CUST101034,70.0,70.0,1.0,,,
A_CUST101035,account,CUST101035,60.0,60.0,1.0,,,
A_CUST101036,account,CUST101036,70.0,70.0,2.0,,,
A_CUST101043,account,CUST101043,60.0,60.0,1.0,,,
A_CUST101049,account,CUST101049,70.0,70.0,1.0,,,
A_CUST101050,account,CUST101050,60.0,60.0,1.0,,,
A_CUST101054,account,CUST101054,60.0,60.0,1.0,,,
A_CUST101058,account,CUST101058,60.0,60.0,1.0,,,
A_CUST101060,account,CUST101060,60.0,60.0,2.0,,,
A_CUST101061,account,CUST101061,60.0,60.0,1.0,,,
A_CUST101062,account,CUST101062,60.0,60.0,1.0,,,
A_CUST101063,account,CUST101063,60.0,60.0,2.0,,,
A_CUST101067,account,CUST101067,70.0,70.0,1.0,,,
A_CUST101070,account,CUST101070,65.0,70.0,3.0,,,
A_CUST101071,account,CUST101071,60.0,60.0,1.0,,,
A_CUST101072,account,CUST101072,67.5,75.0,2.0,,,
A_CUST101073,account,CUST101073,60.0,60.0,3.0,,,
A_CUST101075,account,CUST101075,60.0,60.0,1.0,,,
A_CUST101076,account,CUST101076,70.0,70.0,2.0,,,
A_CUST101077,account,CUST101077,60.0,60.0,1.0,,,
A_CUST101083,account,CUST101083,60.0,60.0,1.0,,,
A_CUST101092,account,CUST101092,65.0,65.0,1.0,,,
A_CUST101093,account,CUST101093,65.0,65.0,1.0,,,
A_CUST101094,account,CUST101094,60.0,60.0,1.0,,,
A_CUST101099,account,CUST101099,65.0,65.0,1.0,,,
A_CUST101100,account,CUST101100,60.0,60.0,1.0,,,
A_CUST101106,account,CUST101106,70.0,70.0,1.0,,,
A_CUST101107,account,CUST101107,60.0,60.0,1.0,,,
A_CUST101109,account,CUST101109,60.0,60.0,1.0,,,
A_CUST101112,account,CUST101112,60.0,60.0,1.0,,,
A_CUST101113,account,CUST101113,60.0,60.0,1.0,,,
A_CUST101119,account,CUST101119,80.0,80.0,1.0,,,
A_CUST101131,account,CUST101131,75.0,75.0,1.0,,,
A_CUST101132,account,CUST101132,70.0,70.0,1.0,,,
A_CUST101133,account,CUST101133,60.0,60.0,1.0,,,
A_CUST101134,account,CUST101134,60.0,60.0,1.0,,,
A_CUST101136,account,CUST101136,70.0,70.0,1.0,,,
A_CUST101139,account,CUST101139,70.0,70.0,1.0,,,
A_CUST101141,account,CUST101141,60.0,60.0,1.0,,,
A_CUST101147,account,CUST101147,80.0,80.0,1.0,,,
A_CUST101148,account,CUST101148,63.3,70.0,3.0,,,
A_CUST101150,account,CUST101150,60.0,60.0,1.0,,,
A_CUST101153,account,CUST101153,60.0,60.0,1.0,,,
A_CUST101154,account,CUST101154,90.0,90.0,1.0,,,
A_CUST101158,account,CUST101158,65.0,65.0,1.0,,,
A_CUST101161,account,CUST101161,65.0,70.0,2.0,,,
A_CUST101163,account,CUST101163,75.0,75.0,1.0,,,
A_CUST101170,account,CUST101170,85.0,85.0,1.0,,,
A_CUST101171,account,CUST101171,67.5,70.0,2.0,,,
A_CUST101174,account,CUST101174,65.0,70.0,2.0,,,
A_CUST101175,account,CUST101175,65.0,70.0,2.0,,,
A_CUST101180,account,CUST101180,60.0,60.0,1.0,,,
A_CUST101187,account,CUST101187,60.0,60.0,1.0,,,
A_CUST101191,account,CUST101191,60.0,60.0,1.0,,,
A_CUST101206,account,CUST101206,65.0,65.0,1.0,,,
A_CUST101207,account,CUST101207,60.0,60.0,1.0,,,
A_CUST101211,account,CUST101211,67.5,70.0,2.0,,,
A_CUST101215,account,CUST101215,65.0,65.0,1.0,,,
A_CUST101218,account,CUST101218,65.0,70.0,2.0,,,
A_CUST101220,account,CUST101220,60.0,60.0,3.0,,,
A_CUST101234,account,CUST101234,60.0,60.0,1.0,,,
A_CUST101241,account,CUST101241,65.0,70.0,2.0,,,
A_CUST101242,account,CUST101242,65.0,65.0,1.0,,,
A_CUST101248,account,CUST101248,70.0,70.0,1.0,,,
A_CUST101256,account,CUST101256,90.0,90.0,1.0,,,
A_CUST101257,account,CUST101257,60.0,60.0,1.0,,,
A_CUST101260,account,CUST101260,67.5,85.0,4.0,,,
A_CUST101262,account,CUST101262,60.0,60.0,1.0,,,
A_CUST101265,account,CUST101265,85.0,85.0,1.0,,,
A_CUST101266,account,CUST101266,70.0,70.0,1.0,,,
A_CUST101268,account,CUST101268,60.0,60.0,1.0,,,
A_CUST101273,account,CUST101273,60.0,60.0,1.0,,,
A_CUST101275,account,CUST101275,85.0,85.0,1.0,,,
A_CUST101280,account,CUST101280,65.0,65.0,1.0,,,
A_CUST101281,account,CUST101281,70.0,70.0,1.0,,,
A_CUST101282,account,CUST101282,70.0,70.0,2.0,,,
A_CUST101284,account,CUST101284,60.0,60.0,1.0,,,
A_CUST101286,account,CUST101286,70.0,70.0,1.0,,,
A_CUST101289,account,CUST101289,60.0,60.0,1.0,,,
A_CUST101292,account,CUST101292,62.5,65.0,2.0,,,
A_CUST101295,account,CUST101295,60.0,60.0,2.0,,,
A_CUST101299,account,CUST101299,65.0,65.0,1.0,,,
A_CUST101300,account,CUST101300,60.0,60.0,1.0,,,
A_CUST101301,account,CUST101301,65.0,65.0,1.0,,,
A_CUST101308,account,CUST101308,60.0,60.0,1.0,,,
A_CUST101312,account,CUST101312,70.0,70.0,1.0,,,
A_CUST101313,account,CUST101313,60.0,60.0,1.0,,,
A_CUST101315,account,CUST101315,71.7,85.0,3.0,,,
A_CUST101319,account,CUST101319,60.0,60.0,1.0,,,
A_CUST101320,account,CUST101320,63.3,70.0,3.0,,,
A_CUST101323,account,CUST101323,60.0,60.0,1.0,,,
A_CUST101329,account,CUST101329,65.0,70.0,2.0,,,
A_CUST101330,account,CUST101330,75.0,75.0,1.0,,,
A_CUST101332,account,CUST101332,60.0,60.0,2.0,,,
A_CUST101334,account,CUST101334,65.0,65.0,1.0,,,
A_CUST101338,account,CUST101338,60.0,60.0,1.0,,,
A_CUST101341,account,CUST101341,60.0,60.0,3.0,,,
A_CUST101355,account,CUST101355,60.0,60.0,1.0,,,
A_CUST101356,account,CUST101356,70.0,70.0,1.0,,,
A_CUST101363,account,CUST101363,80.0,85.0,2.0,,,
A_CUST101365,account,CUST101365,65.0,75.0,3.0,,,
A_CUST101368,account,CUST101368,60.0,60.0,1.0,,,
A_CUST101369,account,CUST101369,60.0,60.0,2.0,,,
A_CUST101370,account,CUST101370,60.0,60.0,1.0,,,
A_CUST101372,account,CUST101372,80.0,80.0,1.0,,,
A_CUST101374,account,CUST101374,70.0,70.0,1.0,,,
A_CUST101377,account,CUST101377,85.0,85.0,1.0,,,
A_CUST101379,account,CUST101379,63.0,70.0,5.0,,,
A_CUST101380,account,CUST101380,65.0,65.0,1.0,,,
A_CUST101382,account,CUST101382,80.0,80.0,1.0,,,
A_CUST101389,account,CUST101389,70.0,70.0,1.0,,,
A_CUST101390,account,CUST101390,60.0,60.0,1.0,,,
A_CUST101392,account,CUST101392,70.0,70.0,1.0,,,
A_CUST101393,account,CUST101393,60.0,60.0,2.0,,,
A_CUST101394,account,CUST101394,60.0,60.0,1.0,,,
A_CUST101397,account,CUST101397,60.0,60.0,1.0,,,
A_CUST101401,account,CUST101401,60.0,60.0,1.0,,,
A_CUST101403,account,CUST101403,70.0,80.0,2.0,,,
A_CUST101407,account,CUST101407,75.0,75.0,1.0,,,
A_CUST101408,account,CUST101408,60.0,60.0,1.0,,,
A_CUST101413,account,CUST101413,88.3,100.0,3.0,,,
A_CUST101414,account,CUST101414,80.0,80.0,1.0,,,
A_CUST101417,account,CUST101417,65.0,65.0,1.0,,,
A_CUST101421,account,CUST101421,60.0,60.0,1.0,,,
A_CUST101426,account,CUST101426,75.0,75.0,1.0,,,
A_CUST101430,account,CUST101430,60.0,60.0,1.0,,,
A_CUST101436,account,CUST101436,82.0,100.0,5.0,,,
A_CUST101441,account,CUST101441,60.0,60.0,1.0,,,
A_CUST101443,account,CUST101443,60.0,60.0,2.0,,,
A_CUST101446,account,CUST101446,70.0,70.0,1.0,,,
A_CUST101455,account,CUST101455,60.0,60.0,1.0,,,
A_CUST101459,account,CUST101459,60.0,60.0,1.0,,,
A_CUST101460,account,CUST101460,60.0,60.0,1.0,,,
A_CUST101463,account,CUST101463,80.0,90.0,2.0,,,
A_CUST101464,account,CUST101464,85.0,85.0,1.0,,,
A_CUST101465,account,CUST101465,60.0,60.0,2.0,,,
A_CUST101466,account,CUST101466,60.0,60.0,1.0,,,
A_CUST101467,account,CUST101467,62.5,65.0,2.0,,,
A_CUST101468,account,CUST101468,62.5,70.0,4.0,,,
A_CUST101474,account,CUST101474,65.0,65.0,1.0,,,
A_CUST101475,account,CUST101475,97.5,100.0,2.0,,,
A_CUST101478,account,CUST101478,60.0,60.0,2.0,,,
A_CUST101479,account,CUST101479,75.0,80.0,2.0,,,
A_CUST101487,account,CUST101487,65.0,70.0,2.0,,,
A_CUST101491,account,CUST101491,100.0,100.0,1.0,,,
A_CUST101492,account,CUST101492,61.7,65.0,3.0,,,
A_CUST101494,account,CUST101494,60.0,60.0,1.0,,,
A_CUST101501,account,CUST101501,61.7,65.0,3.0,,,
A_CUST101507,account,CUST101507,65.0,65.0,1.0,,,
A_CUST101509,account,CUST101509,87.5,95.0,4.0,,,
A_CUST101513,account,CUST101513,70.0,70.0,1.0,,,
A_CUST101518,account,CUST101518,92.5,100.0,2.0,,,
A_CUST101532,account,CUST101532,60.0,60.0,1.0,,,
A_CUST101539,account,CUST101539,75.0,75.0,1.0,,,
A_CUST101545,account,CUST101545,65.0,65.0,1.0,,,
A_CUST101548,account,CUST101548,60.0,60.0,1.0,,,
A_CUST101550,account,CUST101550,80.0,80.0,1.0,,,
A_CUST101553,account,CUST101553,60.0,60.0,1.0,,,
A_CUST101554,account,CUST101554,65.0,70.0,2.0,,,
A_CUST101557,account,CUST101557,60.0,60.0,1.0,,,
A_CUST101571,account,CUST101571,60.0,60.0,1.0,,,
A_CUST101575,account,CUST101575,65.0,65.0,1.0,,,
A_CUST101576,account,CUST101576,70.0,70.0,1.0,,,
A_CUST101579,account,CUST101579,87.5,95.0,2.0,,,
A_CUST101583,account,CUST101583,60.0,60.0,3.0,,,
A_CUST101585,account,CUST101585,70.0,70.0,1.0,,,
A_CUST101586,account,CUST101586,60.0,60.0,1.0,,,
A_CUST101587,account,CUST101587,65.0,65.0,1.0,,,
A_CUST101591,account,CUST101591,63.3,65.0,3.0,,,
A_CUST101592,account,CUST101592,85.0,85.0,1.0,,,
A_CUST101598,account,CUST101598,60.0,60.0,1.0,,,
A_CUST101600,account,CUST101600,70.0,75.0,4.0,,,
A_CUST101608,account,CUST101608,65.0,70.0,3.0,,,
A_CUST101610,account,CUST101610,71.7,85.0,3.0,,,
A_CUST101611,account,CUST101611,60.0,60.0,1.0,,,
A_CUST101614,account,CUST101614,60.0,60.0,1.0,,,
A_CUST101615,account,CUST101615,72.5,85.0,2.0,,,
A_CUST101616,account,CUST101616,80.0,80.0,1.0,,,
A_CUST101618,account,CUST101618,60.0,60.0,1.0,,,
A_CUST101623,account,CUST101623,65.0,65.0,1.0,,,
A_CUST101629,account,CUST101629,60.0,60.0,1.0,,,
A_CUST101631,account,CUST101631,60.0,60.0,2.0,,,
A_CUST101632,account,CUST101632,65.0,65.0,1.0,,,
A_CUST101633,account,CUST101633,65.0,70.0,2.0,,,
A_CUST101642,account,CUST101642,65.0,75.0,3.0,,,
A_CUST101650,account,CUST101650,60.0,60.0,1.0,,,
A_CUST101658,account,CUST101658,80.0,85.0,2.0,,,
A_CUST101659,account,CUST101659,60.0,60.0,1.0,,,
A_CUST101661,account,CUST101661,65.0,70.0,2.0,,,
A_CUST101664,account,CUST101664,70.0,70.0,1.0,,,
A_CUST101678,account,CUST101678,60.0,60.0,1.0,,,
A_CUST101679,account,CUST101679,60.0,60.0,1.0,,,
A_CUST101685,account,CUST101685,70.0,75.0,3.0,,,
A_CUST101687,account,CUST101687,65.0,65.0,1.0,,,
A_CUST101689,account,CUST101689,60.0,60.0,1.0,,,
A_CUST101694,account,CUST101694,60.0,60.0,1.0,,,
A_CUST101697,account,CUST101697,60.0,60.0,1.0,,,
A_CUST101701,account,CUST101701,70.0,70.0,1.0,,,
A_CUST101703,account,CUST101703,70.0,70.0,1.0,,,
A_CUST101708,account,CUST101708,85.0,85.0,1.0,,,
A_CUST101709,account,CUST101709,70.0,70.0,1.0,,,
A_CUST101710,account,CUST101710,60.0,60.0,1.0,,,
A_CUST101711,account,CUST101711,65.0,65.0,1.0,,,
A_CUST101721,account,CUST101721,75.0,75.0,1.0,,,
A_CUST101722,account,CUST101722,60.0,60.0,1.0,,,
A_CUST101726,account,CUST101726,75.0,75.0,1.0,,,
A_CUST101729,account,CUST101729,60.0,60.0,1.0,,,
A_CUST101730,account,CUST101730,60.0,60.0,2.0,,,
A_CUST101733,account,CUST101733,75.0,85.0,3.0,,,
A_CUST101737,account,CUST101737,65.0,70.0,2.0,,,
A_CUST101738,account,CUST101738,70.0,70.0,1.0,,,
A_CUST101744,account,CUST101744,60.0,60.0,1.0,,,
A_CUST101749,account,CUST101749,65.0,65.0,1.0,,,
A_CUST101756,account,CUST101756,70.0,70.0,1.0,,,
A_CUST101757,account,CUST101757,65.0,65.0,1.0,,,
A_CUST101767,account,CUST101767,60.0,60.0,1.0,,,
A_CUST101772,account,CUST101772,80.0,80.0,1.0,,,
A_CUST101773,account,CUST101773,62.5,70.0,4.0,,,
A_CUST101778,account,CUST101778,62.5,65.0,2.0,,,
A_CUST101786,account,CUST101786,80.0,80.0,1.0,,,
A_CUST101788,account,CUST101788,60.0,60.0,1.0,,,
A_CUST101792,account,CUST101792,70.0,70.0,1.0,,,
A_CUST101795,account,CUST101795,82.5,95.0,2.0,,,
A_CUST101799,account,CUST101799,60.0,60.0,1.0,,,
A_CUST101800,account,CUST101800,60.0,60.0,2.0,,,
A_CUST101801,account,CUST101801,60.0,60.0,1.0,,,
A_CUST101803,account,CUST101803,60.0,60.0,1.0,,,
A_CUST101804,account,CUST101804,68.6,85.0,7.0,,,
A_CUST101809,account,CUST101809,62.5,70.0,4.0,,,
A_CUST101811,account,CUST101811,60.0,60.0,1.0,,,
A_CUST101814,account,CUST101814,60.0,60.0,2.0,,,
A_CUST101821,account,CUST101821,60.0,60.0,1.0,,,
A_CUST101823,account,CUST101823,66.7,70.0,3.0,,,
A_CUST101827,account,CUST101827,70.0,70.0,2.0,,,
A_CUST101829,account,CUST101829,60.0,60.0,1.0,,,
A_CUST101831,account,CUST101831,80.0,80.0,1.0,,,
A_CUST101835,account,CUST101835,65.0,70.0,2.0,,,
A_CUST101839,account,CUST101839,75.0,75.0,1.0,,,
A_CUST101841,account,CUST101841,75.0,75.0,1.0,,,
A_CUST101845,account,CUST101845,63.3,70.0,3.0,,,
A_CUST101846,account,CUST101846,70.0,70.0,1.0,,,
A_CUST101850,account,CUST101850,62.5,65.0,2.0,,,
A_CUST101853,account,CUST101853,65.0,65.0,1.0,,,
A_CUST101855,account,CUST101855,65.0,65.0,1.0,,,
A_CUST101858,account,CUST101858,95.0,95.0,1.0,,,
A_CUST101859,account,CUST101859,70.0,80.0,2.0,,,
A_CUST101860,account,CUST101860,75.0,75.0,1.0,,,
A_CUST101863,account,CUST101863,60.0,60.0,1.0,,,
A_CUST101864,account,CUST101864,60.0,60.0,1.0,,,
A_CUST101866,account,CUST101866,60.0,60.0,3.0,,,
A_CUST101867,account,CUST101867,65.0,70.0,3.0,,,
A_CUST101868,account,CUST101868,70.0,70.0,1.0,,,
A_CUST101869,account,CUST101869,85.0,85.0,1.0,,,
A_CUST101872,account,CUST101872,65.0,65.0,1.0,,,
A_CUST101874,account,CUST101874,67.5,75.0,4.0,,,
A_CUST101875,account,CUST101875,60.0,60.0,1.0,,,
A_CUST101881,account,CUST101881,70.0,70.0,1.0,,,
A_CUST101886,account,CUST101886,70.0,70.0,1.0,,,
A_CUST101893,account,CUST101893,60.0,60.0,1.0,,,
A_CUST101895,account,CUST101895,65.0,65.0,1.0,,,
A_CUST101897,account,CUST101897,60.0,60.0,1.0,,,
A_CUST101900,account,CUST101900,70.0,70.0,1.0,,,
A_CUST101904,account,CUST101904,80.0,80.0,1.0,,,
A_CUST101907,account,CUST101907,65.0,65.0,1.0,,,
A_CUST101909,account,CUST101909,60.0,60.0,1.0,,,
A_CUST101910,account,CUST101910,68.8,75.0,4.0,,,
A_CUST101913,account,CUST101913,60.0,60.0,1.0,,,
A_CUST101915,account,CUST101915,70.0,70.0,2.0,,,
A_CUST101918,account,CUST101918,65.0,70.0,2.0,,,
A_CUST101920,account,CUST101920,60.0,60.0,1.0,,,
A_CUST101925,account,CUST101925,67.5,75.0,2.0,,,
A_CUST101926,account,CUST101926,65.0,70.0,2.0,,,
A_CUST101929,account,CUST101929,75.0,75.0,1.0,,,
A_CUST101937,account,CUST101937,65.0,70.0,2.0,,,
A_CUST101939,account,CUST101939,70.0,70.0,3.0,,,
A_CUST101940,account,CUST101940,75.0,80.0,2.0,,,
A_CUST101945,account,CUST101945,65.0,70.0,3.0,,,
A_CUST101948,account,CUST101948,70.0,70.0,1.0,,,
A_CUST101949,account,CUST101949,60.0,60.0,1.0,,,
A_CUST101950,account,CUST101950,80.0,80.0,1.0,,,
A_CUST101958,account,CUST101958,75.0,75.0,1.0,,,
A_CUST101965,account,CUST101965,60.0,60.0,2.0,,,
A_CUST101969,account,CUST101969,72.5,85.0,2.0,,,
A_CUST101972,account,CUST101972,70.0,70.0,1.0,,,
A_CUST101973,account,CUST101973,60.0,60.0,1.0,,,
A_CUST101977,account,CUST101977,65.0,65.0,1.0,,,
A_CUST101979,account,CUST101979,70.0,70.0,1.0,,,
A_CUST101980,account,CUST101980,60.0,60.0,3.0,,,
A_CUST101983,account,CUST101983,60.0,60.0,1.0,,,
A_CUST101988,account,CUST101988,60.0,60.0,1.0,,,
A_CUST101994,account,CUST101994,62.5,70.0,4.0,,,
A_CUST101997,account,CUST101997,70.0,70.0,1.0,,,
A_CUST101999,account,CUST101999,65.0,70.0,3.0,,,
A_CUST102000,account,CUST102000,80.0,85.0,3.0,,,
A_CUST102007,account,CUST102007,75.0,85.0,4.0,,,
A_CUST102021,account,CUST102021,66.7,75.0,3.0,,,
A_CUST102032,account,CUST102032,75.0,80.0,2.0,,,
A_CUST102033,account,CUST102033,70.0,70.0,1.0,,,
A_CUST102035,account,CUST102035,65.0,65.0,1.0,,,
A_CUST102037,account,CUST102037,65.0,65.0,1.0,,,
A_CUST102055,account,CUST102055,60.0,60.0,1.0,,,
A_CUST102064,account,CUST102064,67.5,70.0,2.0,,,
A_CUST102065,account,CUST102065,61.7,65.0,3.0,,,
A_CUST102066,account,CUST102066,70.0,70.0,1.0,,,
A_CUST102068,account,CUST102068,60.0,60.0,1.0,,,
A_CUST102076,account,CUST102076,65.0,65.0,1.0,,,
A_CUST102090,account,CUST102090,60.0,60.0,1.0,,,
A_CUST102095,account,CUST102095,75.0,75.0,1.0,,,
A_CUST102097,account,CUST102097,60.0,60.0,1.0,,,
A_CUST102101,account,CUST102101,85.0,85.0,1.0,,,
A_CUST102115,account,CUST102115,60.0,60.0,1.0,,,
A_CUST102116,account,CUST102116,60.0,60.0,2.0,,,
A_CUST102117,account,CUST102117,65.0,65.0,1.0,,,
A_CUST102122,account,CUST102122,65.0,65.0,1.0,,,
A_CUST102123,account,CUST102123,60.0,60.0,1.0,,,
A_CUST102125,account,CUST102125,70.0,70.0,1.0,,,
A_CUST102127,account,CUST102127,70.0,70.0,1.0,,,
A_CUST102129,account,CUST102129,70.0,70.0,2.0,,,
A_CUST102132,account,CUST102132,65.0,70.0,2.0,,,
A_CUST102140,account,CUST102140,75.0,75.0,1.0,,,
A_CUST102143,account,CUST102143,67.5,75.0,2.0,,,
A_CUST102144,account,CUST102144,62.5,65.0,2.0,,,
A_CUST102149,account,CUST102149,65.0,65.0,1.0,,,
A_CUST102151,account,CUST102151,65.0,65.0,1.0,,,
A_CUST102153,account,CUST102153,60.0,60.0,2.0,,,
A_CUST102158,account,CUST102158,60.0,60.0,1.0,,,
A_CUST102163,account,CUST102163,65.0,65.0,1.0,,,
A_CUST102173,account,CUST102173,60.0,60.0,2.0,,,
A_CUST102176,account,CUST102176,60.0,60.0,1.0,,,
A_CUST102191,account,CUST102191,60.0,60.0,1.0,,,
A_CUST102193,account,CUST102193,62.5,65.0,2.0,,,
A_CUST102197,account,CUST102197,60.0,60.0,2.0,,,
A_CUST102202,account,CUST102202,75.0,80.0,2.0,,,
A_CUST102209,account,CUST102209,70.0,70.0,3.0,,,
A_CUST102215,account,CUST102215,60.0,60.0,1.0,,,
A_CUST102224,account,CUST102224,65.0,65.0,1.0,,,
A_CUST102228,account,CUST102228,65.0,65.0,1.0,,,
A_CUST102230,account,CUST102230,60.0,60.0,1.0,,,
A_CUST102231,account,CUST102231,68.3,70.0,3.0,,,
A_CUST102232,account,CUST102232,60.0,60.0,1.0,,,
A_CUST102237,account,CUST102237,60.0,60.0,1.0,,,
A_CUST102238,account,CUST102238,60.0,60.0,1.0,,,
A_CUST102240,account,CUST102240,60.0,60.0,2.0,,,
A_CUST102258,account,CUST102258,72.5,85.0,2.0,,,
A_CUST102263,account,CUST102263,65.0,65.0,1.0,,,
A_CUST102264,account,CUST102264,60.0,60.0,1.0,,,
A_CUST102267,account,CUST102267,70.0,70.0,1.0,,,
A_CUST102271,account,CUST102271,60.0,60.0,1.0,,,
A_CUST102273,account,CUST102273,60.0,60.0,1.0,,,
A_CUST102278,account,CUST102278,65.0,70.0,4.0,,,
A_CUST102282,account,CUST102282,65.0,65.0,1.0,,,
A_CUST102284,account,CUST102284,75.0,90.0,2.0,,,
A_CUST102287,account,CUST102287,70.0,70.0,1.0,,,
A_CUST102290,account,CUST102290,70.0,80.0,2.0,,,
A_CUST102300,account,CUST102300,95.0,95.0,1.0,,,
A_CUST102301,account,CUST102301,60.0,60.0,1.0,,,
A_CUST102306,account,CUST102306,60.0,60.0,1.0,,,
A_CUST102312,account,CUST102312,62.5,65.0,2.0,,,
A_CUST102314,account,CUST102314,65.0,65.0,1.0,,,
A_CUST102315,account,CUST102315,70.0,70.0,1.0,,,
A_CUST102318,account,CUST102318,60.0,60.0,2.0,,,
A_CUST102323,account,CUST102323,60.0,60.0,1.0,,,
A_CUST102326,account,CUST102326,75.0,75.0,1.0,,,
A_CUST102329,account,CUST102329,60.0,60.0,1.0,,,
A_CUST102330,account,CUST102330,65.0,65.0,2.0,,,
A_CUST102332,account,CUST102332,80.0,95.0,2.0,,,
A_CUST102333,account,CUST102333,60.0,60.0,1.0,,,
A_CUST102336,account,CUST102336,60.0,60.0,2.0,,,
A_CUST102339,account,CUST102339,60.0,60.0,1.0,,,
A_CUST102345,account,CUST102345,70.0,85.0,4.0,,,
A_CUST102347,account,CUST102347,60.0,60.0,1.0,,,
A_CUST102353,account,CUST102353,70.0,70.0,1.0,,,
A_CUST102354,account,CUST102354,60.0,60.0,1.0,,,
A_CUST102361,account,CUST102361,60.0,60.0,1.0,,,
A_CUST102363,account,CUST102363,60.0,60.0,1.0,,,
A_CUST102365,account,CUST102365,60.0,60.0,1.0,,,
A_CUST102368,account,CUST102368,60.0,60.0,2.0,,,
A_CUST102380,account,CUST102380,60.0,60.0,3.0,,,
A_CUST102385,account,CUST102385,60.0,60.0,1.0,,,
A_CUST102388,account,CUST102388,65.0,70.0,4.0,,,
A_CUST102391,account,CUST102391,60.0,60.0,1.0,,,
A_CUST102394,account,CUST102394,77.0,95.0,5.0,,,
A_CUST102397,account,CUST102397,66.7,70.0,3.0,,,
A_CUST102398,account,CUST102398,60.0,60.0,1.0,,,
A_CUST102403,account,CUST102403,68.3,75.0,3.0,,,
A_CUST102407,account,CUST102407,81.7,95.0,3.0,,,
A_CUST102411,account,CUST102411,60.0,60.0,1.0,,,
A_CUST102418,account,CUST102418,63.3,70.0,3.0,,,
A_CUST102420,account,CUST102420,75.0,75.0,1.0,,,
A_CUST102426,account,CUST102426,65.0,70.0,2.0,,,
A_CUST102432,account,CUST102432,75.0,75.0,2.0,,,
A_CUST102435,account,CUST102435,60.0,60.0,1.0,,,
A_CUST102439,account,CUST102439,63.3,70.0,3.0,,,
A_CUST102443,account,CUST102443,60.0,60.0,1.0,,,
A_CUST102445,account,CUST102445,60.0,60.0,1.0,,,
A_CUST102446,account,CUST102446,65.0,70.0,2.0,,,
A_CUST102448,account,CUST102448,60.0,60.0,1.0,,,
A_CUST102451,account,CUST102451,60.0,60.0,2.0,,,
A_CUST102454,account,CUST102454,60.0,60.0,2.0,,,
A_CUST102457,account,CUST102457,60.0,60.0,1.0,,,
A_CUST102461,account,CUST102461,65.0,65.0,1.0,,,
A_CUST102462,account,CUST102462,73.3,85.0,3.0,,,
A_CUST102473,account,CUST102473,60.0,60.0,1.0,,,
A_CUST102474,account,CUST102474,70.0,70.0,1.0,,,
A_CUST102483,account,CUST102483,65.0,70.0,2.0,,,
A_CUST102486,account,CUST102486,60.0,60.0,1.0,,,
A_CUST102487,account,CUST102487,60.0,60.0,1.0,,,
A_CUST102492,account,CUST102492,65.0,70.0,2.0,,,
A_CUST102497,account,CUST102497,60.0,60.0,1.0,,,
A_CUST102499,account,CUST102499,73.3,80.0,3.0,,,
A_CUST102500,account,CUST102500,60.0,60.0,1.0,,,
A_CUST102502,account,CUST102502,60.0,60.0,1.0,,,
A_CUST102503,account,CUST102503,70.0,70.0,1.0,,,
A_CUST102505,account,CUST102505,92.5,100.0,2.0,,,
A_CUST102507,account,CUST102507,60.0,60.0,3.0,,,
A_CUST102513,account,CUST102513,60.0,60.0,2.0,,,
A_CUST102514,account,CUST102514,60.0,60.0,1.0,,,
A_CUST102516,account,CUST102516,60.0,60.0,1.0,,,
A_CUST102519,account,CUST102519,85.0,85.0,1.0,,,
A_CUST102530,account,CUST102530,65.0,65.0,1.0,,,
A_CUST102539,account,CUST102539,60.0,60.0,2.0,,,
A_CUST102542,account,CUST102542,80.0,80.0,1.0,,,
A_CUST102544,account,CUST102544,70.0,70.0,1.0,,,
A_CUST102545,account,CUST102545,60.0,60.0,1.0,,,
A_CUST102546,account,CUST102546,65.0,65.0,1.0,,,
A_CUST102551,account,CUST102551,65.0,65.0,1.0,,,
A_CUST102568,account,CUST102568,70.0,80.0,2.0,,,
A_CUST102573,account,CUST102573,60.0,60.0,1.0,,,
A_CUST102577,account,CUST102577,60.0,60.0,1.0,,,
A_CUST102578,account,CUST102578,60.0,60.0,1.0,,,
A_CUST102586,account,CUST102586,70.0,70.0,1.0,,,
A_CUST102587,account,CUST102587,67.5,75.0,2.0,,,
A_CUST102588,account,CUST102588,65.0,70.0,2.0,,,
A_CUST102592,account,CUST102592,70.0,70.0,1.0,,,
A_CUST102594,account,CUST102594,70.0,70.0,1.0,,,
A_CUST102596,account,CUST102596,60.0,60.0,1.0,,,
A_CUST102602,account,CUST102602,60.0,60.0,1.0,,,
A_CUST102608,account,CUST102608,60.0,60.0,1.0,,,
A_CUST102610,account,CUST102610,63.3,70.0,3.0,,,
A_CUST102612,account,CUST102612,70.0,70.0,1.0,,,
A_CUST102616,account,CUST102616,80.0,80.0,1.0,,,
A_CUST102620,account,CUST102620,100.0,100.0,1.0,,,
A_CUST102621,account,CUST102621,81.7,100.0,6.0,,,
A_CUST102622,account,CUST102622,60.0,60.0,1.0,,,
A_CUST102625,account,CUST102625,65.0,70.0,2.0,,,
A_CUST102627,account,CUST102627,65.0,65.0,1.0,,,
A_CUST102628,account,CUST102628,70.0,70.0,1.0,,,
A_CUST102635,account,CUST102635,60.0,60.0,1.0,,,
A_CUST102643,account,CUST102643,70.0,75.0,2.0,,,
A_CUST102650,account,CUST102650,60.0,60.0,2.0,,,
A_CUST102654,account,CUST102654,75.0,75.0,1.0,,,
A_CUST102661,account,CUST102661,65.0,70.0,2.0,,,
A_CUST102671,account,CUST102671,70.0,70.0,2.0,,,
A_CUST102672,account,CUST102672,65.0,65.0,1.0,,,
A_CUST102675,account,CUST102675,60.0,60.0,1.0,,,
A_CUST102676,account,CUST102676,60.0,60.0,1.0,,,
A_CUST102685,account,CUST102685,75.0,75.0,1.0,,,
A_CUST102687,account,CUST102687,60.0,60.0,1.0,,,
A_CUST102688,account,CUST102688,77.5,90.0,2.0,,,
A_CUST102689,account,CUST102689,60.0,60.0,1.0,,,
A_CUST102693,account,CUST102693,70.0,70.0,2.0,,,
A_CUST102695,account,CUST102695,60.0,60.0,1.0,,,
A_CUST102700,account,CUST102700,60.0,60.0,1.0,,,
A_CUST102701,account,CUST102701,65.0,65.0,1.0,,,
A_CUST102702,account,CUST102702,65.0,65.0,1.0,,,
A_CUST102705,account,CUST102705,70.0,70.0,1.0,,,
A_CUST102707,account,CUST102707,60.0,60.0,1.0,,,
A_CUST102708,account,CUST102708,60.0,60.0,1.0,,,
A_CUST102710,account,CUST102710,70.0,70.0,1.0,,,
A_CUST102725,account,CUST102725,60.0,60.0,1.0,,,
A_CUST102727,account,CUST102727,60.0,60.0,1.0,,,
A_CUST102733,account,CUST102733,60.0,60.0,3.0,,,
A_CUST102734,account,CUST102734,60.0,60.0,1.0,,,
A_CUST102739,account,CUST102739,60.0,60.0,1.0,,,
A_CUST102742,account,CUST102742,60.0,60.0,2.0,,,
A_CUST102743,account,CUST102743,60.0,60.0,2.0,,,
A_CUST102744,account,CUST102744,60.0,60.0,1.0,,,
A_CUST102747,account,CUST102747,68.8,75.0,4.0,,,
A_CUST102748,account,CUST102748,60.0,60.0,2.0,,,
A_CUST102750,account,CUST102750,65.0,70.0,2.0,,,
A_CUST102752,account,CUST102752,75.0,90.0,2.0,,,
A_CUST102754,account,CUST102754,65.0,65.0,1.0,,,
A_CUST102756,account,CUST102756,60.0,60.0,1.0,,,
A_CUST102758,account,CUST102758,60.0,60.0,1.0,,,
A_CUST102762,account,CUST102762,70.0,70.0,1.0,,,
A_CUST102763,account,CUST102763,60.0,60.0,1.0,,,
A_CUST102765,account,CUST102765,60.0,60.0,1.0,,,
A_CUST102784,account,CUST102784,60.0,60.0,1.0,,,
A_CUST102789,account,CUST102789,60.0,60.0,1.0,,,
A_CUST102793,account,CUST102793,70.0,70.0,1.0,,,
A_CUST102794,account,CUST102794,65.0,70.0,2.0,,,
A_CUST102797,account,CUST102797,67.5,70.0,2.0,,,
A_CUST102800,account,CUST102800,60.0,60.0,1.0,,,
A_CUST102806,account,CUST102806,60.0,60.0,1.0,,,
A_CUST102813,account,CUST102813,70.0,70.0,1.0,,,
A_CUST102824,account,CUST102824,63.3,70.0,3.0,,,
A_CUST102828,account,CUST102828,60.0,60.0,1.0,,,
A_CUST102831,account,CUST102831,60.0,60.0,1.0,,,
A_CUST102833,account,CUST102833,65.0,65.0,1.0,,,
A_CUST102836,account,CUST102836,60.0,60.0,1.0,,,
A_CUST102839,account,CUST102839,60.0,60.0,1.0,,,
A_CUST102845,account,CUST102845,60.0,60.0,2.0,,,
A_CUST102846,account,CUST102846,60.0,60.0,1.0,,,
A_CUST102847,account,CUST102847,60.0,60.0,1.0,,,
A_CUST102849,account,CUST102849,62.5,65.0,2.0,,,
A_CUST102850,account,CUST102850,70.0,70.0,1.0,,,
A_CUST102856,account,CUST102856,60.0,60.0,1.0,,,
A_CUST102864,account,CUST102864,65.0,65.0,1.0,,,
A_CUST102865,account,CUST102865,65.0,65.0,1.0,,,
A_CUST102873,account,CUST102873,70.0,70.0,1.0,,,
A_CUST102878,account,CUST102878,85.0,85.0,1.0,,,
A_CUST102887,account,CUST102887,60.0,60.0,2.0,,,
A_CUST102890,account,CUST102890,65.0,65.0,1.0,,,
A_CUST102893,account,CUST102893,70.0,70.0,1.0,,,
A_CUST102895,account,CUST102895,70.0,70.0,1.0,,,
A_CUST102896,account,CUST102896,80.0,95.0,3.0,,,
A_CUST102897,account,CUST102897,65.0,65.0,1.0,,,
A_CUST102899,account,CUST102899,63.8,70.0,4.0,,,
A_CUST102900,account,CUST102900,70.0,70.0,1.0,,,
A_CUST102909,account,CUST102909,60.0,60.0,1.0,,,
A_CUST102910,account,CUST102910,75.0,75.0,1.0,,,
A_CUST102915,account,CUST102915,60.0,60.0,1.0,,,
A_CUST102920,account,CUST102920,60.0,60.0,2.0,,,
A_CUST102929,account,CUST102929,85.0,85.0,1.0,,,
A_CUST102932,account,CUST102932,60.0,60.0,1.0,,,
A_CUST102934,account,CUST102934,60.0,60.0,1.0,,,
A_CUST102940,account,CUST102940,90.0,90.0,1.0,,,
A_CUST102942,account,CUST102942,60.0,60.0,2.0,,,
A_CUST102943,account,CUST102943,70.0,70.0,1.0,,,
A_CUST102946,account,CUST102946,60.0,60.0,1.0,,,
A_CUST102951,account,CUST102951,60.0,60.0,1.0,,,
A_CUST102954,account,CUST102954,60.0,60.0,1.0,,,
A_CUST102960,account,CUST102960,75.0,75.0,1.0,,,
A_CUST102962,account,CUST102962,70.0,70.0,1.0,,,
A_CUST102967,account,CUST102967,66.2,85.0,4.0,,,
A_CUST102969,account,CUST102969,85.0,85.0,1.0,,,
A_CUST102971,account,CUST102971,65.0,65.0,1.0,,,
A_CUST102974,account,CUST102974,70.0,70.0,2.0,,,
A_CUST102975,account,CUST102975,60.0,60.0,1.0,,,
A_CUST102979,account,CUST102979,60.0,60.0,1.0,,,
A_CUST102981,account,CUST102981,60.0,60.0,1.0,,,
A_CUST102983,account,CUST102983,70.0,70.0,1.0,,,
A_CUST102986,account,CUST102986,60.0,60.0,1.0,,,
A_CUST102987,account,CUST102987,70.0,70.0,2.0,,,
A_CUST102989,account,CUST102989,60.0,60.0,1.0,,,
A_CUST102990,account,CUST102990,75.0,75.0,1.0,,,
A_CUST102993,account,CUST102993,60.0,60.0,1.0,,,
A_CUST103009,account,CUST103009,75.0,80.0,2.0,,,
A_CUST103016,account,CUST103016,67.5,75.0,2.0,,,
A_CUST103022,account,CUST103022,60.0,60.0,1.0,,,
A_CUST103023,account,CUST103023,65.0,65.0,1.0,,,
A_CUST103025,account,CUST103025,65.0,70.0,2.0,,,
A_CUST103027,account,CUST103027,75.0,75.0,1.0,,,
A_CUST103032,account,CUST103032,70.0,70.0,1.0,,,
A_CUST103034,account,CUST103034,70.0,70.0,1.0,,,
A_CUST103041,account,CUST103041,87.5,100.0,6.0,,,
A_CUST103042,account,CUST103042,60.0,60.0,1.0,,,
A_CUST103043,account,CUST103043,60.0,60.0,1.0,,,
A_CUST103046,account,CUST103046,80.0,80.0,1.0,,,
A_CUST103048,account,CUST103048,90.0,100.0,3.0,,,
A_CUST103050,account,CUST103050,75.0,75.0,1.0,,,
A_CUST103060,account,CUST103060,60.0,60.0,1.0,,,
A_CUST103073,account,CUST103073,100.0,100.0,6.0,,,
A_CUST103077,account,CUST103077,70.0,70.0,2.0,,,
A_CUST103080,account,CUST103080,63.0,70.0,5.0,,,
A_CUST103081,account,CUST103081,77.0,100.0,5.0,,,
A_CUST103083,account,CUST103083,60.0,60.0,1.0,,,
A_CUST103085,account,CUST103085,60.0,60.0,1.0,,,
A_CUST103087,account,CUST103087,80.0,100.0,2.0,,,
A_CUST103095,account,CUST103095,70.0,70.0,1.0,,,
A_CUST103098,account,CUST103098,65.0,70.0,4.0,,,
A_CUST103099,account,CUST103099,62.5,65.0,2.0,,,
A_CUST103107,account,CUST103107,70.0,70.0,1.0,,,
A_CUST103117,account,CUST103117,60.0,60.0,1.0,,,
A_CUST103125,account,CUST103125,60.0,60.0,1.0,,,
A_CUST103131,account,CUST103131,60.0,60.0,1.0,,,
A_CUST103132,account,CUST103132,75.0,75.0,1.0,,,
A_CUST103133,account,CUST103133,60.0,60.0,1.0,,,
A_CUST103134,account,CUST103134,65.0,65.0,1.0,,,
A_CUST103136,account,CUST103136,60.0,60.0,3.0,,,
A_CUST103139,account,CUST103139,70.0,70.0,1.0,,,
A_CUST103140,account,CUST103140,60.0,60.0,1.0,,,
A_CUST103143,account,CUST103143,72.5,90.0,4.0,,,
A_CUST103145,account,CUST103145,70.0,70.0,1.0,,,
A_CUST103146,account,CUST103146,60.0,60.0,1.0,,,
A_CUST103147,account,CUST103147,70.0,70.0,1.0,,,
A_CUST103148,account,CUST103148,60.0,60.0,1.0,,,
A_CUST103151,account,CUST103151,62.5,70.0,4.0,,,
A_CUST103152,account,CUST103152,70.0,70.0,2.0,,,
A_CUST103158,account,CUST103158,70.0,90.0,3.0,,,
A_CUST103162,account,CUST103162,60.0,60.0,1.0,,,
A_CUST103163,account,CUST103163,80.0,95.0,3.0,,,
A_CUST103166,account,CUST103166,65.0,65.0,1.0,,,
A_CUST103173,account,CUST103173,70.0,70.0,1.0,,,
A_CUST103176,account,CUST103176,60.0,60.0,1.0,,,
A_CUST103177,account,CUST103177,67.5,75.0,2.0,,,
A_CUST103180,account,CUST103180,66.7,80.0,3.0,,,
A_CUST103185,account,CUST103185,60.0,60.0,1.0,,,
A_CUST103190,account,CUST103190,60.0,60.0,1.0,,,
A_CUST103195,account,CUST103195,85.0,85.0,1.0,,,
A_CUST103200,account,CUST103200,75.0,75.0,1.0,,,
A_CUST103219,account,CUST103219,60.0,60.0,1.0,,,
A_CUST103220,account,CUST103220,62.5,65.0,2.0,,,
A_CUST103221,account,CUST103221,65.0,70.0,4.0,,,
A_CUST103223,account,CUST103223,60.0,60.0,2.0,,,
A_CUST103226,account,CUST103226,60.0,60.0,1.0,,,
A_CUST103227,account,CUST103227,60.0,60.0,1.0,,,
A_CUST103228,account,CUST103228,60.0,60.0,1.0,,,
A_CUST103239,account,CUST103239,60.0,60.0,1.0,,,
A_CUST103240,account,CUST103240,60.0,60.0,1.0,,,
A_CUST103251,account,CUST103251,70.0,70.0,1.0,,,
A_CUST103252,account,CUST103252,70.0,70.0,1.0,,,
A_CUST103254,account,CUST103254,60.0,60.0,1.0,,,
A_CUST103256,account,CUST103256,60.0,60.0,1.0,,,
A_CUST103257,account,CUST103257,65.0,65.0,1.0,,,
A_CUST103258,account,CUST103258,65.0,70.0,2.0,,,
A_CUST103261,account,CUST103261,61.7,65.0,3.0,,,
A_CUST103263,account,CUST103263,60.0,60.0,1.0,,,
A_CUST103264,account,CUST103264,71.7,80.0,3.0,,,
A_CUST103266,account,CUST103266,72.5,75.0,2.0,,,
A_CUST103271,account,CUST103271,70.0,70.0,1.0,,,
A_CUST103272,account,CUST103272,66.7,70.0,3.0,,,
A_CUST103274,account,CUST103274,70.0,70.0,1.0,,,
A_CUST103278,account,CUST103278,60.0,60.0,1.0,,,
A_CUST103283,account,CUST103283,60.0,60.0,1.0,,,
A_CUST103284,account,CUST103284,70.0,70.0,1.0,,,
A_CUST103285,account,CUST103285,60.0,60.0,1.0,,,
A_CUST103287,account,CUST103287,85.0,85.0,1.0,,,
A_CUST103290,account,CUST103290,60.0,60.0,1.0,,,
A_CUST103295,account,CUST103295,67.5,70.0,2.0,,,
A_CUST103300,account,CUST103300,60.0,60.0,1.0,,,
A_CUST103302,account,CUST103302,70.0,70.0,1.0,,,
A_CUST103303,account,CUST103303,65.0,70.0,2.0,,,
A_CUST103304,account,CUST103304,60.0,60.0,1.0,,,
A_CUST103306,account,CUST103306,60.0,60.0,1.0,,,
A_CUST103307,account,CUST103307,62.5,65.0,2.0,,,
A_CUST103308,account,CUST103308,66.0,80.0,5.0,,,
A_CUST103312,account,CUST103312,70.0,70.0,1.0,,,
A_CUST103314,account,CUST103314,67.5,70.0,2.0,,,
A_CUST103317,account,CUST103317,60.0,60.0,3.0,,,
A_CUST103320,account,CUST103320,60.0,60.0,1.0,,,
A_CUST103322,account,CUST103322,66.7,70.0,3.0,,,
A_CUST103323,account,CUST103323,60.0,60.0,1.0,,,
A_CUST103333,account,CUST103333,60.0,60.0,2.0,,,
A_CUST103335,account,CUST103335,60.0,60.0,2.0,,,
A_CUST103341,account,CUST103341,60.0,60.0,1.0,,,
A_CUST103344,account,CUST103344,60.0,60.0,1.0,,,
A_CUST103345,account,CUST103345,70.0,70.0,1.0,,,
A_CUST103346,account,CUST103346,67.5,70.0,2.0,,,
A_CUST103352,account,CUST103352,60.0,60.0,1.0,,,
A_CUST103353,account,CUST103353,75.0,75.0,1.0,,,
A_CUST103356,account,CUST103356,71.7,85.0,3.0,,,
A_CUST103358,account,CUST103358,65.0,65.0,1.0,,,
A_CUST103360,account,CUST103360,75.0,75.0,1.0,,,
A_CUST103364,account,CUST103364,72.5,75.0,2.0,,,
A_CUST103368,account,CUST103368,60.0,60.0,1.0,,,
A_CUST103369,account,CUST103369,65.0,65.0,1.0,,,
A_CUST103371,account,CUST103371,90.0,95.0,2.0,,,
A_CUST103372,account,CUST103372,60.0,60.0,2.0,,,
A_CUST103373,account,CUST103373,60.0,60.0,1.0,,,
A_CUST103374,account,CUST103374,60.0,60.0,1.0,,,
A_CUST103377,account,CUST103377,70.0,70.0,1.0,,,
A_CUST103380,account,CUST103380,65.0,65.0,2.0,,,
A_CUST103383,account,CUST103383,75.0,75.0,1.0,,,
A_CUST103385,account,CUST103385,60.0,60.0,1.0,,,
A_CUST103390,account,CUST103390,65.0,65.0,1.0,,,
A_CUST103397,account,CUST103397,65.0,65.0,1.0,,,
A_CUST103405,account,CUST103405,60.0,60.0,1.0,,,
A_CUST103409,account,CUST103409,70.0,70.0,1.0,,,
A_CUST103410,account,CUST103410,60.0,60.0,1.0,,,
A_CUST103418,account,CUST103418,60.0,60.0,1.0,,,
A_CUST103422,account,CUST103422,77.5,100.0,4.0,,,
A_CUST103425,account,CUST103425,68.0,85.0,5.0,,,
A_CUST103429,account,CUST103429,62.5,65.0,2.0,,,
A_CUST103431,account,CUST103431,60.0,60.0,1.0,,,
A_CUST103437,account,CUST103437,60.0,60.0,1.0,,,
A_CUST103440,account,CUST103440,60.0,60.0,1.0,,,
A_CUST103445,account,CUST103445,60.0,60.0,4.0,,,
A_CUST103452,account,CUST103452,68.3,75.0,3.0,,,
A_CUST103455,account,CUST103455,75.0,80.0,2.0,,,
A_CUST103456,account,CUST103456,60.0,60.0,1.0,,,
A_CUST103457,account,CUST103457,60.0,60.0,1.0,,,
A_CUST103458,account,CUST103458,60.0,60.0,1.0,,,
A_CUST103465,account,CUST103465,70.0,70.0,1.0,,,
A_CUST103469,account,CUST103469,70.0,70.0,1.0,,,
A_CUST103481,account,CUST103481,70.0,80.0,2.0,,,
A_CUST103491,account,CUST103491,60.0,60.0,1.0,,,
A_CUST103492,account,CUST103492,75.0,75.0,1.0,,,
A_CUST103496,account,CUST103496,72.5,80.0,2.0,,,
A_CUST103500,account,CUST103500,60.0,60.0,1.0,,,
A_CUST103511,account,CUST103511,80.0,80.0,1.0,,,
A_CUST103515,account,CUST103515,75.0,75.0,1.0,,,
A_CUST103519,account,CUST103519,60.0,60.0,1.0,,,
A_CUST103520,account,CUST103520,65.0,75.0,3.0,,,
A_CUST103524,account,CUST103524,75.0,75.0,1.0,,,
A_CUST103529,account,CUST103529,60.0,60.0,2.0,,,
A_CUST103539,account,CUST103539,80.0,80.0,1.0,,,
A_CUST103545,account,CUST103545,70.0,70.0,1.0,,,
A_CUST103547,account,CUST103547,70.0,70.0,2.0,,,
A_CUST103553,account,CUST103553,70.0,70.0,3.0,,,
A_CUST103554,account,CUST103554,60.0,60.0,1.0,,,
A_CUST103559,account,CUST103559,60.0,60.0,1.0,,,
A_CUST103565,account,CUST103565,65.0,70.0,2.0,,,
A_CUST103570,account,CUST103570,60.0,60.0,1.0,,,
A_CUST103572,account,CUST103572,65.0,65.0,1.0,,,
A_CUST103573,account,CUST103573,70.0,70.0,1.0,,,
A_CUST103577,account,CUST103577,70.0,70.0,1.0,,,
A_CUST103579,account,CUST103579,60.0,60.0,1.0,,,
A_CUST103585,account,CUST103585,60.0,60.0,1.0,,,
A_CUST103588,account,CUST103588,60.0,60.0,3.0,,,
A_CUST103589,account,CUST103589,80.0,80.0,1.0,,,
A_CUST103591,account,CUST103591,65.0,70.0,2.0,,,
A_CUST103594,account,CUST103594,60.0,60.0,2.0,,,
A_CUST103596,account,CUST103596,60.0,60.0,1.0,,,
A_CUST103599,account,CUST103599,66.2,70.0,4.0,,,
A_CUST103605,account,CUST103605,71.7,80.0,3.0,,,
A_CUST103606,account,CUST103606,60.0,60.0,1.0,,,
A_CUST103609,account,CUST103609,68.3,75.0,3.0,,,
A_CUST103614,account,CUST103614,70.0,70.0,1.0,,,
A_CUST103615,account,CUST103615,60.0,60.0,1.0,,,
A_CUST103617,account,CUST103617,60.0,60.0,1.0,,,
A_CUST103618,account,CUST103618,82.5,100.0,6.0,,,
A_CUST103619,account,CUST103619,60.0,60.0,1.0,,,
A_CUST103626,account,CUST103626,60.0,60.0,1.0,,,
A_CUST103628,account,CUST103628,60.0,60.0,1.0,,,
A_CUST103633,account,CUST103633,65.0,65.0,1.0,,,
A_CUST103643,account,CUST103643,70.0,70.0,1.0,,,
A_CUST103648,account,CUST103648,70.0,75.0,2.0,,,
A_CUST103650,account,CUST103650,70.0,70.0,1.0,,,
A_CUST103652,account,CUST103652,60.0,60.0,1.0,,,
A_CUST103657,account,CUST103657,65.0,65.0,1.0,,,
A_CUST103660,account,CUST103660,90.0,90.0,1.0,,,
A_CUST103662,account,CUST103662,76.7,85.0,3.0,,,
A_CUST103664,account,CUST103664,60.0,60.0,1.0,,,
A_CUST103666,account,CUST103666,60.0,60.0,1.0,,,
A_CUST103667,account,CUST103667,70.0,70.0,1.0,,,
A_CUST103671,account,CUST103671,70.0,70.0,2.0,,,
A_CUST103676,account,CUST103676,60.0,60.0,1.0,,,
A_CUST103682,account,CUST103682,60.0,60.0,1.0,,,
A_CUST103686,account,CUST103686,60.0,60.0,1.0,,,
A_CUST103696,account,CUST103696,70.0,70.0,1.0,,,
A_CUST103699,account,CUST103699,60.0,60.0,1.0,,,
A_CUST103703,account,CUST103703,85.0,85.0,1.0,,,
A_CUST103708,account,CUST103708,60.0,60.0,1.0,,,
A_CUST103716,account,CUST103716,65.0,70.0,2.0,,,
A_CUST103717,account,CUST103717,68.3,85.0,3.0,,,
A_CUST103718,account,CUST103718,70.0,70.0,1.0,,,
A_CUST103723,account,CUST103723,60.0,60.0,2.0,,,
A_CUST103725,account,CUST103725,65.0,70.0,2.0,,,
A_CUST103726,account,CUST103726,60.0,60.0,1.0,,,
A_CUST103733,account,CUST103733,70.0,70.0,1.0,,,
A_CUST103734,account,CUST103734,63.3,70.0,3.0,,,
A_CUST103737,account,CUST103737,65.0,65.0,1.0,,,
A_CUST103739,account,CUST103739,60.0,60.0,1.0,,,
A_CUST103744,account,CUST103744,65.0,65.0,1.0,,,
A_CUST103749,account,CUST103749,72.5,75.0,2.0,,,
A_CUST103754,account,CUST103754,67.5,75.0,2.0,,,
A_CUST103755,account,CUST103755,65.0,65.0,1.0,,,
A_CUST103757,account,CUST103757,66.2,75.0,4.0,,,
A_CUST103758,account,CUST103758,60.0,60.0,1.0,,,
A_CUST103764,account,CUST103764,60.0,60.0,3.0,,,
A_CUST103767,account,CUST103767,60.0,60.0,1.0,,,
A_CUST103772,account,CUST103772,67.5,75.0,2.0,,,
A_CUST103775,account,CUST103775,60.0,60.0,1.0,,,
A_CUST103786,account,CUST103786,65.0,65.0,1.0,,,
A_CUST103788,account,CUST103788,60.0,60.0,1.0,,,
A_CUST103791,account,CUST103791,70.0,70.0,1.0,,,
A_CUST103798,account,CUST103798,77.5,95.0,2.0,,,
A_CUST103801,account,CUST103801,60.0,60.0,1.0,,,
A_CUST103804,account,CUST103804,95.0,95.0,1.0,,,
A_CUST103805,account,CUST103805,60.0,60.0,1.0,,,
A_CUST103807,account,CUST103807,65.0,65.0,1.0,,,
A_CUST103812,account,CUST103812,62.5,65.0,2.0,,,
A_CUST103817,account,CUST103817,60.0,60.0,3.0,,,
A_CUST103820,account,CUST103820,60.0,60.0,1.0,,,
A_CUST103821,account,CUST103821,65.0,65.0,1.0,,,
A_CUST103822,account,CUST103822,60.0,60.0,1.0,,,
A_CUST103825,account,CUST103825,60.0,60.0,1.0,,,
A_CUST103828,account,CUST103828,65.0,70.0,2.0,,,
A_CUST103831,account,CUST103831,65.0,65.0,1.0,,,
A_CUST103832,account,CUST103832,60.0,60.0,1.0,,,
A_CUST103849,account,CUST103849,60.0,60.0,1.0,,,
A_CUST103850,account,CUST103850,60.0,60.0,1.0,,,
A_CUST103852,account,CUST103852,70.0,70.0,1.0,,,
A_CUST103855,account,CUST103855,65.0,70.0,2.0,,,
A_CUST103861,account,CUST103861,75.0,75.0,1.0,,,
A_CUST103864,account,CUST103864,60.0,60.0,1.0,,,
A_CUST103870,account,CUST103870,60.0,60.0,1.0,,,
A_CUST103872,account,CUST103872,70.0,70.0,2.0,,,
A_CUST103873,account,CUST103873,70.0,70.0,1.0,,,
A_CUST103874,account,CUST103874,90.0,90.0,1.0,,,
A_CUST103885,account,CUST103885,60.0,60.0,1.0,,,
A_CUST103887,account,CUST103887,60.0,60.0,1.0,,,
A_CUST103888,account,CUST103888,90.0,90.0,1.0,,,
A_CUST103889,account,CUST103889,60.0,60.0,1.0,,,
A_CUST103890,account,CUST103890,63.3,70.0,3.0,,,
A_CUST103895,account,CUST103895,63.3,70.0,3.0,,,
A_CUST103899,account,CUST103899,70.0,70.0,1.0,,,
A_CUST103903,account,CUST103903,70.0,70.0,1.0,,,
A_CUST103910,account,CUST103910,60.0,60.0,2.0,,,
A_CUST103914,account,CUST103914,60.0,60.0,1.0,,,
A_CUST103915,account,CUST103915,75.0,75.0,1.0,,,
A_CUST103921,account,CUST103921,60.0,60.0,2.0,,,
A_CUST103924,account,CUST103924,70.0,70.0,1.0,,,
A_CUST103925,account,CUST103925,70.0,70.0,1.0,,,
A_CUST103926,account,CUST103926,85.0,85.0,1.0,,,
A_CUST103927,account,CUST103927,60.0,60.0,1.0,,,
A_CUST103929,account,CUST103929,75.0,90.0,2.0,,,
A_CUST103936,account,CUST103936,60.0,60.0,2.0,,,
A_CUST103941,account,CUST103941,77.5,80.0,2.0,,,
A_CUST103942,account,CUST103942,68.3,75.0,3.0,,,
A_CUST103943,account,CUST103943,65.0,70.0,2.0,,,
A_CUST103945,account,CUST103945,60.0,60.0,1.0,,,
A_CUST103949,account,CUST103949,67.5,75.0,2.0,,,
A_CUST103951,account,CUST103951,60.0,60.0,1.0,,,
A_CUST103955,account,CUST103955,60.0,60.0,1.0,,,
A_CUST103956,account,CUST103956,80.0,80.0,1.0,,,
A_CUST103959,account,CUST103959,60.0,60.0,1.0,,,
A_CUST103964,account,CUST103964,62.5,65.0,2.0,,,
A_CUST103971,account,CUST103971,70.0,70.0,1.0,,,
A_CUST103973,account,CUST103973,70.0,70.0,1.0,,,
A_CUST103975,account,CUST103975,65.0,65.0,1.0,,,
A_CUST103976,account,CUST103976,65.0,65.0,1.0,,,
A_CUST103981,account,CUST103981,65.0,65.0,1.0,,,
A_CUST103985,account,CUST103985,70.0,70.0,2.0,,,
A_CUST103986,account,CUST103986,70.0,80.0,2.0,,,
A_CUST103988,account,CUST103988,60.0,60.0,1.0,,,
A_CUST103993,account,CUST103993,60.0,60.0,1.0,,,
A_CUST103994,account,CUST103994,60.0,60.0,1.0,,,
A_CUST103995,account,CUST103995,60.0,60.0,1.0,,,
A_CUST103997,account,CUST103997,75.0,100.0,3.0,,,
A_CUST103999,account,CUST103999,60.0,60.0,1.0,,,
A_CUST104002,account,CUST104002,60.0,60.0,1.0,,,
A_CUST104004,account,CUST104004,92.5,100.0,2.0,,,
A_CUST104005,account,CUST104005,63.8,70.0,4.0,,,
A_CUST104009,account,CUST104009,60.0,60.0,1.0,,,
A_CUST104010,account,CUST104010,60.0,60.0,1.0,,,
A_CUST104015,account,CUST104015,60.0,60.0,1.0,,,
A_CUST104017,account,CUST104017,65.0,65.0,2.0,,,
A_CUST104019,account,CUST104019,85.0,85.0,1.0,,,
A_CUST104022,account,CUST104022,60.0,60.0,1.0,,,
A_CUST104030,account,CUST104030,60.0,60.0,1.0,,,
A_CUST104038,account,CUST104038,63.3,70.0,3.0,,,
A_CUST104041,account,CUST104041,60.0,60.0,1.0,,,
A_CUST104042,account,CUST104042,60.0,60.0,2.0,,,
A_CUST104049,account,CUST104049,65.0,70.0,2.0,,,
A_CUST104051,account,CUST104051,60.0,60.0,1.0,,,
A_CUST104054,account,CUST104054,60.0,60.0,1.0,,,
A_CUST104055,account,CUST104055,60.0,60.0,1.0,,,
A_CUST104058,account,CUST104058,60.0,60.0,1.0,,,
A_CUST104059,account,CUST104059,90.0,90.0,1.0,,,
A_CUST104061,account,CUST104061,65.0,65.0,1.0,,,
A_CUST104063,account,CUST104063,60.0,60.0,1.0,,,
A_CUST104064,account,CUST104064,65.0,70.0,2.0,,,
A_CUST104065,account,CUST104065,60.0,60.0,1.0,,,
A_CUST104070,account,CUST104070,65.0,65.0,1.0,,,
A_CUST104074,account,CUST104074,60.0,60.0,1.0,,,
A_CUST104075,account,CUST104075,80.0,80.0,1.0,,,
A_CUST104076,account,CUST104076,65.0,70.0,2.0,,,
A_CUST104080,account,CUST104080,65.0,65.0,1.0,,,
A_CUST104081,account,CUST104081,60.0,60.0,1.0,,,
A_CUST104085,account,CUST104085,70.0,70.0,2.0,,,
A_CUST104087,account,CUST104087,80.0,80.0,1.0,,,
A_CUST104094,account,CUST104094,90.0,90.0,1.0,,,
A_CUST104095,account,CUST104095,66.7,80.0,3.0,,,
A_CUST104097,account,CUST104097,65.0,65.0,1.0,,,
A_CUST104100,account,CUST104100,75.0,75.0,1.0,,,
A_CUST104101,account,CUST104101,70.0,70.0,1.0,,,
A_CUST104103,account,CUST104103,82.2,100.0,9.0,,,
A_CUST104105,account,CUST104105,85.0,100.0,2.0,,,
A_CUST104110,account,CUST104110,77.5,85.0,2.0,,,
A_CUST104111,account,CUST104111,60.0,60.0,1.0,,,
A_CUST104122,account,CUST104122,72.5,85.0,2.0,,,
A_CUST104128,account,CUST104128,60.0,60.0,1.0,,,
A_CUST104131,account,CUST104131,60.0,60.0,1.0,,,
A_CUST104133,account,CUST104133,60.0,60.0,1.0,,,
A_CUST104138,account,CUST104138,70.0,70.0,1.0,,,
A_CUST104142,account,CUST104142,80.0,80.0,1.0,,,
A_CUST104145,account,CUST104145,62.5,65.0,2.0,,,
A_CUST104147,account,CUST104147,65.0,65.0,1.0,,,
A_CUST104152,account,CUST104152,60.0,60.0,1.0,,,
A_CUST104156,account,CUST104156,60.0,60.0,1.0,,,
A_CUST104157,account,CUST104157,60.0,60.0,1.0,,,
A_CUST104158,account,CUST104158,66.7,80.0,3.0,,,
A_CUST104160,account,CUST104160,65.0,70.0,2.0,,,
A_CUST104162,account,CUST104162,60.0,60.0,1.0,,,
A_CUST104163,account,CUST104163,77.5,90.0,2.0,,,
A_CUST104166,account,CUST104166,75.0,75.0,1.0,,,
A_CUST104167,account,CUST104167,60.0,60.0,1.0,,,
A_CUST104168,account,CUST104168,60.0,60.0,1.0,,,
A_CUST104169,account,CUST104169,70.0,70.0,1.0,,,
A_CUST104173,account,CUST104173,71.7,85.0,3.0,,,
A_CUST104175,account,CUST104175,60.0,60.0,2.0,,,
A_CUST104179,account,CUST104179,60.0,60.0,1.0,,,
A_CUST104185,account,CUST104185,60.0,60.0,1.0,,,
A_CUST104188,account,CUST104188,60.0,60.0,1.0,,,
A_CUST104190,account,CUST104190,80.0,95.0,4.0,,,
A_CUST104191,account,CUST104191,60.0,60.0,1.0,,,
A_CUST104198,account,CUST104198,75.0,75.0,1.0,,,
A_CUST104203,account,CUST104203,67.5,70.0,2.0,,,
A_CUST104205,account,CUST104205,70.0,70.0,2.0,,,
A_CUST104209,account,CUST104209,70.0,70.0,1.0,,,
A_CUST104210,account,CUST104210,65.0,70.0,2.0,,,
A_CUST104211,account,CUST104211,60.0,60.0,3.0,,,
A_CUST104213,account,CUST104213,60.0,60.0,1.0,,,
A_CUST104214,account,CUST104214,60.0,60.0,1.0,,,
A_CUST104225,account,CUST104225,60.0,60.0,1.0,,,
A_CUST104236,account,CUST104236,60.0,60.0,1.0,,,
A_CUST104240,account,CUST104240,60.0,60.0,1.0,,,
A_CUST104242,account,CUST104242,97.5,100.0,2.0,,,
A_CUST104244,account,CUST104244,60.0,60.0,1.0,,,
A_CUST104248,account,CUST104248,60.0,60.0,1.0,,,
A_CUST104254,account,CUST104254,60.0,60.0,1.0,,,
A_CUST104256,account,CUST104256,77.5,95.0,2.0,,,
A_CUST104261,account,CUST104261,67.5,75.0,2.0,,,
A_CUST104262,account,CUST104262,65.0,65.0,1.0,,,
A_CUST104267,account,CUST104267,60.0,60.0,1.0,,,
A_CUST104272,account,CUST104272,65.0,65.0,1.0,,,
A_CUST104275,account,CUST104275,70.0,70.0,1.0,,,
A_CUST104277,account,CUST104277,60.0,60.0,1.0,,,
A_CUST104282,account,CUST104282,60.0,60.0,1.0,,,
A_CUST104285,account,CUST104285,65.0,65.0,1.0,,,
A_CUST104286,account,CUST104286,60.0,60.0,1.0,,,
A_CUST104287,account,CUST104287,67.5,70.0,2.0,,,
A_CUST104291,account,CUST104291,75.0,75.0,1.0,,,
A_CUST104292,account,CUST104292,60.0,60.0,1.0,,,
A_CUST104295,account,CUST104295,65.0,65.0,1.0,,,
A_CUST104306,account,CUST104306,70.0,70.0,1.0,,,
A_CUST104324,account,CUST104324,60.0,60.0,1.0,,,
A_CUST104325,account,CUST104325,60.0,60.0,1.0,,,
A_CUST104329,account,CUST104329,90.0,90.0,1.0,,,
A_CUST104330,account,CUST104330,63.3,70.0,3.0,,,
A_CUST104336,account,CUST104336,60.0,60.0,1.0,,,
A_CUST104339,account,CUST104339,66.7,70.0,3.0,,,
A_CUST104342,account,CUST104342,70.0,70.0,1.0,,,
A_CUST104343,account,CUST104343,75.0,75.0,1.0,,,
A_CUST104349,account,CUST104349,70.0,70.0,1.0,,,
A_CUST104351,account,CUST104351,60.0,60.0,1.0,,,
A_CUST104354,account,CUST104354,62.5,65.0,2.0,,,
A_CUST104355,account,CUST104355,70.0,70.0,1.0,,,
A_CUST104356,account,CUST104356,70.0,70.0,1.0,,,
A_CUST104360,account,CUST104360,60.0,60.0,1.0,,,
A_CUST104364,account,CUST104364,80.0,80.0,1.0,,,
A_CUST104370,account,CUST104370,65.0,70.0,2.0,,,
A_CUST104372,account,CUST104372,65.0,70.0,2.0,,,
A_CUST104391,account,CUST104391,60.0,60.0,1.0,,,
A_CUST104394,account,CUST104394,60.0,60.0,1.0,,,
A_CUST104403,account,CUST104403,65.0,65.0,1.0,,,
A_CUST104404,account,CUST104404,90.0,100.0,2.0,,,
A_CUST104408,account,CUST104408,60.0,60.0,1.0,,,
A_CUST104420,account,CUST104420,80.0,85.0,3.0,,,
A_CUST104421,account,CUST104421,70.0,70.0,1.0,,,
A_CUST104422,account,CUST104422,60.0,60.0,1.0,,,
A_CUST104426,account,CUST104426,70.0,75.0,2.0,,,
A_CUST104430,account,CUST104430,70.0,70.0,2.0,,,
A_CUST104432,account,CUST104432,70.0,70.0,1.0,,,
A_CUST104434,account,CUST104434,60.0,60.0,1.0,,,
A_CUST104435,account,CUST104435,67.5,80.0,4.0,,,
A_CUST104436,account,CUST104436,65.0,65.0,1.0,,,
A_CUST104439,account,CUST104439,60.0,60.0,1.0,,,
A_CUST104443,account,CUST104443,70.0,70.0,1.0,,,
A_CUST104451,account,CUST104451,60.0,60.0,1.0,,,
A_CUST104453,account,CUST104453,60.0,60.0,1.0,,,
A_CUST104454,account,CUST104454,60.0,60.0,1.0,,,
A_CUST104459,account,CUST104459,60.0,60.0,2.0,,,
A_CUST104460,account,CUST104460,70.0,70.0,2.0,,,
A_CUST104461,account,CUST104461,65.0,80.0,7.0,,,
A_CUST104462,account,CUST104462,65.0,65.0,1.0,,,
A_CUST104466,account,CUST104466,63.3,70.0,3.0,,,
A_CUST104473,account,CUST104473,82.5,85.0,2.0,,,
A_CUST104476,account,CUST104476,75.0,75.0,1.0,,,
A_CUST104479,account,CUST104479,67.5,70.0,2.0,,,
A_CUST104481,account,CUST104481,70.0,70.0,1.0,,,
A_CUST104488,account,CUST104488,70.0,70.0,1.0,,,
A_CUST104489,account,CUST104489,70.0,70.0,1.0,,,
A_CUST104505,account,CUST104505,65.0,65.0,1.0,,,
A_CUST104506,account,CUST104506,82.5,85.0,2.0,,,
A_CUST104507,account,CUST104507,60.0,60.0,1.0,,,
A_CUST104508,account,CUST104508,60.0,60.0,1.0,,,
A_CUST104514,account,CUST104514,60.0,60.0,1.0,,,
A_CUST104524,account,CUST104524,78.3,100.0,3.0,,,
A_CUST104531,account,CUST104531,60.0,60.0,1.0,,,
A_CUST104534,account,CUST104534,70.0,70.0,1.0,,,
A_CUST104537,account,CUST104537,60.0,60.0,1.0,,,
A_CUST104547,account,CUST104547,70.0,70.0,1.0,,,
A_CUST104551,account,CUST104551,60.0,60.0,1.0,,,
A_CUST104553,account,CUST104553,65.0,70.0,3.0,,,
A_CUST104565,account,CUST104565,70.0,70.0,1.0,,,
A_CUST104568,account,CUST104568,60.0,60.0,1.0,,,
A_CUST104569,account,CUST104569,70.0,75.0,2.0,,,
A_CUST104571,account,CUST104571,63.3,70.0,3.0,,,
A_CUST104574,account,CUST104574,67.5,70.0,2.0,,,
A_CUST104575,account,CUST104575,60.0,60.0,1.0,,,
A_CUST104577,account,CUST104577,60.0,60.0,1.0,,,
A_CUST104579,account,CUST104579,67.5,70.0,2.0,,,
A_CUST104584,account,CUST104584,75.0,75.0,1.0,,,
A_CUST104586,account,CUST104586,75.0,80.0,2.0,,,
A_CUST104589,account,CUST104589,75.0,75.0,1.0,,,
A_CUST104590,account,CUST104590,80.0,80.0,1.0,,,
A_CUST104593,account,CUST104593,60.0,60.0,1.0,,,
A_CUST104602,account,CUST104602,60.0,60.0,1.0,,,
A_CUST104603,account,CUST104603,70.0,70.0,1.0,,,
A_CUST104604,account,CUST104604,70.0,70.0,2.0,,,
A_CUST104609,account,CUST104609,60.0,60.0,1.0,,,
A_CUST104614,account,CUST104614,75.0,90.0,4.0,,,
A_CUST104616,account,CUST104616,85.0,100.0,3.0,,,
A_CUST104619,account,CUST104619,72.5,75.0,2.0,,,
A_CUST104623,account,CUST104623,75.0,75.0,1.0,,,
A_CUST104624,account,CUST104624,60.0,60.0,1.0,,,
A_CUST104628,account,CUST104628,60.0,60.0,1.0,,,
A_CUST104631,account,CUST104631,71.2,85.0,4.0,,,
A_CUST104638,account,CUST104638,70.0,70.0,1.0,,,
A_CUST104641,account,CUST104641,70.0,80.0,4.0,,,
A_CUST104642,account,CUST104642,65.0,65.0,1.0,,,
A_CUST104643,account,CUST104643,62.5,65.0,2.0,,,
A_CUST104644,account,CUST104644,65.0,65.0,1.0,,,
A_CUST104655,account,CUST104655,60.0,60.0,1.0,,,
A_CUST104668,account,CUST104668,65.0,65.0,1.0,,,
A_CUST104670,account,CUST104670,60.0,60.0,1.0,,,
A_CUST104675,account,CUST104675,75.0,75.0,1.0,,,
A_CUST104677,account,CUST104677,65.0,65.0,1.0,,,
A_CUST104682,account,CUST104682,90.0,90.0,1.0,,,
A_CUST104684,account,CUST104684,70.0,80.0,3.0,,,
A_CUST104685,account,CUST104685,65.0,65.0,1.0,,,
A_CUST104691,account,CUST104691,65.0,70.0,2.0,,,
A_CUST104692,account,CUST104692,67.5,75.0,2.0,,,
A_CUST104695,account,CUST104695,60.0,60.0,1.0,,,
A_CUST104700,account,CUST104700,60.0,60.0,1.0,,,
A_CUST104703,account,CUST104703,65.0,65.0,1.0,,,
A_CUST104704,account,CUST104704,62.5,70.0,4.0,,,
A_CUST104710,account,CUST104710,80.0,80.0,1.0,,,
A_CUST104711,account,CUST104711,60.0,60.0,2.0,,,
A_CUST104714,account,CUST104714,65.0,65.0,1.0,,,
A_CUST104715,account,CUST104715,60.0,60.0,1.0,,,
A_CUST104716,account,CUST104716,60.0,60.0,1.0,,,
A_CUST104719,account,CUST104719,70.0,70.0,1.0,,,
A_CUST104720,account,CUST104720,60.0,60.0,1.0,,,
A_CUST104726,account,CUST104726,60.0,60.0,1.0,,,
A_CUST104733,account,CUST104733,65.0,70.0,3.0,,,
A_CUST104735,account,CUST104735,60.0,60.0,1.0,,,
A_CUST104736,account,CUST104736,65.0,65.0,1.0,,,
A_CUST104746,account,CUST104746,67.5,70.0,2.0,,,
A_CUST104747,account,CUST104747,65.0,65.0,1.0,,,
A_CUST104748,account,CUST104748,60.0,60.0,1.0,,,
A_CUST104766,account,CUST104766,67.5,75.0,2.0,,,
A_CUST104784,account,CUST104784,60.0,60.0,2.0,,,
A_CUST104801,account,CUST104801,72.5,85.0,2.0,,,
A_CUST104802,account,CUST104802,67.5,70.0,2.0,,,
A_CUST104810,account,CUST104810,70.0,70.0,1.0,,,
A_CUST104812,account,CUST104812,60.0,60.0,1.0,,,
A_CUST104813,account,CUST104813,80.0,80.0,1.0,,,
A_CUST104833,account,CUST104833,70.0,70.0,1.0,,,
A_CUST104834,account,CUST104834,70.0,70.0,1.0,,,
A_CUST104835,account,CUST104835,60.0,60.0,1.0,,,
A_CUST104836,account,CUST104836,77.5,95.0,4.0,,,
A_CUST104837,account,CUST104837,60.0,60.0,1.0,,,
A_CUST104839,account,CUST104839,60.0,60.0,2.0,,,
A_CUST104840,account,CUST104840,80.0,80.0,1.0,,,
A_CUST104852,account,CUST104852,60.0,60.0,1.0,,,
A_CUST104856,account,CUST104856,60.0,60.0,1.0,,,
A_CUST104857,account,CUST104857,70.0,70.0,1.0,,,
A_CUST104859,account,CUST104859,60.0,60.0,2.0,,,
A_CUST104860,account,CUST104860,65.0,70.0,2.0,,,
A_CUST104864,account,CUST104864,60.0,60.0,1.0,,,
A_CUST104865,account,CUST104865,65.0,70.0,2.0,,,
A_CUST104874,account,CUST104874,85.0,85.0,1.0,,,
A_CUST104882,account,CUST104882,65.0,85.0,6.0,,,
A_CUST104884,account,CUST104884,60.0,60.0,1.0,,,
A_CUST104886,account,CUST104886,68.3,85.0,3.0,,,
A_CUST104888,account,CUST104888,70.0,70.0,2.0,,,
A_CUST104901,account,CUST104901,60.0,60.0,1.0,,,
A_CUST104912,account,CUST104912,65.0,75.0,3.0,,,
A_CUST104914,account,CUST104914,60.0,60.0,1.0,,,
A_CUST104916,account,CUST104916,60.0,60.0,1.0,,,
A_CUST104920,account,CUST104920,62.5,65.0,2.0,,,
A_CUST104929,account,CUST104929,60.0,60.0,1.0,,,
A_CUST104930,account,CUST104930,60.0,60.0,1.0,,,
A_CUST104945,account,CUST104945,65.0,65.0,1.0,,,
A_CUST104946,account,CUST104946,75.0,75.0,1.0,,,
A_CUST104947,account,CUST104947,60.0,60.0,1.0,,,
A_CUST104948,account,CUST104948,65.0,70.0,2.0,,,
A_CUST104960,account,CUST104960,60.0,60.0,2.0,,,
A_CUST104961,account,CUST104961,60.0,60.0,1.0,,,
A_CUST104967,account,CUST104967,60.0,60.0,1.0,,,
A_CUST104970,account,CUST104970,60.0,60.0,1.0,,,
A_CUST104971,account,CUST104971,60.0,60.0,3.0,,,
A_CUST104974,account,CUST104974,65.0,65.0,2.0,,,
A_CUST104975,account,CUST104975,65.0,65.0,1.0,,,
A_CUST104978,account,CUST104978,78.8,95.0,8.0,,,
A_CUST104984,account,CUST104984,70.0,70.0,1.0,,,
A_CUST104985,account,CUST104985,60.0,60.0,1.0,,,
A_CUST104990,account,CUST104990,70.0,70.0,1.0,,,
A_CUST104991,account,CUST104991,65.0,70.0,2.0,,,
A_CUST105002,account,CUST105002,76.7,90.0,3.0,,,
A_CUST105003,account,CUST105003,70.0,70.0,1.0,,,
A_CUST105004,account,CUST105004,60.0,60.0,1.0,,,
A_CUST105005,account,CUST105005,70.0,70.0,1.0,,,
A_CUST105010,account,CUST105010,70.0,70.0,1.0,,,
A_CUST105014,account,CUST105014,66.2,70.0,4.0,,,
A_CUST105015,account,CUST105015,60.0,60.0,1.0,,,
A_CUST105018,account,CUST105018,72.5,80.0,2.0,,,
A_CUST105025,account,CUST105025,60.0,60.0,1.0,,,
A_CUST105028,account,CUST105028,60.0,60.0,1.0,,,
A_CUST105031,account,CUST105031,60.0,60.0,1.0,,,
A_CUST105040,account,CUST105040,65.0,65.0,2.0,,,
A_CUST105041,account,CUST105041,86.7,90.0,3.0,,,
A_CUST105042,account,CUST105042,70.0,70.0,1.0,,,
A_CUST105047,account,CUST105047,60.0,60.0,1.0,,,
A_CUST105052,account,CUST105052,65.0,70.0,2.0,,,
A_CUST105053,account,CUST105053,65.0,65.0,1.0,,,
A_CUST105057,account,CUST105057,85.0,85.0,1.0,,,
A_CUST105065,account,CUST105065,60.0,60.0,3.0,,,
A_CUST105066,account,CUST105066,100.0,100.0,1.0,,,
A_CUST105067,account,CUST105067,90.0,90.0,1.0,,,
A_CUST105072,account,CUST105072,60.0,60.0,1.0,,,
A_CUST105073,account,CUST105073,60.0,60.0,1.0,,,
A_CUST105074,account,CUST105074,60.0,60.0,1.0,,,
A_CUST105077,account,CUST105077,70.0,70.0,1.0,,,
A_CUST105082,account,CUST105082,73.3,90.0,3.0,,,
A_CUST105083,account,CUST105083,100.0,100.0,1.0,,,
A_CUST105085,account,CUST105085,70.0,70.0,1.0,,,
A_CUST105088,account,CUST105088,73.3,95.0,3.0,,,
A_CUST105089,account,CUST105089,60.0,60.0,1.0,,,
A_CUST105090,account,CUST105090,80.0,80.0,1.0,,,
A_CUST105091,account,CUST105091,70.0,70.0,1.0,,,
A_CUST105093,account,CUST105093,70.0,70.0,1.0,,,
A_CUST105094,account,CUST105094,70.0,70.0,1.0,,,
A_CUST105096,account,CUST105096,65.0,65.0,1.0,,,
A_CUST105098,account,CUST105098,77.5,85.0,2.0,,,
A_CUST105102,account,CUST105102,65.0,75.0,3.0,,,
A_CUST105106,account,CUST105106,60.0,60.0,1.0,,,
A_CUST105108,account,CUST105108,60.0,60.0,1.0,,,
A_CUST105112,account,CUST105112,80.0,80.0,1.0,,,
A_CUST105115,account,CUST105115,60.0,60.0,1.0,,,
A_CUST105124,account,CUST105124,70.0,70.0,1.0,,,
A_CUST105127,account,CUST105127,60.0,60.0,1.0,,,
A_CUST105128,account,CUST105128,80.0,85.0,2.0,,,
A_CUST105131,account,CUST105131,70.0,80.0,2.0,,,
A_CUST105133,account,CUST105133,76.2,90.0,4.0,,,
A_CUST105138,account,CUST105138,60.0,60.0,1.0,,,
A_CUST105143,account,CUST105143,65.0,65.0,1.0,,,
A_CUST105145,account,CUST105145,71.7,85.0,6.0,,,
A_CUST105146,account,CUST105146,60.0,60.0,1.0,,,
A_CUST105149,account,CUST105149,75.0,75.0,1.0,,,
A_CUST105150,account,CUST105150,60.0,60.0,3.0,,,
A_CUST105155,account,CUST105155,60.0,60.0,2.0,,,
A_CUST105158,account,CUST105158,60.0,60.0,1.0,,,
A_CUST105160,account,CUST105160,60.0,60.0,1.0,,,
A_CUST105165,account,CUST105165,65.0,65.0,1.0,,,
A_CUST105166,account,CUST105166,70.0,70.0,1.0,,,
A_CUST105167,account,CUST105167,65.0,65.0,1.0,,,
A_CUST105176,account,CUST105176,62.5,65.0,2.0,,,
A_CUST105180,account,CUST105180,70.0,70.0,1.0,,,
A_CUST105183,account,CUST105183,60.0,60.0,2.0,,,
A_CUST105189,account,CUST105189,73.8,85.0,4.0,,,
A_CUST105193,account,CUST105193,60.0,60.0,1.0,,,
A_CUST105196,account,CUST105196,69.0,85.0,5.0,,,
A_CUST105197,account,CUST105197,60.0,60.0,1.0,,,
A_CUST105200,account,CUST105200,65.0,70.0,2.0,,,
A_CUST105208,account,CUST105208,85.0,85.0,1.0,,,
A_CUST105209,account,CUST105209,70.0,70.0,1.0,,,
A_CUST105212,account,CUST105212,75.0,80.0,2.0,,,
A_CUST105213,account,CUST105213,60.0,60.0,1.0,,,
A_CUST105223,account,CUST105223,70.0,70.0,1.0,,,
A_CUST105224,account,CUST105224,70.0,70.0,1.0,,,
A_CUST105225,account,CUST105225,70.0,70.0,1.0,,,
A_CUST105226,account,CUST105226,85.0,85.0,1.0,,,
A_CUST105234,account,CUST105234,60.0,60.0,1.0,,,
A_CUST105235,account,CUST105235,60.0,60.0,1.0,,,
A_CUST105239,account,CUST105239,60.0,60.0,1.0,,,
A_CUST105242,account,CUST105242,75.0,80.0,2.0,,,
A_CUST105247,account,CUST105247,71.7,75.0,3.0,,,
A_CUST105249,account,CUST105249,62.5,65.0,2.0,,,
A_CUST105250,account,CUST105250,80.0,80.0,1.0,,,
A_CUST105252,account,CUST105252,85.0,95.0,3.0,,,
A_CUST105254,account,CUST105254,60.0,60.0,1.0,,,
A_CUST105261,account,CUST105261,60.0,60.0,2.0,,,
A_CUST105269,account,CUST105269,71.7,85.0,3.0,,,
A_CUST105274,account,CUST105274,60.0,60.0,1.0,,,
A_CUST105276,account,CUST105276,65.0,65.0,1.0,,,
A_CUST105285,account,CUST105285,62.5,65.0,2.0,,,
A_CUST105287,account,CUST105287,60.0,60.0,1.0,,,
A_CUST105290,account,CUST105290,60.0,60.0,1.0,,,
A_CUST105298,account,CUST105298,80.0,80.0,1.0,,,
A_CUST105311,account,CUST105311,60.0,60.0,1.0,,,
A_CUST105314,account,CUST105314,66.7,70.0,3.0,,,
A_CUST105315,account,CUST105315,60.0,60.0,1.0,,,
A_CUST105318,account,CUST105318,60.0,60.0,1.0,,,
A_CUST105321,account,CUST105321,66.7,80.0,3.0,,,
A_CUST105324,account,CUST105324,65.0,70.0,2.0,,,
A_CUST105326,account,CUST105326,70.0,70.0,1.0,,,
A_CUST105327,account,CUST105327,60.0,60.0,1.0,,,
A_CUST105328,account,CUST105328,67.5,75.0,2.0,,,
A_CUST105333,account,CUST105333,77.5,80.0,2.0,,,
A_CUST105334,account,CUST105334,60.0,60.0,1.0,,,
A_CUST105336,account,CUST105336,60.0,60.0,1.0,,,
A_CUST105337,account,CUST105337,80.0,80.0,1.0,,,
A_CUST105339,account,CUST105339,60.0,60.0,1.0,,,
A_CUST105344,account,CUST105344,65.0,65.0,1.0,,,
A_CUST105347,account,CUST105347,65.0,65.0,1.0,,,
A_CUST105349,account,CUST105349,62.5,65.0,2.0,,,
A_CUST105352,account,CUST105352,65.0,75.0,3.0,,,
A_CUST105354,account,CUST105354,70.0,70.0,1.0,,,
A_CUST105355,account,CUST105355,60.0,60.0,1.0,,,
A_CUST105377,account,CUST105377,65.0,65.0,1.0,,,
A_CUST105383,account,CUST105383,60.0,60.0,3.0,,,
A_CUST105388,account,CUST105388,65.0,70.0,2.0,,,
A_CUST105391,account,CUST105391,60.0,60.0,1.0,,,
A_CUST105392,account,CUST105392,60.0,60.0,1.0,,,
A_CUST105402,account,CUST105402,60.0,60.0,1.0,,,
A_CUST105405,account,CUST105405,80.0,80.0,1.0,,,
A_CUST105406,account,CUST105406,60.0,60.0,3.0,,,
A_CUST105412,account,CUST105412,66.2,70.0,4.0,,,
A_CUST105414,account,CUST105414,70.0,70.0,1.0,,,
A_CUST105416,account,CUST105416,72.5,85.0,2.0,,,
A_CUST105419,account,CUST105419,65.0,65.0,1.0,,,
A_CUST105421,account,CUST105421,60.0,60.0,1.0,,,
A_CUST105424,account,CUST105424,60.0,60.0,1.0,,,
A_CUST105425,account,CUST105425,66.0,80.0,5.0,,,
A_CUST105430,account,CUST105430,60.0,60.0,1.0,,,
A_CUST105434,account,CUST105434,60.0,60.0,1.0,,,
A_CUST105438,account,CUST105438,71.7,80.0,3.0,,,
A_CUST105441,account,CUST105441,60.0,60.0,1.0,,,
A_CUST105443,account,CUST105443,60.0,60.0,2.0,,,
A_CUST105444,account,CUST105444,65.0,70.0,4.0,,,
A_CUST105446,account,CUST105446,60.0,60.0,1.0,,,
A_CUST105447,account,CUST105447,60.0,60.0,1.0,,,
A_CUST105449,account,CUST105449,65.0,70.0,2.0,,,
A_CUST105451,account,CUST105451,75.0,75.0,1.0,,,
A_CUST105453,account,CUST105453,70.0,70.0,1.0,,,
A_CUST105455,account,CUST105455,60.0,60.0,1.0,,,
A_CUST105456,account,CUST105456,60.0,60.0,1.0,,,
A_CUST105458,account,CUST105458,66.7,75.0,3.0,,,
A_CUST105461,account,CUST105461,77.5,85.0,2.0,,,
A_CUST105462,account,CUST105462,70.0,70.0,1.0,,,
A_CUST105466,account,CUST105466,67.5,70.0,2.0,,,
A_CUST105467,account,CUST105467,70.0,70.0,1.0,,,
A_CUST105469,account,CUST105469,67.5,70.0,2.0,,,
A_CUST105470,account,CUST105470,60.0,60.0,1.0,,,
A_CUST105472,account,CUST105472,60.0,60.0,3.0,,,
A_CUST105473,account,CUST105473,65.0,65.0,1.0,,,
A_CUST105478,account,CUST105478,80.0,80.0,1.0,,,
A_CUST105484,account,CUST105484,60.0,60.0,1.0,,,
A_CUST105485,account,CUST105485,60.0,60.0,1.0,,,
A_CUST105486,account,CUST105486,65.0,65.0,1.0,,,
A_CUST105487,account,CUST105487,70.0,70.0,2.0,,,
A_CUST105489,account,CUST105489,72.5,85.0,2.0,,,
A_CUST105491,account,CUST105491,75.0,75.0,1.0,,,
A_CUST105494,account,CUST105494,60.0,60.0,1.0,,,
A_CUST105500,account,CUST105500,65.0,75.0,4.0,,,
A_CUST105517,account,CUST105517,60.0,60.0,2.0,,,
A_CUST105519,account,CUST105519,77.5,95.0,2.0,,,
A_CUST105522,account,CUST105522,65.0,65.0,1.0,,,
A_CUST105528,account,CUST105528,70.0,70.0,1.0,,,
A_CUST105529,account,CUST105529,60.0,60.0,1.0,,,
A_CUST105537,account,CUST105537,85.0,85.0,1.0,,,
A_CUST105538,account,CUST105538,70.0,70.0,1.0,,,
A_CUST105541,account,CUST105541,60.0,60.0,1.0,,,
A_CUST105545,account,CUST105545,60.0,60.0,1.0,,,
A_CUST105547,account,CUST105547,70.0,80.0,2.0,,,
A_CUST105555,account,CUST105555,60.0,60.0,1.0,,,
A_CUST105561,account,CUST105561,60.0,60.0,1.0,,,
A_CUST105564,account,CUST105564,60.0,60.0,1.0,,,
A_CUST105571,account,CUST105571,60.0,60.0,2.0,,,
A_CUST105573,account,CUST105573,67.5,70.0,2.0,,,
A_CUST105578,account,CUST105578,60.0,60.0,2.0,,,
A_CUST105579,account,CUST105579,75.0,95.0,3.0,,,
A_CUST105583,account,CUST105583,70.0,70.0,1.0,,,
A_CUST105585,account,CUST105585,60.0,60.0,3.0,,,
A_CUST105594,account,CUST105594,80.0,80.0,1.0,,,
A_CUST105595,account,CUST105595,60.0,60.0,1.0,,,
A_CUST105596,account,CUST105596,60.0,60.0,1.0,,,
A_CUST105600,account,CUST105600,75.0,75.0,1.0,,,
A_CUST105606,account,CUST105606,60.0,60.0,1.0,,,
A_CUST105611,account,CUST105611,60.0,60.0,1.0,,,
A_CUST105612,account,CUST105612,70.0,70.0,1.0,,,
A_CUST105613,account,CUST105613,62.5,65.0,2.0,,,
A_CUST105616,account,CUST105616,70.0,70.0,1.0,,,
A_CUST105626,account,CUST105626,60.0,60.0,1.0,,,
A_CUST105629,account,CUST105629,70.0,70.0,1.0,,,
A_CUST105636,account,CUST105636,60.0,60.0,2.0,,,
A_CUST105637,account,CUST105637,60.0,60.0,1.0,,,
A_CUST105640,account,CUST105640,70.0,70.0,1.0,,,
A_CUST105645,account,CUST105645,60.0,60.0,1.0,,,
A_CUST105652,account,CUST105652,60.0,60.0,1.0,,,
A_CUST105668,account,CUST105668,70.0,70.0,1.0,,,
A_CUST105685,account,CUST105685,66.0,70.0,5.0,,,
A_CUST105686,account,CUST105686,70.0,70.0,1.0,,,
A_CUST105688,account,CUST105688,60.0,60.0,1.0,,,
A_CUST105692,account,CUST105692,70.0,70.0,1.0,,,
A_CUST105693,account,CUST105693,60.0,60.0,1.0,,,
A_CUST105695,account,CUST105695,60.0,60.0,1.0,,,
A_CUST105696,account,CUST105696,62.5,65.0,4.0,,,
A_CUST105698,account,CUST105698,60.0,60.0,1.0,,,
A_CUST105702,account,CUST105702,85.0,85.0,1.0,,,
A_CUST105704,account,CUST105704,65.0,70.0,2.0,,,
A_CUST105705,account,CUST105705,60.0,60.0,1.0,,,
A_CUST105710,account,CUST105710,65.0,70.0,2.0,,,
A_CUST105711,account,CUST105711,65.0,70.0,2.0,,,
A_CUST105712,account,CUST105712,60.0,60.0,1.0,,,
A_CUST105715,account,CUST105715,65.0,70.0,2.0,,,
A_CUST105716,account,CUST105716,65.0,65.0,1.0,,,
A_CUST105720,account,CUST105720,60.0,60.0,1.0,,,
A_CUST105721,account,CUST105721,65.0,70.0,2.0,,,
A_CUST105723,account,CUST105723,60.0,60.0,1.0,,,
A_CUST105724,account,CUST105724,70.0,70.0,1.0,,,
A_CUST105727,account,CUST105727,67.5,70.0,2.0,,,
A_CUST105728,account,CUST105728,60.0,60.0,2.0,,,
A_CUST105729,account,CUST105729,65.0,65.0,1.0,,,
A_CUST105734,account,CUST105734,65.0,65.0,1.0,,,
A_CUST105740,account,CUST105740,70.0,70.0,1.0,,,
A_CUST105743,account,CUST105743,66.7,70.0,3.0,,,
A_CUST105745,account,CUST105745,85.0,85.0,1.0,,,
A_CUST105749,account,CUST105749,67.5,75.0,2.0,,,
A_CUST105752,account,CUST105752,60.0,60.0,1.0,,,
A_CUST105754,account,CUST105754,62.5,65.0,2.0,,,
A_CUST105757,account,CUST105757,70.0,70.0,1.0,,,
A_CUST105759,account,CUST105759,70.0,70.0,1.0,,,
A_CUST105761,account,CUST105761,60.0,60.0,1.0,,,
A_CUST105763,account,CUST105763,60.0,60.0,1.0,,,
A_CUST105764,account,CUST105764,60.0,60.0,1.0,,,
A_CUST105775,account,CUST105775,70.0,70.0,2.0,,,
A_CUST105777,account,CUST105777,60.0,60.0,1.0,,,
A_CUST105780,account,CUST105780,60.0,60.0,1.0,,,
A_CUST105781,account,CUST105781,70.0,80.0,3.0,,,
A_CUST105797,account,CUST105797,65.0,70.0,2.0,,,
A_CUST105799,account,CUST105799,60.0,60.0,2.0,,,
A_CUST105801,account,CUST105801,74.3,90.0,7.0,,,
A_CUST105808,account,CUST105808,60.0,60.0,1.0,,,
A_CUST105815,account,CUST105815,60.0,60.0,2.0,,,
A_CUST105816,account,CUST105816,65.0,70.0,2.0,,,
A_CUST105822,account,CUST105822,60.0,60.0,1.0,,,
A_CUST105823,account,CUST105823,60.0,60.0,2.0,,,
A_CUST105824,account,CUST105824,65.0,65.0,1.0,,,
A_CUST105825,account,CUST105825,60.0,60.0,1.0,,,
A_CUST105834,account,CUST105834,60.0,60.0,1.0,,,
A_CUST105837,account,CUST105837,60.0,60.0,1.0,,,
A_CUST105841,account,CUST105841,65.0,65.0,1.0,,,
A_CUST105844,account,CUST105844,70.0,70.0,1.0,,,
A_CUST105848,account,CUST105848,60.0,60.0,1.0,,,
A_CUST105861,account,CUST105861,60.0,60.0,1.0,,,
A_CUST105873,account,CUST105873,60.0,60.0,1.0,,,
A_CUST105881,account,CUST105881,100.0,100.0,1.0,,,
A_CUST105887,account,CUST105887,65.0,65.0,1.0,,,
A_CUST105889,account,CUST105889,60.0,60.0,1.0,,,
A_CUST105890,account,CUST105890,70.0,70.0,1.0,,,
A_CUST105896,account,CUST105896,65.0,65.0,1.0,,,
A_CUST105899,account,CUST105899,70.0,70.0,1.0,,,
A_CUST105901,account,CUST105901,60.0,60.0,3.0,,,
A_CUST105906,account,CUST105906,65.0,70.0,2.0,,,
A_CUST105910,account,CUST105910,73.3,80.0,3.0,,,
A_CUST105911,account,CUST105911,80.0,80.0,1.0,,,
A_CUST105914,account,CUST105914,65.0,65.0,1.0,,,
A_CUST105916,account,CUST105916,62.5,65.0,2.0,,,
A_CUST105922,account,CUST105922,60.0,60.0,2.0,,,
A_CUST105925,account,CUST105925,70.0,70.0,1.0,,,
A_CUST105927,account,CUST105927,72.5,85.0,2.0,,,
A_CUST105928,account,CUST105928,62.5,65.0,2.0,,,
A_CUST105934,account,CUST105934,60.0,60.0,2.0,,,
A_CUST105940,account,CUST105940,70.0,70.0,1.0,,,
A_CUST105941,account,CUST105941,60.0,60.0,1.0,,,
A_CUST105949,account,CUST105949,65.0,65.0,1.0,,,
A_CUST105952,account,CUST105952,60.0,60.0,1.0,,,
A_CUST105957,account,CUST105957,80.0,80.0,1.0,,,
A_CUST105958,account,CUST105958,65.0,65.0,1.0,,,
A_CUST105965,account,CUST105965,60.0,60.0,1.0,,,
A_CUST105967,account,CUST105967,60.0,60.0,1.0,,,
A_CUST105974,account,CUST105974,60.0,60.0,1.0,,,
A_CUST105982,account,CUST105982,65.0,65.0,1.0,,,
A_CUST105984,account,CUST105984,70.0,70.0,1.0,,,
A_CUST105985,account,CUST105985,60.0,60.0,1.0,,,
A_CUST105986,account,CUST105986,70.0,75.0,3.0,,,
A_CUST105987,account,CUST105987,70.0,70.0,1.0,,,
A_CUST105992,account,CUST105992,65.0,70.0,2.0,,,
A_CUST105993,account,CUST105993,60.0,60.0,1.0,,,
A_CUST105996,account,CUST105996,66.7,75.0,3.0,,,
A_CUST106000,account,CUST106000,75.0,75.0,1.0,,,
A_CUST106001,account,CUST106001,70.0,85.0,6.0,,,
A_CUST106003,account,CUST106003,60.0,60.0,2.0,,,
A_CUST106004,account,CUST106004,70.0,70.0,1.0,,,
A_CUST106014,account,CUST106014,70.0,70.0,1.0,,,
A_CUST106017,account,CUST106017,73.3,80.0,3.0,,,
A_CUST106026,account,CUST106026,60.0,60.0,1.0,,,
A_CUST106039,account,CUST106039,63.3,70.0,3.0,,,
A_CUST106040,account,CUST106040,76.2,85.0,4.0,,,
A_CUST106049,account,CUST106049,65.0,65.0,1.0,,,
A_CUST106050,account,CUST106050,75.0,75.0,1.0,,,
A_CUST106056,account,CUST106056,65.0,75.0,3.0,,,
A_CUST106060,account,CUST106060,95.0,95.0,1.0,,,
A_CUST106061,account,CUST106061,63.3,70.0,3.0,,,
A_CUST106068,account,CUST106068,85.0,85.0,1.0,,,
A_CUST106069,account,CUST106069,85.0,85.0,1.0,,,
A_CUST106070,account,CUST106070,65.0,70.0,5.0,,,
A_CUST106071,account,CUST106071,66.7,70.0,3.0,,,
A_CUST106072,account,CUST106072,60.0,60.0,1.0,,,
A_CUST106076,account,CUST106076,65.0,65.0,1.0,,,
A_CUST106077,account,CUST106077,72.5,90.0,4.0,,,
A_CUST106084,account,CUST106084,80.0,80.0,1.0,,,
A_CUST106088,account,CUST106088,88.3,100.0,3.0,,,
A_CUST106090,account,CUST106090,60.0,60.0,1.0,,,
A_CUST106091,account,CUST106091,75.0,95.0,3.0,,,
A_CUST106096,account,CUST106096,60.0,60.0,1.0,,,
A_CUST106097,account,CUST106097,70.0,70.0,1.0,,,
A_CUST106102,account,CUST106102,65.0,65.0,1.0,,,
A_CUST106105,account,CUST106105,60.0,60.0,1.0,,,
A_CUST106106,account,CUST106106,75.0,90.0,2.0,,,
A_CUST106108,account,CUST106108,65.0,70.0,2.0,,,
A_CUST106110,account,CUST106110,65.0,65.0,1.0,,,
A_CUST106112,account,CUST106112,65.0,70.0,3.0,,,
A_CUST106118,account,CUST106118,95.0,95.0,1.0,,,
A_CUST106121,account,CUST106121,70.0,70.0,1.0,,,
A_CUST106124,account,CUST106124,60.0,60.0,1.0,,,
A_CUST106125,account,CUST106125,70.0,70.0,1.0,,,
A_CUST106126,account,CUST106126,60.0,60.0,1.0,,,
A_CUST106133,account,CUST106133,60.0,60.0,2.0,,,
A_CUST106146,account,CUST106146,60.0,60.0,1.0,,,
A_CUST106147,account,CUST106147,70.0,70.0,1.0,,,
A_CUST106151,account,CUST106151,60.0,60.0,1.0,,,
A_CUST106156,account,CUST106156,65.0,70.0,2.0,,,
A_CUST106157,account,CUST106157,60.0,60.0,1.0,,,
A_CUST106159,account,CUST106159,70.0,75.0,2.0,,,
A_CUST106164,account,CUST106164,65.0,65.0,1.0,,,
A_CUST106168,account,CUST106168,70.0,70.0,1.0,,,
A_CUST106199,account,CUST106199,60.0,60.0,1.0,,,
A_CUST106201,account,CUST106201,70.0,70.0,1.0,,,
A_CUST106204,account,CUST106204,60.0,60.0,3.0,,,
A_CUST106209,account,CUST106209,65.0,65.0,1.0,,,
A_CUST106210,account,CUST106210,70.0,70.0,2.0,,,
A_CUST106212,account,CUST106212,60.0,60.0,2.0,,,
A_CUST106216,account,CUST106216,70.0,70.0,1.0,,,
A_CUST106217,account,CUST106217,60.0,60.0,1.0,,,
A_CUST106221,account,CUST106221,65.0,65.0,1.0,,,
A_CUST106222,account,CUST106222,60.0,60.0,1.0,,,
A_CUST106223,account,CUST106223,60.0,60.0,1.0,,,
A_CUST106226,account,CUST106226,70.0,70.0,1.0,,,
A_CUST106230,account,CUST106230,60.0,60.0,1.0,,,
A_CUST106236,account,CUST106236,60.0,60.0,1.0,,,
A_CUST106243,account,CUST106243,70.0,70.0,1.0,,,
A_CUST106244,account,CUST106244,75.0,75.0,1.0,,,
A_CUST106245,account,CUST106245,60.0,60.0,1.0,,,
A_CUST106248,account,CUST106248,92.5,100.0,2.0,,,
A_CUST106250,account,CUST106250,65.0,65.0,1.0,,,
A_CUST106254,account,CUST106254,73.3,80.0,3.0,,,
A_CUST106256,account,CUST106256,75.0,75.0,1.0,,,
A_CUST106261,account,CUST106261,62.5,65.0,2.0,,,
A_CUST106263,account,CUST106263,60.0,60.0,1.0,,,
A_CUST106273,account,CUST106273,60.0,60.0,1.0,,,
A_CUST106277,account,CUST106277,67.5,70.0,2.0,,,
A_CUST106280,account,CUST106280,85.0,100.0,3.0,,,
A_CUST106282,account,CUST106282,60.0,60.0,1.0,,,
A_CUST106284,account,CUST106284,60.0,60.0,2.0,,,
A_CUST106300,account,CUST106300,70.0,70.0,1.0,,,
A_CUST106305,account,CUST106305,65.0,65.0,1.0,,,
A_CUST106308,account,CUST106308,66.2,75.0,4.0,,,
A_CUST106312,account,CUST106312,72.5,85.0,2.0,,,
A_CUST106315,account,CUST106315,60.0,60.0,1.0,,,
A_CUST106317,account,CUST106317,80.0,80.0,1.0,,,
A_CUST106319,account,CUST106319,70.0,70.0,1.0,,,
A_CUST106324,account,CUST106324,65.0,65.0,1.0,,,
A_CUST106325,account,CUST106325,70.0,75.0,3.0,,,
A_CUST106326,account,CUST106326,75.0,80.0,2.0,,,
A_CUST106329,account,CUST106329,70.0,70.0,1.0,,,
A_CUST106335,account,CUST106335,60.0,60.0,1.0,,,
A_CUST106342,account,CUST106342,60.0,60.0,3.0,,,
A_CUST106343,account,CUST106343,60.0,60.0,1.0,,,
A_CUST106346,account,CUST106346,68.3,75.0,3.0,,,
A_CUST106347,account,CUST106347,70.0,70.0,1.0,,,
A_CUST106350,account,CUST106350,80.0,80.0,1.0,,,
A_CUST106352,account,CUST106352,60.0,60.0,1.0,,,
A_CUST106353,account,CUST106353,60.0,60.0,2.0,,,
A_CUST106356,account,CUST106356,62.5,65.0,2.0,,,
A_CUST106366,account,CUST106366,60.0,60.0,1.0,,,
A_CUST106371,account,CUST106371,60.0,60.0,1.0,,,
A_CUST106374,account,CUST106374,65.0,65.0,1.0,,,
A_CUST106381,account,CUST106381,65.0,65.0,1.0,,,
A_CUST106382,account,CUST106382,60.0,60.0,1.0,,,
A_CUST106387,account,CUST106387,60.0,60.0,2.0,,,
A_CUST106396,account,CUST106396,65.0,65.0,1.0,,,
A_CUST106398,account,CUST106398,80.0,80.0,2.0,,,
A_CUST106401,account,CUST106401,100.0,100.0,1.0,,,
A_CUST106403,account,CUST106403,60.0,60.0,1.0,,,
A_CUST106404,account,CUST106404,60.0,60.0,1.0,,,
A_CUST106408,account,CUST106408,70.0,75.0,3.0,,,
A_CUST106410,account,CUST106410,68.3,80.0,3.0,,,
A_CUST106414,account,CUST106414,60.0,60.0,1.0,,,
A_CUST106415,account,CUST106415,65.0,70.0,3.0,,,
A_CUST106425,account,CUST106425,70.0,70.0,1.0,,,
A_CUST106430,account,CUST106430,60.0,60.0,2.0,,,
A_CUST106433,account,CUST106433,60.0,60.0,1.0,,,
A_CUST106436,account,CUST106436,60.0,60.0,1.0,,,
A_CUST106438,account,CUST106438,70.0,70.0,1.0,,,
A_CUST106440,account,CUST106440,60.0,60.0,2.0,,,
A_CUST106444,account,CUST106444,60.0,60.0,1.0,,,
A_CUST106445,account,CUST106445,68.0,100.0,5.0,,,
A_CUST106446,account,CUST106446,65.0,70.0,2.0,,,
A_CUST106447,account,CUST106447,60.0,60.0,1.0,,,
A_CUST106448,account,CUST106448,60.0,60.0,1.0,,,
A_CUST106450,account,CUST106450,70.0,70.0,1.0,,,
A_CUST106454,account,CUST106454,60.0,60.0,2.0,,,
A_CUST106456,account,CUST106456,70.0,75.0,3.0,,,
A_CUST106466,account,CUST106466,67.5,70.0,4.0,,,
A_CUST106467,account,CUST106467,62.5,65.0,2.0,,,
A_CUST106468,account,CUST106468,60.0,60.0,1.0,,,
A_CUST106470,account,CUST106470,70.0,70.0,2.0,,,
A_CUST106472,account,CUST106472,60.0,60.0,1.0,,,
A_CUST106487,account,CUST106487,70.0,80.0,2.0,,,
A_CUST106488,account,CUST106488,65.0,65.0,1.0,,,
A_CUST106492,account,CUST106492,60.0,60.0,1.0,,,
A_CUST106495,account,CUST106495,75.0,75.0,1.0,,,
A_CUST106496,account,CUST106496,70.0,75.0,2.0,,,
A_CUST106499,account,CUST106499,70.0,70.0,1.0,,,
A_CUST106503,account,CUST106503,63.3,70.0,3.0,,,
A_CUST106508,account,CUST106508,60.0,60.0,1.0,,,
A_CUST106512,account,CUST106512,61.2,65.0,4.0,,,
A_CUST106513,account,CUST106513,65.0,65.0,1.0,,,
A_CUST106516,account,CUST106516,60.0,60.0,1.0,,,
A_CUST106522,account,CUST106522,70.0,70.0,1.0,,,
A_CUST106524,account,CUST106524,85.0,85.0,1.0,,,
A_CUST106531,account,CUST106531,62.5,65.0,2.0,,,
A_CUST106533,account,CUST106533,72.5,100.0,4.0,,,
A_CUST106534,account,CUST106534,67.5,70.0,2.0,,,
A_CUST106544,account,CUST106544,60.0,60.0,1.0,,,
A_CUST106548,account,CUST106548,60.0,60.0,1.0,,,
A_CUST106549,account,CUST106549,60.0,60.0,1.0,,,
A_CUST106551,account,CUST106551,60.0,60.0,1.0,,,
A_CUST106552,account,CUST106552,70.0,75.0,2.0,,,
A_CUST106553,account,CUST106553,60.0,60.0,1.0,,,
A_CUST106558,account,CUST106558,78.8,100.0,4.0,,,
A_CUST106566,account,CUST106566,70.0,70.0,1.0,,,
A_CUST106568,account,CUST106568,70.0,70.0,1.0,,,
A_CUST106570,account,CUST106570,60.0,60.0,1.0,,,
A_CUST106571,account,CUST106571,70.0,70.0,1.0,,,
A_CUST106572,account,CUST106572,77.5,85.0,2.0,,,
A_CUST106574,account,CUST106574,65.0,65.0,1.0,,,
A_CUST106577,account,CUST106577,70.0,70.0,1.0,,,
A_CUST106579,account,CUST106579,62.5,65.0,2.0,,,
A_CUST106582,account,CUST106582,60.0,60.0,1.0,,,
A_CUST106583,account,CUST106583,60.0,60.0,1.0,,,
A_CUST106588,account,CUST106588,70.0,70.0,1.0,,,
A_CUST106591,account,CUST106591,60.0,60.0,1.0,,,
A_CUST106602,account,CUST106602,85.0,100.0,4.0,,,
A_CUST106611,account,CUST106611,60.0,60.0,1.0,,,
A_CUST106612,account,CUST106612,65.0,70.0,2.0,,,
A_CUST106634,account,CUST106634,65.0,65.0,1.0,,,
A_CUST106638,account,CUST106638,78.3,95.0,3.0,,,
A_CUST106639,account,CUST106639,65.0,65.0,1.0,,,
A_CUST106641,account,CUST106641,60.0,60.0,1.0,,,
A_CUST106644,account,CUST106644,60.0,60.0,1.0,,,
A_CUST106647,account,CUST106647,80.0,80.0,1.0,,,
A_CUST106654,account,CUST106654,65.0,70.0,2.0,,,
A_CUST106655,account,CUST106655,70.0,70.0,1.0,,,
A_CUST106659,account,CUST106659,65.0,65.0,1.0,,,
A_CUST106660,account,CUST106660,60.0,60.0,1.0,,,
A_CUST106663,account,CUST106663,65.0,70.0,2.0,,,
A_CUST106668,account,CUST106668,70.0,70.0,1.0,,,
A_CUST106677,account,CUST106677,60.0,60.0,1.0,,,
A_CUST106684,account,CUST106684,60.0,60.0,1.0,,,
A_CUST106686,account,CUST106686,60.0,60.0,1.0,,,
A_CUST106690,account,CUST106690,60.0,60.0,1.0,,,
A_CUST106691,account,CUST106691,66.7,80.0,3.0,,,
A_CUST106692,account,CUST106692,75.0,75.0,1.0,,,
A_CUST106695,account,CUST106695,65.0,65.0,1.0,,,
A_CUST106698,account,CUST106698,60.0,60.0,1.0,,,
A_CUST106700,account,CUST106700,73.3,80.0,3.0,,,
A_CUST106708,account,CUST106708,60.0,60.0,1.0,,,
A_CUST106709,account,CUST106709,60.0,60.0,1.0,,,
A_CUST106711,account,CUST106711,60.0,60.0,1.0,,,
A_CUST106719,account,CUST106719,70.0,70.0,1.0,,,
A_CUST106720,account,CUST106720,60.0,60.0,1.0,,,
A_CUST106722,account,CUST106722,60.0,60.0,4.0,,,
A_CUST106724,account,CUST106724,60.0,60.0,1.0,,,
A_CUST106734,account,CUST106734,81.7,100.0,3.0,,,
A_CUST106737,account,CUST106737,60.0,60.0,1.0,,,
A_CUST106741,account,CUST106741,75.0,85.0,3.0,,,
A_CUST106742,account,CUST106742,75.0,85.0,4.0,,,
A_CUST106744,account,CUST106744,82.5,95.0,2.0,,,
A_CUST106749,account,CUST106749,90.0,90.0,1.0,,,
A_CUST106751,account,CUST106751,80.0,80.0,1.0,,,
A_CUST106753,account,CUST106753,60.0,60.0,1.0,,,
A_CUST106755,account,CUST106755,70.0,70.0,1.0,,,
A_CUST106759,account,CUST106759,85.0,85.0,1.0,,,
A_CUST106771,account,CUST106771,70.0,70.0,1.0,,,
A_CUST106773,account,CUST106773,60.0,60.0,1.0,,,
A_CUST106781,account,CUST106781,60.0,60.0,1.0,,,
A_CUST106783,account,CUST106783,95.0,95.0,1.0,,,
A_CUST106784,account,CUST106784,60.0,60.0,1.0,,,
A_CUST106785,account,CUST106785,62.5,65.0,2.0,,,
A_CUST106797,account,CUST106797,65.0,70.0,2.0,,,
A_CUST106798,account,CUST106798,65.0,65.0,1.0,,,
A_CUST106799,account,CUST106799,65.0,65.0,1.0,,,
A_CUST106802,account,CUST106802,75.0,75.0,1.0,,,
A_CUST106806,account,CUST106806,65.0,65.0,1.0,,,
A_CUST106807,account,CUST106807,77.5,95.0,2.0,,,
A_CUST106815,account,CUST106815,60.0,60.0,1.0,,,
A_CUST106818,account,CUST106818,60.0,60.0,2.0,,,
A_CUST106819,account,CUST106819,60.0,60.0,1.0,,,
A_CUST106821,account,CUST106821,72.5,75.0,2.0,,,
A_CUST106823,account,CUST106823,70.0,80.0,4.0,,,
A_CUST106824,account,CUST106824,70.0,70.0,1.0,,,
A_CUST106828,account,CUST106828,65.0,65.0,1.0,,,
A_CUST106829,account,CUST106829,60.0,60.0,1.0,,,
A_CUST106832,account,CUST106832,60.0,60.0,1.0,,,
A_CUST106844,account,CUST106844,60.0,60.0,2.0,,,
A_CUST106846,account,CUST106846,65.0,65.0,1.0,,,
A_CUST106848,account,CUST106848,60.0,60.0,1.0,,,
A_CUST106849,account,CUST106849,60.0,60.0,1.0,,,
A_CUST106851,account,CUST106851,75.0,80.0,2.0,,,
A_CUST106855,account,CUST106855,75.0,85.0,2.0,,,
A_CUST106856,account,CUST106856,60.0,60.0,1.0,,,
A_CUST106858,account,CUST106858,67.5,70.0,4.0,,,
A_CUST106861,account,CUST106861,76.7,90.0,3.0,,,
A_CUST106864,account,CUST106864,60.0,60.0,1.0,,,
A_CUST106865,account,CUST106865,67.5,75.0,2.0,,,
A_CUST106866,account,CUST106866,60.0,60.0,1.0,,,
A_CUST106873,account,CUST106873,60.0,60.0,1.0,,,
A_CUST106876,account,CUST106876,75.0,75.0,1.0,,,
A_CUST106879,account,CUST106879,65.0,65.0,1.0,,,
A_CUST106882,account,CUST106882,65.0,65.0,1.0,,,
A_CUST106884,account,CUST106884,65.0,65.0,1.0,,,
A_CUST106885,account,CUST106885,65.0,65.0,1.0,,,
A_CUST106889,account,CUST106889,60.0,60.0,1.0,,,
A_CUST106904,account,CUST106904,60.0,60.0,1.0,,,
A_CUST106907,account,CUST106907,65.0,70.0,2.0,,,
A_CUST106909,account,CUST106909,80.0,80.0,1.0,,,
A_CUST106910,account,CUST106910,60.0,60.0,1.0,,,
A_CUST106916,account,CUST106916,60.0,60.0,1.0,,,
A_CUST106919,account,CUST106919,60.0,60.0,2.0,,,
A_CUST106920,account,CUST106920,65.0,70.0,2.0,,,
A_CUST106921,account,CUST106921,60.0,60.0,3.0,,,
A_CUST106922,account,CUST106922,65.0,65.0,1.0,,,
A_CUST106925,account,CUST106925,62.5,65.0,2.0,,,
A_CUST106927,account,CUST106927,60.0,60.0,2.0,,,
A_CUST106928,account,CUST106928,60.0,60.0,1.0,,,
A_CUST106929,account,CUST106929,60.0,60.0,1.0,,,
A_CUST106933,account,CUST106933,60.0,60.0,1.0,,,
A_CUST106943,account,CUST106943,67.5,75.0,2.0,,,
A_CUST106947,account,CUST106947,65.0,65.0,1.0,,,
A_CUST106951,account,CUST106951,65.0,65.0,1.0,,,
A_CUST106955,account,CUST106955,60.0,60.0,1.0,,,
A_CUST106956,account,CUST106956,60.0,60.0,1.0,,,
A_CUST106960,account,CUST106960,67.5,70.0,2.0,,,
A_CUST106962,account,CUST106962,67.5,70.0,2.0,,,
A_CUST106967,account,CUST106967,60.0,60.0,1.0,,,
A_CUST106968,account,CUST106968,65.0,70.0,2.0,,,
A_CUST106971,account,CUST106971,70.0,70.0,1.0,,,
A_CUST106977,account,CUST106977,82.5,95.0,2.0,,,
A_CUST106979,account,CUST106979,70.0,70.0,1.0,,,
A_CUST106980,account,CUST106980,60.0,60.0,1.0,,,
A_CUST106983,account,CUST106983,60.0,60.0,1.0,,,
A_CUST106994,account,CUST106994,60.0,60.0,1.0,,,
A_CUST107000,account,CUST107000,70.0,70.0,1.0,,,
A_CUST107012,account,CUST107012,60.0,60.0,1.0,,,
A_CUST107024,account,CUST107024,60.0,60.0,1.0,,,
A_CUST107027,account,CUST107027,60.0,60.0,1.0,,,
A_CUST107028,account,CUST107028,60.0,60.0,1.0,,,
A_CUST107031,account,CUST107031,72.5,85.0,2.0,,,
A_CUST107045,account,CUST107045,65.0,70.0,2.0,,,
A_CUST107048,account,CUST107048,60.0,60.0,1.0,,,
A_CUST107054,account,CUST107054,70.0,70.0,1.0,,,
A_CUST107055,account,CUST107055,60.0,60.0,1.0,,,
A_CUST107056,account,CUST107056,65.0,65.0,2.0,,,
A_CUST107060,account,CUST107060,75.0,75.0,1.0,,,
A_CUST107063,account,CUST107063,70.0,70.0,1.0,,,
A_CUST107067,account,CUST107067,60.0,60.0,1.0,,,
A_CUST107069,account,CUST107069,70.0,70.0,1.0,,,
A_CUST107072,account,CUST107072,70.0,70.0,1.0,,,
A_CUST107076,account,CUST107076,73.3,100.0,3.0,,,
A_CUST107078,account,CUST107078,60.0,60.0,1.0,,,
A_CUST107080,account,CUST107080,78.3,95.0,3.0,,,
A_CUST107084,account,CUST107084,67.5,75.0,2.0,,,
A_CUST107088,account,CUST107088,65.0,70.0,2.0,,,
A_CUST107092,account,CUST107092,60.0,60.0,1.0,,,
A_CUST107093,account,CUST107093,65.0,65.0,1.0,,,
A_CUST107094,account,CUST107094,66.2,85.0,4.0,,,
A_CUST107097,account,CUST107097,60.0,60.0,1.0,,,
A_CUST107100,account,CUST107100,67.5,75.0,2.0,,,
A_CUST107101,account,CUST107101,60.0,60.0,1.0,,,
A_CUST107106,account,CUST107106,70.0,70.0,2.0,,,
A_CUST107108,account,CUST107108,70.0,70.0,1.0,,,
A_CUST107109,account,CUST107109,75.0,85.0,3.0,,,
A_CUST107113,account,CUST107113,65.0,70.0,2.0,,,
A_CUST107114,account,CUST107114,60.0,60.0,2.0,,,
A_CUST107118,account,CUST107118,60.0,60.0,1.0,,,
A_CUST107125,account,CUST107125,70.0,70.0,1.0,,,
A_CUST107129,account,CUST107129,70.0,70.0,1.0,,,
A_CUST107131,account,CUST107131,70.0,70.0,1.0,,,
A_CUST107132,account,CUST107132,65.0,65.0,1.0,,,
A_CUST107133,account,CUST107133,62.5,65.0,2.0,,,
A_CUST107134,account,CUST107134,70.0,70.0,1.0,,,
A_CUST107139,account,CUST107139,70.0,70.0,1.0,,,
A_CUST107140,account,CUST107140,75.0,75.0,1.0,,,
A_CUST107147,account,CUST107147,80.0,80.0,1.0,,,
A_CUST107148,account,CUST107148,60.0,60.0,1.0,,,
A_CUST107150,account,CUST107150,67.5,75.0,2.0,,,
A_CUST107155,account,CUST107155,60.0,60.0,1.0,,,
A_CUST107157,account,CUST107157,65.0,65.0,1.0,,,
A_CUST107168,account,CUST107168,60.0,60.0,1.0,,,
A_CUST107170,account,CUST107170,70.0,70.0,1.0,,,
A_CUST107174,account,CUST107174,70.0,70.0,1.0,,,
A_CUST107179,account,CUST107179,60.0,60.0,1.0,,,
A_CUST107180,account,CUST107180,60.0,60.0,1.0,,,
A_CUST107181,account,CUST107181,63.3,70.0,3.0,,,
A_CUST107187,account,CUST107187,80.0,80.0,1.0,,,
A_CUST107193,account,CUST107193,60.0,60.0,1.0,,,
A_CUST107195,account,CUST107195,60.0,60.0,1.0,,,
A_CUST107196,account,CUST107196,60.0,60.0,1.0,,,
A_CUST107197,account,CUST107197,71.2,95.0,4.0,,,
A_CUST107200,account,CUST107200,60.0,60.0,1.0,,,
A_CUST107205,account,CUST107205,60.0,60.0,1.0,,,
A_CUST107212,account,CUST107212,60.0,60.0,1.0,,,
A_CUST107213,account,CUST107213,95.0,95.0,1.0,,,
A_CUST107222,account,CUST107222,67.5,70.0,2.0,,,
A_CUST107231,account,CUST107231,60.0,60.0,1.0,,,
A_CUST107236,account,CUST107236,60.0,60.0,1.0,,,
A_CUST107237,account,CUST107237,65.0,65.0,1.0,,,
A_CUST107243,account,CUST107243,60.0,60.0,1.0,,,
A_CUST107249,account,CUST107249,60.0,60.0,1.0,,,
A_CUST107252,account,CUST107252,70.0,70.0,1.0,,,
A_CUST107253,account,CUST107253,66.4,75.0,7.0,,,
A_CUST107261,account,CUST107261,77.5,85.0,2.0,,,
A_CUST107264,account,CUST107264,66.7,75.0,3.0,,,
A_CUST107272,account,CUST107272,60.0,60.0,1.0,,,
A_CUST107274,account,CUST107274,60.0,60.0,1.0,,,
A_CUST107284,account,CUST107284,70.0,70.0,1.0,,,
A_CUST107286,account,CUST107286,60.0,60.0,2.0,,,
A_CUST107290,account,CUST107290,60.0,60.0,1.0,,,
A_CUST107292,account,CUST107292,60.0,60.0,1.0,,,
A_CUST107294,account,CUST107294,60.0,60.0,1.0,,,
A_CUST107298,account,CUST107298,60.0,60.0,1.0,,,
A_CUST107299,account,CUST107299,77.5,85.0,2.0,,,
A_CUST107302,account,CUST107302,70.0,70.0,1.0,,,
A_CUST107304,account,CUST107304,72.5,85.0,2.0,,,
A_CUST107308,account,CUST107308,60.0,60.0,1.0,,,
A_CUST107313,account,CUST107313,95.0,95.0,1.0,,,
A_CUST107321,account,CUST107321,80.0,80.0,1.0,,,
A_CUST107330,account,CUST107330,63.3,70.0,3.0,,,
A_CUST107339,account,CUST107339,60.0,60.0,3.0,,,
A_CUST107340,account,CUST107340,70.0,80.0,2.0,,,
A_CUST107344,account,CUST107344,72.5,75.0,2.0,,,
A_CUST107345,account,CUST107345,67.5,75.0,2.0,,,
A_CUST107346,account,CUST107346,60.0,60.0,1.0,,,
A_CUST107347,account,CUST107347,65.0,65.0,1.0,,,
A_CUST107363,account,CUST107363,67.5,85.0,6.0,,,
A_CUST107370,account,CUST107370,70.0,80.0,3.0,,,
A_CUST107371,account,CUST107371,66.7,80.0,3.0,,,
A_CUST107374,account,CUST107374,70.0,70.0,1.0,,,
A_CUST107376,account,CUST107376,65.0,65.0,1.0,,,
A_CUST107378,account,CUST107378,60.0,60.0,1.0,,,
A_CUST107380,account,CUST107380,70.0,70.0,1.0,,,
A_CUST107382,account,CUST107382,67.5,75.0,2.0,,,
A_CUST107383,account,CUST107383,75.0,95.0,5.0,,,
A_CUST107393,account,CUST107393,65.0,65.0,1.0,,,
A_CUST107397,account,CUST107397,60.0,60.0,3.0,,,
A_CUST107402,account,CUST107402,60.0,60.0,1.0,,,
A_CUST107405,account,CUST107405,65.0,70.0,3.0,,,
A_CUST107408,account,CUST107408,60.0,60.0,1.0,,,
A_CUST107411,account,CUST107411,70.0,80.0,2.0,,,
A_CUST107413,account,CUST107413,70.0,70.0,1.0,,,
A_CUST107414,account,CUST107414,85.0,85.0,1.0,,,
A_CUST107416,account,CUST107416,65.0,65.0,1.0,,,
A_CUST107417,account,CUST107417,70.0,70.0,1.0,,,
A_CUST107420,account,CUST107420,70.0,70.0,1.0,,,
A_CUST107425,account,CUST107425,60.0,60.0,2.0,,,
A_CUST107430,account,CUST107430,65.0,65.0,1.0,,,
A_CUST107435,account,CUST107435,70.0,75.0,2.0,,,
A_CUST107438,account,CUST107438,85.0,85.0,1.0,,,
A_CUST107440,account,CUST107440,65.0,65.0,1.0,,,
A_CUST107441,account,CUST107441,80.0,80.0,1.0,,,
A_CUST107445,account,CUST107445,70.0,70.0,1.0,,,
A_CUST107447,account,CUST107447,74.0,80.0,5.0,,,
A_CUST107450,account,CUST107450,90.0,90.0,1.0,,,
A_CUST107453,account,CUST107453,81.4,95.0,7.0,,,
A_CUST107466,account,CUST107466,63.3,70.0,3.0,,,
A_CUST107470,account,CUST107470,60.0,60.0,1.0,,,
A_CUST107473,account,CUST107473,70.0,70.0,1.0,,,
A_CUST107474,account,CUST107474,70.0,70.0,4.0,,,
A_CUST107478,account,CUST107478,60.0,60.0,1.0,,,
A_CUST107483,account,CUST107483,70.0,70.0,1.0,,,
A_CUST107487,account,CUST107487,60.0,60.0,1.0,,,
A_CUST107490,account,CUST107490,75.0,75.0,1.0,,,
A_CUST107492,account,CUST107492,70.0,70.0,1.0,,,
A_CUST107494,account,CUST107494,60.0,60.0,1.0,,,
A_CUST107496,account,CUST107496,65.0,70.0,2.0,,,
A_CUST107498,account,CUST107498,85.0,100.0,2.0,,,
A_CUST107504,account,CUST107504,62.5,65.0,2.0,,,
A_CUST107505,account,CUST107505,67.5,70.0,2.0,,,
A_CUST107506,account,CUST107506,60.0,60.0,1.0,,,
A_CUST107512,account,CUST107512,70.0,70.0,2.0,,,
A_CUST107515,account,CUST107515,63.3,70.0,3.0,,,
A_CUST107519,account,CUST107519,60.0,60.0,1.0,,,
A_CUST107524,account,CUST107524,60.0,60.0,1.0,,,
A_CUST107527,account,CUST107527,60.0,60.0,1.0,,,
A_CUST107528,account,CUST107528,60.0,60.0,1.0,,,
A_CUST107532,account,CUST107532,65.0,65.0,1.0,,,
A_CUST107539,account,CUST107539,60.0,60.0,1.0,,,
A_CUST107542,account,CUST107542,60.0,60.0,1.0,,,
A_CUST107550,account,CUST107550,65.0,65.0,1.0,,,
A_CUST107559,account,CUST107559,62.5,70.0,4.0,,,
A_CUST107561,account,CUST107561,60.0,60.0,1.0,,,
A_CUST107566,account,CUST107566,61.7,65.0,3.0,,,
A_CUST107569,account,CUST107569,70.0,70.0,1.0,,,
A_CUST107571,account,CUST107571,65.0,65.0,1.0,,,
A_CUST107578,account,CUST107578,71.2,85.0,4.0,,,
A_CUST107579,account,CUST107579,67.5,70.0,2.0,,,
A_CUST107583,account,CUST107583,60.0,60.0,1.0,,,
A_CUST107584,account,CUST107584,60.0,60.0,2.0,,,
A_CUST107586,account,CUST107586,90.0,90.0,1.0,,,
A_CUST107589,account,CUST107589,72.5,85.0,2.0,,,
A_CUST107598,account,CUST107598,70.0,70.0,1.0,,,
A_CUST107604,account,CUST107604,65.0,70.0,3.0,,,
A_CUST107605,account,CUST107605,71.7,95.0,3.0,,,
A_CUST107609,account,CUST107609,60.0,60.0,1.0,,,
A_CUST107610,account,CUST107610,65.0,65.0,1.0,,,
A_CUST107613,account,CUST107613,80.0,90.0,2.0,,,
A_CUST107615,account,CUST107615,65.0,65.0,1.0,,,
A_CUST107616,account,CUST107616,65.0,65.0,1.0,,,
A_CUST107617,account,CUST107617,65.0,70.0,2.0,,,
A_CUST107619,account,CUST107619,60.0,60.0,4.0,,,
A_CUST107623,account,CUST107623,65.0,65.0,2.0,,,
A_CUST107626,account,CUST107626,60.0,60.0,2.0,,,
A_CUST107631,account,CUST107631,67.5,70.0,2.0,,,
A_CUST107639,account,CUST107639,70.0,70.0,1.0,,,
A_CUST107641,account,CUST107641,85.0,85.0,1.0,,,
A_CUST107643,account,CUST107643,61.7,65.0,3.0,,,
A_CUST107671,account,CUST107671,75.0,80.0,2.0,,,
A_CUST107675,account,CUST107675,62.5,65.0,2.0,,,
A_CUST107676,account,CUST107676,70.0,70.0,1.0,,,
A_CUST107680,account,CUST107680,70.0,70.0,1.0,,,
A_CUST107683,account,CUST107683,70.0,70.0,1.0,,,
A_CUST107688,account,CUST107688,70.0,70.0,1.0,,,
A_CUST107689,account,CUST107689,65.0,65.0,1.0,,,
A_CUST107691,account,CUST107691,60.0,60.0,2.0,,,
A_CUST107692,account,CUST107692,60.0,60.0,1.0,,,
A_CUST107699,account,CUST107699,70.0,70.0,1.0,,,
A_CUST107700,account,CUST107700,60.0,60.0,1.0,,,
A_CUST107702,account,CUST107702,70.0,70.0,1.0,,,
A_CUST107703,account,CUST107703,60.0,60.0,1.0,,,
A_CUST107706,account,CUST107706,75.0,75.0,1.0,,,
A_CUST107713,account,CUST107713,100.0,100.0,1.0,,,
A_CUST107714,account,CUST107714,70.0,70.0,1.0,,,
A_CUST107721,account,CUST107721,75.0,80.0,2.0,,,
A_CUST107727,account,CUST107727,60.0,60.0,1.0,,,
A_CUST107731,account,CUST107731,60.0,60.0,1.0,,,
A_CUST107732,account,CUST107732,60.0,60.0,2.0,,,
A_CUST107733,account,CUST107733,60.0,60.0,2.0,,,
A_CUST107736,account,CUST107736,60.0,60.0,1.0,,,
A_CUST107737,account,CUST107737,62.5,65.0,4.0,,,
A_CUST107738,account,CUST107738,65.0,65.0,1.0,,,
A_CUST107739,account,CUST107739,60.0,60.0,2.0,,,
A_CUST107741,account,CUST107741,60.0,60.0,1.0,,,
A_CUST107742,account,CUST107742,60.0,60.0,1.0,,,
A_CUST107748,account,CUST107748,65.0,70.0,2.0,,,
A_CUST107749,account,CUST107749,60.0,60.0,1.0,,,
A_CUST107750,account,CUST107750,78.3,95.0,3.0,,,
A_CUST107752,account,CUST107752,65.0,65.0,1.0,,,
A_CUST107760,account,CUST107760,70.0,70.0,1.0,,,
A_CUST107761,account,CUST107761,75.0,75.0,1.0,,,
A_CUST107763,account,CUST107763,75.0,75.0,1.0,,,
A_CUST107766,account,CUST107766,80.0,80.0,1.0,,,
A_CUST107770,account,CUST107770,65.0,75.0,5.0,,,
A_CUST107773,account,CUST107773,67.5,75.0,2.0,,,
A_CUST107777,account,CUST107777,76.7,100.0,3.0,,,
A_CUST107778,account,CUST107778,60.0,60.0,1.0,,,
A_CUST107782,account,CUST107782,70.0,70.0,1.0,,,
A_CUST107783,account,CUST107783,60.0,60.0,2.0,,,
A_CUST107784,account,CUST107784,68.3,85.0,3.0,,,
A_CUST107787,account,CUST107787,75.0,75.0,1.0,,,
A_CUST107798,account,CUST107798,72.5,75.0,2.0,,,
A_CUST107800,account,CUST107800,72.5,85.0,2.0,,,
A_CUST107813,account,CUST107813,70.0,70.0,1.0,,,
A_CUST107814,account,CUST107814,75.0,95.0,3.0,,,
A_CUST107818,account,CUST107818,60.0,60.0,1.0,,,
A_CUST107820,account,CUST107820,80.0,80.0,2.0,,,
A_CUST107821,account,CUST107821,60.0,60.0,1.0,,,
A_CUST107833,account,CUST107833,60.0,60.0,1.0,,,
A_CUST107835,account,CUST107835,70.0,70.0,1.0,,,
A_CUST107840,account,CUST107840,60.0,60.0,2.0,,,
A_CUST107846,account,CUST107846,65.0,70.0,2.0,,,
A_CUST107850,account,CUST107850,70.0,70.0,1.0,,,
A_CUST107852,account,CUST107852,70.0,75.0,2.0,,,
A_CUST107859,account,CUST107859,70.0,70.0,1.0,,,
A_CUST107863,account,CUST107863,60.0,60.0,1.0,,,
A_CUST107864,account,CUST107864,75.0,75.0,1.0,,,
A_CUST107865,account,CUST107865,70.0,70.0,1.0,,,
A_CUST107866,account,CUST107866,80.0,80.0,1.0,,,
A_CUST107870,account,CUST107870,75.0,75.0,1.0,,,
A_CUST107875,account,CUST107875,97.5,100.0,2.0,,,
A_CUST107887,account,CUST107887,65.0,80.0,4.0,,,
A_CUST107889,account,CUST107889,60.0,60.0,2.0,,,
A_CUST107894,account,CUST107894,60.0,60.0,1.0,,,
A_CUST107896,account,CUST107896,70.0,70.0,1.0,,,
A_CUST107904,account,CUST107904,66.7,70.0,3.0,,,
A_CUST107905,account,CUST107905,60.0,60.0,2.0,,,
A_CUST107909,account,CUST107909,62.5,65.0,2.0,,,
A_CUST107911,account,CUST107911,60.0,60.0,1.0,,,
A_CUST107923,account,CUST107923,75.0,75.0,1.0,,,
A_CUST107924,account,CUST107924,60.0,60.0,1.0,,,
A_CUST107931,account,CUST107931,66.2,70.0,4.0,,,
A_CUST107940,account,CUST107940,60.0,60.0,1.0,,,
A_CUST107948,account,CUST107948,65.0,65.0,1.0,,,
A_CUST107949,account,CUST107949,63.3,70.0,3.0,,,
A_CUST107950,account,CUST107950,70.0,70.0,1.0,,,
A_CUST107952,account,CUST107952,75.0,75.0,1.0,,,
A_CUST107960,account,CUST107960,60.0,60.0,1.0,,,
A_CUST107965,account,CUST107965,75.0,75.0,1.0,,,
A_CUST107967,account,CUST107967,70.0,80.0,4.0,,,
A_CUST107968,account,CUST107968,65.0,65.0,1.0,,,
A_CUST107971,account,CUST107971,87.5,100.0,8.0,,,
A_CUST107972,account,CUST107972,60.0,60.0,1.0,,,
A_CUST107979,account,CUST107979,90.0,90.0,1.0,,,
A_CUST107989,account,CUST107989,70.0,70.0,1.0,,,
A_CUST107990,account,CUST107990,70.0,70.0,1.0,,,
A_CUST107993,account,CUST107993,60.0,60.0,1.0,,,
A_CUST107995,account,CUST107995,60.0,60.0,2.0,,,
A_CUST107996,account,CUST107996,70.0,70.0,1.0,,,
A_CUST107999,account,CUST107999,60.0,60.0,2.0,,,
A_CUST108005,account,CUST108005,70.0,70.0,1.0,,,
A_CUST108011,account,CUST108011,60.0,60.0,1.0,,,
A_CUST108012,account,CUST108012,75.0,75.0,1.0,,,
A_CUST108016,account,CUST108016,65.0,65.0,1.0,,,
A_CUST108020,account,CUST108020,60.0,60.0,2.0,,,
A_CUST108027,account,CUST108027,70.0,70.0,1.0,,,
A_CUST108033,account,CUST108033,60.0,60.0,1.0,,,
A_CUST108034,account,CUST108034,60.0,60.0,1.0,,,
A_CUST108043,account,CUST108043,60.0,60.0,1.0,,,
A_CUST108053,account,CUST108053,80.0,100.0,2.0,,,
A_CUST108056,account,CUST108056,62.5,65.0,2.0,,,
A_CUST108059,account,CUST108059,60.0,60.0,1.0,,,
A_CUST108064,account,CUST108064,65.0,65.0,1.0,,,
A_CUST108069,account,CUST108069,60.0,60.0,1.0,,,
A_CUST108072,account,CUST108072,70.0,70.0,1.0,,,
A_CUST108075,account,CUST108075,85.0,85.0,1.0,,,
A_CUST108080,account,CUST108080,65.0,65.0,1.0,,,
A_CUST108083,account,CUST108083,60.0,60.0,1.0,,,
A_CUST108086,account,CUST108086,60.0,60.0,1.0,,,
A_CUST108090,account,CUST108090,60.0,60.0,1.0,,,
A_CUST108095,account,CUST108095,65.0,65.0,1.0,,,
A_CUST108096,account,CUST108096,60.0,60.0,1.0,,,
A_CUST108097,account,CUST108097,70.0,70.0,2.0,,,
A_CUST108106,account,CUST108106,65.0,65.0,2.0,,,
A_CUST108107,account,CUST108107,60.0,60.0,1.0,,,
A_CUST108108,account,CUST108108,70.0,70.0,1.0,,,
A_CUST108112,account,CUST108112,76.7,90.0,3.0,,,
A_CUST108116,account,CUST108116,65.0,65.0,1.0,,,
A_CUST108120,account,CUST108120,65.0,65.0,1.0,,,
A_CUST108121,account,CUST108121,60.0,60.0,3.0,,,
A_CUST108122,account,CUST108122,60.0,60.0,1.0,,,
A_CUST108124,account,CUST108124,60.0,60.0,1.0,,,
A_CUST108128,account,CUST108128,80.0,80.0,1.0,,,
A_CUST108143,account,CUST108143,80.0,80.0,1.0,,,
A_CUST108145,account,CUST108145,60.0,60.0,1.0,,,
A_CUST108146,account,CUST108146,70.0,70.0,1.0,,,
A_CUST108148,account,CUST108148,60.0,60.0,1.0,,,
A_CUST108152,account,CUST108152,60.0,60.0,1.0,,,
A_CUST108162,account,CUST108162,77.0,100.0,5.0,,,
A_CUST108163,account,CUST108163,70.0,80.0,2.0,,,
A_CUST108168,account,CUST108168,75.0,80.0,2.0,,,
A_CUST108173,account,CUST108173,60.0,60.0,1.0,,,
A_CUST108177,account,CUST108177,65.0,65.0,1.0,,,
A_CUST108180,account,CUST108180,60.0,60.0,1.0,,,
A_CUST108189,account,CUST108189,61.7,65.0,3.0,,,
A_CUST108190,account,CUST108190,60.0,60.0,2.0,,,
A_CUST108193,account,CUST108193,60.0,60.0,1.0,,,
A_CUST108195,account,CUST108195,70.0,70.0,1.0,,,
A_CUST108196,account,CUST108196,80.0,80.0,1.0,,,
A_CUST108197,account,CUST108197,70.0,70.0,1.0,,,
A_CUST108198,account,CUST108198,70.0,80.0,2.0,,,
A_CUST108200,account,CUST108200,60.0,60.0,1.0,,,
A_CUST108202,account,CUST108202,60.0,60.0,1.0,,,
A_CUST108203,account,CUST108203,60.0,60.0,1.0,,,
A_CUST108215,account,CUST108215,60.0,60.0,2.0,,,
A_CUST108217,account,CUST108217,60.0,60.0,3.0,,,
A_CUST108218,account,CUST108218,65.0,65.0,1.0,,,
A_CUST108229,account,CUST108229,85.0,85.0,1.0,,,
A_CUST108233,account,CUST108233,92.5,100.0,2.0,,,
A_CUST108235,account,CUST108235,60.0,60.0,1.0,,,
A_CUST108238,account,CUST108238,60.0,60.0,1.0,,,
A_CUST108239,account,CUST108239,60.0,60.0,1.0,,,
A_CUST108252,account,CUST108252,65.0,65.0,1.0,,,
A_CUST108253,account,CUST108253,65.0,70.0,2.0,,,
A_CUST108258,account,CUST108258,85.0,85.0,1.0,,,
A_CUST108259,account,CUST108259,65.0,65.0,1.0,,,
A_CUST108262,account,CUST108262,60.0,60.0,1.0,,,
A_CUST108265,account,CUST108265,60.0,60.0,1.0,,,
A_CUST108267,account,CUST108267,60.0,60.0,1.0,,,
A_CUST108269,account,CUST108269,60.0,60.0,2.0,,,
A_CUST108273,account,CUST108273,61.7,65.0,3.0,,,
A_CUST108276,account,CUST108276,70.0,70.0,1.0,,,
A_CUST108277,account,CUST108277,65.0,70.0,2.0,,,
A_CUST108282,account,CUST108282,70.0,80.0,2.0,,,
A_CUST108287,account,CUST108287,60.0,60.0,1.0,,,
A_CUST108292,account,CUST108292,60.0,60.0,1.0,,,
A_CUST108295,account,CUST108295,76.7,85.0,3.0,,,
A_CUST108297,account,CUST108297,60.0,60.0,1.0,,,
A_CUST108307,account,CUST108307,60.0,60.0,1.0,,,
A_CUST108316,account,CUST108316,65.0,65.0,1.0,,,
A_CUST108317,account,CUST108317,65.0,65.0,2.0,,,
A_CUST108319,account,CUST108319,66.2,85.0,4.0,,,
A_CUST108324,account,CUST108324,60.0,60.0,1.0,,,
A_CUST108330,account,CUST108330,70.0,70.0,1.0,,,
A_CUST108331,account,CUST108331,90.0,90.0,1.0,,,
A_CUST108332,account,CUST108332,60.0,60.0,1.0,,,
A_CUST108335,account,CUST108335,85.0,85.0,1.0,,,
A_CUST108336,account,CUST108336,60.0,60.0,2.0,,,
A_CUST108341,account,CUST108341,62.5,65.0,2.0,,,
A_CUST108343,account,CUST108343,65.0,65.0,1.0,,,
A_CUST108349,account,CUST108349,75.0,75.0,1.0,,,
A_CUST108350,account,CUST108350,60.0,60.0,1.0,,,
A_CUST108352,account,CUST108352,60.0,60.0,1.0,,,
A_CUST108355,account,CUST108355,63.3,70.0,3.0,,,
A_CUST108356,account,CUST108356,65.0,65.0,1.0,,,
A_CUST108372,account,CUST108372,70.0,70.0,1.0,,,
A_CUST108377,account,CUST108377,60.0,60.0,1.0,,,
A_CUST108379,account,CUST108379,60.0,60.0,1.0,,,
A_CUST108382,account,CUST108382,60.0,60.0,1.0,,,
A_CUST108389,account,CUST108389,65.0,70.0,2.0,,,
A_CUST108390,account,CUST108390,68.3,70.0,3.0,,,
A_CUST108394,account,CUST108394,65.0,75.0,3.0,,,
A_CUST108397,account,CUST108397,70.0,70.0,2.0,,,
A_CUST108400,account,CUST108400,60.0,60.0,2.0,,,
A_CUST108403,account,CUST108403,100.0,100.0,6.0,,,
A_CUST108405,account,CUST108405,60.0,60.0,1.0,,,
A_CUST108410,account,CUST108410,60.0,60.0,2.0,,,
A_CUST108414,account,CUST108414,80.0,80.0,1.0,,,
A_CUST108417,account,CUST108417,75.0,75.0,1.0,,,
A_CUST108420,account,CUST108420,65.0,65.0,1.0,,,
A_CUST108424,account,CUST108424,85.0,85.0,1.0,,,
A_CUST108431,account,CUST108431,60.0,60.0,1.0,,,
A_CUST108435,account,CUST108435,65.0,65.0,1.0,,,
A_CUST108443,account,CUST108443,75.0,75.0,1.0,,,
A_CUST108444,account,CUST108444,60.0,60.0,1.0,,,
A_CUST108453,account,CUST108453,60.0,60.0,1.0,,,
A_CUST108457,account,CUST108457,67.5,70.0,2.0,,,
A_CUST108458,account,CUST108458,60.0,60.0,1.0,,,
A_CUST108467,account,CUST108467,65.0,70.0,2.0,,,
A_CUST108468,account,CUST108468,60.0,60.0,1.0,,,
A_CUST108470,account,CUST108470,65.0,65.0,1.0,,,
A_CUST108476,account,CUST108476,60.0,60.0,1.0,,,
A_CUST108480,account,CUST108480,60.0,60.0,1.0,,,
A_CUST108482,account,CUST108482,70.0,70.0,1.0,,,
A_CUST108483,account,CUST108483,70.0,70.0,1.0,,,
A_CUST108486,account,CUST108486,60.0,60.0,1.0,,,
A_CUST108490,account,CUST108490,65.0,70.0,2.0,,,
A_CUST108500,account,CUST108500,72.5,75.0,2.0,,,
A_CUST108511,account,CUST108511,60.0,60.0,1.0,,,
A_CUST108516,account,CUST108516,62.5,65.0,2.0,,,
A_CUST108519,account,CUST108519,60.0,60.0,1.0,,,
A_CUST108520,account,CUST108520,65.0,70.0,2.0,,,
A_CUST108521,account,CUST108521,75.0,90.0,4.0,,,
A_CUST108523,account,CUST108523,77.5,95.0,2.0,,,
A_CUST108526,account,CUST108526,60.0,60.0,1.0,,,
A_CUST108531,account,CUST108531,63.3,70.0,3.0,,,
A_CUST108540,account,CUST108540,60.0,60.0,2.0,,,
A_CUST108542,account,CUST108542,70.0,70.0,1.0,,,
A_CUST108545,account,CUST108545,61.7,65.0,3.0,,,
A_CUST108546,account,CUST108546,70.0,70.0,1.0,,,
A_CUST108548,account,CUST108548,75.0,85.0,2.0,,,
A_CUST108549,account,CUST108549,60.0,60.0,1.0,,,
A_CUST108555,account,CUST108555,70.0,70.0,1.0,,,
A_CUST108569,account,CUST108569,60.0,60.0,1.0,,,
A_CUST108578,account,CUST108578,60.0,60.0,1.0,,,
A_CUST108593,account,CUST108593,60.0,60.0,1.0,,,
A_CUST108594,account,CUST108594,65.0,65.0,1.0,,,
A_CUST108596,account,CUST108596,60.0,60.0,1.0,,,
A_CUST108598,account,CUST108598,67.5,70.0,2.0,,,
A_CUST108600,account,CUST108600,60.0,60.0,1.0,,,
A_CUST108602,account,CUST108602,65.0,70.0,2.0,,,
A_CUST108606,account,CUST108606,60.0,60.0,1.0,,,
A_CUST108611,account,CUST108611,60.0,60.0,1.0,,,
A_CUST108613,account,CUST108613,60.0,60.0,1.0,,,
A_CUST108615,account,CUST108615,70.0,70.0,1.0,,,
A_CUST108619,account,CUST108619,70.0,70.0,1.0,,,
A_CUST108620,account,CUST108620,65.0,65.0,1.0,,,
A_CUST108623,account,CUST108623,65.0,65.0,1.0,,,
A_CUST108625,account,CUST108625,66.7,80.0,3.0,,,
A_CUST108626,account,CUST108626,70.0,70.0,1.0,,,
A_CUST108629,account,CUST108629,70.0,85.0,4.0,,,
A_CUST108633,account,CUST108633,60.0,60.0,1.0,,,
A_CUST108634,account,CUST108634,60.0,60.0,1.0,,,
A_CUST108637,account,CUST108637,60.0,60.0,1.0,,,
A_CUST108643,account,CUST108643,60.0,60.0,2.0,,,
A_CUST108647,account,CUST108647,60.0,60.0,1.0,,,
A_CUST108648,account,CUST108648,60.0,60.0,1.0,,,
A_CUST108650,account,CUST108650,60.0,60.0,1.0,,,
A_CUST108658,account,CUST108658,65.0,70.0,2.0,,,
A_CUST108663,account,CUST108663,65.0,65.0,1.0,,,
A_CUST108670,account,CUST108670,60.0,60.0,1.0,,,
A_CUST108672,account,CUST108672,65.0,65.0,1.0,,,
A_CUST108676,account,CUST108676,72.5,80.0,2.0,,,
A_CUST108680,account,CUST108680,60.0,60.0,1.0,,,
A_CUST108682,account,CUST108682,67.5,75.0,2.0,,,
A_CUST108690,account,CUST108690,60.0,60.0,1.0,,,
A_CUST108694,account,CUST108694,91.2,100.0,4.0,,,
A_CUST108696,account,CUST108696,70.0,70.0,1.0,,,
A_CUST108699,account,CUST108699,90.0,90.0,1.0,,,
A_CUST108701,account,CUST108701,60.0,60.0,2.0,,,
A_CUST108702,account,CUST108702,63.8,75.0,4.0,,,
A_CUST108703,account,CUST108703,60.0,60.0,1.0,,,
A_CUST108705,account,CUST108705,70.0,70.0,1.0,,,
A_CUST108711,account,CUST108711,60.0,60.0,1.0,,,
A_CUST108715,account,CUST108715,60.0,60.0,2.0,,,
A_CUST108716,account,CUST108716,80.0,80.0,1.0,,,
A_CUST108719,account,CUST108719,65.0,70.0,2.0,,,
A_CUST108722,account,CUST108722,72.5,75.0,2.0,,,
A_CUST108724,account,CUST108724,68.3,70.0,3.0,,,
A_CUST108725,account,CUST108725,60.0,60.0,1.0,,,
A_CUST108730,account,CUST108730,70.0,75.0,4.0,,,
A_CUST108731,account,CUST108731,60.0,60.0,2.0,,,
A_CUST108736,account,CUST108736,70.0,70.0,2.0,,,
A_CUST108738,account,CUST108738,60.0,60.0,2.0,,,
A_CUST108747,account,CUST108747,75.0,75.0,1.0,,,
A_CUST108750,account,CUST108750,65.0,65.0,1.0,,,
A_CUST108751,account,CUST108751,70.0,75.0,2.0,,,
A_CUST108753,account,CUST108753,63.3,70.0,3.0,,,
A_CUST108758,account,CUST108758,60.0,60.0,1.0,,,
A_CUST108760,account,CUST108760,70.0,70.0,1.0,,,
A_CUST108766,account,CUST108766,60.0,60.0,1.0,,,
A_CUST108768,account,CUST108768,90.0,90.0,1.0,,,
A_CUST108771,account,CUST108771,65.0,65.0,1.0,,,
A_CUST108772,account,CUST108772,72.5,85.0,2.0,,,
A_CUST108778,account,CUST108778,62.5,65.0,2.0,,,
A_CUST108780,account,CUST108780,65.0,65.0,1.0,,,
A_CUST108787,account,CUST108787,80.0,80.0,2.0,,,
A_CUST108790,account,CUST108790,60.0,60.0,1.0,,,
A_CUST108791,account,CUST108791,65.0,65.0,1.0,,,
A_CUST108800,account,CUST108800,60.0,60.0,1.0,,,
A_CUST108806,account,CUST108806,60.0,60.0,1.0,,,
A_CUST108807,account,CUST108807,60.0,60.0,2.0,,,
A_CUST108814,account,CUST108814,60.0,60.0,1.0,,,
A_CUST108817,account,CUST108817,65.0,65.0,1.0,,,
A_CUST108818,account,CUST108818,60.0,60.0,1.0,,,
A_CUST108819,account,CUST108819,75.0,75.0,1.0,,,
A_CUST108827,account,CUST108827,62.5,65.0,2.0,,,
A_CUST108832,account,CUST108832,60.0,60.0,1.0,,,
A_CUST108833,account,CUST108833,65.0,65.0,1.0,,,
A_CUST108836,account,CUST108836,80.0,80.0,1.0,,,
A_CUST108846,account,CUST108846,70.0,70.0,1.0,,,
A_CUST108849,account,CUST108849,60.0,60.0,2.0,,,
A_CUST108850,account,CUST108850,70.0,70.0,1.0,,,
A_CUST108852,account,CUST108852,60.0,60.0,1.0,,,
A_CUST108859,account,CUST108859,60.0,60.0,1.0,,,
A_CUST108867,account,CUST108867,65.0,65.0,1.0,,,
A_CUST108869,account,CUST108869,60.0,60.0,1.0,,,
A_CUST108874,account,CUST108874,60.0,60.0,2.0,,,
A_CUST108885,account,CUST108885,65.0,65.0,1.0,,,
A_CUST108889,account,CUST108889,62.5,70.0,4.0,,,
A_CUST108895,account,CUST108895,65.0,70.0,2.0,,,
A_CUST108897,account,CUST108897,60.0,60.0,1.0,,,
A_CUST108911,account,CUST108911,70.0,70.0,3.0,,,
A_CUST108916,account,CUST108916,65.0,70.0,4.0,,,
A_CUST108922,account,CUST108922,70.0,85.0,3.0,,,
A_CUST108923,account,CUST108923,70.0,70.0,1.0,,,
A_CUST108925,account,CUST108925,65.0,70.0,2.0,,,
A_CUST108930,account,CUST108930,60.0,60.0,1.0,,,
A_CUST108937,account,CUST108937,60.0,60.0,1.0,,,
A_CUST108939,account,CUST108939,60.0,60.0,1.0,,,
A_CUST108940,account,CUST108940,80.0,80.0,1.0,,,
A_CUST108941,account,CUST108941,60.0,60.0,2.0,,,
A_CUST108946,account,CUST108946,70.0,70.0,1.0,,,
A_CUST108947,account,CUST108947,60.0,60.0,1.0,,,
A_CUST108956,account,CUST108956,60.0,60.0,1.0,,,
A_CUST108958,account,CUST108958,67.5,75.0,2.0,,,
A_CUST108959,account,CUST108959,70.0,70.0,1.0,,,
A_CUST108962,account,CUST108962,65.0,65.0,1.0,,,
A_CUST108968,account,CUST108968,60.0,60.0,1.0,,,
A_CUST108974,account,CUST108974,60.0,60.0,2.0,,,
A_CUST108978,account,CUST108978,68.3,85.0,3.0,,,
A_CUST108979,account,CUST108979,80.0,95.0,3.0,,,
A_CUST108983,account,CUST108983,70.0,70.0,1.0,,,
A_CUST108985,account,CUST108985,65.0,70.0,2.0,,,
A_CUST108988,account,CUST108988,60.0,60.0,1.0,,,
A_CUST108999,account,CUST108999,68.3,75.0,3.0,,,
A_CUST109002,account,CUST109002,60.0,60.0,2.0,,,
A_CUST109003,account,CUST109003,67.5,70.0,2.0,,,
A_CUST109007,account,CUST109007,60.0,60.0,1.0,,,
A_CUST109013,account,CUST109013,65.0,65.0,1.0,,,
A_CUST109017,account,CUST109017,65.0,70.0,3.0,,,
A_CUST109020,account,CUST109020,60.0,60.0,1.0,,,
A_CUST109024,account,CUST109024,65.0,65.0,1.0,,,
A_CUST109025,account,CUST109025,60.0,60.0,2.0,,,
A_CUST109028,account,CUST109028,60.0,60.0,1.0,,,
A_CUST109031,account,CUST109031,91.7,100.0,3.0,,,
A_CUST109037,account,CUST109037,70.0,70.0,1.0,,,
A_CUST109038,account,CUST109038,65.0,65.0,1.0,,,
A_CUST109046,account,CUST109046,70.0,70.0,1.0,,,
A_CUST109048,account,CUST109048,60.0,60.0,1.0,,,
A_CUST109059,account,CUST109059,60.0,60.0,1.0,,,
A_CUST109060,account,CUST109060,75.0,75.0,1.0,,,
A_CUST109061,account,CUST109061,65.0,65.0,1.0,,,
A_CUST109063,account,CUST109063,65.0,65.0,1.0,,,
A_CUST109069,account,CUST109069,60.0,60.0,2.0,,,
A_CUST109070,account,CUST109070,60.0,60.0,1.0,,,
A_CUST109071,account,CUST109071,60.0,60.0,1.0,,,
A_CUST109074,account,CUST109074,60.0,60.0,1.0,,,
A_CUST109076,account,CUST109076,67.5,70.0,2.0,,,
A_CUST109078,account,CUST109078,80.0,80.0,1.0,,,
A_CUST109081,account,CUST109081,60.0,60.0,1.0,,,
A_CUST109084,account,CUST109084,60.0,60.0,1.0,,,
A_CUST109086,account,CUST109086,60.0,60.0,1.0,,,
A_CUST109087,account,CUST109087,60.0,60.0,1.0,,,
A_CUST109092,account,CUST109092,62.5,65.0,2.0,,,
A_CUST109101,account,CUST109101,65.0,70.0,2.0,,,
A_CUST109102,account,CUST109102,60.0,60.0,3.0,,,
A_CUST109106,account,CUST109106,80.0,95.0,2.0,,,
A_CUST109108,account,CUST109108,63.8,70.0,4.0,,,
A_CUST109114,account,CUST109114,70.0,80.0,2.0,,,
A_CUST109123,account,CUST109123,65.0,65.0,1.0,,,
A_CUST109125,account,CUST109125,60.0,60.0,1.0,,,
A_CUST109127,account,CUST109127,75.0,75.0,1.0,,,
A_CUST109130,account,CUST109130,66.7,70.0,3.0,,,
A_CUST109133,account,CUST109133,65.0,65.0,1.0,,,
A_CUST109136,account,CUST109136,71.7,95.0,3.0,,,
A_CUST109137,account,CUST109137,60.0,60.0,2.0,,,
A_CUST109147,account,CUST109147,60.0,60.0,2.0,,,
A_CUST109154,account,CUST109154,60.0,60.0,2.0,,,
A_CUST109157,account,CUST109157,62.5,65.0,2.0,,,
A_CUST109159,account,CUST109159,60.0,60.0,1.0,,,
A_CUST109160,account,CUST109160,75.0,75.0,1.0,,,
A_CUST109171,account,CUST109171,75.0,85.0,3.0,,,
A_CUST109177,account,CUST109177,60.0,60.0,2.0,,,
A_CUST109178,account,CUST109178,75.0,75.0,1.0,,,
A_CUST109179,account,CUST109179,60.0,60.0,1.0,,,
A_CUST109182,account,CUST109182,60.0,60.0,1.0,,,
A_CUST109187,account,CUST109187,100.0,100.0,6.0,,,
A_CUST109191,account,CUST109191,60.0,60.0,1.0,,,
A_CUST109210,account,CUST109210,60.0,60.0,1.0,,,
A_CUST109215,account,CUST109215,60.0,60.0,1.0,,,
A_CUST109216,account,CUST109216,63.8,70.0,4.0,,,
A_CUST109217,account,CUST109217,65.0,65.0,1.0,,,
A_CUST109220,account,CUST109220,65.0,65.0,1.0,,,
A_CUST109222,account,CUST109222,60.0,60.0,1.0,,,
A_CUST109233,account,CUST109233,65.0,65.0,2.0,,,
A_CUST109234,account,CUST109234,68.8,85.0,4.0,,,
A_CUST109235,account,CUST109235,65.0,70.0,2.0,,,
A_CUST109240,account,CUST109240,65.0,70.0,2.0,,,
A_CUST109244,account,CUST109244,60.0,60.0,1.0,,,
A_CUST109245,account,CUST109245,60.0,60.0,1.0,,,
A_CUST109246,account,CUST109246,60.0,60.0,1.0,,,
A_CUST109247,account,CUST109247,85.0,85.0,1.0,,,
A_CUST109250,account,CUST109250,60.0,60.0,1.0,,,
A_CUST109251,account,CUST109251,68.3,85.0,3.0,,,
A_CUST109255,account,CUST109255,60.0,60.0,1.0,,,
A_CUST109257,account,CUST109257,60.0,60.0,1.0,,,
A_CUST109259,account,CUST109259,90.0,90.0,1.0,,,
A_CUST109261,account,CUST109261,60.0,60.0,1.0,,,
A_CUST109264,account,CUST109264,60.0,60.0,1.0,,,
A_CUST109267,account,CUST109267,67.5,70.0,2.0,,,
A_CUST109268,account,CUST109268,65.0,65.0,1.0,,,
A_CUST109269,account,CUST109269,60.0,60.0,1.0,,,
A_CUST109274,account,CUST109274,60.0,60.0,1.0,,,
A_CUST109277,account,CUST109277,80.0,80.0,1.0,,,
A_CUST109281,account,CUST109281,60.0,60.0,1.0,,,
A_CUST109285,account,CUST109285,70.0,70.0,1.0,,,
A_CUST109288,account,CUST109288,65.0,65.0,1.0,,,
A_CUST109297,account,CUST109297,63.3,70.0,3.0,,,
A_CUST109298,account,CUST109298,75.0,80.0,2.0,,,
A_CUST109301,account,CUST109301,60.0,60.0,1.0,,,
A_CUST109303,account,CUST109303,60.0,60.0,1.0,,,
A_CUST109310,account,CUST109310,66.7,70.0,3.0,,,
A_CUST109318,account,CUST109318,70.0,70.0,1.0,,,
A_CUST109324,account,CUST109324,60.0,60.0,1.0,,,
A_CUST109328,account,CUST109328,65.0,65.0,1.0,,,
A_CUST109330,account,CUST109330,70.0,70.0,1.0,,,
A_CUST109332,account,CUST109332,60.0,60.0,2.0,,,
A_CUST109338,account,CUST109338,77.5,90.0,2.0,,,
A_CUST109339,account,CUST109339,70.0,70.0,1.0,,,
A_CUST109342,account,CUST109342,63.3,65.0,3.0,,,
A_CUST109345,account,CUST109345,62.5,65.0,2.0,,,
A_CUST109346,account,CUST109346,75.0,75.0,1.0,,,
A_CUST109353,account,CUST109353,75.0,75.0,1.0,,,
A_CUST109359,account,CUST109359,72.5,85.0,4.0,,,
A_CUST109360,account,CUST109360,65.0,65.0,1.0,,,
A_CUST109361,account,CUST109361,60.0,60.0,3.0,,,
A_CUST109363,account,CUST109363,60.0,60.0,1.0,,,
A_CUST109369,account,CUST109369,66.7,80.0,3.0,,,
A_CUST109372,account,CUST109372,70.0,70.0,1.0,,,
A_CUST109375,account,CUST109375,70.0,70.0,1.0,,,
A_CUST109378,account,CUST109378,60.0,60.0,1.0,,,
A_CUST109383,account,CUST109383,75.0,75.0,1.0,,,
A_CUST109385,account,CUST109385,65.0,65.0,1.0,,,
A_CUST109386,account,CUST109386,70.0,70.0,1.0,,,
A_CUST109387,account,CUST109387,60.0,60.0,1.0,,,
A_CUST109388,account,CUST109388,60.0,60.0,1.0,,,
A_CUST109392,account,CUST109392,83.8,85.0,4.0,,,
A_CUST109394,account,CUST109394,70.0,70.0,1.0,,,
A_CUST109399,account,CUST109399,70.0,70.0,1.0,,,
A_CUST109407,account,CUST109407,60.0,60.0,3.0,,,
A_CUST109416,account,CUST109416,85.0,85.0,1.0,,,
A_CUST109419,account,CUST109419,80.0,80.0,1.0,,,
A_CUST109421,account,CUST109421,76.7,100.0,3.0,,,
A_CUST109423,account,CUST109423,65.0,65.0,1.0,,,
A_CUST109427,account,CUST109427,65.0,65.0,2.0,,,
A_CUST109429,account,CUST109429,67.5,70.0,2.0,,,
A_CUST109437,account,CUST109437,60.0,60.0,1.0,,,
A_CUST109439,account,CUST109439,76.7,100.0,3.0,,,
A_CUST109447,account,CUST109447,60.0,60.0,1.0,,,
A_CUST109451,account,CUST109451,60.0,60.0,4.0,,,
A_CUST109456,account,CUST109456,60.0,60.0,1.0,,,
A_CUST109459,account,CUST109459,60.0,60.0,1.0,,,
A_CUST109467,account,CUST109467,70.0,70.0,1.0,,,
A_CUST109472,account,CUST109472,85.0,85.0,1.0,,,
A_CUST109473,account,CUST109473,75.0,75.0,2.0,,,
A_CUST109475,account,CUST109475,60.0,60.0,1.0,,,
A_CUST109477,account,CUST109477,100.0,100.0,1.0,,,
A_CUST109478,account,CUST109478,70.0,70.0,1.0,,,
A_CUST109481,account,CUST109481,65.0,65.0,1.0,,,
A_CUST109483,account,CUST109483,67.5,70.0,2.0,,,
A_CUST109484,account,CUST109484,60.0,60.0,1.0,,,
A_CUST109486,account,CUST109486,63.3,70.0,3.0,,,
A_CUST109492,account,CUST109492,75.0,80.0,2.0,,,
A_CUST109496,account,CUST109496,60.0,60.0,1.0,,,
A_CUST109498,account,CUST109498,60.0,60.0,1.0,,,
A_CUST109499,account,CUST109499,65.0,65.0,1.0,,,
A_CUST109500,account,CUST109500,60.0,60.0,1.0,,,
A_CUST109502,account,CUST109502,75.0,75.0,1.0,,,
A_CUST109504,account,CUST109504,70.0,70.0,1.0,,,
A_CUST109508,account,CUST109508,70.0,70.0,1.0,,,
A_CUST109515,account,CUST109515,60.0,60.0,1.0,,,
A_CUST109519,account,CUST109519,70.0,80.0,2.0,,,
A_CUST109522,account,CUST109522,60.0,60.0,1.0,,,
A_CUST109524,account,CUST109524,60.0,60.0,1.0,,,
A_CUST109533,account,CUST109533,70.0,70.0,1.0,,,
A_CUST109535,account,CUST109535,85.0,85.0,1.0,,,
A_CUST109545,account,CUST109545,72.5,85.0,2.0,,,
A_CUST109547,account,CUST109547,65.0,70.0,2.0,,,
A_CUST109552,account,CUST109552,60.0,60.0,1.0,,,
A_CUST109562,account,CUST109562,60.0,60.0,1.0,,,
A_CUST109567,account,CUST109567,89.0,100.0,5.0,,,
A_CUST109568,account,CUST109568,60.0,60.0,1.0,,,
A_CUST109585,account,CUST109585,75.0,75.0,1.0,,,
A_CUST109588,account,CUST109588,60.0,60.0,1.0,,,
A_CUST109590,account,CUST109590,70.0,70.0,1.0,,,
A_CUST109591,account,CUST109591,65.0,65.0,1.0,,,
A_CUST109606,account,CUST109606,85.0,85.0,1.0,,,
A_CUST109611,account,CUST109611,60.0,60.0,2.0,,,
A_CUST109615,account,CUST109615,70.0,70.0,1.0,,,
A_CUST109616,account,CUST109616,70.0,70.0,2.0,,,
A_CUST109617,account,CUST109617,85.0,85.0,1.0,,,
A_CUST109626,account,CUST109626,85.0,85.0,1.0,,,
A_CUST109627,account,CUST109627,60.0,60.0,1.0,,,
A_CUST109632,account,CUST109632,70.0,70.0,1.0,,,
A_CUST109635,account,CUST109635,60.0,60.0,1.0,,,
A_CUST109639,account,CUST109639,60.0,60.0,1.0,,,
A_CUST109641,account,CUST109641,72.5,75.0,2.0,,,
A_CUST109642,account,CUST109642,60.0,60.0,1.0,,,
A_CUST109647,account,CUST109647,65.0,70.0,4.0,,,
A_CUST109654,account,CUST109654,71.7,80.0,3.0,,,
A_CUST109659,account,CUST109659,60.0,60.0,1.0,,,
A_CUST109663,account,CUST109663,75.0,75.0,1.0,,,
A_CUST109664,account,CUST109664,70.0,70.0,1.0,,,
A_CUST109669,account,CUST109669,75.0,80.0,2.0,,,
A_CUST109688,account,CUST109688,60.0,60.0,1.0,,,
A_CUST109696,account,CUST109696,60.0,60.0,1.0,,,
A_CUST109697,account,CUST109697,60.0,60.0,1.0,,,
A_CUST109698,account,CUST109698,65.0,65.0,1.0,,,
A_CUST109700,account,CUST109700,67.5,70.0,2.0,,,
A_CUST109701,account,CUST109701,60.0,60.0,1.0,,,
A_CUST109702,account,CUST109702,60.0,60.0,1.0,,,
A_CUST109705,account,CUST109705,67.5,75.0,2.0,,,
A_CUST109707,account,CUST109707,65.0,65.0,1.0,,,
A_CUST109708,account,CUST109708,65.0,65.0,1.0,,,
A_CUST109710,account,CUST109710,75.0,80.0,2.0,,,
A_CUST109720,account,CUST109720,60.0,60.0,1.0,,,
A_CUST109722,account,CUST109722,75.0,100.0,3.0,,,
A_CUST109727,account,CUST109727,60.0,60.0,1.0,,,
A_CUST109729,account,CUST109729,62.5,65.0,4.0,,,
A_CUST109732,account,CUST109732,80.0,80.0,1.0,,,
A_CUST109733,account,CUST109733,70.0,70.0,2.0,,,
A_CUST109734,account,CUST109734,65.0,70.0,2.0,,,
A_CUST109741,account,CUST109741,62.5,65.0,4.0,,,
A_CUST109748,account,CUST109748,60.0,60.0,1.0,,,
A_CUST109749,account,CUST109749,60.0,60.0,1.0,,,
A_CUST109752,account,CUST109752,60.0,60.0,1.0,,,
A_CUST109755,account,CUST109755,72.5,85.0,2.0,,,
A_CUST109757,account,CUST109757,60.0,60.0,1.0,,,
A_CUST109758,account,CUST109758,60.0,60.0,1.0,,,
A_CUST109760,account,CUST109760,70.0,70.0,1.0,,,
A_CUST109761,account,CUST109761,93.3,100.0,3.0,,,
A_CUST109769,account,CUST109769,70.0,80.0,2.0,,,
A_CUST109771,account,CUST109771,60.0,60.0,1.0,,,
A_CUST109774,account,CUST109774,60.0,60.0,1.0,,,
A_CUST109777,account,CUST109777,60.0,60.0,1.0,,,
A_CUST109778,account,CUST109778,75.0,75.0,1.0,,,
A_CUST109786,account,CUST109786,70.0,70.0,1.0,,,
A_CUST109787,account,CUST109787,75.0,75.0,1.0,,,
A_CUST109788,account,CUST109788,70.0,70.0,2.0,,,
A_CUST109795,account,CUST109795,65.0,65.0,2.0,,,
A_CUST109800,account,CUST109800,70.0,70.0,1.0,,,
A_CUST109802,account,CUST109802,90.0,100.0,6.0,,,
A_CUST109810,account,CUST109810,70.0,70.0,1.0,,,
A_CUST109811,account,CUST109811,65.0,65.0,1.0,,,
A_CUST109814,account,CUST109814,87.5,95.0,2.0,,,
A_CUST109817,account,CUST109817,70.0,80.0,2.0,,,
A_CUST109818,account,CUST109818,60.0,60.0,1.0,,,
A_CUST109826,account,CUST109826,60.0,60.0,1.0,,,
A_CUST109835,account,CUST109835,75.0,80.0,2.0,,,
A_CUST109840,account,CUST109840,70.0,70.0,2.0,,,
A_CUST109843,account,CUST109843,85.0,85.0,1.0,,,
A_CUST109847,account,CUST109847,60.0,60.0,1.0,,,
A_CUST109850,account,CUST109850,70.0,70.0,1.0,,,
A_CUST109851,account,CUST109851,70.0,70.0,1.0,,,
A_CUST109855,account,CUST109855,60.0,60.0,1.0,,,
A_CUST109857,account,CUST109857,60.0,60.0,1.0,,,
A_CUST109859,account,CUST109859,60.0,60.0,1.0,,,
A_CUST109865,account,CUST109865,72.5,85.0,4.0,,,
A_CUST109875,account,CUST109875,75.0,75.0,1.0,,,
A_CUST109880,account,CUST109880,75.0,80.0,2.0,,,
A_CUST109881,account,CUST109881,60.0,60.0,1.0,,,
A_CUST109882,account,CUST109882,62.5,65.0,2.0,,,
A_CUST109898,account,CUST109898,67.5,80.0,4.0,,,
A_CUST109900,account,CUST109900,75.0,75.0,1.0,,,
A_CUST109907,account,CUST109907,65.0,65.0,1.0,,,
A_CUST109910,account,CUST109910,60.0,60.0,2.0,,,
A_CUST109912,account,CUST109912,70.0,70.0,1.0,,,
A_CUST109921,account,CUST109921,65.0,65.0,1.0,,,
A_CUST109924,account,CUST109924,71.7,80.0,3.0,,,
A_CUST109927,account,CUST109927,65.0,70.0,2.0,,,
A_CUST109931,account,CUST109931,70.0,70.0,1.0,,,
A_CUST109933,account,CUST109933,70.0,70.0,1.0,,,
A_CUST109937,account,CUST109937,60.0,60.0,1.0,,,
A_CUST109939,account,CUST109939,60.0,60.0,1.0,,,
A_CUST109958,account,CUST109958,65.0,65.0,1.0,,,
A_CUST109962,account,CUST109962,75.0,75.0,1.0,,,
A_CUST109963,account,CUST109963,70.0,70.0,1.0,,,
A_CUST109981,account,CUST109981,72.5,85.0,2.0,,,
A_CUST109986,account,CUST109986,65.0,65.0,1.0,,,
A_CUST109987,account,CUST109987,75.0,80.0,2.0,,,
A_CUST109988,account,CUST109988,65.0,65.0,1.0,,,
A_CUST109998,account,CUST109998,60.0,60.0,2.0,,,
A_CUST109999,account,CUST109999,85.0,85.0,1.0,,,
A_CUST110004,account,CUST110004,60.0,60.0,1.0,,,
A_CUST110005,account,CUST110005,70.0,70.0,1.0,,,
A_CUST110010,account,CUST110010,62.5,65.0,2.0,,,
A_CUST110012,account,CUST110012,70.0,70.0,1.0,,,
A_CUST110016,account,CUST110016,60.0,60.0,2.0,,,
A_CUST110017,account,CUST110017,60.0,60.0,1.0,,,
A_CUST110018,account,CUST110018,65.0,70.0,2.0,,,
A_CUST110023,account,CUST110023,60.0,60.0,1.0,,,
A_CUST110030,account,CUST110030,60.0,60.0,1.0,,,
A_CUST110034,account,CUST110034,75.0,75.0,1.0,,,
A_CUST110041,account,CUST110041,60.0,60.0,1.0,,,
A_CUST110057,account,CUST110057,60.0,60.0,1.0,,,
A_CUST110068,account,CUST110068,60.0,60.0,1.0,,,
A_CUST110069,account,CUST110069,60.0,60.0,2.0,,,
A_CUST110075,account,CUST110075,60.0,60.0,2.0,,,
A_CUST110081,account,CUST110081,85.0,85.0,1.0,,,
A_CUST110083,account,CUST110083,60.0,60.0,1.0,,,
A_CUST110084,account,CUST110084,60.0,60.0,1.0,,,
A_CUST110085,account,CUST110085,95.0,95.0,1.0,,,
A_CUST110090,account,CUST110090,75.0,80.0,2.0,,,
A_CUST110091,account,CUST110091,65.0,65.0,1.0,,,
A_CUST110093,account,CUST110093,75.0,80.0,2.0,,,
A_CUST110105,account,CUST110105,67.5,75.0,2.0,,,
A_CUST110111,account,CUST110111,60.0,60.0,1.0,,,
A_CUST110114,account,CUST110114,65.0,65.0,1.0,,,
A_CUST110122,account,CUST110122,60.0,60.0,1.0,,,
A_CUST110127,account,CUST110127,62.5,65.0,2.0,,,
A_CUST110128,account,CUST110128,75.0,75.0,1.0,,,
A_CUST110129,account,CUST110129,70.0,70.0,1.0,,,
A_CUST110130,account,CUST110130,71.2,95.0,4.0,,,
A_CUST110141,account,CUST110141,60.0,60.0,1.0,,,
A_CUST110153,account,CUST110153,65.0,65.0,1.0,,,
A_CUST110156,account,CUST110156,60.0,60.0,1.0,,,
A_CUST110158,account,CUST110158,61.7,65.0,3.0,,,
A_CUST110166,account,CUST110166,60.0,60.0,1.0,,,
A_CUST110176,account,CUST110176,75.0,90.0,2.0,,,
A_CUST110179,account,CUST110179,65.0,65.0,1.0,,,
A_CUST110180,account,CUST110180,78.3,90.0,3.0,,,
A_CUST110187,account,CUST110187,70.0,70.0,1.0,,,
A_CUST110190,account,CUST110190,65.0,65.0,1.0,,,
A_CUST110193,account,CUST110193,85.0,85.0,1.0,,,
A_CUST110195,account,CUST110195,65.0,65.0,2.0,,,
A_CUST110198,account,CUST110198,60.0,60.0,1.0,,,
A_CUST110204,account,CUST110204,60.0,60.0,2.0,,,
A_CUST110210,account,CUST110210,67.5,70.0,2.0,,,
A_CUST110214,account,CUST110214,73.3,80.0,3.0,,,
A_CUST110215,account,CUST110215,60.0,60.0,1.0,,,
A_CUST110216,account,CUST110216,60.0,60.0,1.0,,,
A_CUST110220,account,CUST110220,70.0,80.0,2.0,,,
A_CUST110221,account,CUST110221,85.0,85.0,1.0,,,
A_CUST110236,account,CUST110236,60.0,60.0,1.0,,,
A_CUST110237,account,CUST110237,60.0,60.0,1.0,,,
A_CUST110239,account,CUST110239,70.0,70.0,1.0,,,
A_CUST110242,account,CUST110242,60.0,60.0,1.0,,,
A_CUST110243,account,CUST110243,70.0,70.0,1.0,,,
A_CUST110245,account,CUST110245,60.0,60.0,1.0,,,
A_CUST110247,account,CUST110247,67.5,75.0,2.0,,,
A_CUST110252,account,CUST110252,60.0,60.0,1.0,,,
A_CUST110254,account,CUST110254,82.5,95.0,2.0,,,
A_CUST110271,account,CUST110271,70.0,70.0,1.0,,,
A_CUST110278,account,CUST110278,60.0,60.0,1.0,,,
A_CUST110282,account,CUST110282,65.0,65.0,1.0,,,
A_CUST110283,account,CUST110283,65.0,65.0,1.0,,,
A_CUST110289,account,CUST110289,68.3,80.0,3.0,,,
A_CUST110293,account,CUST110293,65.0,65.0,1.0,,,
A_CUST110294,account,CUST110294,70.0,70.0,2.0,,,
A_CUST110296,account,CUST110296,80.0,100.0,5.0,,,
A_CUST110297,account,CUST110297,60.0,60.0,1.0,,,
A_CUST110298,account,CUST110298,68.8,80.0,4.0,,,
A_CUST110305,account,CUST110305,67.5,70.0,2.0,,,
A_CUST110306,account,CUST110306,60.0,60.0,1.0,,,
A_CUST110307,account,CUST110307,65.0,65.0,1.0,,,
A_CUST110309,account,CUST110309,65.0,80.0,5.0,,,
A_CUST110314,account,CUST110314,65.0,65.0,1.0,,,
A_CUST110318,account,CUST110318,85.0,85.0,1.0,,,
A_CUST110320,account,CUST110320,60.0,60.0,2.0,,,
A_CUST110321,account,CUST110321,65.0,65.0,1.0,,,
A_CUST110327,account,CUST110327,70.0,70.0,1.0,,,
A_CUST110332,account,CUST110332,70.0,70.0,1.0,,,
A_CUST110337,account,CUST110337,60.0,60.0,2.0,,,
A_CUST110338,account,CUST110338,60.0,60.0,1.0,,,
A_CUST110343,account,CUST110343,70.0,70.0,1.0,,,
A_CUST110345,account,CUST110345,62.5,65.0,2.0,,,
A_CUST110346,account,CUST110346,70.0,70.0,2.0,,,
A_CUST110354,account,CUST110354,75.0,75.0,1.0,,,
A_CUST110358,account,CUST110358,60.0,60.0,1.0,,,
A_CUST110364,account,CUST110364,70.0,70.0,1.0,,,
A_CUST110368,account,CUST110368,75.0,75.0,1.0,,,
A_CUST110369,account,CUST110369,62.0,70.0,5.0,,,
A_CUST110370,account,CUST110370,90.0,90.0,1.0,,,
A_CUST110381,account,CUST110381,70.0,70.0,1.0,,,
A_CUST110385,account,CUST110385,62.5,65.0,2.0,,,
A_CUST110389,account,CUST110389,60.0,60.0,1.0,,,
A_CUST110392,account,CUST110392,75.0,75.0,1.0,,,
A_CUST110393,account,CUST110393,65.0,65.0,1.0,,,
A_CUST110401,account,CUST110401,75.0,75.0,1.0,,,
A_CUST110405,account,CUST110405,60.0,60.0,1.0,,,
A_CUST110407,account,CUST110407,66.7,70.0,3.0,,,
A_CUST110410,account,CUST110410,61.7,65.0,3.0,,,
A_CUST110411,account,CUST110411,60.0,60.0,1.0,,,
A_CUST110414,account,CUST110414,70.0,70.0,1.0,,,
A_CUST110418,account,CUST110418,60.0,60.0,1.0,,,
A_CUST110423,account,CUST110423,70.0,70.0,1.0,,,
A_CUST110425,account,CUST110425,78.8,100.0,4.0,,,
A_CUST110426,account,CUST110426,62.5,65.0,2.0,,,
A_CUST110427,account,CUST110427,85.0,85.0,1.0,,,
A_CUST110433,account,CUST110433,90.0,95.0,2.0,,,
A_CUST110435,account,CUST110435,80.0,80.0,1.0,,,
A_CUST110437,account,CUST110437,60.0,60.0,1.0,,,
A_CUST110447,account,CUST110447,75.0,95.0,3.0,,,
A_CUST110456,account,CUST110456,63.3,70.0,3.0,,,
A_CUST110460,account,CUST110460,60.0,60.0,1.0,,,
A_CUST110463,account,CUST110463,85.0,85.0,1.0,,,
A_CUST110464,account,CUST110464,90.0,90.0,1.0,,,
A_CUST110473,account,CUST110473,60.0,60.0,1.0,,,
A_CUST110474,account,CUST110474,65.0,65.0,1.0,,,
A_CUST110478,account,CUST110478,60.0,60.0,1.0,,,
A_CUST110481,account,CUST110481,60.0,60.0,2.0,,,
A_CUST110482,account,CUST110482,60.0,60.0,1.0,,,
A_CUST110483,account,CUST110483,62.5,65.0,2.0,,,
A_CUST110485,account,CUST110485,70.8,90.0,6.0,,,
A_CUST110486,account,CUST110486,79.0,95.0,5.0,,,
A_CUST110487,account,CUST110487,60.0,60.0,1.0,,,
A_CUST110490,account,CUST110490,60.0,60.0,1.0,,,
A_CUST110494,account,CUST110494,80.0,80.0,1.0,,,
A_CUST110496,account,CUST110496,60.0,60.0,1.0,,,
A_CUST110498,account,CUST110498,65.0,65.0,1.0,,,
A_CUST110499,account,CUST110499,65.0,70.0,4.0,,,
A_CUST110503,account,CUST110503,60.0,60.0,1.0,,,
A_CUST110507,account,CUST110507,65.0,65.0,1.0,,,
A_CUST110511,account,CUST110511,62.5,70.0,4.0,,,
A_CUST110515,account,CUST110515,67.5,75.0,2.0,,,
A_CUST110517,account,CUST110517,60.0,60.0,1.0,,,
A_CUST110523,account,CUST110523,85.0,85.0,1.0,,,
A_CUST110529,account,CUST110529,66.7,80.0,3.0,,,
A_CUST110531,account,CUST110531,65.0,65.0,1.0,,,
A_CUST110541,account,CUST110541,60.0,60.0,2.0,,,
A_CUST110554,account,CUST110554,65.0,70.0,2.0,,,
A_CUST110557,account,CUST110557,70.0,70.0,1.0,,,
A_CUST110558,account,CUST110558,60.0,60.0,1.0,,,
A_CUST110561,account,CUST110561,70.0,70.0,1.0,,,
A_CUST110565,account,CUST110565,75.0,90.0,2.0,,,
A_CUST110574,account,CUST110574,70.0,70.0,2.0,,,
A_CUST110576,account,CUST110576,70.0,70.0,1.0,,,
A_CUST110582,account,CUST110582,70.0,70.0,1.0,,,
A_CUST110586,account,CUST110586,70.0,80.0,2.0,,,
A_CUST110587,account,CUST110587,60.0,60.0,1.0,,,
A_CUST110588,account,CUST110588,66.7,75.0,3.0,,,
A_CUST110592,account,CUST110592,60.0,60.0,2.0,,,
A_CUST110598,account,CUST110598,65.0,65.0,1.0,,,
A_CUST110600,account,CUST110600,70.0,70.0,1.0,,,
A_CUST110602,account,CUST110602,60.0,60.0,1.0,,,
A_CUST110604,account,CUST110604,91.2,100.0,4.0,,,
A_CUST110605,account,CUST110605,60.0,60.0,1.0,,,
A_CUST110607,account,CUST110607,70.0,70.0,1.0,,,
A_CUST110608,account,CUST110608,63.3,65.0,3.0,,,
A_CUST110615,account,CUST110615,70.0,70.0,1.0,,,
A_CUST110616,account,CUST110616,80.0,80.0,1.0,,,
A_CUST110623,account,CUST110623,60.0,60.0,3.0,,,
A_CUST110626,account,CUST110626,70.0,70.0,1.0,,,
A_CUST110631,account,CUST110631,60.0,60.0,1.0,,,
A_CUST110633,account,CUST110633,70.0,70.0,1.0,,,
A_CUST110637,account,CUST110637,70.0,70.0,2.0,,,
A_CUST110647,account,CUST110647,70.0,70.0,1.0,,,
A_CUST110649,account,CUST110649,67.5,70.0,2.0,,,
A_CUST110651,account,CUST110651,75.0,95.0,3.0,,,
A_CUST110656,account,CUST110656,65.0,70.0,4.0,,,
A_CUST110665,account,CUST110665,65.0,65.0,1.0,,,
A_CUST110669,account,CUST110669,70.0,70.0,1.0,,,
A_CUST110672,account,CUST110672,60.0,60.0,1.0,,,
A_CUST110673,account,CUST110673,62.5,65.0,4.0,,,
A_CUST110674,account,CUST110674,60.0,60.0,1.0,,,
A_CUST110675,account,CUST110675,65.0,70.0,2.0,,,
A_CUST110677,account,CUST110677,66.7,70.0,3.0,,,
A_CUST110679,account,CUST110679,63.8,70.0,4.0,,,
A_CUST110685,account,CUST110685,71.7,95.0,3.0,,,
A_CUST110688,account,CUST110688,65.0,65.0,1.0,,,
A_CUST110691,account,CUST110691,63.3,70.0,6.0,,,
A_CUST110692,account,CUST110692,60.0,60.0,1.0,,,
A_CUST110709,account,CUST110709,65.0,65.0,1.0,,,
A_CUST110716,account,CUST110716,70.0,70.0,1.0,,,
A_CUST110722,account,CUST110722,60.0,60.0,1.0,,,
A_CUST110725,account,CUST110725,60.0,60.0,1.0,,,
A_CUST110727,account,CUST110727,85.0,85.0,2.0,,,
A_CUST110729,account,CUST110729,72.5,85.0,2.0,,,
A_CUST110731,account,CUST110731,70.0,70.0,1.0,,,
A_CUST110745,account,CUST110745,70.0,70.0,1.0,,,
A_CUST110757,account,CUST110757,65.0,65.0,1.0,,,
A_CUST110761,account,CUST110761,65.0,70.0,2.0,,,
A_CUST110770,account,CUST110770,60.0,60.0,1.0,,,
A_CUST110773,account,CUST110773,70.0,70.0,1.0,,,
A_CUST110781,account,CUST110781,60.0,60.0,1.0,,,
A_CUST110782,account,CUST110782,60.0,60.0,1.0,,,
A_CUST110783,account,CUST110783,60.0,60.0,1.0,,,
A_CUST110788,account,CUST110788,60.0,60.0,1.0,,,
A_CUST110789,account,CUST110789,100.0,100.0,1.0,,,
A_CUST110793,account,CUST110793,60.0,60.0,2.0,,,
A_CUST110794,account,CUST110794,70.0,70.0,1.0,,,
A_CUST110795,account,CUST110795,80.0,80.0,1.0,,,
A_CUST110796,account,CUST110796,60.0,60.0,1.0,,,
A_CUST110798,account,CUST110798,75.0,75.0,1.0,,,
A_CUST110799,account,CUST110799,68.3,75.0,3.0,,,
A_CUST110809,account,CUST110809,60.0,60.0,1.0,,,
A_CUST110811,account,CUST110811,85.0,85.0,1.0,,,
A_CUST110812,account,CUST110812,65.0,65.0,1.0,,,
A_CUST110813,account,CUST110813,65.0,65.0,1.0,,,
A_CUST110815,account,CUST110815,60.0,60.0,1.0,,,
A_CUST110816,account,CUST110816,60.0,60.0,1.0,,,
A_CUST110817,account,CUST110817,60.0,60.0,1.0,,,
A_CUST110820,account,CUST110820,62.5,65.0,2.0,,,
A_CUST110823,account,CUST110823,75.0,75.0,1.0,,,
A_CUST110825,account,CUST110825,86.0,100.0,5.0,,,
A_CUST110830,account,CUST110830,65.0,70.0,2.0,,,
A_CUST110832,account,CUST110832,70.0,70.0,1.0,,,
A_CUST110838,account,CUST110838,60.0,60.0,1.0,,,
A_CUST110840,account,CUST110840,60.0,60.0,2.0,,,
A_CUST110841,account,CUST110841,65.0,65.0,1.0,,,
A_CUST110843,account,CUST110843,60.0,60.0,1.0,,,
A_CUST110849,account,CUST110849,61.7,65.0,3.0,,,
A_CUST110853,account,CUST110853,70.0,70.0,1.0,,,
A_CUST110854,account,CUST110854,80.0,100.0,2.0,,,
A_CUST110855,account,CUST110855,70.0,70.0,1.0,,,
A_CUST110858,account,CUST110858,70.0,70.0,1.0,,,
A_CUST110863,account,CUST110863,65.0,70.0,2.0,,,
A_CUST110864,account,CUST110864,60.0,60.0,1.0,,,
A_CUST110869,account,CUST110869,60.0,60.0,1.0,,,
A_CUST110871,account,CUST110871,71.7,95.0,3.0,,,
A_CUST110873,account,CUST110873,60.0,60.0,1.0,,,
A_CUST110876,account,CUST110876,75.0,75.0,1.0,,,
A_CUST110878,account,CUST110878,60.0,60.0,1.0,,,
A_CUST110879,account,CUST110879,60.0,60.0,1.0,,,
A_CUST110883,account,CUST110883,65.0,70.0,2.0,,,
A_CUST110892,account,CUST110892,75.0,75.0,1.0,,,
A_CUST110896,account,CUST110896,60.0,60.0,1.0,,,
A_CUST110897,account,CUST110897,60.0,60.0,1.0,,,
A_CUST110900,account,CUST110900,60.0,60.0,1.0,,,
A_CUST110901,account,CUST110901,60.0,60.0,1.0,,,
A_CUST110906,account,CUST110906,65.0,70.0,2.0,,,
A_CUST110910,account,CUST110910,70.0,80.0,5.0,,,
A_CUST110917,account,CUST110917,65.0,70.0,2.0,,,
A_CUST110922,account,CUST110922,70.0,70.0,1.0,,,
A_CUST110925,account,CUST110925,72.5,80.0,2.0,,,
A_CUST110930,account,CUST110930,80.0,100.0,2.0,,,
A_CUST110936,account,CUST110936,60.0,60.0,1.0,,,
A_CUST110940,account,CUST110940,65.0,70.0,2.0,,,
A_CUST110942,account,CUST110942,60.0,60.0,1.0,,,
A_CUST110945,account,CUST110945,85.0,85.0,1.0,,,
A_CUST110951,account,CUST110951,60.0,60.0,1.0,,,
A_CUST110954,account,CUST110954,60.0,60.0,1.0,,,
A_CUST110956,account,CUST110956,60.0,60.0,1.0,,,
A_CUST110957,account,CUST110957,70.0,70.0,1.0,,,
A_CUST110960,account,CUST110960,60.0,60.0,1.0,,,
A_CUST110973,account,CUST110973,60.0,60.0,2.0,,,
A_CUST110974,account,CUST110974,60.0,60.0,1.0,,,
A_CUST110976,account,CUST110976,60.0,60.0,1.0,,,
A_CUST110978,account,CUST110978,60.0,60.0,1.0,,,
A_CUST110979,account,CUST110979,60.0,60.0,3.0,,,
A_CUST110982,account,CUST110982,60.0,60.0,1.0,,,
A_CUST110985,account,CUST110985,60.0,60.0,1.0,,,
A_CUST110995,account,CUST110995,66.7,70.0,3.0,,,
A_CUST110999,account,CUST110999,62.5,70.0,4.0,,,
A_CUST111000,account,CUST111000,70.0,70.0,1.0,,,
A_CUST111001,account,CUST111001,75.0,75.0,1.0,,,
A_CUST111002,account,CUST111002,60.0,60.0,1.0,,,
A_CUST111008,account,CUST111008,65.0,70.0,2.0,,,
A_CUST111010,account,CUST111010,62.5,65.0,2.0,,,
A_CUST111016,account,CUST111016,60.0,60.0,1.0,,,
A_CUST111024,account,CUST111024,65.0,65.0,1.0,,,
A_CUST111025,account,CUST111025,60.0,60.0,1.0,,,
A_CUST111028,account,CUST111028,65.0,70.0,2.0,,,
A_CUST111033,account,CUST111033,76.2,95.0,4.0,,,
A_CUST111035,account,CUST111035,60.0,60.0,1.0,,,
A_CUST111037,account,CUST111037,60.0,60.0,1.0,,,
A_CUST111038,account,CUST111038,60.0,60.0,1.0,,,
A_CUST111042,account,CUST111042,60.0,60.0,1.0,,,
A_CUST111044,account,CUST111044,60.0,60.0,1.0,,,
A_CUST111047,account,CUST111047,65.0,70.0,2.0,,,
A_CUST111053,account,CUST111053,75.0,75.0,1.0,,,
A_CUST111055,account,CUST111055,60.0,60.0,1.0,,,
A_CUST111059,account,CUST111059,60.0,60.0,1.0,,,
A_CUST111061,account,CUST111061,65.0,65.0,1.0,,,
A_CUST111062,account,CUST111062,60.0,60.0,1.0,,,
A_CUST111066,account,CUST111066,60.0,60.0,1.0,,,
A_CUST111067,account,CUST111067,60.0,60.0,1.0,,,
A_CUST111068,account,CUST111068,60.0,60.0,1.0,,,
A_CUST111076,account,CUST111076,60.0,60.0,2.0,,,
A_CUST111077,account,CUST111077,75.0,75.0,2.0,,,
A_CUST111078,account,CUST111078,60.0,60.0,1.0,,,
A_CUST111085,account,CUST111085,75.0,80.0,2.0,,,
A_CUST111087,account,CUST111087,60.0,60.0,1.0,,,
A_CUST111092,account,CUST111092,67.5,70.0,2.0,,,
A_CUST111093,account,CUST111093,65.0,65.0,1.0,,,
A_CUST111098,account,CUST111098,65.0,65.0,1.0,,,
A_CUST111107,account,CUST111107,81.7,95.0,3.0,,,
A_CUST111109,account,CUST111109,70.0,70.0,1.0,,,
A_CUST111116,account,CUST111116,65.0,65.0,1.0,,,
A_CUST111119,account,CUST111119,60.0,60.0,1.0,,,
A_CUST111120,account,CUST111120,60.0,60.0,1.0,,,
A_CUST111122,account,CUST111122,70.0,70.0,1.0,,,
A_CUST111123,account,CUST111123,62.5,65.0,2.0,,,
A_CUST111124,account,CUST111124,60.0,60.0,1.0,,,
A_CUST111125,account,CUST111125,85.0,85.0,1.0,,,
A_CUST111126,account,CUST111126,70.0,70.0,1.0,,,
A_CUST111128,account,CUST111128,60.0,60.0,1.0,,,
A_CUST111129,account,CUST111129,60.0,60.0,1.0,,,
A_CUST111132,account,CUST111132,60.0,60.0,1.0,,,
A_CUST111133,account,CUST111133,70.0,70.0,1.0,,,
A_CUST111140,account,CUST111140,60.0,60.0,1.0,,,
A_CUST111143,account,CUST111143,65.0,65.0,1.0,,,
A_CUST111145,account,CUST111145,60.0,60.0,1.0,,,
A_CUST111147,account,CUST111147,70.0,70.0,1.0,,,
A_CUST111148,account,CUST111148,60.0,60.0,2.0,,,
A_CUST111149,account,CUST111149,62.5,65.0,2.0,,,
A_CUST111151,account,CUST111151,70.0,70.0,1.0,,,
A_CUST111152,account,CUST111152,67.5,75.0,2.0,,,
A_CUST111163,account,CUST111163,65.0,65.0,1.0,,,
A_CUST111164,account,CUST111164,65.0,70.0,2.0,,,
A_CUST111165,account,CUST111165,60.0,60.0,1.0,,,
A_CUST111166,account,CUST111166,67.5,70.0,2.0,,,
A_CUST111167,account,CUST111167,75.0,75.0,1.0,,,
A_CUST111169,account,CUST111169,60.0,60.0,1.0,,,
A_CUST111172,account,CUST111172,60.0,60.0,1.0,,,
A_CUST111173,account,CUST111173,60.0,60.0,2.0,,,
A_CUST111174,account,CUST111174,60.0,60.0,2.0,,,
A_CUST111177,account,CUST111177,60.0,60.0,1.0,,,
A_CUST111183,account,CUST111183,60.0,60.0,1.0,,,
A_CUST111185,account,CUST111185,67.5,80.0,4.0,,,
A_CUST111186,account,CUST111186,62.5,65.0,2.0,,,
A_CUST111195,account,CUST111195,65.0,65.0,1.0,,,
A_CUST111196,account,CUST111196,60.0,60.0,1.0,,,
A_CUST111199,account,CUST111199,60.0,60.0,2.0,,,
A_CUST111201,account,CUST111201,60.0,60.0,1.0,,,
A_CUST111206,account,CUST111206,60.0,60.0,1.0,,,
A_CUST111207,account,CUST111207,62.5,65.0,2.0,,,
A_CUST111209,account,CUST111209,60.0,60.0,1.0,,,
A_CUST111212,account,CUST111212,65.0,70.0,2.0,,,
A_CUST111214,account,CUST111214,60.0,60.0,1.0,,,
A_CUST111216,account,CUST111216,60.0,60.0,1.0,,,
A_CUST111219,account,CUST111219,60.0,60.0,1.0,,,
A_CUST111227,account,CUST111227,75.0,75.0,1.0,,,
A_CUST111234,account,CUST111234,68.3,80.0,3.0,,,
A_CUST111242,account,CUST111242,75.0,75.0,1.0,,,
A_CUST111248,account,CUST111248,70.0,70.0,1.0,,,
A_CUST111254,account,CUST111254,70.0,70.0,1.0,,,
A_CUST111255,account,CUST111255,75.0,75.0,1.0,,,
A_CUST111256,account,CUST111256,65.0,65.0,1.0,,,
A_CUST111257,account,CUST111257,75.0,75.0,1.0,,,
A_CUST111261,account,CUST111261,60.0,60.0,1.0,,,
A_CUST111264,account,CUST111264,70.0,70.0,1.0,,,
A_CUST111265,account,CUST111265,60.0,60.0,1.0,,,
A_CUST111290,account,CUST111290,60.0,60.0,2.0,,,
A_CUST111293,account,CUST111293,80.0,80.0,1.0,,,
A_CUST111306,account,CUST111306,67.5,75.0,2.0,,,
A_CUST111317,account,CUST111317,66.2,75.0,4.0,,,
A_CUST111319,account,CUST111319,60.0,60.0,1.0,,,
A_CUST111321,account,CUST111321,60.0,60.0,1.0,,,
A_CUST111322,account,CUST111322,60.0,60.0,2.0,,,
A_CUST111325,account,CUST111325,60.0,60.0,1.0,,,
A_CUST111328,account,CUST111328,60.0,60.0,1.0,,,
A_CUST111329,account,CUST111329,80.0,80.0,1.0,,,
A_CUST111340,account,CUST111340,60.0,60.0,1.0,,,
A_CUST111342,account,CUST111342,60.0,60.0,1.0,,,
A_CUST111348,account,CUST111348,60.0,60.0,1.0,,,
A_CUST111353,account,CUST111353,80.0,85.0,3.0,,,
A_CUST111354,account,CUST111354,75.0,90.0,2.0,,,
A_CUST111356,account,CUST111356,70.0,70.0,1.0,,,
A_CUST111360,account,CUST111360,60.0,60.0,1.0,,,
A_CUST111361,account,CUST111361,85.0,85.0,1.0,,,
A_CUST111363,account,CUST111363,77.5,85.0,2.0,,,
A_CUST111366,account,CUST111366,67.5,75.0,2.0,,,
A_CUST111368,account,CUST111368,67.5,70.0,2.0,,,
A_CUST111369,account,CUST111369,67.5,75.0,2.0,,,
A_CUST111381,account,CUST111381,60.0,60.0,1.0,,,
A_CUST111383,account,CUST111383,70.0,70.0,1.0,,,
A_CUST111385,account,CUST111385,65.0,65.0,1.0,,,
A_CUST111386,account,CUST111386,60.0,60.0,1.0,,,
A_CUST111387,account,CUST111387,60.0,60.0,1.0,,,
A_CUST111388,account,CUST111388,60.0,60.0,1.0,,,
A_CUST111389,account,CUST111389,75.0,90.0,2.0,,,
A_CUST111394,account,CUST111394,60.0,60.0,1.0,,,
A_CUST111396,account,CUST111396,70.0,70.0,1.0,,,
A_CUST111398,account,CUST111398,70.0,70.0,1.0,,,
A_CUST111399,account,CUST111399,61.2,65.0,4.0,,,
A_CUST111403,account,CUST111403,60.0,60.0,1.0,,,
A_CUST111410,account,CUST111410,60.0,60.0,1.0,,,
A_CUST111411,account,CUST111411,80.0,80.0,1.0,,,
A_CUST111412,account,CUST111412,80.0,100.0,4.0,,,
A_CUST111414,account,CUST111414,60.0,60.0,1.0,,,
A_CUST111417,account,CUST111417,75.0,75.0,1.0,,,
A_CUST111418,account,CUST111418,60.0,60.0,1.0,,,
A_CUST111423,account,CUST111423,60.0,60.0,3.0,,,
A_CUST111424,account,CUST111424,90.0,95.0,3.0,,,
A_CUST111426,account,CUST111426,70.0,70.0,1.0,,,
A_CUST111427,account,CUST111427,60.0,60.0,1.0,,,
A_CUST111436,account,CUST111436,60.0,60.0,1.0,,,
A_CUST111439,account,CUST111439,60.0,60.0,1.0,,,
A_CUST111441,account,CUST111441,70.0,70.0,1.0,,,
A_CUST111442,account,CUST111442,65.0,70.0,2.0,,,
A_CUST111450,account,CUST111450,70.0,70.0,1.0,,,
A_CUST111455,account,CUST111455,60.0,60.0,2.0,,,
A_CUST111461,account,CUST111461,70.0,70.0,1.0,,,
A_CUST111462,account,CUST111462,60.0,60.0,1.0,,,
A_CUST111471,account,CUST111471,60.0,60.0,1.0,,,
A_CUST111474,account,CUST111474,60.0,60.0,1.0,,,
A_CUST111481,account,CUST111481,62.5,70.0,4.0,,,
A_CUST111485,account,CUST111485,60.0,60.0,1.0,,,
A_CUST111487,account,CUST111487,60.0,60.0,1.0,,,
A_CUST111488,account,CUST111488,73.3,85.0,3.0,,,
A_CUST111490,account,CUST111490,70.0,70.0,1.0,,,
A_CUST111492,account,CUST111492,62.5,65.0,2.0,,,
A_CUST111495,account,CUST111495,80.0,90.0,2.0,,,
A_CUST111497,account,CUST111497,75.0,90.0,2.0,,,
A_CUST111501,account,CUST111501,60.0,60.0,2.0,,,
A_CUST111504,account,CUST111504,70.0,70.0,1.0,,,
A_CUST111505,account,CUST111505,60.0,60.0,2.0,,,
A_CUST111507,account,CUST111507,70.0,70.0,1.0,,,
A_CUST111511,account,CUST111511,67.5,75.0,2.0,,,
A_CUST111512,account,CUST111512,65.0,65.0,1.0,,,
A_CUST111517,account,CUST111517,60.0,60.0,1.0,,,
A_CUST111523,account,CUST111523,70.0,70.0,1.0,,,
A_CUST111525,account,CUST111525,70.0,70.0,1.0,,,
A_CUST111528,account,CUST111528,70.0,70.0,1.0,,,
A_CUST111530,account,CUST111530,65.0,65.0,1.0,,,
A_CUST111543,account,CUST111543,60.0,60.0,1.0,,,
A_CUST111551,account,CUST111551,75.0,75.0,1.0,,,
A_CUST111557,account,CUST111557,70.0,80.0,2.0,,,
A_CUST111573,account,CUST111573,65.0,65.0,1.0,,,
A_CUST111575,account,CUST111575,70.0,70.0,1.0,,,
A_CUST111580,account,CUST111580,70.0,70.0,1.0,,,
A_CUST111588,account,CUST111588,75.0,75.0,1.0,,,
A_CUST111594,account,CUST111594,60.0,60.0,1.0,,,
A_CUST111612,account,CUST111612,75.0,75.0,1.0,,,
A_CUST111614,account,CUST111614,60.0,60.0,1.0,,,
A_CUST111619,account,CUST111619,68.3,75.0,3.0,,,
A_CUST111624,account,CUST111624,65.0,65.0,1.0,,,
A_CUST111631,account,CUST111631,70.0,70.0,2.0,,,
A_CUST111636,account,CUST111636,85.0,85.0,1.0,,,
A_CUST111637,account,CUST111637,65.0,65.0,1.0,,,
A_CUST111640,account,CUST111640,60.0,60.0,1.0,,,
A_CUST111643,account,CUST111643,60.0,60.0,1.0,,,
A_CUST111646,account,CUST111646,60.0,60.0,1.0,,,
A_CUST111647,account,CUST111647,60.0,60.0,1.0,,,
A_CUST111649,account,CUST111649,65.0,65.0,1.0,,,
A_CUST111653,account,CUST111653,65.0,65.0,1.0,,,
A_CUST111656,account,CUST111656,65.0,65.0,1.0,,,
A_CUST111657,account,CUST111657,70.0,70.0,1.0,,,
A_CUST111658,account,CUST111658,70.0,70.0,1.0,,,
A_CUST111661,account,CUST111661,70.0,70.0,1.0,,,
A_CUST111663,account,CUST111663,60.0,60.0,1.0,,,
A_CUST111664,account,CUST111664,60.0,60.0,1.0,,,
A_CUST111665,account,CUST111665,60.0,60.0,1.0,,,
A_CUST111668,account,CUST111668,70.0,70.0,1.0,,,
A_CUST111672,account,CUST111672,67.5,75.0,2.0,,,
A_CUST111673,account,CUST111673,65.0,70.0,2.0,,,
A_CUST111674,account,CUST111674,68.3,75.0,3.0,,,
A_CUST111676,account,CUST111676,60.0,60.0,3.0,,,
A_CUST111680,account,CUST111680,60.0,60.0,3.0,,,
A_CUST111692,account,CUST111692,60.0,60.0,1.0,,,
A_CUST111696,account,CUST111696,65.0,75.0,3.0,,,
A_CUST111697,account,CUST111697,60.0,60.0,1.0,,,
A_CUST111701,account,CUST111701,65.0,65.0,1.0,,,
A_CUST111703,account,CUST111703,66.2,70.0,4.0,,,
A_CUST111706,account,CUST111706,72.5,75.0,2.0,,,
A_CUST111707,account,CUST111707,60.0,60.0,1.0,,,
A_CUST111708,account,CUST111708,77.5,85.0,2.0,,,
A_CUST111710,account,CUST111710,60.0,60.0,1.0,,,
A_CUST111711,account,CUST111711,60.0,60.0,1.0,,,
A_CUST111712,account,CUST111712,85.0,85.0,1.0,,,
A_CUST111713,account,CUST111713,65.0,65.0,1.0,,,
A_CUST111714,account,CUST111714,60.0,60.0,2.0,,,
A_CUST111722,account,CUST111722,60.0,60.0,2.0,,,
A_CUST111723,account,CUST111723,60.0,60.0,1.0,,,
A_CUST111724,account,CUST111724,60.0,60.0,1.0,,,
A_CUST111725,account,CUST111725,60.0,60.0,1.0,,,
A_CUST111727,account,CUST111727,65.0,65.0,1.0,,,
A_CUST111728,account,CUST111728,60.0,60.0,1.0,,,
A_CUST111732,account,CUST111732,70.0,70.0,1.0,,,
A_CUST111736,account,CUST111736,60.0,60.0,1.0,,,
A_CUST111741,account,CUST111741,60.0,60.0,1.0,,,
A_CUST111742,account,CUST111742,60.0,60.0,1.0,,,
A_CUST111744,account,CUST111744,70.0,70.0,1.0,,,
A_CUST111749,account,CUST111749,60.0,60.0,1.0,,,
A_CUST111758,account,CUST111758,75.0,75.0,1.0,,,
A_CUST111759,account,CUST111759,62.5,65.0,4.0,,,
A_CUST111760,account,CUST111760,60.0,60.0,1.0,,,
A_CUST111764,account,CUST111764,60.0,60.0,1.0,,,
A_CUST111767,account,CUST111767,67.5,75.0,2.0,,,
A_CUST111773,account,CUST111773,70.0,70.0,1.0,,,
A_CUST111776,account,CUST111776,60.0,60.0,1.0,,,
A_CUST111788,account,CUST111788,65.0,70.0,2.0,,,
A_CUST111791,account,CUST111791,63.3,70.0,3.0,,,
A_CUST111798,account,CUST111798,60.0,60.0,3.0,,,
A_CUST111800,account,CUST111800,80.0,95.0,6.0,,,
A_CUST111804,account,CUST111804,62.5,65.0,2.0,,,
A_CUST111807,account,CUST111807,70.0,70.0,1.0,,,
A_CUST111814,account,CUST111814,60.0,60.0,1.0,,,
A_CUST111816,account,CUST111816,75.0,75.0,1.0,,,
A_CUST111821,account,CUST111821,60.0,60.0,1.0,,,
A_CUST111838,account,CUST111838,60.0,60.0,1.0,,,
A_CUST111842,account,CUST111842,60.0,60.0,1.0,,,
A_CUST111843,account,CUST111843,60.0,60.0,1.0,,,
A_CUST111847,account,CUST111847,74.0,90.0,5.0,,,
A_CUST111849,account,CUST111849,60.0,60.0,1.0,,,
A_CUST111854,account,CUST111854,60.0,60.0,1.0,,,
A_CUST111861,account,CUST111861,60.0,60.0,1.0,,,
A_CUST111865,account,CUST111865,65.0,65.0,1.0,,,
A_CUST111872,account,CUST111872,60.0,60.0,1.0,,,
A_CUST111873,account,CUST111873,60.0,60.0,1.0,,,
A_CUST111874,account,CUST111874,67.5,70.0,2.0,,,
A_CUST111877,account,CUST111877,60.0,60.0,1.0,,,
A_CUST111881,account,CUST111881,60.0,60.0,2.0,,,
A_CUST111883,account,CUST111883,60.0,60.0,1.0,,,
A_CUST111888,account,CUST111888,60.0,60.0,1.0,,,
A_CUST111890,account,CUST111890,60.0,60.0,1.0,,,
A_CUST111892,account,CUST111892,65.0,65.0,1.0,,,
A_CUST111900,account,CUST111900,75.0,75.0,1.0,,,
A_CUST111901,account,CUST111901,70.0,70.0,1.0,,,
A_CUST111902,account,CUST111902,70.0,70.0,1.0,,,
A_CUST111905,account,CUST111905,70.0,70.0,1.0,,,
A_CUST111908,account,CUST111908,66.7,70.0,3.0,,,
A_CUST111910,account,CUST111910,70.0,70.0,1.0,,,
A_CUST111914,account,CUST111914,65.0,75.0,3.0,,,
A_CUST111915,account,CUST111915,60.0,60.0,1.0,,,
A_CUST111918,account,CUST111918,65.0,65.0,1.0,,,
A_CUST111920,account,CUST111920,60.0,60.0,1.0,,,
A_CUST111924,account,CUST111924,80.0,80.0,1.0,,,
A_CUST111928,account,CUST111928,70.0,80.0,2.0,,,
A_CUST111929,account,CUST111929,70.0,70.0,1.0,,,
A_CUST111930,account,CUST111930,70.0,70.0,1.0,,,
A_CUST111932,account,CUST111932,70.0,70.0,1.0,,,
A_CUST111933,account,CUST111933,95.0,95.0,1.0,,,
A_CUST111939,account,CUST111939,70.0,80.0,2.0,,,
A_CUST111942,account,CUST111942,75.0,75.0,2.0,,,
A_CUST111945,account,CUST111945,60.0,60.0,1.0,,,
A_CUST111946,account,CUST111946,65.0,65.0,1.0,,,
A_CUST111949,account,CUST111949,75.0,75.0,1.0,,,
A_CUST111952,account,CUST111952,60.0,60.0,1.0,,,
A_CUST111953,account,CUST111953,60.0,60.0,2.0,,,
A_CUST111956,account,CUST111956,80.0,80.0,1.0,,,
A_CUST111957,account,CUST111957,64.0,75.0,5.0,,,
A_CUST111958,account,CUST111958,60.0,60.0,1.0,,,
A_CUST111959,account,CUST111959,62.5,65.0,2.0,,,
A_CUST111963,account,CUST111963,60.0,60.0,2.0,,,
A_CUST111968,account,CUST111968,87.5,95.0,2.0,,,
A_CUST111969,account,CUST111969,60.0,60.0,1.0,,,
A_CUST111974,account,CUST111974,60.0,60.0,1.0,,,
A_CUST111977,account,CUST111977,65.0,65.0,1.0,,,
A_CUST111983,account,CUST111983,65.0,65.0,1.0,,,
A_CUST111986,account,CUST111986,68.3,85.0,3.0,,,
A_CUST111987,account,CUST111987,65.0,65.0,1.0,,,
A_CUST111988,account,CUST111988,60.0,60.0,1.0,,,
A_CUST111990,account,CUST111990,65.0,65.0,1.0,,,
A_CUST111992,account,CUST111992,70.0,70.0,1.0,,,
A_CUST111997,account,CUST111997,60.0,60.0,1.0,,,
A_CUST112000,account,CUST112000,60.0,60.0,1.0,,,
A_CUST112001,account,CUST112001,68.3,85.0,3.0,,,
A_CUST112003,account,CUST112003,71.7,85.0,3.0,,,
A_CUST112004,account,CUST112004,65.0,65.0,1.0,,,
A_CUST112007,account,CUST112007,85.0,85.0,1.0,,,
A_CUST112016,account,CUST112016,60.0,60.0,1.0,,,
A_CUST112019,account,CUST112019,85.0,85.0,1.0,,,
A_CUST112020,account,CUST112020,60.0,60.0,1.0,,,
A_CUST112021,account,CUST112021,62.5,65.0,2.0,,,
A_CUST112029,account,CUST112029,60.0,60.0,1.0,,,
A_CUST112035,account,CUST112035,60.0,60.0,1.0,,,
A_CUST112041,account,CUST112041,95.0,95.0,1.0,,,
A_CUST112052,account,CUST112052,60.0,60.0,1.0,,,
A_CUST112055,account,CUST112055,63.3,70.0,3.0,,,
A_CUST112056,account,CUST112056,60.0,60.0,2.0,,,
A_CUST112060,account,CUST112060,60.0,60.0,1.0,,,
A_CUST112065,account,CUST112065,70.0,70.0,1.0,,,
A_CUST112068,account,CUST112068,60.0,60.0,1.0,,,
A_CUST112071,account,CUST112071,70.0,70.0,1.0,,,
A_CUST112073,account,CUST112073,77.5,85.0,2.0,,,
A_CUST112074,account,CUST112074,60.0,60.0,1.0,,,
A_CUST112076,account,CUST112076,70.0,70.0,1.0,,,
A_CUST112080,account,CUST112080,83.3,100.0,3.0,,,
A_CUST112083,account,CUST112083,60.0,60.0,1.0,,,
A_CUST112084,account,CUST112084,60.0,60.0,2.0,,,
A_CUST112086,account,CUST112086,66.7,70.0,3.0,,,
A_CUST112091,account,CUST112091,60.0,60.0,2.0,,,
A_CUST112092,account,CUST112092,60.0,60.0,1.0,,,
A_CUST112093,account,CUST112093,70.0,70.0,1.0,,,
A_CUST112099,account,CUST112099,67.5,75.0,2.0,,,
A_CUST112102,account,CUST112102,60.0,60.0,1.0,,,
A_CUST112103,account,CUST112103,65.0,65.0,1.0,,,
A_CUST112110,account,CUST112110,60.0,60.0,1.0,,,
A_CUST112113,account,CUST112113,60.0,60.0,1.0,,,
A_CUST112114,account,CUST112114,60.0,60.0,1.0,,,
A_CUST112116,account,CUST112116,90.0,90.0,1.0,,,
A_CUST112120,account,CUST112120,83.3,95.0,3.0,,,
A_CUST112127,account,CUST112127,65.0,70.0,2.0,,,
A_CUST112131,account,CUST112131,70.0,70.0,1.0,,,
A_CUST112138,account,CUST112138,76.2,100.0,4.0,,,
A_CUST112145,account,CUST112145,60.0,60.0,3.0,,,
A_CUST112148,account,CUST112148,75.0,95.0,3.0,,,
A_CUST112156,account,CUST112156,67.5,75.0,2.0,,,
A_CUST112162,account,CUST112162,65.0,75.0,3.0,,,
A_CUST112165,account,CUST112165,60.0,60.0,1.0,,,
A_CUST112167,account,CUST112167,62.5,65.0,2.0,,,
A_CUST112171,account,CUST112171,70.0,70.0,1.0,,,
A_CUST112173,account,CUST112173,70.0,70.0,2.0,,,
A_CUST112175,account,CUST112175,70.0,70.0,1.0,,,
A_CUST112176,account,CUST112176,65.0,70.0,2.0,,,
A_CUST112178,account,CUST112178,60.0,60.0,1.0,,,
A_CUST112185,account,CUST112185,60.0,60.0,1.0,,,
A_CUST112192,account,CUST112192,60.0,60.0,1.0,,,
A_CUST112195,account,CUST112195,71.0,90.0,5.0,,,
A_CUST112199,account,CUST112199,65.0,65.0,1.0,,,
A_CUST112202,account,CUST112202,70.0,70.0,1.0,,,
A_CUST112222,account,CUST112222,67.5,70.0,2.0,,,
A_CUST112232,account,CUST112232,75.0,75.0,1.0,,,
A_CUST112233,account,CUST112233,65.0,70.0,2.0,,,
A_CUST112236,account,CUST112236,60.0,60.0,1.0,,,
A_CUST112242,account,CUST112242,67.5,70.0,2.0,,,
A_CUST112245,account,CUST112245,70.0,70.0,1.0,,,
A_CUST112246,account,CUST112246,70.0,70.0,1.0,,,
A_CUST112247,account,CUST112247,60.0,60.0,2.0,,,
A_CUST112248,account,CUST112248,60.0,60.0,1.0,,,
A_CUST112250,account,CUST112250,60.0,60.0,2.0,,,
A_CUST112254,account,CUST112254,70.0,80.0,2.0,,,
A_CUST112255,account,CUST112255,90.0,95.0,2.0,,,
A_CUST112257,account,CUST112257,63.3,70.0,3.0,,,
A_CUST112259,account,CUST112259,60.0,60.0,1.0,,,
A_CUST112263,account,CUST112263,80.0,80.0,1.0,,,
A_CUST112264,account,CUST112264,65.0,65.0,1.0,,,
A_CUST112270,account,CUST112270,60.0,60.0,1.0,,,
A_CUST112275,account,CUST112275,67.5,75.0,2.0,,,
A_CUST112280,account,CUST112280,60.0,60.0,1.0,,,
A_CUST112286,account,CUST112286,95.0,95.0,1.0,,,
A_CUST112287,account,CUST112287,63.8,75.0,4.0,,,
A_CUST112288,account,CUST112288,60.0,60.0,1.0,,,
A_CUST112289,account,CUST112289,60.0,60.0,1.0,,,
A_CUST112291,account,CUST112291,80.8,95.0,6.0,,,
A_CUST112294,account,CUST112294,65.0,65.0,1.0,,,
A_CUST112298,account,CUST112298,78.3,90.0,3.0,,,
A_CUST112301,account,CUST112301,60.0,60.0,1.0,,,
A_CUST112303,account,CUST112303,60.0,60.0,1.0,,,
A_CUST112305,account,CUST112305,65.0,65.0,1.0,,,
A_CUST112308,account,CUST112308,60.0,60.0,1.0,,,
A_CUST112314,account,CUST112314,60.0,60.0,1.0,,,
A_CUST112319,account,CUST112319,60.0,60.0,1.0,,,
A_CUST112320,account,CUST112320,65.0,70.0,3.0,,,
A_CUST112339,account,CUST112339,75.0,75.0,1.0,,,
A_CUST112340,account,CUST112340,85.0,85.0,1.0,,,
A_CUST112342,account,CUST112342,65.0,65.0,1.0,,,
A_CUST112345,account,CUST112345,60.0,60.0,2.0,,,
A_CUST112354,account,CUST112354,70.0,70.0,1.0,,,
A_CUST112362,account,CUST112362,85.0,85.0,1.0,,,
A_CUST112363,account,CUST112363,65.0,65.0,1.0,,,
A_CUST112368,account,CUST112368,60.0,60.0,1.0,,,
A_CUST112369,account,CUST112369,60.0,60.0,2.0,,,
A_CUST112373,account,CUST112373,75.0,75.0,1.0,,,
A_CUST112375,account,CUST112375,75.0,75.0,1.0,,,
A_CUST112381,account,CUST112381,65.0,70.0,3.0,,,
A_CUST112391,account,CUST112391,60.0,60.0,1.0,,,
A_CUST112396,account,CUST112396,67.5,75.0,2.0,,,
A_CUST112398,account,CUST112398,60.0,60.0,1.0,,,
A_CUST112399,account,CUST112399,65.0,65.0,1.0,,,
A_CUST112402,account,CUST112402,82.5,95.0,2.0,,,
A_CUST112405,account,CUST112405,72.5,85.0,2.0,,,
A_CUST112408,account,CUST112408,70.0,70.0,1.0,,,
A_CUST112412,account,CUST112412,65.0,65.0,1.0,,,
A_CUST112414,account,CUST112414,60.0,60.0,1.0,,,
A_CUST112422,account,CUST112422,70.0,90.0,3.0,,,
A_CUST112425,account,CUST112425,63.3,70.0,3.0,,,
A_CUST112427,account,CUST112427,76.7,85.0,3.0,,,
A_CUST112431,account,CUST112431,60.0,60.0,2.0,,,
A_CUST112433,account,CUST112433,80.0,80.0,1.0,,,
A_CUST112434,account,CUST112434,80.0,85.0,2.0,,,
A_CUST112435,account,CUST112435,62.5,65.0,2.0,,,
A_CUST112437,account,CUST112437,60.0,60.0,1.0,,,
A_CUST112439,account,CUST112439,60.0,60.0,1.0,,,
A_CUST112440,account,CUST112440,71.7,95.0,3.0,,,
A_CUST112442,account,CUST112442,60.0,60.0,1.0,,,
A_CUST112451,account,CUST112451,80.0,100.0,2.0,,,
A_CUST112454,account,CUST112454,70.0,70.0,1.0,,,
A_CUST112465,account,CUST112465,70.0,70.0,1.0,,,
A_CUST112469,account,CUST112469,60.0,60.0,1.0,,,
A_CUST112470,account,CUST112470,65.0,65.0,1.0,,,
A_CUST112474,account,CUST112474,60.0,60.0,1.0,,,
A_CUST112481,account,CUST112481,70.0,70.0,1.0,,,
A_CUST112487,account,CUST112487,60.0,60.0,1.0,,,
A_CUST112489,account,CUST112489,70.0,70.0,1.0,,,
A_CUST112496,account,CUST112496,65.0,70.0,2.0,,,
A_CUST112501,account,CUST112501,70.0,70.0,1.0,,,
A_CUST112502,account,CUST112502,70.0,80.0,2.0,,,
A_CUST112504,account,CUST112504,65.0,65.0,1.0,,,
A_CUST112507,account,CUST112507,65.0,65.0,1.0,,,
A_CUST112508,account,CUST112508,60.0,60.0,1.0,,,
A_CUST112515,account,CUST112515,62.5,65.0,2.0,,,
A_CUST112518,account,CUST112518,70.0,70.0,1.0,,,
A_CUST112522,account,CUST112522,60.0,60.0,1.0,,,
A_CUST112527,account,CUST112527,60.0,60.0,1.0,,,
A_CUST112550,account,CUST112550,65.0,65.0,1.0,,,
A_CUST112558,account,CUST112558,65.0,65.0,1.0,,,
A_CUST112568,account,CUST112568,70.0,70.0,1.0,,,
A_CUST112573,account,CUST112573,62.5,65.0,2.0,,,
A_CUST112594,account,CUST112594,70.0,70.0,1.0,,,
A_CUST112596,account,CUST112596,65.0,65.0,1.0,,,
A_CUST112598,account,CUST112598,70.0,70.0,1.0,,,
A_CUST112599,account,CUST112599,65.0,65.0,1.0,,,
A_CUST112602,account,CUST112602,78.3,90.0,3.0,,,
A_CUST112609,account,CUST112609,60.0,60.0,1.0,,,
A_CUST112617,account,CUST112617,61.7,65.0,3.0,,,
A_CUST112622,account,CUST112622,70.0,70.0,1.0,,,
A_CUST112623,account,CUST112623,60.0,60.0,1.0,,,
A_CUST112626,account,CUST112626,70.0,80.0,2.0,,,
A_CUST112629,account,CUST112629,60.0,60.0,1.0,,,
A_CUST112631,account,CUST112631,85.0,100.0,3.0,,,
A_CUST112634,account,CUST112634,60.0,60.0,3.0,,,
A_CUST112638,account,CUST112638,67.5,70.0,2.0,,,
A_CUST112640,account,CUST112640,60.0,60.0,1.0,,,
A_CUST112641,account,CUST112641,70.0,70.0,1.0,,,
A_CUST112642,account,CUST112642,60.0,60.0,1.0,,,
A_CUST112644,account,CUST112644,70.0,90.0,3.0,,,
A_CUST112645,account,CUST112645,100.0,100.0,1.0,,,
A_CUST112646,account,CUST112646,70.0,70.0,1.0,,,
A_CUST112649,account,CUST112649,60.0,60.0,1.0,,,
A_CUST112657,account,CUST112657,60.0,60.0,1.0,,,
A_CUST112661,account,CUST112661,65.0,65.0,1.0,,,
A_CUST112668,account,CUST112668,70.0,70.0,1.0,,,
A_CUST112673,account,CUST112673,72.5,85.0,2.0,,,
A_CUST112674,account,CUST112674,60.0,60.0,1.0,,,
A_CUST112681,account,CUST112681,85.0,85.0,1.0,,,
A_CUST112682,account,CUST112682,62.5,70.0,4.0,,,
A_CUST112704,account,CUST112704,60.0,60.0,1.0,,,
A_CUST112705,account,CUST112705,80.0,80.0,1.0,,,
A_CUST112714,account,CUST112714,60.0,60.0,1.0,,,
A_CUST112716,account,CUST112716,92.5,95.0,2.0,,,
A_CUST112718,account,CUST112718,60.0,60.0,1.0,,,
A_CUST112719,account,CUST112719,60.0,60.0,1.0,,,
A_CUST112720,account,CUST112720,70.0,70.0,1.0,,,
A_CUST112727,account,CUST112727,60.0,60.0,1.0,,,
A_CUST112730,account,CUST112730,60.0,60.0,1.0,,,
A_CUST112731,account,CUST112731,70.0,70.0,1.0,,,
A_CUST112734,account,CUST112734,65.0,65.0,1.0,,,
A_CUST112739,account,CUST112739,60.0,60.0,1.0,,,
A_CUST112740,account,CUST112740,65.0,65.0,1.0,,,
A_CUST112743,account,CUST112743,60.0,60.0,1.0,,,
A_CUST112745,account,CUST112745,65.0,65.0,1.0,,,
A_CUST112749,account,CUST112749,65.0,65.0,2.0,,,
A_CUST112752,account,CUST112752,67.5,70.0,2.0,,,
A_CUST112757,account,CUST112757,60.0,60.0,1.0,,,
A_CUST112758,account,CUST112758,70.0,75.0,4.0,,,
A_CUST112759,account,CUST112759,60.0,60.0,2.0,,,
A_CUST112764,account,CUST112764,67.5,70.0,2.0,,,
A_CUST112772,account,CUST112772,60.0,60.0,1.0,,,
A_CUST112773,account,CUST112773,65.0,65.0,1.0,,,
A_CUST112774,account,CUST112774,60.0,60.0,1.0,,,
A_CUST112782,account,CUST112782,70.0,70.0,1.0,,,
A_CUST112789,account,CUST112789,65.0,65.0,1.0,,,
A_CUST112791,account,CUST112791,65.0,70.0,2.0,,,
A_CUST112793,account,CUST112793,63.3,70.0,3.0,,,
A_CUST112796,account,CUST112796,60.0,60.0,1.0,,,
A_CUST112797,account,CUST112797,60.0,60.0,1.0,,,
A_CUST112801,account,CUST112801,60.0,60.0,1.0,,,
A_CUST112805,account,CUST112805,85.0,85.0,1.0,,,
A_CUST112806,account,CUST112806,65.0,65.0,1.0,,,
A_CUST112808,account,CUST112808,65.0,65.0,2.0,,,
A_CUST112809,account,CUST112809,60.0,60.0,1.0,,,
A_CUST112814,account,CUST112814,60.0,60.0,1.0,,,
A_CUST112816,account,CUST112816,100.0,100.0,1.0,,,
A_CUST112831,account,CUST112831,60.0,60.0,1.0,,,
A_CUST112832,account,CUST112832,65.0,65.0,1.0,,,
A_CUST112841,account,CUST112841,65.0,65.0,1.0,,,
A_CUST112844,account,CUST112844,78.3,95.0,3.0,,,
A_CUST112858,account,CUST112858,78.0,95.0,5.0,,,
A_CUST112861,account,CUST112861,61.2,65.0,4.0,,,
A_CUST112868,account,CUST112868,60.0,60.0,1.0,,,
A_CUST112876,account,CUST112876,83.6,100.0,7.0,,,
A_CUST112885,account,CUST112885,60.0,60.0,2.0,,,
A_CUST112888,account,CUST112888,60.0,60.0,1.0,,,
A_CUST112889,account,CUST112889,72.5,85.0,2.0,,,
A_CUST112892,account,CUST112892,70.0,70.0,1.0,,,
A_CUST112893,account,CUST112893,70.0,70.0,1.0,,,
A_CUST112895,account,CUST112895,60.0,60.0,2.0,,,
A_CUST112896,account,CUST112896,67.5,75.0,2.0,,,
A_CUST112913,account,CUST112913,60.0,60.0,1.0,,,
A_CUST112915,account,CUST112915,70.0,70.0,1.0,,,
A_CUST112918,account,CUST112918,65.0,70.0,2.0,,,
A_CUST112923,account,CUST112923,60.0,60.0,1.0,,,
A_CUST112924,account,CUST112924,60.0,60.0,2.0,,,
A_CUST112926,account,CUST112926,65.0,75.0,3.0,,,
A_CUST112928,account,CUST112928,62.5,65.0,2.0,,,
A_CUST112934,account,CUST112934,65.0,65.0,1.0,,,
A_CUST112935,account,CUST112935,60.0,60.0,1.0,,,
A_CUST112939,account,CUST112939,60.0,60.0,1.0,,,
A_CUST112940,account,CUST112940,65.0,70.0,4.0,,,
A_CUST112942,account,CUST112942,85.0,85.0,1.0,,,
A_CUST112945,account,CUST112945,70.0,70.0,1.0,,,
A_CUST112946,account,CUST112946,60.0,60.0,1.0,,,
A_CUST112952,account,CUST112952,60.0,60.0,1.0,,,
A_CUST112954,account,CUST112954,65.0,65.0,1.0,,,
A_CUST112957,account,CUST112957,75.0,75.0,1.0,,,
A_CUST112958,account,CUST112958,65.0,65.0,1.0,,,
A_CUST112959,account,CUST112959,63.3,70.0,3.0,,,
A_CUST112965,account,CUST112965,60.0,60.0,1.0,,,
A_CUST112966,account,CUST112966,65.0,65.0,1.0,,,
A_CUST112969,account,CUST112969,70.0,70.0,1.0,,,
A_CUST112970,account,CUST112970,65.0,70.0,2.0,,,
A_CUST112974,account,CUST112974,61.7,65.0,3.0,,,
A_CUST112976,account,CUST112976,70.0,70.0,1.0,,,
A_CUST112981,account,CUST112981,67.5,70.0,2.0,,,
A_CUST112984,account,CUST112984,70.0,70.0,1.0,,,
A_CUST112987,account,CUST112987,60.0,60.0,2.0,,,
A_CUST112992,account,CUST112992,70.0,85.0,3.0,,,
A_CUST112994,account,CUST112994,70.0,70.0,2.0,,,
A_CUST112996,account,CUST112996,70.0,80.0,3.0,,,
A_CUST112998,account,CUST112998,70.0,70.0,1.0,,,
A_CUST113014,account,CUST113014,70.0,70.0,1.0,,,
A_CUST113017,account,CUST113017,65.0,65.0,1.0,,,
A_CUST113020,account,CUST113020,60.0,60.0,1.0,,,
A_CUST113024,account,CUST113024,60.0,60.0,1.0,,,
A_CUST113027,account,CUST113027,65.0,65.0,1.0,,,
A_CUST113037,account,CUST113037,60.0,60.0,1.0,,,
A_CUST113041,account,CUST113041,60.0,60.0,1.0,,,
A_CUST113042,account,CUST113042,60.0,60.0,1.0,,,
A_CUST113045,account,CUST113045,65.0,65.0,1.0,,,
A_CUST113047,account,CUST113047,60.0,60.0,1.0,,,
A_CUST113052,account,CUST113052,70.0,70.0,1.0,,,
A_CUST113055,account,CUST113055,70.0,70.0,1.0,,,
A_CUST113060,account,CUST113060,60.0,60.0,1.0,,,
A_CUST113061,account,CUST113061,62.5,65.0,2.0,,,
A_CUST113066,account,CUST113066,60.0,60.0,1.0,,,
A_CUST113067,account,CUST113067,70.0,70.0,2.0,,,
A_CUST113071,account,CUST113071,60.0,60.0,1.0,,,
A_CUST113072,account,CUST113072,75.0,80.0,2.0,,,
A_CUST113076,account,CUST113076,65.0,65.0,1.0,,,
A_CUST113080,account,CUST113080,82.5,85.0,2.0,,,
A_CUST113083,account,CUST113083,65.0,65.0,1.0,,,
A_CUST113084,account,CUST113084,75.0,75.0,2.0,,,
A_CUST113086,account,CUST113086,70.0,70.0,1.0,,,
A_CUST113096,account,CUST113096,70.0,70.0,1.0,,,
A_CUST113097,account,CUST113097,67.5,75.0,4.0,,,
A_CUST113103,account,CUST113103,60.0,60.0,2.0,,,
A_CUST113105,account,CUST113105,80.0,80.0,1.0,,,
A_CUST113112,account,CUST113112,65.0,75.0,5.0,,,
A_CUST113113,account,CUST113113,65.0,65.0,1.0,,,
A_CUST113119,account,CUST113119,86.2,100.0,4.0,,,
A_CUST113122,account,CUST113122,65.0,70.0,2.0,,,
A_CUST113123,account,CUST113123,65.0,65.0,1.0,,,
A_CUST113124,account,CUST113124,65.0,65.0,1.0,,,
A_CUST113130,account,CUST113130,60.0,60.0,1.0,,,
A_CUST113132,account,CUST113132,70.0,70.0,1.0,,,
A_CUST113133,account,CUST113133,60.0,60.0,2.0,,,
A_CUST113137,account,CUST113137,60.0,60.0,1.0,,,
A_CUST113138,account,CUST113138,95.0,95.0,1.0,,,
A_CUST113143,account,CUST113143,60.0,60.0,1.0,,,
A_CUST113144,account,CUST113144,73.3,85.0,3.0,,,
A_CUST113146,account,CUST113146,90.0,90.0,1.0,,,
A_CUST113148,account,CUST113148,60.0,60.0,1.0,,,
A_CUST113149,account,CUST113149,70.0,70.0,1.0,,,
A_CUST113151,account,CUST113151,70.0,70.0,1.0,,,
A_CUST113156,account,CUST113156,65.0,65.0,1.0,,,
A_CUST113162,account,CUST113162,81.0,95.0,5.0,,,
A_CUST113165,account,CUST113165,65.0,75.0,3.0,,,
A_CUST113166,account,CUST113166,75.0,90.0,2.0,,,
A_CUST113180,account,CUST113180,70.0,70.0,1.0,,,
A_CUST113181,account,CUST113181,60.0,60.0,1.0,,,
A_CUST113182,account,CUST113182,75.0,75.0,1.0,,,
A_CUST113183,account,CUST113183,80.0,80.0,1.0,,,
A_CUST113189,account,CUST113189,65.0,65.0,1.0,,,
A_CUST113196,account,CUST113196,63.8,70.0,4.0,,,
A_CUST113200,account,CUST113200,70.0,80.0,2.0,,,
A_CUST113208,account,CUST113208,65.0,65.0,1.0,,,
A_CUST113211,account,CUST113211,70.0,70.0,1.0,,,
A_CUST113216,account,CUST113216,65.0,65.0,1.0,,,
A_CUST113221,account,CUST113221,60.0,60.0,1.0,,,
A_CUST113224,account,CUST113224,67.5,75.0,2.0,,,
A_CUST113226,account,CUST113226,80.0,80.0,1.0,,,
A_CUST113237,account,CUST113237,70.0,70.0,2.0,,,
A_CUST113238,account,CUST113238,70.0,75.0,3.0,,,
A_CUST113246,account,CUST113246,60.0,60.0,1.0,,,
A_CUST113248,account,CUST113248,60.0,60.0,4.0,,,
A_CUST113249,account,CUST113249,80.0,80.0,1.0,,,
A_CUST113250,account,CUST113250,60.0,60.0,1.0,,,
A_CUST113251,account,CUST113251,60.0,60.0,1.0,,,
A_CUST113252,account,CUST113252,60.0,60.0,1.0,,,
A_CUST113254,account,CUST113254,60.0,60.0,1.0,,,
A_CUST113256,account,CUST113256,60.0,60.0,1.0,,,
A_CUST113257,account,CUST113257,70.0,70.0,1.0,,,
A_CUST113260,account,CUST113260,72.5,75.0,2.0,,,
A_CUST113265,account,CUST113265,80.0,100.0,3.0,,,
A_CUST113266,account,CUST113266,60.0,60.0,1.0,,,
A_CUST113268,account,CUST113268,60.0,60.0,1.0,,,
A_CUST113274,account,CUST113274,72.5,85.0,2.0,,,
A_CUST113278,account,CUST113278,72.5,85.0,2.0,,,
A_CUST113281,account,CUST113281,65.0,65.0,2.0,,,
A_CUST113282,account,CUST113282,70.0,70.0,1.0,,,
A_CUST113284,account,CUST113284,60.0,60.0,1.0,,,
A_CUST113286,account,CUST113286,60.0,60.0,1.0,,,
A_CUST113288,account,CUST113288,65.0,65.0,1.0,,,
A_CUST113289,account,CUST113289,70.0,70.0,1.0,,,
A_CUST113300,account,CUST113300,75.0,75.0,1.0,,,
A_CUST113303,account,CUST113303,66.7,80.0,3.0,,,
A_CUST113304,account,CUST113304,60.0,60.0,1.0,,,
A_CUST113307,account,CUST113307,70.0,70.0,1.0,,,
A_CUST113308,account,CUST113308,60.0,60.0,3.0,,,
A_CUST113310,account,CUST113310,65.0,65.0,1.0,,,
A_CUST113311,account,CUST113311,65.0,65.0,1.0,,,
A_CUST113312,account,CUST113312,80.0,100.0,2.0,,,
A_CUST113313,account,CUST113313,70.0,70.0,1.0,,,
A_CUST113318,account,CUST113318,85.0,85.0,1.0,,,
A_CUST113326,account,CUST113326,61.7,65.0,3.0,,,
A_CUST113328,account,CUST113328,70.0,70.0,1.0,,,
A_CUST113333,account,CUST113333,65.0,70.0,3.0,,,
A_CUST113335,account,CUST113335,87.5,90.0,2.0,,,
A_CUST113338,account,CUST113338,65.0,65.0,1.0,,,
A_CUST113339,account,CUST113339,62.5,65.0,2.0,,,
A_CUST113347,account,CUST113347,60.0,60.0,1.0,,,
A_CUST113348,account,CUST113348,70.0,70.0,1.0,,,
A_CUST113349,account,CUST113349,70.0,70.0,2.0,,,
A_CUST113350,account,CUST113350,63.3,70.0,3.0,,,
A_CUST113355,account,CUST113355,63.3,70.0,3.0,,,
A_CUST113357,account,CUST113357,65.0,65.0,1.0,,,
A_CUST113363,account,CUST113363,75.0,75.0,1.0,,,
A_CUST113364,account,CUST113364,65.0,70.0,2.0,,,
A_CUST113365,account,CUST113365,67.5,70.0,2.0,,,
A_CUST113366,account,CUST113366,65.0,65.0,1.0,,,
A_CUST113367,account,CUST113367,67.5,70.0,2.0,,,
A_CUST113375,account,CUST113375,67.5,70.0,2.0,,,
A_CUST113380,account,CUST113380,70.0,70.0,1.0,,,
A_CUST113388,account,CUST113388,77.5,95.0,2.0,,,
A_CUST113394,account,CUST113394,70.0,70.0,1.0,,,
A_CUST113398,account,CUST113398,75.0,75.0,1.0,,,
A_CUST113401,account,CUST113401,85.0,85.0,1.0,,,
A_CUST113403,account,CUST113403,60.0,60.0,2.0,,,
A_CUST113405,account,CUST113405,60.0,60.0,1.0,,,
A_CUST113410,account,CUST113410,65.0,65.0,1.0,,,
A_CUST113412,account,CUST113412,65.0,65.0,1.0,,,
A_CUST113415,account,CUST113415,60.0,60.0,1.0,,,
A_CUST113422,account,CUST113422,70.0,70.0,1.0,,,
A_CUST113427,account,CUST113427,60.0,60.0,1.0,,,
A_CUST113431,account,CUST113431,60.0,60.0,1.0,,,
A_CUST113435,account,CUST113435,62.5,65.0,2.0,,,
A_CUST113442,account,CUST113442,65.0,70.0,2.0,,,
A_CUST113443,account,CUST113443,60.0,60.0,1.0,,,
A_CUST113450,account,CUST113450,60.0,60.0,1.0,,,
A_CUST113454,account,CUST113454,65.0,65.0,1.0,,,
A_CUST113461,account,CUST113461,75.0,75.0,1.0,,,
A_CUST113467,account,CUST113467,85.0,85.0,1.0,,,
A_CUST113471,account,CUST113471,60.0,60.0,1.0,,,
A_CUST113473,account,CUST113473,71.7,75.0,3.0,,,
A_CUST113475,account,CUST113475,87.5,95.0,2.0,,,
A_CUST113484,account,CUST113484,60.0,60.0,1.0,,,
A_CUST113487,account,CUST113487,60.0,60.0,1.0,,,
A_CUST113488,account,CUST113488,62.0,70.0,5.0,,,
A_CUST113489,account,CUST113489,60.0,60.0,1.0,,,
A_CUST113490,account,CUST113490,70.0,80.0,2.0,,,
A_CUST113499,account,CUST113499,60.0,60.0,1.0,,,
A_CUST113510,account,CUST113510,85.0,85.0,1.0,,,
A_CUST113518,account,CUST113518,60.0,60.0,1.0,,,
A_CUST113525,account,CUST113525,70.0,85.0,3.0,,,
A_CUST113529,account,CUST113529,70.0,70.0,4.0,,,
A_CUST113537,account,CUST113537,60.0,60.0,1.0,,,
A_CUST113539,account,CUST113539,65.0,65.0,1.0,,,
A_CUST113542,account,CUST113542,65.0,65.0,1.0,,,
A_CUST113543,account,CUST113543,60.0,60.0,1.0,,,
A_CUST113546,account,CUST113546,65.0,70.0,2.0,,,
A_CUST113547,account,CUST113547,70.0,80.0,2.0,,,
A_CUST113554,account,CUST113554,60.0,60.0,1.0,,,
A_CUST113561,account,CUST113561,80.0,80.0,1.0,,,
A_CUST113566,account,CUST113566,60.0,60.0,1.0,,,
A_CUST113574,account,CUST113574,60.0,60.0,1.0,,,
A_CUST113576,account,CUST113576,60.0,60.0,2.0,,,
A_CUST113580,account,CUST113580,80.0,80.0,1.0,,,
A_CUST113581,account,CUST113581,84.0,100.0,5.0,,,
A_CUST113583,account,CUST113583,62.5,65.0,2.0,,,
A_CUST113584,account,CUST113584,68.8,95.0,4.0,,,
A_CUST113586,account,CUST113586,60.0,60.0,1.0,,,
A_CUST113587,account,CUST113587,70.0,70.0,1.0,,,
A_CUST113588,account,CUST113588,72.5,75.0,2.0,,,
A_CUST113598,account,CUST113598,60.0,60.0,1.0,,,
A_CUST113606,account,CUST113606,70.0,70.0,1.0,,,
A_CUST113613,account,CUST113613,60.0,60.0,3.0,,,
A_CUST113615,account,CUST113615,72.5,85.0,2.0,,,
A_CUST113618,account,CUST113618,60.0,60.0,1.0,,,
A_CUST113620,account,CUST113620,66.2,75.0,4.0,,,
A_CUST113625,account,CUST113625,65.0,70.0,2.0,,,
A_CUST113631,account,CUST113631,70.0,70.0,1.0,,,
A_CUST113632,account,CUST113632,60.0,60.0,1.0,,,
A_CUST113638,account,CUST113638,70.0,70.0,1.0,,,
A_CUST113643,account,CUST113643,65.0,65.0,1.0,,,
A_CUST113644,account,CUST113644,60.0,60.0,1.0,,,
A_CUST113649,account,CUST113649,60.0,60.0,1.0,,,
A_CUST113652,account,CUST113652,60.0,60.0,1.0,,,
A_CUST113654,account,CUST113654,93.3,100.0,3.0,,,
A_CUST113656,account,CUST113656,60.0,60.0,1.0,,,
A_CUST113658,account,CUST113658,80.0,80.0,1.0,,,
A_CUST113659,account,CUST113659,65.0,65.0,1.0,,,
A_CUST113661,account,CUST113661,65.0,70.0,2.0,,,
A_CUST113664,account,CUST113664,60.0,60.0,2.0,,,
A_CUST113665,account,CUST113665,60.0,60.0,3.0,,,
A_CUST113670,account,CUST113670,65.0,65.0,1.0,,,
A_CUST113673,account,CUST113673,70.0,70.0,1.0,,,
A_CUST113676,account,CUST113676,65.0,70.0,2.0,,,
A_CUST113682,account,CUST113682,65.0,65.0,1.0,,,
A_CUST113689,account,CUST113689,70.0,70.0,1.0,,,
A_CUST113692,account,CUST113692,85.0,85.0,3.0,,,
A_CUST113696,account,CUST113696,60.0,60.0,1.0,,,
A_CUST113697,account,CUST113697,60.0,60.0,1.0,,,
A_CUST113700,account,CUST113700,60.0,60.0,1.0,,,
A_CUST113704,account,CUST113704,75.0,85.0,3.0,,,
A_CUST113709,account,CUST113709,85.0,85.0,1.0,,,
A_CUST113714,account,CUST113714,65.0,65.0,1.0,,,
A_CUST113724,account,CUST113724,60.0,60.0,1.0,,,
A_CUST113725,account,CUST113725,70.0,70.0,1.0,,,
A_CUST113727,account,CUST113727,60.0,60.0,1.0,,,
A_CUST113732,account,CUST113732,70.0,70.0,1.0,,,
A_CUST113733,account,CUST113733,60.0,60.0,1.0,,,
A_CUST113735,account,CUST113735,65.0,65.0,1.0,,,
A_CUST113736,account,CUST113736,85.0,85.0,1.0,,,
A_CUST113737,account,CUST113737,93.3,100.0,3.0,,,
A_CUST113740,account,CUST113740,67.5,75.0,2.0,,,
A_CUST113743,account,CUST113743,60.0,60.0,1.0,,,
A_CUST113750,account,CUST113750,72.5,75.0,2.0,,,
A_CUST113755,account,CUST113755,77.5,90.0,4.0,,,
A_CUST113770,account,CUST113770,60.0,60.0,1.0,,,
A_CUST113773,account,CUST113773,75.0,80.0,2.0,,,
A_CUST113786,account,CUST113786,67.5,75.0,2.0,,,
A_CUST113789,account,CUST113789,62.5,65.0,4.0,,,
A_CUST113793,account,CUST113793,60.0,60.0,1.0,,,
A_CUST113797,account,CUST113797,60.0,60.0,1.0,,,
A_CUST113800,account,CUST113800,65.0,65.0,1.0,,,
A_CUST113801,account,CUST113801,60.0,60.0,1.0,,,
A_CUST113805,account,CUST113805,62.0,70.0,5.0,,,
A_CUST113811,account,CUST113811,76.7,80.0,3.0,,,
A_CUST113813,account,CUST113813,60.0,60.0,1.0,,,
A_CUST113815,account,CUST113815,63.3,70.0,3.0,,,
A_CUST113825,account,CUST113825,60.0,60.0,1.0,,,
A_CUST113828,account,CUST113828,85.0,85.0,1.0,,,
A_CUST113834,account,CUST113834,60.0,60.0,1.0,,,
A_CUST113835,account,CUST113835,60.0,60.0,2.0,,,
A_CUST113838,account,CUST113838,65.0,70.0,3.0,,,
A_CUST113842,account,CUST113842,72.5,75.0,2.0,,,
A_CUST113847,account,CUST113847,60.0,60.0,1.0,,,
A_CUST113848,account,CUST113848,60.0,60.0,1.0,,,
A_CUST113849,account,CUST113849,70.0,70.0,1.0,,,
A_CUST113852,account,CUST113852,66.0,70.0,5.0,,,
A_CUST113857,account,CUST113857,65.0,70.0,2.0,,,
A_CUST113858,account,CUST113858,88.6,100.0,7.0,,,
A_CUST113859,account,CUST113859,68.3,80.0,3.0,,,
A_CUST113862,account,CUST113862,70.0,75.0,2.0,,,
A_CUST113868,account,CUST113868,62.5,65.0,2.0,,,
A_CUST113876,account,CUST113876,60.0,60.0,1.0,,,
A_CUST113886,account,CUST113886,77.5,80.0,2.0,,,
A_CUST113891,account,CUST113891,60.0,60.0,1.0,,,
A_CUST113899,account,CUST113899,72.5,85.0,2.0,,,
A_CUST113904,account,CUST113904,70.0,70.0,1.0,,,
A_CUST113905,account,CUST113905,67.5,75.0,2.0,,,
A_CUST113906,account,CUST113906,77.5,85.0,2.0,,,
A_CUST113908,account,CUST113908,75.0,75.0,1.0,,,
A_CUST113911,account,CUST113911,60.0,60.0,1.0,,,
A_CUST113914,account,CUST113914,70.0,70.0,1.0,,,
A_CUST113917,account,CUST113917,70.0,70.0,1.0,,,
A_CUST113923,account,CUST113923,70.0,70.0,1.0,,,
A_CUST113925,account,CUST113925,70.0,70.0,1.0,,,
A_CUST113926,account,CUST113926,63.3,70.0,3.0,,,
A_CUST113927,account,CUST113927,70.0,70.0,1.0,,,
A_CUST113928,account,CUST113928,60.0,60.0,1.0,,,
A_CUST113931,account,CUST113931,65.0,65.0,1.0,,,
A_CUST113932,account,CUST113932,70.0,70.0,1.0,,,
A_CUST113939,account,CUST113939,60.0,60.0,1.0,,,
A_CUST113941,account,CUST113941,80.0,80.0,1.0,,,
A_CUST113942,account,CUST113942,60.0,60.0,1.0,,,
A_CUST113944,account,CUST113944,72.5,75.0,2.0,,,
A_CUST113946,account,CUST113946,70.0,70.0,1.0,,,
A_CUST113948,account,CUST113948,75.0,90.0,4.0,,,
A_CUST113951,account,CUST113951,60.0,60.0,1.0,,,
A_CUST113959,account,CUST113959,60.0,60.0,1.0,,,
A_CUST113960,account,CUST113960,60.0,60.0,1.0,,,
A_CUST113964,account,CUST113964,62.5,65.0,2.0,,,
A_CUST113977,account,CUST113977,60.0,60.0,1.0,,,
A_CUST113979,account,CUST113979,60.0,60.0,1.0,,,
A_CUST113980,account,CUST113980,70.0,70.0,1.0,,,
A_CUST113985,account,CUST113985,70.0,70.0,1.0,,,
A_CUST113987,account,CUST113987,60.0,60.0,2.0,,,
A_CUST113990,account,CUST113990,65.0,70.0,2.0,,,
A_CUST113991,account,CUST113991,70.0,70.0,1.0,,,
A_CUST113992,account,CUST113992,70.0,70.0,1.0,,,
A_CUST113993,account,CUST113993,60.0,60.0,1.0,,,
A_CUST114002,account,CUST114002,60.0,60.0,1.0,,,
A_CUST114003,account,CUST114003,60.0,60.0,1.0,,,
A_CUST114004,account,CUST114004,60.0,60.0,1.0,,,
A_CUST114007,account,CUST114007,61.7,65.0,3.0,,,
A_CUST114018,account,CUST114018,60.0,60.0,1.0,,,
A_CUST114019,account,CUST114019,60.0,60.0,2.0,,,
A_CUST114020,account,CUST114020,60.0,60.0,1.0,,,
A_CUST114029,account,CUST114029,80.0,80.0,1.0,,,
A_CUST114042,account,CUST114042,70.0,70.0,1.0,,,
A_CUST114050,account,CUST114050,75.0,90.0,7.0,,,
A_CUST114051,account,CUST114051,70.0,70.0,2.0,,,
A_CUST114054,account,CUST114054,60.0,60.0,1.0,,,
A_CUST114056,account,CUST114056,75.0,75.0,1.0,,,
A_CUST114058,account,CUST114058,65.0,65.0,1.0,,,
A_CUST114059,account,CUST114059,60.0,60.0,1.0,,,
A_CUST114063,account,CUST114063,60.0,60.0,2.0,,,
A_CUST114065,account,CUST114065,80.0,80.0,1.0,,,
A_CUST114069,account,CUST114069,82.5,90.0,2.0,,,
A_CUST114072,account,CUST114072,60.0,60.0,1.0,,,
A_CUST114080,account,CUST114080,60.0,60.0,1.0,,,
A_CUST114083,account,CUST114083,60.0,60.0,1.0,,,
A_CUST114085,account,CUST114085,75.0,75.0,1.0,,,
A_CUST114091,account,CUST114091,60.0,60.0,1.0,,,
A_CUST114092,account,CUST114092,65.0,80.0,4.0,,,
A_CUST114093,account,CUST114093,60.0,60.0,1.0,,,
A_CUST114094,account,CUST114094,60.0,60.0,1.0,,,
A_CUST114097,account,CUST114097,65.0,65.0,1.0,,,
A_CUST114099,account,CUST114099,60.0,60.0,1.0,,,
A_CUST114110,account,CUST114110,80.0,80.0,1.0,,,
A_CUST114114,account,CUST114114,60.0,60.0,1.0,,,
A_CUST114116,account,CUST114116,63.3,70.0,3.0,,,
A_CUST114118,account,CUST114118,72.5,85.0,2.0,,,
A_CUST114125,account,CUST114125,70.0,70.0,1.0,,,
A_CUST114127,account,CUST114127,66.7,80.0,3.0,,,
A_CUST114131,account,CUST114131,75.0,95.0,5.0,,,
A_CUST114136,account,CUST114136,80.0,90.0,3.0,,,
A_CUST114137,account,CUST114137,66.7,70.0,3.0,,,
A_CUST114140,account,CUST114140,85.0,100.0,5.0,,,
A_CUST114150,account,CUST114150,60.0,60.0,1.0,,,
A_CUST114151,account,CUST114151,60.0,60.0,1.0,,,
A_CUST114152,account,CUST114152,75.0,75.0,1.0,,,
A_CUST114156,account,CUST114156,70.0,70.0,1.0,,,
A_CUST114158,account,CUST114158,70.0,70.0,1.0,,,
A_CUST114162,account,CUST114162,70.0,70.0,1.0,,,
A_CUST114176,account,CUST114176,60.0,60.0,1.0,,,
A_CUST114177,account,CUST114177,60.0,60.0,1.0,,,
A_CUST114181,account,CUST114181,70.0,70.0,1.0,,,
A_CUST114187,account,CUST114187,70.0,70.0,1.0,,,
A_CUST114189,account,CUST114189,70.0,70.0,1.0,,,
A_CUST114194,account,CUST114194,65.0,65.0,1.0,,,
A_CUST114197,account,CUST114197,61.2,65.0,4.0,,,
A_CUST114200,account,CUST114200,60.0,60.0,1.0,,,
A_CUST114201,account,CUST114201,86.7,90.0,3.0,,,
A_CUST114206,account,CUST114206,70.0,70.0,1.0,,,
A_CUST114209,account,CUST114209,73.3,85.0,3.0,,,
A_CUST114210,account,CUST114210,65.0,70.0,2.0,,,
A_CUST114215,account,CUST114215,65.0,65.0,2.0,,,
A_CUST114219,account,CUST114219,75.0,80.0,2.0,,,
A_CUST114220,account,CUST114220,63.8,70.0,4.0,,,
A_CUST114226,account,CUST114226,65.0,65.0,1.0,,,
A_CUST114232,account,CUST114232,60.0,60.0,1.0,,,
A_CUST114237,account,CUST114237,60.0,60.0,1.0,,,
A_CUST114238,account,CUST114238,70.0,70.0,1.0,,,
A_CUST114242,account,CUST114242,65.0,70.0,2.0,,,
A_CUST114243,account,CUST114243,70.0,70.0,1.0,,,
A_CUST114250,account,CUST114250,70.0,80.0,2.0,,,
A_CUST114251,account,CUST114251,63.8,70.0,4.0,,,
A_CUST114253,account,CUST114253,63.3,70.0,3.0,,,
A_CUST114254,account,CUST114254,60.0,60.0,1.0,,,
A_CUST114255,account,CUST114255,75.0,85.0,3.0,,,
A_CUST114259,account,CUST114259,90.0,90.0,1.0,,,
A_CUST114260,account,CUST114260,80.0,100.0,2.0,,,
A_CUST114262,account,CUST114262,60.0,60.0,1.0,,,
A_CUST114264,account,CUST114264,67.5,70.0,2.0,,,
A_CUST114270,account,CUST114270,60.0,60.0,1.0,,,
A_CUST114276,account,CUST114276,65.0,70.0,2.0,,,
A_CUST114283,account,CUST114283,60.0,60.0,1.0,,,
A_CUST114285,account,CUST114285,70.0,70.0,1.0,,,
A_CUST114286,account,CUST114286,80.0,80.0,1.0,,,
A_CUST114289,account,CUST114289,71.7,95.0,6.0,,,
A_CUST114291,account,CUST114291,75.0,75.0,1.0,,,
A_CUST114293,account,CUST114293,65.0,75.0,3.0,,,
A_CUST114294,account,CUST114294,60.0,60.0,1.0,,,
A_CUST114295,account,CUST114295,60.0,60.0,1.0,,,
A_CUST114298,account,CUST114298,60.0,60.0,1.0,,,
A_CUST114300,account,CUST114300,60.0,60.0,1.0,,,
A_CUST114301,account,CUST114301,70.0,70.0,1.0,,,
A_CUST114302,account,CUST114302,67.5,70.0,2.0,,,
A_CUST114303,account,CUST114303,70.0,70.0,1.0,,,
A_CUST114312,account,CUST114312,70.0,70.0,1.0,,,
A_CUST114313,account,CUST114313,65.0,65.0,1.0,,,
A_CUST114314,account,CUST114314,60.0,60.0,1.0,,,
A_CUST114316,account,CUST114316,85.0,85.0,1.0,,,
A_CUST114317,account,CUST114317,90.0,90.0,1.0,,,
A_CUST114318,account,CUST114318,70.0,70.0,1.0,,,
A_CUST114321,account,CUST114321,62.5,65.0,2.0,,,
A_CUST114323,account,CUST114323,65.0,70.0,2.0,,,
A_CUST114325,account,CUST114325,60.0,60.0,1.0,,,
A_CUST114326,account,CUST114326,71.7,80.0,3.0,,,
A_CUST114327,account,CUST114327,70.0,70.0,1.0,,,
A_CUST114331,account,CUST114331,65.0,65.0,1.0,,,
A_CUST114337,account,CUST114337,72.5,75.0,2.0,,,
A_CUST114342,account,CUST114342,65.0,65.0,1.0,,,
A_CUST114346,account,CUST114346,60.0,60.0,1.0,,,
A_CUST114353,account,CUST114353,70.0,70.0,1.0,,,
A_CUST114356,account,CUST114356,88.3,100.0,3.0,,,
A_CUST114362,account,CUST114362,60.0,60.0,1.0,,,
A_CUST114365,account,CUST114365,70.0,70.0,1.0,,,
A_CUST114366,account,CUST114366,70.0,70.0,1.0,,,
A_CUST114367,account,CUST114367,65.0,70.0,3.0,,,
A_CUST114370,account,CUST114370,65.0,70.0,2.0,,,
A_CUST114372,account,CUST114372,72.5,75.0,2.0,,,
A_CUST114380,account,CUST114380,75.0,75.0,1.0,,,
A_CUST114381,account,CUST114381,80.0,80.0,2.0,,,
A_CUST114382,account,CUST114382,60.0,60.0,1.0,,,
A_CUST114385,account,CUST114385,75.0,75.0,1.0,,,
A_CUST114386,account,CUST114386,60.0,60.0,1.0,,,
A_CUST114388,account,CUST114388,60.0,60.0,1.0,,,
A_CUST114389,account,CUST114389,60.0,60.0,1.0,,,
A_CUST114390,account,CUST114390,85.0,95.0,3.0,,,
A_CUST114393,account,CUST114393,60.0,60.0,1.0,,,
A_CUST114395,account,CUST114395,60.0,60.0,1.0,,,
A_CUST114399,account,CUST114399,65.0,75.0,3.0,,,
A_CUST114402,account,CUST114402,65.0,65.0,1.0,,,
A_CUST114407,account,CUST114407,68.8,70.0,4.0,,,
A_CUST114410,account,CUST114410,60.0,60.0,1.0,,,
A_CUST114419,account,CUST114419,60.0,60.0,1.0,,,
A_CUST114421,account,CUST114421,60.0,60.0,1.0,,,
A_CUST114428,account,CUST114428,60.0,60.0,1.0,,,
A_CUST114433,account,CUST114433,60.0,60.0,1.0,,,
A_CUST114441,account,CUST114441,70.0,70.0,1.0,,,
A_CUST114442,account,CUST114442,70.0,70.0,1.0,,,
A_CUST114445,account,CUST114445,70.0,70.0,1.0,,,
A_CUST114454,account,CUST114454,70.0,70.0,1.0,,,
A_CUST114461,account,CUST114461,60.0,60.0,1.0,,,
A_CUST114465,account,CUST114465,70.0,80.0,2.0,,,
A_CUST114469,account,CUST114469,70.0,70.0,1.0,,,
A_CUST114471,account,CUST114471,65.0,65.0,1.0,,,
A_CUST114472,account,CUST114472,60.0,60.0,1.0,,,
A_CUST114474,account,CUST114474,67.5,70.0,2.0,,,
A_CUST114478,account,CUST114478,63.3,70.0,3.0,,,
A_CUST114483,account,CUST114483,60.0,60.0,1.0,,,
A_CUST114493,account,CUST114493,60.0,60.0,1.0,,,
A_CUST114496,account,CUST114496,60.0,60.0,1.0,,,
A_CUST114504,account,CUST114504,63.3,70.0,3.0,,,
A_CUST114505,account,CUST114505,60.0,60.0,1.0,,,
A_CUST114507,account,CUST114507,70.0,70.0,1.0,,,
A_CUST114511,account,CUST114511,60.0,60.0,1.0,,,
A_CUST114517,account,CUST114517,70.0,70.0,1.0,,,
A_CUST114525,account,CUST114525,83.0,95.0,5.0,,,
A_CUST114532,account,CUST114532,65.0,65.0,1.0,,,
A_CUST114537,account,CUST114537,67.5,75.0,2.0,,,
A_CUST114538,account,CUST114538,63.3,65.0,3.0,,,
A_CUST114547,account,CUST114547,60.0,60.0,1.0,,,
A_CUST114548,account,CUST114548,65.0,70.0,2.0,,,
A_CUST114549,account,CUST114549,60.0,60.0,1.0,,,
A_CUST114553,account,CUST114553,65.0,65.0,1.0,,,
A_CUST114557,account,CUST114557,70.0,70.0,1.0,,,
A_CUST114558,account,CUST114558,60.0,60.0,1.0,,,
A_CUST114560,account,CUST114560,60.0,60.0,1.0,,,
A_CUST114564,account,CUST114564,60.0,60.0,1.0,,,
A_CUST114568,account,CUST114568,62.5,65.0,2.0,,,
A_CUST114575,account,CUST114575,70.0,70.0,2.0,,,
A_CUST114578,account,CUST114578,70.0,70.0,1.0,,,
A_CUST114580,account,CUST114580,60.0,60.0,3.0,,,
A_CUST114581,account,CUST114581,67.5,70.0,2.0,,,
A_CUST114590,account,CUST114590,62.5,65.0,2.0,,,
A_CUST114592,account,CUST114592,65.0,70.0,2.0,,,
A_CUST114596,account,CUST114596,60.0,60.0,1.0,,,
A_CUST114597,account,CUST114597,80.0,80.0,1.0,,,
A_CUST114598,account,CUST114598,70.0,70.0,1.0,,,
A_CUST114605,account,CUST114605,97.5,100.0,2.0,,,
A_CUST114606,account,CUST114606,75.0,75.0,1.0,,,
A_CUST114608,account,CUST114608,97.1,100.0,7.0,,,
A_CUST114610,account,CUST114610,70.0,70.0,1.0,,,
A_CUST114613,account,CUST114613,80.0,80.0,1.0,,,
A_CUST114615,account,CUST114615,75.0,75.0,1.0,,,
A_CUST114616,account,CUST114616,70.0,70.0,1.0,,,
A_CUST114621,account,CUST114621,65.0,70.0,2.0,,,
A_CUST114634,account,CUST114634,60.0,60.0,1.0,,,
A_CUST114635,account,CUST114635,70.0,70.0,1.0,,,
A_CUST114636,account,CUST114636,75.0,75.0,1.0,,,
A_CUST114638,account,CUST114638,60.0,60.0,1.0,,,
A_CUST114645,account,CUST114645,70.0,70.0,2.0,,,
A_CUST114648,account,CUST114648,70.0,70.0,1.0,,,
A_CUST114654,account,CUST114654,63.3,70.0,3.0,,,
A_CUST114655,account,CUST114655,75.0,75.0,1.0,,,
A_CUST114660,account,CUST114660,65.0,70.0,2.0,,,
A_CUST114664,account,CUST114664,75.0,75.0,1.0,,,
A_CUST114669,account,CUST114669,70.0,70.0,1.0,,,
A_CUST114674,account,CUST114674,82.5,85.0,2.0,,,
A_CUST114677,account,CUST114677,60.0,60.0,1.0,,,
A_CUST114679,account,CUST114679,75.0,75.0,1.0,,,
A_CUST114683,account,CUST114683,65.0,70.0,4.0,,,
A_CUST114684,account,CUST114684,80.0,80.0,1.0,,,
A_CUST114699,account,CUST114699,60.0,60.0,1.0,,,
A_CUST114700,account,CUST114700,60.0,60.0,1.0,,,
A_CUST114703,account,CUST114703,80.0,80.0,1.0,,,
A_CUST114705,account,CUST114705,63.3,70.0,3.0,,,
A_CUST114711,account,CUST114711,60.0,60.0,2.0,,,
A_CUST114718,account,CUST114718,60.0,60.0,1.0,,,
A_CUST114719,account,CUST114719,63.3,70.0,3.0,,,
A_CUST114720,account,CUST114720,60.0,60.0,1.0,,,
A_CUST114726,account,CUST114726,60.0,60.0,1.0,,,
A_CUST114728,account,CUST114728,60.0,60.0,1.0,,,
A_CUST114733,account,CUST114733,70.0,70.0,1.0,,,
A_CUST114736,account,CUST114736,60.0,60.0,3.0,,,
A_CUST114740,account,CUST114740,67.5,75.0,2.0,,,
A_CUST114741,account,CUST114741,65.0,70.0,2.0,,,
A_CUST114749,account,CUST114749,60.0,60.0,1.0,,,
A_CUST114753,account,CUST114753,85.0,85.0,1.0,,,
A_CUST114754,account,CUST114754,63.3,70.0,3.0,,,
A_CUST114757,account,CUST114757,75.0,75.0,1.0,,,
A_CUST114761,account,CUST114761,60.0,60.0,1.0,,,
A_CUST114762,account,CUST114762,85.0,85.0,1.0,,,
A_CUST114766,account,CUST114766,70.0,70.0,1.0,,,
A_CUST114767,account,CUST114767,60.0,60.0,1.0,,,
A_CUST114775,account,CUST114775,60.0,60.0,1.0,,,
A_CUST114781,account,CUST114781,65.0,65.0,1.0,,,
A_CUST114782,account,CUST114782,70.0,70.0,1.0,,,
A_CUST114790,account,CUST114790,60.0,60.0,1.0,,,
A_CUST114793,account,CUST114793,60.0,60.0,1.0,,,
A_CUST114796,account,CUST114796,60.0,60.0,2.0,,,
A_CUST114798,account,CUST114798,70.0,70.0,1.0,,,
A_CUST114799,account,CUST114799,60.0,60.0,1.0,,,
A_CUST114803,account,CUST114803,65.0,65.0,1.0,,,
A_CUST114806,account,CUST114806,70.0,70.0,1.0,,,
A_CUST114811,account,CUST114811,60.0,60.0,1.0,,,
A_CUST114821,account,CUST114821,64.0,70.0,5.0,,,
A_CUST114825,account,CUST114825,60.0,60.0,2.0,,,
A_CUST114826,account,CUST114826,70.0,70.0,1.0,,,
A_CUST114832,account,CUST114832,72.5,80.0,2.0,,,
A_CUST114843,account,CUST114843,75.0,75.0,1.0,,,
A_CUST114849,account,CUST114849,70.0,70.0,1.0,,,
A_CUST114851,account,CUST114851,70.0,70.0,1.0,,,
A_CUST114852,account,CUST114852,60.0,60.0,1.0,,,
A_CUST114858,account,CUST114858,60.0,60.0,1.0,,,
A_CUST114862,account,CUST114862,70.0,70.0,1.0,,,
A_CUST114863,account,CUST114863,65.0,65.0,1.0,,,
A_CUST114866,account,CUST114866,60.0,60.0,1.0,,,
A_CUST114867,account,CUST114867,60.0,60.0,1.0,,,
A_CUST114870,account,CUST114870,60.0,60.0,1.0,,,
A_CUST114872,account,CUST114872,65.0,65.0,1.0,,,
A_CUST114874,account,CUST114874,60.0,60.0,1.0,,,
A_CUST114886,account,CUST114886,60.0,60.0,1.0,,,
A_CUST114889,account,CUST114889,75.0,75.0,1.0,,,
A_CUST114908,account,CUST114908,60.0,60.0,1.0,,,
A_CUST114909,account,CUST114909,75.0,75.0,1.0,,,
A_CUST114911,account,CUST114911,62.5,65.0,2.0,,,
A_CUST114915,account,CUST114915,60.0,60.0,2.0,,,
A_CUST114921,account,CUST114921,60.0,60.0,1.0,,,
A_CUST114922,account,CUST114922,70.0,70.0,1.0,,,
A_CUST114923,account,CUST114923,65.0,65.0,1.0,,,
A_CUST114931,account,CUST114931,60.0,60.0,1.0,,,
A_CUST114933,account,CUST114933,65.0,70.0,2.0,,,
A_CUST114936,account,CUST114936,75.0,80.0,2.0,,,
A_CUST114937,account,CUST114937,65.0,70.0,2.0,,,
A_CUST114940,account,CUST114940,65.0,70.0,2.0,,,
A_CUST114944,account,CUST114944,90.0,90.0,1.0,,,
A_CUST114950,account,CUST114950,81.7,100.0,3.0,,,
A_CUST114951,account,CUST114951,60.0,60.0,1.0,,,
A_CUST114953,account,CUST114953,60.0,60.0,1.0,,,
A_CUST114955,account,CUST114955,75.0,75.0,1.0,,,
A_CUST114956,account,CUST114956,60.0,60.0,1.0,,,
A_CUST114959,account,CUST114959,65.0,65.0,1.0,,,
A_CUST114964,account,CUST114964,60.0,60.0,1.0,,,
A_CUST114965,account,CUST114965,60.0,60.0,1.0,,,
A_CUST114966,account,CUST114966,65.0,70.0,2.0,,,
A_CUST114967,account,CUST114967,60.0,60.0,3.0,,,
A_CUST114981,account,CUST114981,60.0,60.0,1.0,,,
A_CUST114983,account,CUST114983,60.0,60.0,1.0,,,
A_CUST114984,account,CUST114984,60.0,60.0,1.0,,,
A_CUST114994,account,CUST114994,60.0,60.0,2.0,,,
A_CUST114997,account,CUST114997,70.0,70.0,1.0,,,
A_CUST115005,account,CUST115005,65.0,65.0,1.0,,,
A_CUST115006,account,CUST115006,75.0,75.0,1.0,,,
A_CUST115007,account,CUST115007,85.0,85.0,1.0,,,
A_CUST115011,account,CUST115011,90.0,90.0,1.0,,,
A_CUST115014,account,CUST115014,80.0,80.0,1.0,,,
A_CUST115015,account,CUST115015,60.0,60.0,2.0,,,
A_CUST115018,account,CUST115018,70.0,75.0,2.0,,,
A_CUST115020,account,CUST115020,65.0,65.0,1.0,,,
A_CUST115021,account,CUST115021,70.0,70.0,1.0,,,
A_CUST115022,account,CUST115022,60.0,60.0,1.0,,,
A_CUST115023,account,CUST115023,65.0,65.0,1.0,,,
A_CUST115025,account,CUST115025,97.5,100.0,2.0,,,
A_CUST115027,account,CUST115027,67.5,70.0,2.0,,,
A_CUST115034,account,CUST115034,67.5,75.0,2.0,,,
A_CUST115035,account,CUST115035,80.0,80.0,1.0,,,
A_CUST115038,account,CUST115038,60.0,60.0,1.0,,,
A_CUST115041,account,CUST115041,67.5,75.0,2.0,,,
A_CUST115042,account,CUST115042,65.0,70.0,3.0,,,
A_CUST115044,account,CUST115044,70.0,70.0,1.0,,,
A_CUST115046,account,CUST115046,70.0,70.0,1.0,,,
A_CUST115051,account,CUST115051,60.0,60.0,1.0,,,
A_CUST115057,account,CUST115057,70.0,70.0,1.0,,,
A_CUST115063,account,CUST115063,60.0,60.0,2.0,,,
A_CUST115065,account,CUST115065,65.0,65.0,1.0,,,
A_CUST115068,account,CUST115068,70.0,70.0,1.0,,,
A_CUST115070,account,CUST115070,62.5,65.0,2.0,,,
A_CUST115072,account,CUST115072,60.0,60.0,1.0,,,
A_CUST115078,account,CUST115078,67.5,70.0,2.0,,,
A_CUST115081,account,CUST115081,100.0,100.0,1.0,,,
A_CUST115084,account,CUST115084,75.0,75.0,1.0,,,
A_CUST115090,account,CUST115090,60.0,60.0,1.0,,,
A_CUST115092,account,CUST115092,70.7,90.0,7.0,,,
A_CUST115100,account,CUST115100,62.5,65.0,2.0,,,
A_CUST115108,account,CUST115108,60.0,60.0,1.0,,,
A_CUST115115,account,CUST115115,60.0,60.0,2.0,,,
A_CUST115117,account,CUST115117,66.2,85.0,4.0,,,
A_CUST115130,account,CUST115130,60.0,60.0,1.0,,,
A_CUST115137,account,CUST115137,75.0,75.0,1.0,,,
A_CUST115140,account,CUST115140,65.0,70.0,2.0,,,
A_CUST115144,account,CUST115144,60.0,60.0,1.0,,,
A_CUST115147,account,CUST115147,75.0,75.0,1.0,,,
A_CUST115148,account,CUST115148,61.2,65.0,4.0,,,
A_CUST115151,account,CUST115151,65.0,65.0,1.0,,,
A_CUST115152,account,CUST115152,65.0,70.0,3.0,,,
A_CUST115153,account,CUST115153,65.0,70.0,2.0,,,
A_CUST115156,account,CUST115156,60.0,60.0,4.0,,,
A_CUST115164,account,CUST115164,60.0,60.0,3.0,,,
A_CUST115169,account,CUST115169,65.0,65.0,1.0,,,
A_CUST115171,account,CUST115171,65.0,65.0,2.0,,,
A_CUST115175,account,CUST115175,60.0,60.0,1.0,,,
A_CUST115182,account,CUST115182,60.0,60.0,3.0,,,
A_CUST115184,account,CUST115184,70.0,70.0,1.0,,,
A_CUST115185,account,CUST115185,70.0,70.0,1.0,,,
A_CUST115188,account,CUST115188,60.0,60.0,1.0,,,
A_CUST115190,account,CUST115190,80.0,100.0,2.0,,,
A_CUST115198,account,CUST115198,63.3,70.0,3.0,,,
A_CUST115199,account,CUST115199,70.0,85.0,4.0,,,
A_CUST115201,account,CUST115201,60.0,60.0,1.0,,,
A_CUST115209,account,CUST115209,65.0,70.0,2.0,,,
A_CUST115210,account,CUST115210,65.0,65.0,1.0,,,
A_CUST115213,account,CUST115213,75.0,80.0,2.0,,,
A_CUST115219,account,CUST115219,60.0,60.0,1.0,,,
A_CUST115220,account,CUST115220,70.0,75.0,3.0,,,
A_CUST115223,account,CUST115223,67.5,70.0,2.0,,,
A_CUST115227,account,CUST115227,70.0,70.0,1.0,,,
A_CUST115229,account,CUST115229,65.0,70.0,2.0,,,
A_CUST115230,account,CUST115230,60.0,60.0,1.0,,,
A_CUST115232,account,CUST115232,60.0,60.0,1.0,,,
A_CUST115233,account,CUST115233,60.0,60.0,2.0,,,
A_CUST115238,account,CUST115238,60.0,60.0,1.0,,,
A_CUST115244,account,CUST115244,60.0,60.0,6.0,,,
A_CUST115249,account,CUST115249,60.0,60.0,1.0,,,
A_CUST115254,account,CUST115254,80.0,80.0,1.0,,,
A_CUST115258,account,CUST115258,65.0,65.0,1.0,,,
A_CUST115264,account,CUST115264,63.3,70.0,3.0,,,
A_CUST115281,account,CUST115281,60.0,60.0,1.0,,,
A_CUST115284,account,CUST115284,65.0,65.0,1.0,,,
A_CUST115285,account,CUST115285,60.0,60.0,3.0,,,
A_CUST115288,account,CUST115288,86.7,100.0,3.0,,,
A_CUST115289,account,CUST115289,80.0,80.0,1.0,,,
A_CUST115290,account,CUST115290,65.0,70.0,3.0,,,
A_CUST115292,account,CUST115292,65.0,70.0,2.0,,,
A_CUST115297,account,CUST115297,71.7,75.0,3.0,,,
A_CUST115298,account,CUST115298,65.0,65.0,1.0,,,
A_CUST115299,account,CUST115299,60.0,60.0,1.0,,,
A_CUST115300,account,CUST115300,70.0,70.0,1.0,,,
A_CUST115307,account,CUST115307,70.0,70.0,2.0,,,
A_CUST115308,account,CUST115308,60.0,60.0,2.0,,,
A_CUST115315,account,CUST115315,60.0,60.0,2.0,,,
A_CUST115317,account,CUST115317,62.5,65.0,2.0,,,
A_CUST115318,account,CUST115318,60.0,60.0,2.0,,,
A_CUST115319,account,CUST115319,60.0,60.0,1.0,,,
A_CUST115320,account,CUST115320,60.0,60.0,2.0,,,
A_CUST115324,account,CUST115324,60.0,60.0,2.0,,,
A_CUST115328,account,CUST115328,60.0,60.0,1.0,,,
A_CUST115330,account,CUST115330,70.0,70.0,1.0,,,
A_CUST115336,account,CUST115336,67.5,80.0,4.0,,,
A_CUST115338,account,CUST115338,75.0,90.0,2.0,,,
A_CUST115352,account,CUST115352,62.5,65.0,2.0,,,
A_CUST115360,account,CUST115360,65.0,65.0,1.0,,,
A_CUST115362,account,CUST115362,60.0,60.0,1.0,,,
A_CUST115369,account,CUST115369,60.0,60.0,3.0,,,
A_CUST115373,account,CUST115373,70.0,70.0,1.0,,,
A_CUST115375,account,CUST115375,80.0,80.0,1.0,,,
A_CUST115376,account,CUST115376,60.0,60.0,2.0,,,
A_CUST115380,account,CUST115380,70.0,70.0,3.0,,,
A_CUST115384,account,CUST115384,65.0,70.0,2.0,,,
A_CUST115391,account,CUST115391,60.0,60.0,1.0,,,
A_CUST115397,account,CUST115397,72.5,75.0,2.0,,,
A_CUST115399,account,CUST115399,70.0,70.0,1.0,,,
A_CUST115405,account,CUST115405,60.0,60.0,1.0,,,
A_CUST115406,account,CUST115406,75.0,75.0,1.0,,,
A_CUST115407,account,CUST115407,62.5,70.0,4.0,,,
A_CUST115408,account,CUST115408,65.0,65.0,1.0,,,
A_CUST115410,account,CUST115410,60.0,60.0,1.0,,,
A_CUST115411,account,CUST115411,100.0,100.0,1.0,,,
A_CUST115415,account,CUST115415,60.0,60.0,1.0,,,
A_CUST115421,account,CUST115421,60.0,60.0,1.0,,,
A_CUST115425,account,CUST115425,70.0,80.0,2.0,,,
A_CUST115429,account,CUST115429,70.0,70.0,1.0,,,
A_CUST115430,account,CUST115430,60.0,60.0,1.0,,,
A_CUST115431,account,CUST115431,60.0,60.0,1.0,,,
A_CUST115437,account,CUST115437,60.0,60.0,1.0,,,
A_CUST115438,account,CUST115438,75.0,75.0,1.0,,,
A_CUST115440,account,CUST115440,65.0,65.0,1.0,,,
A_CUST115444,account,CUST115444,62.0,70.0,5.0,,,
A_CUST115447,account,CUST115447,75.0,75.0,1.0,,,
A_CUST115455,account,CUST115455,65.0,65.0,1.0,,,
A_CUST115457,account,CUST115457,82.5,95.0,4.0,,,
A_CUST115460,account,CUST115460,60.0,60.0,1.0,,,
A_CUST115464,account,CUST115464,60.0,60.0,1.0,,,
A_CUST115466,account,CUST115466,70.0,70.0,1.0,,,
A_CUST115469,account,CUST115469,60.0,60.0,1.0,,,
A_CUST115470,account,CUST115470,60.0,60.0,1.0,,,
A_CUST115472,account,CUST115472,63.3,70.0,3.0,,,
A_CUST115474,account,CUST115474,60.0,60.0,2.0,,,
A_CUST115477,account,CUST115477,65.0,70.0,2.0,,,
A_CUST115478,account,CUST115478,85.0,85.0,1.0,,,
A_CUST115479,account,CUST115479,80.0,80.0,1.0,,,
A_CUST115487,account,CUST115487,60.0,60.0,1.0,,,
A_CUST115489,account,CUST115489,70.0,70.0,1.0,,,
A_CUST115493,account,CUST115493,70.0,70.0,2.0,,,
A_CUST115507,account,CUST115507,61.2,65.0,4.0,,,
A_CUST115513,account,CUST115513,80.0,80.0,1.0,,,
A_CUST115514,account,CUST115514,60.0,60.0,2.0,,,
A_CUST115518,account,CUST115518,60.0,60.0,1.0,,,
A_CUST115523,account,CUST115523,65.0,65.0,1.0,,,
A_CUST115524,account,CUST115524,75.0,75.0,1.0,,,
A_CUST115526,account,CUST115526,75.0,75.0,1.0,,,
A_CUST115529,account,CUST115529,60.0,60.0,1.0,,,
A_CUST115530,account,CUST115530,60.0,60.0,1.0,,,
A_CUST115531,account,CUST115531,60.0,60.0,1.0,,,
A_CUST115535,account,CUST115535,85.0,85.0,1.0,,,
A_CUST115538,account,CUST115538,67.5,75.0,2.0,,,
A_CUST115546,account,CUST115546,60.0,60.0,1.0,,,
A_CUST115550,account,CUST115550,65.0,65.0,1.0,,,
A_CUST115555,account,CUST115555,60.0,60.0,1.0,,,
A_CUST115558,account,CUST115558,60.0,60.0,2.0,,,
A_CUST115560,account,CUST115560,60.0,60.0,3.0,,,
A_CUST115562,account,CUST115562,63.8,65.0,4.0,,,
A_CUST115572,account,CUST115572,60.0,60.0,1.0,,,
A_CUST115573,account,CUST115573,75.0,75.0,1.0,,,
A_CUST115576,account,CUST115576,65.0,65.0,1.0,,,
A_CUST115577,account,CUST115577,85.0,85.0,1.0,,,
A_CUST115578,account,CUST115578,70.0,70.0,1.0,,,
A_CUST115581,account,CUST115581,62.5,65.0,2.0,,,
A_CUST115587,account,CUST115587,85.0,85.0,1.0,,,
A_CUST115592,account,CUST115592,60.0,60.0,1.0,,,
A_CUST115593,account,CUST115593,75.0,75.0,1.0,,,
A_CUST115598,account,CUST115598,65.0,70.0,2.0,,,
A_CUST115600,account,CUST115600,60.0,60.0,1.0,,,
A_CUST115602,account,CUST115602,65.0,65.0,1.0,,,
A_CUST115605,account,CUST115605,60.0,60.0,1.0,,,
A_CUST115607,account,CUST115607,60.0,60.0,2.0,,,
A_CUST115614,account,CUST115614,66.7,70.0,3.0,,,
A_CUST115617,account,CUST115617,80.0,80.0,1.0,,,
A_CUST115618,account,CUST115618,60.0,60.0,1.0,,,
A_CUST115622,account,CUST115622,70.0,70.0,1.0,,,
A_CUST115623,account,CUST115623,60.0,60.0,1.0,,,
A_CUST115629,account,CUST115629,60.0,60.0,1.0,,,
A_CUST115635,account,CUST115635,65.0,70.0,2.0,,,
A_CUST115641,account,CUST115641,70.0,70.0,1.0,,,
A_CUST115654,account,CUST115654,60.0,60.0,1.0,,,
A_CUST115659,account,CUST115659,85.0,85.0,1.0,,,
A_CUST115664,account,CUST115664,75.0,75.0,2.0,,,
A_CUST115665,account,CUST115665,60.0,60.0,1.0,,,
A_CUST115669,account,CUST115669,70.0,70.0,1.0,,,
A_CUST115672,account,CUST115672,65.0,65.0,1.0,,,
A_CUST115674,account,CUST115674,70.0,70.0,1.0,,,
A_CUST115683,account,CUST115683,67.5,70.0,2.0,,,
A_CUST115685,account,CUST115685,70.0,70.0,1.0,,,
A_CUST115690,account,CUST115690,62.0,70.0,5.0,,,
A_CUST115691,account,CUST115691,60.0,60.0,1.0,,,
A_CUST115693,account,CUST115693,80.0,85.0,2.0,,,
A_CUST115694,account,CUST115694,65.0,65.0,1.0,,,
A_CUST115704,account,CUST115704,65.0,65.0,1.0,,,
A_CUST115707,account,CUST115707,60.0,60.0,1.0,,,
A_CUST115712,account,CUST115712,70.0,70.0,1.0,,,
A_CUST115713,account,CUST115713,60.0,60.0,1.0,,,
A_CUST115715,account,CUST115715,80.0,80.0,1.0,,,
A_CUST115721,account,CUST115721,65.0,65.0,1.0,,,
A_CUST115727,account,CUST115727,60.0,60.0,1.0,,,
A_CUST115733,account,CUST115733,70.0,70.0,1.0,,,
A_CUST115736,account,CUST115736,60.0,60.0,1.0,,,
A_CUST115737,account,CUST115737,85.0,85.0,1.0,,,
A_CUST115741,account,CUST115741,60.0,60.0,1.0,,,
A_CUST115744,account,CUST115744,75.0,75.0,1.0,,,
A_CUST115746,account,CUST115746,85.0,85.0,1.0,,,
A_CUST115762,account,CUST115762,70.0,70.0,2.0,,,
A_CUST115769,account,CUST115769,60.0,60.0,1.0,,,
A_CUST115771,account,CUST115771,70.0,70.0,1.0,,,
A_CUST115774,account,CUST115774,70.0,70.0,1.0,,,
A_CUST115775,account,CUST115775,60.0,60.0,1.0,,,
A_CUST115780,account,CUST115780,60.0,60.0,1.0,,,
A_CUST115782,account,CUST115782,70.0,70.0,3.0,,,
A_CUST115794,account,CUST115794,60.0,60.0,1.0,,,
A_CUST115797,account,CUST115797,67.5,70.0,2.0,,,
A_CUST115798,account,CUST115798,60.0,60.0,2.0,,,
A_CUST115804,account,CUST115804,60.0,60.0,1.0,,,
A_CUST115805,account,CUST115805,60.8,65.0,6.0,,,
A_CUST115807,account,CUST115807,60.0,60.0,1.0,,,
A_CUST115810,account,CUST115810,65.0,70.0,2.0,,,
A_CUST115812,account,CUST115812,60.0,60.0,1.0,,,
A_CUST115815,account,CUST115815,80.0,80.0,1.0,,,
A_CUST115819,account,CUST115819,60.0,60.0,1.0,,,
A_CUST115820,account,CUST115820,70.0,70.0,1.0,,,
A_CUST115821,account,CUST115821,60.0,60.0,1.0,,,
A_CUST115823,account,CUST115823,60.0,60.0,1.0,,,
A_CUST115825,account,CUST115825,60.0,60.0,2.0,,,
A_CUST115827,account,CUST115827,77.0,90.0,5.0,,,
A_CUST115829,account,CUST115829,65.0,65.0,1.0,,,
A_CUST115831,account,CUST115831,65.0,75.0,3.0,,,
A_CUST115835,account,CUST115835,60.0,60.0,1.0,,,
A_CUST115837,account,CUST115837,65.0,65.0,1.0,,,
A_CUST115840,account,CUST115840,65.0,65.0,1.0,,,
A_CUST115842,account,CUST115842,65.0,70.0,3.0,,,
A_CUST115843,account,CUST115843,70.0,70.0,1.0,,,
A_CUST115845,account,CUST115845,60.0,60.0,1.0,,,
A_CUST115851,account,CUST115851,60.0,60.0,1.0,,,
A_CUST115854,account,CUST115854,65.0,70.0,2.0,,,
A_CUST115859,account,CUST115859,60.0,60.0,1.0,,,
A_CUST115861,account,CUST115861,65.0,65.0,1.0,,,
A_CUST115863,account,CUST115863,60.0,60.0,1.0,,,
A_CUST115866,account,CUST115866,80.0,80.0,1.0,,,
A_CUST115867,account,CUST115867,70.0,70.0,1.0,,,
A_CUST115868,account,CUST115868,65.0,70.0,2.0,,,
A_CUST115871,account,CUST115871,70.0,70.0,1.0,,,
A_CUST115873,account,CUST115873,75.0,75.0,1.0,,,
A_CUST115884,account,CUST115884,62.5,65.0,2.0,,,
A_CUST115887,account,CUST115887,60.0,60.0,1.0,,,
A_CUST115888,account,CUST115888,60.0,60.0,1.0,,,
A_CUST115889,account,CUST115889,70.0,70.0,1.0,,,
A_CUST115894,account,CUST115894,60.0,60.0,1.0,,,
A_CUST115898,account,CUST115898,61.7,65.0,3.0,,,
A_CUST115903,account,CUST115903,60.0,60.0,1.0,,,
A_CUST115912,account,CUST115912,75.0,75.0,1.0,,,
A_CUST115913,account,CUST115913,60.0,60.0,2.0,,,
A_CUST115914,account,CUST115914,65.0,65.0,1.0,,,
A_CUST115915,account,CUST115915,60.0,60.0,1.0,,,
A_CUST115917,account,CUST115917,60.0,60.0,1.0,,,
A_CUST115919,account,CUST115919,60.0,60.0,1.0,,,
A_CUST115921,account,CUST115921,65.0,65.0,1.0,,,
A_CUST115928,account,CUST115928,65.0,65.0,1.0,,,
A_CUST115931,account,CUST115931,60.0,60.0,1.0,,,
A_CUST115933,account,CUST115933,62.5,65.0,2.0,,,
A_CUST115941,account,CUST115941,60.0,60.0,1.0,,,
A_CUST115944,account,CUST115944,60.0,60.0,1.0,,,
A_CUST115948,account,CUST115948,70.0,70.0,1.0,,,
A_CUST115950,account,CUST115950,60.0,60.0,2.0,,,
A_CUST115958,account,CUST115958,70.0,70.0,1.0,,,
A_CUST115959,account,CUST115959,80.0,80.0,1.0,,,
A_CUST115964,account,CUST115964,75.0,75.0,1.0,,,
A_CUST115965,account,CUST115965,75.0,75.0,1.0,,,
A_CUST115967,account,CUST115967,60.0,60.0,1.0,,,
A_CUST115968,account,CUST115968,60.0,60.0,2.0,,,
A_CUST115976,account,CUST115976,65.0,65.0,1.0,,,
A_CUST115978,account,CUST115978,60.0,60.0,1.0,,,
A_CUST115982,account,CUST115982,60.0,60.0,1.0,,,
A_CUST115987,account,CUST115987,60.0,60.0,1.0,,,
A_CUST115988,account,CUST115988,70.0,70.0,1.0,,,
A_CUST115991,account,CUST115991,60.0,60.0,1.0,,,
A_CUST115993,account,CUST115993,60.0,60.0,1.0,,,
A_CUST115994,account,CUST115994,60.0,60.0,2.0,,,
A_CUST116003,account,CUST116003,60.0,60.0,1.0,,,
A_CUST116011,account,CUST116011,70.0,70.0,2.0,,,
A_CUST116019,account,CUST116019,60.0,60.0,1.0,,,
A_CUST116026,account,CUST116026,65.0,65.0,1.0,,,
A_CUST116030,account,CUST116030,85.0,85.0,1.0,,,
A_CUST116031,account,CUST116031,60.0,60.0,2.0,,,
A_CUST116033,account,CUST116033,60.0,60.0,1.0,,,
A_CUST116036,account,CUST116036,60.0,60.0,1.0,,,
A_CUST116040,account,CUST116040,65.0,65.0,1.0,,,
A_CUST116044,account,CUST116044,75.0,80.0,2.0,,,
A_CUST116045,account,CUST116045,60.0,60.0,1.0,,,
A_CUST116047,account,CUST116047,80.0,80.0,1.0,,,
A_CUST116051,account,CUST116051,71.7,85.0,3.0,,,
A_CUST116057,account,CUST116057,65.0,65.0,1.0,,,
A_CUST116067,account,CUST116067,60.0,60.0,1.0,,,
A_CUST116071,account,CUST116071,76.7,100.0,3.0,,,
A_CUST116072,account,CUST116072,67.5,75.0,2.0,,,
A_CUST116075,account,CUST116075,76.7,85.0,3.0,,,
A_CUST116076,account,CUST116076,60.0,60.0,1.0,,,
A_CUST116085,account,CUST116085,60.0,60.0,2.0,,,
A_CUST116087,account,CUST116087,65.0,65.0,1.0,,,
A_CUST116093,account,CUST116093,80.0,80.0,1.0,,,
A_CUST116095,account,CUST116095,100.0,100.0,1.0,,,
A_CUST116098,account,CUST116098,65.0,70.0,2.0,,,
A_CUST116102,account,CUST116102,60.0,60.0,2.0,,,
A_CUST116109,account,CUST116109,60.0,60.0,1.0,,,
A_CUST116116,account,CUST116116,60.0,60.0,1.0,,,
A_CUST116121,account,CUST116121,70.0,70.0,1.0,,,
A_CUST116123,account,CUST116123,60.0,60.0,2.0,,,
A_CUST116126,account,CUST116126,70.0,80.0,2.0,,,
A_CUST116127,account,CUST116127,60.0,60.0,1.0,,,
A_CUST116128,account,CUST116128,65.0,65.0,1.0,,,
A_CUST116129,account,CUST116129,77.5,95.0,2.0,,,
A_CUST116131,account,CUST116131,60.0,60.0,1.0,,,
A_CUST116132,account,CUST116132,65.0,70.0,2.0,,,
A_CUST116134,account,CUST116134,60.0,60.0,1.0,,,
A_CUST116141,account,CUST116141,67.5,75.0,2.0,,,
A_CUST116142,account,CUST116142,70.0,70.0,1.0,,,
A_CUST116143,account,CUST116143,60.0,60.0,1.0,,,
A_CUST116145,account,CUST116145,75.0,75.0,1.0,,,
A_CUST116153,account,CUST116153,70.0,75.0,3.0,,,
A_CUST116156,account,CUST116156,67.5,75.0,2.0,,,
A_CUST116157,account,CUST116157,60.0,60.0,1.0,,,
A_CUST116167,account,CUST116167,65.0,70.0,2.0,,,
A_CUST116175,account,CUST116175,70.0,70.0,1.0,,,
A_CUST116176,account,CUST116176,60.0,60.0,1.0,,,
A_CUST116178,account,CUST116178,72.5,85.0,2.0,,,
A_CUST116179,account,CUST116179,71.7,75.0,3.0,,,
A_CUST116191,account,CUST116191,85.0,85.0,1.0,,,
A_CUST116195,account,CUST116195,72.5,80.0,2.0,,,
A_CUST116198,account,CUST116198,72.5,85.0,2.0,,,
A_CUST116199,account,CUST116199,60.0,60.0,1.0,,,
A_CUST116202,account,CUST116202,70.0,70.0,1.0,,,
A_CUST116203,account,CUST116203,70.0,70.0,1.0,,,
A_CUST116206,account,CUST116206,60.0,60.0,1.0,,,
A_CUST116207,account,CUST116207,65.0,65.0,1.0,,,
A_CUST116209,account,CUST116209,60.0,60.0,1.0,,,
A_CUST116213,account,CUST116213,68.3,70.0,3.0,,,
A_CUST116218,account,CUST116218,60.0,60.0,1.0,,,
A_CUST116224,account,CUST116224,60.0,60.0,1.0,,,
A_CUST116236,account,CUST116236,66.7,70.0,3.0,,,
A_CUST116244,account,CUST116244,60.0,60.0,1.0,,,
A_CUST116247,account,CUST116247,85.0,85.0,1.0,,,
A_CUST116250,account,CUST116250,80.0,80.0,1.0,,,
A_CUST116252,account,CUST116252,75.0,80.0,2.0,,,
A_CUST116253,account,CUST116253,60.0,60.0,1.0,,,
A_CUST116255,account,CUST116255,60.0,60.0,1.0,,,
A_CUST116262,account,CUST116262,60.0,60.0,2.0,,,
A_CUST116263,account,CUST116263,60.0,60.0,1.0,,,
A_CUST116269,account,CUST116269,85.0,85.0,1.0,,,
A_CUST116271,account,CUST116271,80.0,80.0,1.0,,,
A_CUST116273,account,CUST116273,65.0,70.0,2.0,,,
A_CUST116276,account,CUST116276,60.0,60.0,1.0,,,
A_CUST116277,account,CUST116277,64.0,70.0,5.0,,,
A_CUST116282,account,CUST116282,60.0,60.0,1.0,,,
A_CUST116285,account,CUST116285,70.0,70.0,1.0,,,
A_CUST116287,account,CUST116287,60.0,60.0,1.0,,,
A_CUST116289,account,CUST116289,65.0,70.0,3.0,,,
A_CUST116294,account,CUST116294,75.0,75.0,1.0,,,
A_CUST116296,account,CUST116296,75.0,75.0,1.0,,,
A_CUST116299,account,CUST116299,60.0,60.0,1.0,,,
A_CUST116311,account,CUST116311,60.0,60.0,1.0,,,
A_CUST116313,account,CUST116313,85.0,85.0,1.0,,,
A_CUST116326,account,CUST116326,70.0,70.0,1.0,,,
A_CUST116331,account,CUST116331,60.0,60.0,1.0,,,
A_CUST116332,account,CUST116332,70.0,70.0,1.0,,,
A_CUST116334,account,CUST116334,70.0,100.0,4.0,,,
A_CUST116339,account,CUST116339,75.0,75.0,1.0,,,
A_CUST116346,account,CUST116346,60.0,60.0,1.0,,,
A_CUST116348,account,CUST116348,75.0,75.0,1.0,,,
A_CUST116350,account,CUST116350,62.5,65.0,2.0,,,
A_CUST116352,account,CUST116352,65.0,65.0,1.0,,,
A_CUST116358,account,CUST116358,61.7,65.0,3.0,,,
A_CUST116359,account,CUST116359,65.0,65.0,1.0,,,
A_CUST116360,account,CUST116360,60.0,60.0,1.0,,,
A_CUST116362,account,CUST116362,60.0,60.0,1.0,,,
A_CUST116364,account,CUST116364,68.3,80.0,6.0,,,
A_CUST116369,account,CUST116369,60.0,60.0,1.0,,,
A_CUST116370,account,CUST116370,65.0,65.0,1.0,,,
A_CUST116371,account,CUST116371,70.0,70.0,1.0,,,
A_CUST116373,account,CUST116373,60.0,60.0,1.0,,,
A_CUST116378,account,CUST116378,65.0,65.0,1.0,,,
A_CUST116380,account,CUST116380,65.0,65.0,1.0,,,
A_CUST116383,account,CUST116383,60.0,60.0,1.0,,,
A_CUST116384,account,CUST116384,60.0,60.0,1.0,,,
A_CUST116392,account,CUST116392,65.0,65.0,1.0,,,
A_CUST116395,account,CUST116395,70.0,70.0,1.0,,,
A_CUST116398,account,CUST116398,65.0,70.0,2.0,,,
A_CUST116399,account,CUST116399,60.0,60.0,1.0,,,
A_CUST116400,account,CUST116400,60.0,60.0,1.0,,,
A_CUST116403,account,CUST116403,63.8,70.0,4.0,,,
A_CUST116405,account,CUST116405,80.0,80.0,1.0,,,
A_CUST116407,account,CUST116407,70.0,70.0,1.0,,,
A_CUST116409,account,CUST116409,60.0,60.0,1.0,,,
A_CUST116410,account,CUST116410,70.0,70.0,1.0,,,
A_CUST116415,account,CUST116415,60.0,60.0,1.0,,,
A_CUST116420,account,CUST116420,60.0,60.0,1.0,,,
A_CUST116421,account,CUST116421,67.5,70.0,4.0,,,
A_CUST116422,account,CUST116422,65.0,65.0,1.0,,,
A_CUST116423,account,CUST116423,60.0,60.0,1.0,,,
A_CUST116427,account,CUST116427,60.0,60.0,1.0,,,
A_CUST116433,account,CUST116433,65.0,70.0,2.0,,,
A_CUST116448,account,CUST116448,60.0,60.0,1.0,,,
A_CUST116449,account,CUST116449,65.0,65.0,1.0,,,
A_CUST116451,account,CUST116451,60.0,60.0,1.0,,,
A_CUST116453,account,CUST116453,75.0,75.0,1.0,,,
A_CUST116454,account,CUST116454,66.7,70.0,3.0,,,
A_CUST116458,account,CUST116458,60.0,60.0,1.0,,,
A_CUST116466,account,CUST116466,66.7,70.0,3.0,,,
A_CUST116467,account,CUST116467,60.0,60.0,1.0,,,
A_CUST116468,account,CUST116468,70.0,70.0,1.0,,,
A_CUST116470,account,CUST116470,65.0,70.0,3.0,,,
A_CUST116477,account,CUST116477,68.8,75.0,4.0,,,
A_CUST116479,account,CUST116479,70.0,70.0,1.0,,,
A_CUST116484,account,CUST116484,60.0,60.0,1.0,,,
A_CUST116490,account,CUST116490,71.7,90.0,3.0,,,
A_CUST116492,account,CUST116492,70.0,70.0,1.0,,,
A_CUST116497,account,CUST116497,60.0,60.0,1.0,,,
A_CUST116504,account,CUST116504,65.0,65.0,1.0,,,
A_CUST116507,account,CUST116507,70.0,70.0,2.0,,,
A_CUST116508,account,CUST116508,60.0,60.0,1.0,,,
A_CUST116512,account,CUST116512,70.0,70.0,1.0,,,
A_CUST116515,account,CUST116515,65.0,65.0,1.0,,,
A_CUST116516,account,CUST116516,75.0,75.0,1.0,,,
A_CUST116517,account,CUST116517,70.0,70.0,1.0,,,
A_CUST116522,account,CUST116522,60.0,60.0,1.0,,,
A_CUST116527,account,CUST116527,60.0,60.0,1.0,,,
A_CUST116528,account,CUST116528,77.5,85.0,4.0,,,
A_CUST116531,account,CUST116531,65.0,65.0,1.0,,,
A_CUST116539,account,CUST116539,60.0,60.0,1.0,,,
A_CUST116546,account,CUST116546,75.0,75.0,1.0,,,
A_CUST116549,account,CUST116549,74.2,95.0,6.0,,,
A_CUST116550,account,CUST116550,60.0,60.0,1.0,,,
A_CUST116556,account,CUST116556,67.5,70.0,2.0,,,
A_CUST116557,account,CUST116557,60.0,60.0,1.0,,,
A_CUST116558,account,CUST116558,70.0,70.0,1.0,,,
A_CUST116559,account,CUST116559,60.0,60.0,1.0,,,
A_CUST116560,account,CUST116560,66.7,70.0,3.0,,,
A_CUST116576,account,CUST116576,70.0,70.0,1.0,,,
A_CUST116583,account,CUST116583,60.0,60.0,1.0,,,
A_CUST116585,account,CUST116585,79.0,95.0,5.0,,,
A_CUST116587,account,CUST116587,72.5,85.0,2.0,,,
A_CUST116588,account,CUST116588,70.0,70.0,1.0,,,
A_CUST116591,account,CUST116591,60.0,60.0,1.0,,,
A_CUST116594,account,CUST116594,75.0,75.0,1.0,,,
A_CUST116595,account,CUST116595,70.0,70.0,1.0,,,
A_CUST116600,account,CUST116600,60.0,60.0,2.0,,,
A_CUST116601,account,CUST116601,70.0,70.0,1.0,,,
A_CUST116602,account,CUST116602,60.0,60.0,1.0,,,
A_CUST116608,account,CUST116608,60.0,60.0,1.0,,,
A_CUST116610,account,CUST116610,60.0,60.0,1.0,,,
A_CUST116614,account,CUST116614,70.0,70.0,2.0,,,
A_CUST116615,account,CUST116615,95.0,95.0,1.0,,,
A_CUST116618,account,CUST116618,60.0,60.0,1.0,,,
A_CUST116622,account,CUST116622,80.0,100.0,3.0,,,
A_CUST116630,account,CUST116630,60.0,60.0,2.0,,,
A_CUST116636,account,CUST116636,65.0,65.0,1.0,,,
A_CUST116642,account,CUST116642,60.0,60.0,1.0,,,
A_CUST116654,account,CUST116654,85.0,85.0,1.0,,,
A_CUST116669,account,CUST116669,63.3,70.0,3.0,,,
A_CUST116671,account,CUST116671,60.0,60.0,1.0,,,
A_CUST116673,account,CUST116673,62.5,65.0,4.0,,,
A_CUST116676,account,CUST116676,70.0,70.0,1.0,,,
A_CUST116679,account,CUST116679,60.0,60.0,1.0,,,
A_CUST116691,account,CUST116691,70.0,70.0,1.0,,,
A_CUST116692,account,CUST116692,63.3,65.0,3.0,,,
A_CUST116694,account,CUST116694,70.0,70.0,1.0,,,
A_CUST116697,account,CUST116697,60.0,60.0,1.0,,,
A_CUST116699,account,CUST116699,60.0,60.0,1.0,,,
A_CUST116703,account,CUST116703,60.0,60.0,1.0,,,
A_CUST116704,account,CUST116704,65.0,65.0,1.0,,,
A_CUST116705,account,CUST116705,63.3,70.0,3.0,,,
A_CUST116710,account,CUST116710,70.0,80.0,3.0,,,
A_CUST116724,account,CUST116724,60.0,60.0,1.0,,,
A_CUST116730,account,CUST116730,60.0,60.0,1.0,,,
A_CUST116731,account,CUST116731,60.0,60.0,2.0,,,
A_CUST116733,account,CUST116733,65.0,65.0,1.0,,,
A_CUST116736,account,CUST116736,65.0,70.0,2.0,,,
A_CUST116740,account,CUST116740,80.0,80.0,1.0,,,
A_CUST116743,account,CUST116743,60.0,60.0,1.0,,,
A_CUST116753,account,CUST116753,75.0,75.0,1.0,,,
A_CUST116754,account,CUST116754,65.0,65.0,1.0,,,
A_CUST116759,account,CUST116759,70.0,70.0,1.0,,,
A_CUST116762,account,CUST116762,70.0,70.0,1.0,,,
A_CUST116765,account,CUST116765,70.0,70.0,1.0,,,
A_CUST116770,account,CUST116770,65.0,65.0,1.0,,,
A_CUST116772,account,CUST116772,65.0,70.0,2.0,,,
A_CUST116774,account,CUST116774,65.0,65.0,1.0,,,
A_CUST116777,account,CUST116777,60.0,60.0,1.0,,,
A_CUST116779,account,CUST116779,75.0,75.0,1.0,,,
A_CUST116784,account,CUST116784,80.0,80.0,1.0,,,
A_CUST116786,account,CUST116786,80.0,85.0,2.0,,,
A_CUST116787,account,CUST116787,80.0,80.0,1.0,,,
A_CUST116793,account,CUST116793,60.0,60.0,1.0,,,
A_CUST116794,account,CUST116794,80.0,80.0,1.0,,,
A_CUST116796,account,CUST116796,60.0,60.0,1.0,,,
A_CUST116801,account,CUST116801,60.0,60.0,1.0,,,
A_CUST116808,account,CUST116808,70.0,70.0,1.0,,,
A_CUST116812,account,CUST116812,60.0,60.0,1.0,,,
A_CUST116815,account,CUST116815,66.7,75.0,3.0,,,
A_CUST116828,account,CUST116828,62.5,65.0,2.0,,,
A_CUST116829,account,CUST116829,75.0,75.0,1.0,,,
A_CUST116833,account,CUST116833,75.0,75.0,1.0,,,
A_CUST116838,account,CUST116838,62.5,65.0,2.0,,,
A_CUST116839,account,CUST116839,60.0,60.0,1.0,,,
A_CUST116846,account,CUST116846,70.0,70.0,1.0,,,
A_CUST116850,account,CUST116850,70.0,75.0,3.0,,,
A_CUST116851,account,CUST116851,60.0,60.0,1.0,,,
A_CUST116859,account,CUST116859,60.0,60.0,1.0,,,
A_CUST116861,account,CUST116861,60.0,60.0,1.0,,,
A_CUST116862,account,CUST116862,60.0,60.0,1.0,,,
A_CUST116866,account,CUST116866,73.8,85.0,4.0,,,
A_CUST116874,account,CUST116874,65.0,65.0,1.0,,,
A_CUST116883,account,CUST116883,60.0,60.0,2.0,,,
A_CUST116889,account,CUST116889,60.0,60.0,1.0,,,
A_CUST116890,account,CUST116890,60.0,60.0,1.0,,,
A_CUST116894,account,CUST116894,60.0,60.0,1.0,,,
A_CUST116895,account,CUST116895,85.0,85.0,1.0,,,
A_CUST116896,account,CUST116896,70.0,70.0,2.0,,,
A_CUST116898,account,CUST116898,72.5,85.0,2.0,,,
A_CUST116912,account,CUST116912,67.5,75.0,2.0,,,
A_CUST116917,account,CUST116917,60.0,60.0,1.0,,,
A_CUST116918,account,CUST116918,60.0,60.0,1.0,,,
A_CUST116922,account,CUST116922,65.0,65.0,1.0,,,
A_CUST116923,account,CUST116923,70.0,70.0,1.0,,,
A_CUST116924,account,CUST116924,65.0,75.0,4.0,,,
A_CUST116926,account,CUST116926,66.7,70.0,3.0,,,
A_CUST116928,account,CUST116928,70.0,70.0,1.0,,,
A_CUST116930,account,CUST116930,60.0,60.0,3.0,,,
A_CUST116936,account,CUST116936,70.0,80.0,2.0,,,
A_CUST116939,account,CUST116939,60.0,60.0,1.0,,,
A_CUST116947,account,CUST116947,85.0,85.0,1.0,,,
A_CUST116955,account,CUST116955,60.0,60.0,1.0,,,
A_CUST116956,account,CUST116956,75.0,80.0,2.0,,,
A_CUST116957,account,CUST116957,65.0,65.0,1.0,,,
A_CUST116963,account,CUST116963,74.0,100.0,5.0,,,
A_CUST116969,account,CUST116969,60.0,60.0,1.0,,,
A_CUST116970,account,CUST116970,60.0,60.0,2.0,,,
A_CUST116985,account,CUST116985,60.0,60.0,1.0,,,
A_CUST116992,account,CUST116992,60.0,60.0,1.0,,,
A_CUST116993,account,CUST116993,60.0,60.0,1.0,,,
A_CUST116996,account,CUST116996,90.0,90.0,1.0,,,
A_CUST116997,account,CUST116997,70.0,70.0,1.0,,,
A_CUST117001,account,CUST117001,60.0,60.0,1.0,,,
A_CUST117004,account,CUST117004,62.5,65.0,2.0,,,
A_CUST117005,account,CUST117005,70.0,70.0,2.0,,,
A_CUST117006,account,CUST117006,60.0,60.0,1.0,,,
A_CUST117007,account,CUST117007,65.0,65.0,1.0,,,
A_CUST117008,account,CUST117008,60.0,60.0,2.0,,,
A_CUST117009,account,CUST117009,100.0,100.0,1.0,,,
A_CUST117010,account,CUST117010,70.0,70.0,1.0,,,
A_CUST117012,account,CUST117012,65.0,70.0,2.0,,,
A_CUST117014,account,CUST117014,60.0,60.0,1.0,,,
A_CUST117016,account,CUST117016,65.0,70.0,2.0,,,
A_CUST117018,account,CUST117018,65.0,70.0,2.0,,,
A_CUST117020,account,CUST117020,70.0,70.0,1.0,,,
A_CUST117021,account,CUST117021,87.5,100.0,2.0,,,
A_CUST117024,account,CUST117024,61.7,65.0,3.0,,,
A_CUST117026,account,CUST117026,60.0,60.0,1.0,,,
A_CUST117029,account,CUST117029,60.0,60.0,1.0,,,
A_CUST117038,account,CUST117038,70.0,80.0,4.0,,,
A_CUST117043,account,CUST117043,60.0,60.0,2.0,,,
A_CUST117047,account,CUST117047,65.0,70.0,2.0,,,
A_CUST117048,account,CUST117048,60.0,60.0,2.0,,,
A_CUST117049,account,CUST117049,60.0,60.0,2.0,,,
A_CUST117058,account,CUST117058,60.0,60.0,4.0,,,
A_CUST117060,account,CUST117060,80.0,80.0,1.0,,,
A_CUST117067,account,CUST117067,60.0,60.0,2.0,,,
A_CUST117073,account,CUST117073,60.0,60.0,1.0,,,
A_CUST117074,account,CUST117074,60.0,60.0,1.0,,,
A_CUST117075,account,CUST117075,67.5,75.0,4.0,,,
A_CUST117077,account,CUST117077,60.0,60.0,1.0,,,
A_CUST117081,account,CUST117081,65.0,65.0,2.0,,,
A_CUST117086,account,CUST117086,70.0,70.0,1.0,,,
A_CUST117087,account,CUST117087,75.0,75.0,1.0,,,
A_CUST117093,account,CUST117093,63.3,70.0,3.0,,,
A_CUST117095,account,CUST117095,63.3,65.0,3.0,,,
A_CUST117097,account,CUST117097,60.0,60.0,2.0,,,
A_CUST117100,account,CUST117100,65.0,65.0,1.0,,,
A_CUST117102,account,CUST117102,75.0,75.0,1.0,,,
A_CUST117105,account,CUST117105,60.0,60.0,1.0,,,
A_CUST117109,account,CUST117109,65.0,70.0,2.0,,,
A_CUST117115,account,CUST117115,65.0,65.0,1.0,,,
A_CUST117116,account,CUST117116,60.0,60.0,1.0,,,
A_CUST117117,account,CUST117117,75.0,85.0,2.0,,,
A_CUST117118,account,CUST117118,69.0,95.0,5.0,,,
A_CUST117119,account,CUST117119,65.0,70.0,2.0,,,
A_CUST117127,account,CUST117127,60.0,60.0,2.0,,,
A_CUST117130,account,CUST117130,60.0,60.0,1.0,,,
A_CUST117132,account,CUST117132,70.0,70.0,1.0,,,
A_CUST117136,account,CUST117136,70.0,70.0,1.0,,,
A_CUST117140,account,CUST117140,70.0,70.0,1.0,,,
A_CUST117144,account,CUST117144,65.0,65.0,1.0,,,
A_CUST117146,account,CUST117146,63.3,70.0,3.0,,,
A_CUST117152,account,CUST117152,60.0,60.0,1.0,,,
A_CUST117154,account,CUST117154,60.0,60.0,1.0,,,
A_CUST117158,account,CUST117158,65.0,70.0,5.0,,,
A_CUST117159,account,CUST117159,60.0,60.0,1.0,,,
A_CUST117162,account,CUST117162,60.0,60.0,1.0,,,
A_CUST117164,account,CUST117164,66.2,70.0,4.0,,,
A_CUST117167,account,CUST117167,65.0,65.0,1.0,,,
A_CUST117168,account,CUST117168,60.0,60.0,1.0,,,
A_CUST117174,account,CUST117174,70.0,70.0,1.0,,,
A_CUST117181,account,CUST117181,60.0,60.0,1.0,,,
A_CUST117183,account,CUST117183,70.0,70.0,1.0,,,
A_CUST117189,account,CUST117189,67.5,70.0,2.0,,,
A_CUST117197,account,CUST117197,90.0,95.0,3.0,,,
A_CUST117199,account,CUST117199,65.0,65.0,1.0,,,
A_CUST117200,account,CUST117200,60.0,60.0,1.0,,,
A_CUST117203,account,CUST117203,62.5,65.0,2.0,,,
A_CUST117204,account,CUST117204,70.0,70.0,1.0,,,
A_CUST117206,account,CUST117206,60.0,60.0,1.0,,,
A_CUST117212,account,CUST117212,80.0,90.0,2.0,,,
A_CUST117214,account,CUST117214,85.0,85.0,1.0,,,
A_CUST117215,account,CUST117215,70.0,70.0,1.0,,,
A_CUST117217,account,CUST117217,72.5,75.0,2.0,,,
A_CUST117218,account,CUST117218,60.0,60.0,1.0,,,
A_CUST117219,account,CUST117219,65.0,65.0,1.0,,,
A_CUST117220,account,CUST117220,70.0,70.0,1.0,,,
A_CUST117221,account,CUST117221,60.0,60.0,1.0,,,
A_CUST117222,account,CUST117222,60.0,60.0,1.0,,,
A_CUST117232,account,CUST117232,75.0,75.0,1.0,,,
A_CUST117234,account,CUST117234,95.0,95.0,1.0,,,
A_CUST117237,account,CUST117237,70.0,70.0,1.0,,,
A_CUST117240,account,CUST117240,70.0,70.0,1.0,,,
A_CUST117242,account,CUST117242,80.0,85.0,2.0,,,
A_CUST117243,account,CUST117243,77.5,95.0,2.0,,,
A_CUST117245,account,CUST117245,60.0,60.0,1.0,,,
A_CUST117247,account,CUST117247,60.0,60.0,2.0,,,
A_CUST117248,account,CUST117248,75.0,75.0,1.0,,,
A_CUST117254,account,CUST117254,60.0,60.0,1.0,,,
A_CUST117262,account,CUST117262,60.0,60.0,1.0,,,
A_CUST117266,account,CUST117266,60.0,60.0,1.0,,,
A_CUST117269,account,CUST117269,72.5,85.0,2.0,,,
A_CUST117270,account,CUST117270,60.0,60.0,2.0,,,
A_CUST117274,account,CUST117274,60.0,60.0,1.0,,,
A_CUST117277,account,CUST117277,70.0,70.0,1.0,,,
A_CUST117278,account,CUST117278,60.0,60.0,1.0,,,
A_CUST117281,account,CUST117281,60.0,60.0,1.0,,,
A_CUST117283,account,CUST117283,60.0,60.0,2.0,,,
A_CUST117284,account,CUST117284,60.0,60.0,1.0,,,
A_CUST117286,account,CUST117286,60.0,60.0,2.0,,,
A_CUST117287,account,CUST117287,70.0,70.0,1.0,,,
A_CUST117292,account,CUST117292,65.0,65.0,1.0,,,
A_CUST117304,account,CUST117304,75.0,75.0,1.0,,,
A_CUST117312,account,CUST117312,67.5,75.0,2.0,,,
A_CUST117314,account,CUST117314,60.0,60.0,1.0,,,
A_CUST117315,account,CUST117315,60.0,60.0,1.0,,,
A_CUST117316,account,CUST117316,65.0,65.0,1.0,,,
A_CUST117323,account,CUST117323,60.0,60.0,1.0,,,
A_CUST117325,account,CUST117325,70.0,70.0,1.0,,,
A_CUST117327,account,CUST117327,65.0,65.0,1.0,,,
A_CUST117334,account,CUST117334,60.0,60.0,1.0,,,
A_CUST117335,account,CUST117335,62.5,65.0,2.0,,,
A_CUST117337,account,CUST117337,60.0,60.0,1.0,,,
A_CUST117355,account,CUST117355,70.0,70.0,1.0,,,
A_CUST117356,account,CUST117356,65.0,70.0,3.0,,,
A_CUST117357,account,CUST117357,60.0,60.0,1.0,,,
A_CUST117360,account,CUST117360,60.0,60.0,1.0,,,
A_CUST117361,account,CUST117361,67.5,75.0,2.0,,,
A_CUST117362,account,CUST117362,60.0,60.0,1.0,,,
A_CUST117370,account,CUST117370,80.0,80.0,1.0,,,
A_CUST117375,account,CUST117375,60.0,60.0,2.0,,,
A_CUST117379,account,CUST117379,61.7,65.0,3.0,,,
A_CUST117381,account,CUST117381,80.0,80.0,1.0,,,
A_CUST117385,account,CUST117385,65.0,65.0,1.0,,,
A_CUST117389,account,CUST117389,75.0,85.0,4.0,,,
A_CUST117390,account,CUST117390,60.0,60.0,1.0,,,
A_CUST117395,account,CUST117395,60.0,60.0,1.0,,,
A_CUST117397,account,CUST117397,70.0,70.0,1.0,,,
A_CUST117401,account,CUST117401,100.0,100.0,1.0,,,
A_CUST117404,account,CUST117404,60.0,60.0,2.0,,,
A_CUST117405,account,CUST117405,60.0,60.0,2.0,,,
A_CUST117406,account,CUST117406,90.0,90.0,1.0,,,
A_CUST117408,account,CUST117408,65.0,65.0,1.0,,,
A_CUST117414,account,CUST117414,65.0,65.0,1.0,,,
A_CUST117416,account,CUST117416,60.0,60.0,1.0,,,
A_CUST117420,account,CUST117420,60.0,60.0,1.0,,,
A_CUST117423,account,CUST117423,70.0,70.0,1.0,,,
A_CUST117428,account,CUST117428,60.0,60.0,1.0,,,
A_CUST117430,account,CUST117430,70.0,70.0,1.0,,,
A_CUST117437,account,CUST117437,60.0,60.0,1.0,,,
A_CUST117439,account,CUST117439,65.0,65.0,1.0,,,
A_CUST117444,account,CUST117444,75.0,95.0,3.0,,,
A_CUST117445,account,CUST117445,65.0,65.0,1.0,,,
A_CUST117446,account,CUST117446,65.0,65.0,1.0,,,
A_CUST117449,account,CUST117449,75.0,100.0,5.0,,,
A_CUST117450,account,CUST117450,62.5,65.0,2.0,,,
A_CUST117456,account,CUST117456,70.0,70.0,2.0,,,
A_CUST117457,account,CUST117457,87.0,100.0,5.0,,,
A_CUST117459,account,CUST117459,60.0,60.0,1.0,,,
A_CUST117460,account,CUST117460,70.0,70.0,1.0,,,
A_CUST117463,account,CUST117463,70.0,70.0,2.0,,,
A_CUST117464,account,CUST117464,80.0,80.0,1.0,,,
A_CUST117468,account,CUST117468,62.5,65.0,2.0,,,
A_CUST117469,account,CUST117469,75.0,75.0,1.0,,,
A_CUST117471,account,CUST117471,60.0,60.0,1.0,,,
A_CUST117472,account,CUST117472,65.0,65.0,1.0,,,
A_CUST117475,account,CUST117475,75.0,80.0,2.0,,,
A_CUST117477,account,CUST117477,68.3,70.0,3.0,,,
A_CUST117480,account,CUST117480,60.0,60.0,1.0,,,
A_CUST117481,account,CUST117481,70.0,70.0,1.0,,,
A_CUST117483,account,CUST117483,60.0,60.0,1.0,,,
A_CUST117485,account,CUST117485,85.0,100.0,2.0,,,
A_CUST117486,account,CUST117486,70.0,70.0,1.0,,,
A_CUST117488,account,CUST117488,60.0,60.0,2.0,,,
A_CUST117497,account,CUST117497,60.0,60.0,1.0,,,
A_CUST117499,account,CUST117499,70.0,80.0,2.0,,,
A_CUST117502,account,CUST117502,60.0,60.0,1.0,,,
A_CUST117510,account,CUST117510,60.0,60.0,1.0,,,
A_CUST117512,account,CUST117512,70.0,70.0,1.0,,,
A_CUST117514,account,CUST117514,65.0,70.0,2.0,,,
A_CUST117519,account,CUST117519,77.5,85.0,2.0,,,
A_CUST117521,account,CUST117521,60.0,60.0,1.0,,,
A_CUST117523,account,CUST117523,70.0,70.0,1.0,,,
A_CUST117524,account,CUST117524,67.5,75.0,2.0,,,
A_CUST117528,account,CUST117528,65.0,70.0,2.0,,,
A_CUST117530,account,CUST117530,80.0,100.0,4.0,,,
A_CUST117531,account,CUST117531,72.5,85.0,2.0,,,
A_CUST117534,account,CUST117534,60.0,60.0,1.0,,,
A_CUST117538,account,CUST117538,70.0,70.0,1.0,,,
A_CUST117540,account,CUST117540,60.0,60.0,1.0,,,
A_CUST117541,account,CUST117541,60.0,60.0,1.0,,,
A_CUST117542,account,CUST117542,60.0,60.0,1.0,,,
A_CUST117544,account,CUST117544,60.0,60.0,2.0,,,
A_CUST117548,account,CUST117548,65.0,70.0,5.0,,,
A_CUST117553,account,CUST117553,65.0,65.0,1.0,,,
A_CUST117555,account,CUST117555,65.0,65.0,1.0,,,
A_CUST117563,account,CUST117563,70.0,70.0,1.0,,,
A_CUST117567,account,CUST117567,70.0,70.0,1.0,,,
A_CUST117568,account,CUST117568,70.0,70.0,1.0,,,
A_CUST117583,account,CUST117583,66.7,70.0,3.0,,,
A_CUST117584,account,CUST117584,70.0,70.0,1.0,,,
A_CUST117587,account,CUST117587,60.0,60.0,1.0,,,
A_CUST117590,account,CUST117590,80.0,80.0,1.0,,,
A_CUST117596,account,CUST117596,71.7,85.0,3.0,,,
A_CUST117601,account,CUST117601,75.0,75.0,1.0,,,
A_CUST117604,account,CUST117604,60.0,60.0,1.0,,,
A_CUST117607,account,CUST117607,65.0,65.0,1.0,,,
A_CUST117610,account,CUST117610,65.0,65.0,1.0,,,
A_CUST117615,account,CUST117615,65.0,70.0,2.0,,,
A_CUST117617,account,CUST117617,70.0,70.0,1.0,,,
A_CUST117619,account,CUST117619,65.0,65.0,1.0,,,
A_CUST117627,account,CUST117627,60.0,60.0,1.0,,,
A_CUST117628,account,CUST117628,67.5,75.0,2.0,,,
A_CUST117629,account,CUST117629,60.0,60.0,1.0,,,
A_CUST117631,account,CUST117631,75.0,75.0,1.0,,,
A_CUST117633,account,CUST117633,75.0,75.0,1.0,,,
A_CUST117634,account,CUST117634,72.5,85.0,2.0,,,
A_CUST117636,account,CUST117636,60.0,60.0,1.0,,,
A_CUST117640,account,CUST117640,60.0,60.0,1.0,,,
A_CUST117645,account,CUST117645,60.0,60.0,1.0,,,
A_CUST117655,account,CUST117655,67.5,75.0,2.0,,,
A_CUST117656,account,CUST117656,70.0,70.0,1.0,,,
A_CUST117661,account,CUST117661,60.0,60.0,1.0,,,
A_CUST117668,account,CUST117668,85.0,85.0,1.0,,,
A_CUST117670,account,CUST117670,67.5,75.0,2.0,,,
A_CUST117671,account,CUST117671,60.0,60.0,1.0,,,
A_CUST117672,account,CUST117672,61.7,65.0,3.0,,,
A_CUST117678,account,CUST117678,60.0,60.0,3.0,,,
A_CUST117681,account,CUST117681,70.0,70.0,1.0,,,
A_CUST117684,account,CUST117684,70.0,70.0,2.0,,,
A_CUST117690,account,CUST117690,60.0,60.0,1.0,,,
A_CUST117693,account,CUST117693,62.5,65.0,2.0,,,
A_CUST117697,account,CUST117697,65.0,65.0,1.0,,,
A_CUST117699,account,CUST117699,70.0,70.0,1.0,,,
A_CUST117700,account,CUST117700,60.0,60.0,1.0,,,
A_CUST117704,account,CUST117704,80.0,80.0,1.0,,,
A_CUST117706,account,CUST117706,60.0,60.0,1.0,,,
A_CUST117708,account,CUST117708,80.0,80.0,1.0,,,
A_CUST117712,account,CUST117712,63.3,70.0,3.0,,,
A_CUST117714,account,CUST117714,60.0,60.0,1.0,,,
A_CUST117718,account,CUST117718,60.0,60.0,1.0,,,
A_CUST117723,account,CUST117723,67.5,70.0,2.0,,,
A_CUST117724,account,CUST117724,62.5,65.0,2.0,,,
A_CUST117725,account,CUST117725,60.0,60.0,1.0,,,
A_CUST117732,account,CUST117732,65.0,65.0,1.0,,,
A_CUST117733,account,CUST117733,60.0,60.0,1.0,,,
A_CUST117734,account,CUST117734,70.0,70.0,1.0,,,
A_CUST117736,account,CUST117736,60.0,60.0,2.0,,,
A_CUST117738,account,CUST117738,75.0,75.0,1.0,,,
A_CUST117739,account,CUST117739,60.0,60.0,3.0,,,
A_CUST117740,account,CUST117740,75.0,75.0,1.0,,,
A_CUST117741,account,CUST117741,65.0,65.0,1.0,,,
A_CUST117742,account,CUST117742,70.0,70.0,1.0,,,
A_CUST117744,account,CUST117744,70.0,70.0,1.0,,,
A_CUST117745,account,CUST117745,72.5,80.0,2.0,,,
A_CUST117746,account,CUST117746,65.0,70.0,4.0,,,
A_CUST117747,account,CUST117747,70.0,70.0,1.0,,,
A_CUST117751,account,CUST117751,65.0,65.0,1.0,,,
A_CUST117757,account,CUST117757,60.0,60.0,1.0,,,
A_CUST117762,account,CUST117762,62.5,65.0,2.0,,,
A_CUST117765,account,CUST117765,70.0,70.0,1.0,,,
A_CUST117766,account,CUST117766,60.0,60.0,1.0,,,
A_CUST117768,account,CUST117768,60.0,60.0,1.0,,,
A_CUST117771,account,CUST117771,75.0,75.0,1.0,,,
A_CUST117775,account,CUST117775,66.7,70.0,3.0,,,
A_CUST117776,account,CUST117776,70.0,70.0,1.0,,,
A_CUST117780,account,CUST117780,60.0,60.0,2.0,,,
A_CUST117783,account,CUST117783,60.0,60.0,1.0,,,
A_CUST117785,account,CUST117785,60.0,60.0,3.0,,,
A_CUST117789,account,CUST117789,65.0,70.0,2.0,,,
A_CUST117791,account,CUST117791,60.0,60.0,2.0,,,
A_CUST117792,account,CUST117792,68.3,70.0,3.0,,,
A_CUST117797,account,CUST117797,70.0,70.0,1.0,,,
A_CUST117799,account,CUST117799,60.0,60.0,1.0,,,
A_CUST117800,account,CUST117800,60.0,60.0,1.0,,,
A_CUST117801,account,CUST117801,60.0,60.0,1.0,,,
A_CUST117805,account,CUST117805,65.0,65.0,1.0,,,
A_CUST117808,account,CUST117808,70.0,80.0,2.0,,,
A_CUST117814,account,CUST117814,60.0,60.0,1.0,,,
A_CUST117816,account,CUST117816,65.0,70.0,2.0,,,
A_CUST117821,account,CUST117821,70.0,70.0,1.0,,,
A_CUST117827,account,CUST117827,65.0,70.0,3.0,,,
A_CUST117828,account,CUST117828,75.0,80.0,3.0,,,
A_CUST117830,account,CUST117830,65.0,65.0,1.0,,,
A_CUST117845,account,CUST117845,60.0,60.0,2.0,,,
A_CUST117851,account,CUST117851,80.0,100.0,3.0,,,
A_CUST117852,account,CUST117852,70.0,70.0,1.0,,,
A_CUST117855,account,CUST117855,60.0,60.0,1.0,,,
A_CUST117857,account,CUST117857,65.0,70.0,2.0,,,
A_CUST117858,account,CUST117858,80.0,80.0,1.0,,,
A_CUST117859,account,CUST117859,60.0,60.0,1.0,,,
A_CUST117863,account,CUST117863,80.0,85.0,3.0,,,
A_CUST117870,account,CUST117870,60.0,60.0,1.0,,,
A_CUST117873,account,CUST117873,60.0,60.0,1.0,,,
A_CUST117878,account,CUST117878,65.0,65.0,2.0,,,
A_CUST117882,account,CUST117882,60.0,60.0,1.0,,,
A_CUST117886,account,CUST117886,65.0,65.0,1.0,,,
A_CUST117888,account,CUST117888,65.0,65.0,1.0,,,
A_CUST117890,account,CUST117890,60.0,60.0,1.0,,,
A_CUST117896,account,CUST117896,60.0,60.0,2.0,,,
A_CUST117898,account,CUST117898,60.0,60.0,1.0,,,
A_CUST117899,account,CUST117899,73.3,95.0,3.0,,,
A_CUST117903,account,CUST117903,67.5,70.0,2.0,,,
A_CUST117905,account,CUST117905,60.0,60.0,1.0,,,
A_CUST117906,account,CUST117906,75.0,80.0,2.0,,,
A_CUST117911,account,CUST117911,70.0,70.0,1.0,,,
A_CUST117920,account,CUST117920,85.0,85.0,1.0,,,
A_CUST117921,account,CUST117921,85.0,85.0,1.0,,,
A_CUST117925,account,CUST117925,90.0,90.0,1.0,,,
A_CUST117936,account,CUST117936,60.0,60.0,1.0,,,
A_CUST117938,account,CUST117938,61.7,65.0,3.0,,,
A_CUST117948,account,CUST117948,70.0,70.0,1.0,,,
A_CUST117950,account,CUST117950,60.0,60.0,1.0,,,
A_CUST117960,account,CUST117960,60.0,60.0,1.0,,,
A_CUST117961,account,CUST117961,63.3,70.0,3.0,,,
A_CUST117972,account,CUST117972,65.0,65.0,1.0,,,
A_CUST117973,account,CUST117973,75.0,80.0,2.0,,,
A_CUST117975,account,CUST117975,65.0,70.0,2.0,,,
A_CUST117979,account,CUST117979,62.5,65.0,2.0,,,
A_CUST117980,account,CUST117980,60.0,60.0,1.0,,,
A_CUST117989,account,CUST117989,60.0,60.0,1.0,,,
A_CUST117990,account,CUST117990,75.0,75.0,1.0,,,
A_CUST117993,account,CUST117993,60.0,60.0,1.0,,,
A_CUST117999,account,CUST117999,70.0,70.0,1.0,,,
A_CUST118000,account,CUST118000,60.0,60.0,2.0,,,
A_CUST118018,account,CUST118018,61.2,65.0,4.0,,,
A_CUST118019,account,CUST118019,62.5,65.0,2.0,,,
A_CUST118021,account,CUST118021,70.0,70.0,1.0,,,
A_CUST118023,account,CUST118023,82.5,95.0,2.0,,,
A_CUST118029,account,CUST118029,75.0,75.0,1.0,,,
A_CUST118042,account,CUST118042,80.0,80.0,1.0,,,
A_CUST118044,account,CUST118044,70.0,70.0,1.0,,,
A_CUST118045,account,CUST118045,80.0,80.0,1.0,,,
A_CUST118051,account,CUST118051,70.0,80.0,2.0,,,
A_CUST118052,account,CUST118052,65.0,65.0,1.0,,,
A_CUST118055,account,CUST118055,60.0,60.0,1.0,,,
A_CUST118056,account,CUST118056,70.0,70.0,1.0,,,
A_CUST118058,account,CUST118058,67.5,75.0,2.0,,,
A_CUST118066,account,CUST118066,60.0,60.0,2.0,,,
A_CUST118081,account,CUST118081,60.0,60.0,1.0,,,
A_CUST118084,account,CUST118084,80.0,80.0,1.0,,,
A_CUST118085,account,CUST118085,60.0,60.0,1.0,,,
A_CUST118090,account,CUST118090,75.0,75.0,1.0,,,
A_CUST118091,account,CUST118091,60.0,60.0,1.0,,,
A_CUST118096,account,CUST118096,85.0,85.0,1.0,,,
A_CUST118097,account,CUST118097,65.0,80.0,4.0,,,
A_CUST118102,account,CUST118102,60.0,60.0,1.0,,,
A_CUST118105,account,CUST118105,61.7,65.0,3.0,,,
A_CUST118111,account,CUST118111,66.7,70.0,3.0,,,
A_CUST118113,account,CUST118113,66.7,70.0,3.0,,,
A_CUST118115,account,CUST118115,60.0,60.0,1.0,,,
A_CUST118116,account,CUST118116,60.0,60.0,1.0,,,
A_CUST118120,account,CUST118120,75.0,100.0,3.0,,,
A_CUST118126,account,CUST118126,68.8,85.0,4.0,,,
A_CUST118136,account,CUST118136,65.0,70.0,3.0,,,
A_CUST118138,account,CUST118138,70.0,70.0,1.0,,,
A_CUST118139,account,CUST118139,60.0,60.0,1.0,,,
A_CUST118141,account,CUST118141,70.0,70.0,2.0,,,
A_CUST118143,account,CUST118143,60.0,60.0,1.0,,,
A_CUST118146,account,CUST118146,67.5,70.0,2.0,,,
A_CUST118152,account,CUST118152,60.0,60.0,1.0,,,
A_CUST118153,account,CUST118153,65.0,65.0,1.0,,,
A_CUST118154,account,CUST118154,60.0,60.0,1.0,,,
A_CUST118157,account,CUST118157,85.0,85.0,1.0,,,
A_CUST118162,account,CUST118162,62.5,65.0,2.0,,,
A_CUST118163,account,CUST118163,65.0,65.0,1.0,,,
A_CUST118165,account,CUST118165,70.0,70.0,1.0,,,
A_CUST118168,account,CUST118168,65.0,70.0,2.0,,,
A_CUST118169,account,CUST118169,65.0,75.0,3.0,,,
A_CUST118170,account,CUST118170,80.0,80.0,1.0,,,
A_CUST118172,account,CUST118172,75.0,75.0,1.0,,,
A_CUST118176,account,CUST118176,65.0,65.0,2.0,,,
A_CUST118180,account,CUST118180,65.0,70.0,2.0,,,
A_CUST118188,account,CUST118188,80.0,80.0,1.0,,,
A_CUST118199,account,CUST118199,80.0,80.0,1.0,,,
A_CUST118206,account,CUST118206,60.0,60.0,1.0,,,
A_CUST118207,account,CUST118207,60.0,60.0,1.0,,,
A_CUST118208,account,CUST118208,62.5,65.0,2.0,,,
A_CUST118210,account,CUST118210,70.0,70.0,1.0,,,
A_CUST118213,account,CUST118213,60.0,60.0,1.0,,,
A_CUST118215,account,CUST118215,65.0,65.0,1.0,,,
A_CUST118222,account,CUST118222,60.0,60.0,1.0,,,
A_CUST118228,account,CUST118228,66.7,80.0,3.0,,,
A_CUST118230,account,CUST118230,60.0,60.0,1.0,,,
A_CUST118231,account,CUST118231,75.0,75.0,1.0,,,
A_CUST118234,account,CUST118234,65.0,70.0,2.0,,,
A_CUST118238,account,CUST118238,65.0,70.0,2.0,,,
A_CUST118240,account,CUST118240,70.0,70.0,1.0,,,
A_CUST118242,account,CUST118242,60.0,60.0,1.0,,,
A_CUST118248,account,CUST118248,71.7,85.0,3.0,,,
A_CUST118254,account,CUST118254,60.0,60.0,1.0,,,
A_CUST118259,account,CUST118259,77.5,95.0,2.0,,,
A_CUST118260,account,CUST118260,60.0,60.0,1.0,,,
A_CUST118261,account,CUST118261,75.0,75.0,1.0,,,
A_CUST118262,account,CUST118262,65.0,65.0,1.0,,,
A_CUST118274,account,CUST118274,95.0,95.0,1.0,,,
A_CUST118277,account,CUST118277,60.0,60.0,1.0,,,
A_CUST118280,account,CUST118280,60.0,60.0,1.0,,,
A_CUST118281,account,CUST118281,67.5,75.0,2.0,,,
A_CUST118282,account,CUST118282,67.5,70.0,2.0,,,
A_CUST118283,account,CUST118283,70.0,70.0,1.0,,,
A_CUST118284,account,CUST118284,65.0,65.0,1.0,,,
A_CUST118285,account,CUST118285,75.0,75.0,1.0,,,
A_CUST118288,account,CUST118288,70.0,70.0,1.0,,,
A_CUST118296,account,CUST118296,70.0,70.0,1.0,,,
A_CUST118299,account,CUST118299,65.0,65.0,1.0,,,
A_CUST118304,account,CUST118304,75.0,75.0,1.0,,,
A_CUST118307,account,CUST118307,70.0,70.0,1.0,,,
A_CUST118311,account,CUST118311,70.0,80.0,5.0,,,
A_CUST118314,account,CUST118314,67.5,70.0,2.0,,,
A_CUST118315,account,CUST118315,67.5,70.0,2.0,,,
A_CUST118316,account,CUST118316,65.0,65.0,1.0,,,
A_CUST118318,account,CUST118318,65.0,70.0,2.0,,,
A_CUST118319,account,CUST118319,65.0,70.0,2.0,,,
A_CUST118327,account,CUST118327,68.3,75.0,3.0,,,
A_CUST118328,account,CUST118328,85.0,85.0,1.0,,,
A_CUST118336,account,CUST118336,65.0,70.0,2.0,,,
A_CUST118337,account,CUST118337,70.0,70.0,1.0,,,
A_CUST118342,account,CUST118342,60.0,60.0,1.0,,,
A_CUST118348,account,CUST118348,65.0,65.0,1.0,,,
A_CUST118352,account,CUST118352,70.0,70.0,1.0,,,
A_CUST118361,account,CUST118361,80.0,100.0,2.0,,,
A_CUST118364,account,CUST118364,65.0,65.0,1.0,,,
A_CUST118365,account,CUST118365,60.0,60.0,1.0,,,
A_CUST118367,account,CUST118367,64.0,70.0,5.0,,,
A_CUST118373,account,CUST118373,60.0,60.0,1.0,,,
A_CUST118377,account,CUST118377,60.0,60.0,1.0,,,
A_CUST118378,account,CUST118378,65.0,70.0,2.0,,,
A_CUST118380,account,CUST118380,65.0,70.0,2.0,,,
A_CUST118382,account,CUST118382,65.0,65.0,1.0,,,
A_CUST118384,account,CUST118384,66.0,75.0,5.0,,,
A_CUST118385,account,CUST118385,65.0,70.0,2.0,,,
A_CUST118395,account,CUST118395,81.7,85.0,3.0,,,
A_CUST118398,account,CUST118398,80.0,80.0,1.0,,,
A_CUST118399,account,CUST118399,75.0,75.0,1.0,,,
A_CUST118400,account,CUST118400,70.0,70.0,1.0,,,
A_CUST118406,account,CUST118406,62.5,65.0,2.0,,,
A_CUST118408,account,CUST118408,60.0,60.0,1.0,,,
A_CUST118411,account,CUST118411,65.0,65.0,1.0,,,
A_CUST118412,account,CUST118412,65.0,65.0,1.0,,,
A_CUST118416,account,CUST118416,70.0,70.0,1.0,,,
A_CUST118417,account,CUST118417,60.0,60.0,1.0,,,
A_CUST118424,account,CUST118424,60.0,60.0,1.0,,,
A_CUST118427,account,CUST118427,65.0,65.0,1.0,,,
A_CUST118428,account,CUST118428,70.0,70.0,1.0,,,
A_CUST118432,account,CUST118432,68.8,85.0,4.0,,,
A_CUST118434,account,CUST118434,60.0,60.0,1.0,,,
A_CUST118435,account,CUST118435,67.5,75.0,2.0,,,
A_CUST118437,account,CUST118437,60.0,60.0,1.0,,,
A_CUST118439,account,CUST118439,70.0,70.0,1.0,,,
A_CUST118441,account,CUST118441,70.0,70.0,1.0,,,
A_CUST118442,account,CUST118442,60.0,60.0,1.0,,,
A_CUST118445,account,CUST118445,60.0,60.0,1.0,,,
A_CUST118447,account,CUST118447,67.5,70.0,2.0,,,
A_CUST118457,account,CUST118457,80.0,80.0,1.0,,,
A_CUST118458,account,CUST118458,62.5,65.0,2.0,,,
A_CUST118479,account,CUST118479,70.0,70.0,1.0,,,
A_CUST118484,account,CUST118484,76.0,85.0,5.0,,,
A_CUST118487,account,CUST118487,70.0,70.0,1.0,,,
A_CUST118488,account,CUST118488,70.0,70.0,1.0,,,
A_CUST118489,account,CUST118489,60.0,60.0,1.0,,,
A_CUST118490,account,CUST118490,67.5,75.0,2.0,,,
A_CUST118499,account,CUST118499,60.0,60.0,2.0,,,
A_CUST118509,account,CUST118509,65.0,70.0,2.0,,,
A_CUST118515,account,CUST118515,60.0,60.0,2.0,,,
A_CUST118518,account,CUST118518,60.0,60.0,1.0,,,
A_CUST118519,account,CUST118519,60.0,60.0,1.0,,,
A_CUST118521,account,CUST118521,62.5,65.0,2.0,,,
A_CUST118526,account,CUST118526,70.0,70.0,1.0,,,
A_CUST118527,account,CUST118527,60.0,60.0,1.0,,,
A_CUST118528,account,CUST118528,60.0,60.0,1.0,,,
A_CUST118534,account,CUST118534,70.0,70.0,1.0,,,
A_CUST118536,account,CUST118536,65.0,65.0,1.0,,,
A_CUST118538,account,CUST118538,60.0,60.0,1.0,,,
A_CUST118539,account,CUST118539,60.0,60.0,1.0,,,
A_CUST118541,account,CUST118541,65.0,65.0,1.0,,,
A_CUST118552,account,CUST118552,60.0,60.0,1.0,,,
A_CUST118557,account,CUST118557,65.0,70.0,2.0,,,
A_CUST118563,account,CUST118563,70.0,70.0,1.0,,,
A_CUST118565,account,CUST118565,65.0,65.0,1.0,,,
A_CUST118582,account,CUST118582,73.3,90.0,3.0,,,
A_CUST118583,account,CUST118583,65.0,65.0,1.0,,,
A_CUST118586,account,CUST118586,70.0,70.0,1.0,,,
A_CUST118595,account,CUST118595,72.5,85.0,2.0,,,
A_CUST118597,account,CUST118597,65.0,70.0,2.0,,,
A_CUST118600,account,CUST118600,60.0,60.0,1.0,,,
A_CUST118603,account,CUST118603,60.0,60.0,1.0,,,
A_CUST118607,account,CUST118607,60.0,60.0,1.0,,,
A_CUST118611,account,CUST118611,70.0,70.0,2.0,,,
A_CUST118616,account,CUST118616,80.0,80.0,1.0,,,
A_CUST118618,account,CUST118618,60.0,60.0,1.0,,,
A_CUST118620,account,CUST118620,85.0,85.0,1.0,,,
A_CUST118622,account,CUST118622,60.0,60.0,1.0,,,
A_CUST118627,account,CUST118627,65.0,65.0,1.0,,,
A_CUST118632,account,CUST118632,70.0,70.0,1.0,,,
A_CUST118633,account,CUST118633,68.8,80.0,4.0,,,
A_CUST118638,account,CUST118638,60.0,60.0,1.0,,,
A_CUST118639,account,CUST118639,60.0,60.0,2.0,,,
A_CUST118641,account,CUST118641,60.0,60.0,1.0,,,
A_CUST118650,account,CUST118650,60.0,60.0,2.0,,,
A_CUST118653,account,CUST118653,70.0,70.0,1.0,,,
A_CUST118656,account,CUST118656,78.3,95.0,3.0,,,
A_CUST118660,account,CUST118660,85.0,85.0,1.0,,,
A_CUST118666,account,CUST118666,66.7,70.0,3.0,,,
A_CUST118667,account,CUST118667,60.0,60.0,1.0,,,
A_CUST118671,account,CUST118671,70.0,85.0,4.0,,,
A_CUST118672,account,CUST118672,60.0,60.0,1.0,,,
A_CUST118673,account,CUST118673,68.3,75.0,3.0,,,
A_CUST118675,account,CUST118675,67.5,75.0,2.0,,,
A_CUST118680,account,CUST118680,75.0,85.0,2.0,,,
A_CUST118685,account,CUST118685,65.0,65.0,1.0,,,
A_CUST118686,account,CUST118686,60.0,60.0,1.0,,,
A_CUST118692,account,CUST118692,60.0,60.0,1.0,,,
A_CUST118693,account,CUST118693,60.0,60.0,1.0,,,
A_CUST118694,account,CUST118694,65.0,70.0,2.0,,,
A_CUST118700,account,CUST118700,62.5,65.0,2.0,,,
A_CUST118701,account,CUST118701,60.0,60.0,1.0,,,
A_CUST118709,account,CUST118709,70.0,70.0,1.0,,,
A_CUST118710,account,CUST118710,60.0,60.0,1.0,,,
A_CUST118714,account,CUST118714,70.0,70.0,1.0,,,
A_CUST118715,account,CUST118715,70.0,80.0,2.0,,,
A_CUST118719,account,CUST118719,70.0,70.0,1.0,,,
A_CUST118721,account,CUST118721,65.0,70.0,2.0,,,
A_CUST118731,account,CUST118731,65.0,70.0,2.0,,,
A_CUST118733,account,CUST118733,75.0,75.0,1.0,,,
A_CUST118748,account,CUST118748,60.0,60.0,1.0,,,
A_CUST118752,account,CUST118752,65.0,65.0,1.0,,,
A_CUST118756,account,CUST118756,60.0,60.0,2.0,,,
A_CUST118757,account,CUST118757,77.5,95.0,2.0,,,
A_CUST118760,account,CUST118760,70.0,70.0,1.0,,,
A_CUST118761,account,CUST118761,63.3,70.0,3.0,,,
A_CUST118762,account,CUST118762,60.0,60.0,1.0,,,
A_CUST118775,account,CUST118775,60.0,60.0,1.0,,,
A_CUST118783,account,CUST118783,70.0,70.0,1.0,,,
A_CUST118788,account,CUST118788,60.0,60.0,2.0,,,
A_CUST118790,account,CUST118790,67.5,70.0,2.0,,,
A_CUST118791,account,CUST118791,70.0,70.0,1.0,,,
A_CUST118793,account,CUST118793,66.7,80.0,3.0,,,
A_CUST118799,account,CUST118799,60.0,60.0,1.0,,,
A_CUST118801,account,CUST118801,65.0,65.0,1.0,,,
A_CUST118808,account,CUST118808,70.0,70.0,1.0,,,
A_CUST118812,account,CUST118812,65.0,70.0,2.0,,,
A_CUST118814,account,CUST118814,60.0,60.0,1.0,,,
A_CUST118815,account,CUST118815,70.0,70.0,1.0,,,
A_CUST118821,account,CUST118821,65.0,70.0,2.0,,,
A_CUST118824,account,CUST118824,70.0,70.0,1.0,,,
A_CUST118827,account,CUST118827,65.0,65.0,1.0,,,
A_CUST118832,account,CUST118832,60.0,60.0,2.0,,,
A_CUST118835,account,CUST118835,60.0,60.0,1.0,,,
A_CUST118838,account,CUST118838,71.7,85.0,3.0,,,
A_CUST118848,account,CUST118848,60.0,60.0,2.0,,,
A_CUST118855,account,CUST118855,60.0,60.0,1.0,,,
A_CUST118858,account,CUST118858,60.0,60.0,1.0,,,
A_CUST118859,account,CUST118859,60.0,60.0,1.0,,,
A_CUST118862,account,CUST118862,70.0,70.0,1.0,,,
A_CUST118875,account,CUST118875,63.3,70.0,3.0,,,
A_CUST118877,account,CUST118877,80.0,80.0,1.0,,,
A_CUST118882,account,CUST118882,63.3,70.0,3.0,,,
A_CUST118887,account,CUST118887,67.5,75.0,2.0,,,
A_CUST118888,account,CUST118888,95.0,95.0,2.0,,,
A_CUST118892,account,CUST118892,60.0,60.0,1.0,,,
A_CUST118896,account,CUST118896,65.0,65.0,1.0,,,
A_CUST118901,account,CUST118901,60.0,60.0,1.0,,,
A_CUST118902,account,CUST118902,70.0,70.0,1.0,,,
A_CUST118905,account,CUST118905,65.0,70.0,2.0,,,
A_CUST118907,account,CUST118907,60.0,60.0,1.0,,,
A_CUST118909,account,CUST118909,80.0,80.0,1.0,,,
A_CUST118915,account,CUST118915,75.0,75.0,1.0,,,
A_CUST118917,account,CUST118917,60.0,60.0,1.0,,,
A_CUST118921,account,CUST118921,65.0,70.0,2.0,,,
A_CUST118922,account,CUST118922,60.0,60.0,2.0,,,
A_CUST118926,account,CUST118926,65.0,65.0,1.0,,,
A_CUST118927,account,CUST118927,65.0,70.0,2.0,,,
A_CUST118928,account,CUST118928,60.0,60.0,1.0,,,
A_CUST118931,account,CUST118931,68.8,85.0,8.0,,,
A_CUST118934,account,CUST118934,63.8,75.0,4.0,,,
A_CUST118936,account,CUST118936,65.0,65.0,1.0,,,
A_CUST118939,account,CUST118939,60.0,60.0,1.0,,,
A_CUST118942,account,CUST118942,60.0,60.0,2.0,,,
A_CUST118949,account,CUST118949,85.0,85.0,1.0,,,
A_CUST118950,account,CUST118950,70.0,80.0,3.0,,,
A_CUST118953,account,CUST118953,75.0,80.0,2.0,,,
A_CUST118956,account,CUST118956,60.0,60.0,1.0,,,
A_CUST118963,account,CUST118963,70.0,70.0,1.0,,,
A_CUST118964,account,CUST118964,60.0,60.0,1.0,,,
A_CUST118968,account,CUST118968,72.5,80.0,2.0,,,
A_CUST118969,account,CUST118969,60.0,60.0,1.0,,,
A_CUST118971,account,CUST118971,60.0,60.0,1.0,,,
A_CUST118974,account,CUST118974,65.0,65.0,1.0,,,
A_CUST118975,account,CUST118975,65.0,65.0,1.0,,,
A_CUST118978,account,CUST118978,70.0,70.0,1.0,,,
A_CUST118980,account,CUST118980,73.3,80.0,3.0,,,
A_CUST118981,account,CUST118981,67.5,75.0,2.0,,,
A_CUST118987,account,CUST118987,66.7,70.0,3.0,,,
A_CUST118988,account,CUST118988,70.0,70.0,1.0,,,
A_CUST118994,account,CUST118994,60.0,60.0,1.0,,,
A_CUST118998,account,CUST118998,70.0,70.0,1.0,,,
A_CUST118999,account,CUST118999,65.0,65.0,1.0,,,
A_CUST119000,account,CUST119000,60.0,60.0,1.0,,,
A_CUST119003,account,CUST119003,60.0,60.0,1.0,,,
A_CUST119005,account,CUST119005,60.0,60.0,1.0,,,
A_CUST119006,account,CUST119006,83.0,100.0,5.0,,,
A_CUST119007,account,CUST119007,85.0,85.0,1.0,,,
A_CUST119014,account,CUST119014,70.0,70.0,1.0,,,
A_CUST119024,account,CUST119024,70.0,70.0,1.0,,,
A_CUST119034,account,CUST119034,67.5,70.0,2.0,,,
A_CUST119038,account,CUST119038,100.0,100.0,1.0,,,
A_CUST119045,account,CUST119045,82.5,85.0,2.0,,,
A_CUST119047,account,CUST119047,70.0,70.0,2.0,,,
A_CUST119052,account,CUST119052,65.0,65.0,1.0,,,
A_CUST119055,account,CUST119055,65.0,65.0,1.0,,,
A_CUST119065,account,CUST119065,80.0,80.0,1.0,,,
A_CUST119067,account,CUST119067,80.0,80.0,1.0,,,
A_CUST119068,account,CUST119068,75.0,75.0,1.0,,,
A_CUST119069,account,CUST119069,65.0,65.0,1.0,,,
A_CUST119070,account,CUST119070,60.0,60.0,1.0,,,
A_CUST119071,account,CUST119071,72.5,80.0,2.0,,,
A_CUST119073,account,CUST119073,60.0,60.0,1.0,,,
A_CUST119075,account,CUST119075,70.0,70.0,1.0,,,
A_CUST119076,account,CUST119076,60.0,60.0,1.0,,,
A_CUST119079,account,CUST119079,70.0,70.0,1.0,,,
A_CUST119081,account,CUST119081,70.0,70.0,1.0,,,
A_CUST119088,account,CUST119088,67.5,70.0,2.0,,,
A_CUST119090,account,CUST119090,80.0,80.0,1.0,,,
A_CUST119091,account,CUST119091,60.0,60.0,2.0,,,
A_CUST119095,account,CUST119095,62.5,65.0,2.0,,,
A_CUST119097,account,CUST119097,60.0,60.0,3.0,,,
A_CUST119100,account,CUST119100,65.0,65.0,1.0,,,
A_CUST119101,account,CUST119101,70.0,70.0,1.0,,,
A_CUST119103,account,CUST119103,60.0,60.0,1.0,,,
A_CUST119106,account,CUST119106,70.0,70.0,1.0,,,
A_CUST119112,account,CUST119112,70.0,70.0,1.0,,,
A_CUST119113,account,CUST119113,65.0,65.0,1.0,,,
A_CUST119119,account,CUST119119,60.0,60.0,1.0,,,
A_CUST119125,account,CUST119125,60.0,60.0,2.0,,,
A_CUST119127,account,CUST119127,63.3,70.0,3.0,,,
A_CUST119129,account,CUST119129,60.0,60.0,2.0,,,
A_CUST119131,account,CUST119131,70.0,70.0,1.0,,,
A_CUST119133,account,CUST119133,60.0,60.0,1.0,,,
A_CUST119138,account,CUST119138,60.0,60.0,2.0,,,
A_CUST119143,account,CUST119143,60.0,60.0,1.0,,,
A_CUST119144,account,CUST119144,68.8,85.0,4.0,,,
A_CUST119145,account,CUST119145,60.0,60.0,1.0,,,
A_CUST119150,account,CUST119150,70.0,70.0,1.0,,,
A_CUST119154,account,CUST119154,60.0,60.0,1.0,,,
A_CUST119160,account,CUST119160,70.0,70.0,1.0,,,
A_CUST119161,account,CUST119161,60.0,60.0,2.0,,,
A_CUST119164,account,CUST119164,60.0,60.0,1.0,,,
A_CUST119165,account,CUST119165,61.7,65.0,3.0,,,
A_CUST119166,account,CUST119166,60.0,60.0,2.0,,,
A_CUST119167,account,CUST119167,70.0,70.0,1.0,,,
A_CUST119170,account,CUST119170,60.0,60.0,1.0,,,
A_CUST119175,account,CUST119175,65.0,65.0,1.0,,,
A_CUST119178,account,CUST119178,70.0,70.0,1.0,,,
A_CUST119179,account,CUST119179,60.0,60.0,1.0,,,
A_CUST119180,account,CUST119180,85.0,85.0,1.0,,,
A_CUST119181,account,CUST119181,60.0,60.0,1.0,,,
A_CUST119182,account,CUST119182,60.0,60.0,1.0,,,
A_CUST119183,account,CUST119183,70.0,80.0,2.0,,,
A_CUST119193,account,CUST119193,70.0,70.0,1.0,,,
A_CUST119198,account,CUST119198,65.0,65.0,1.0,,,
A_CUST119199,account,CUST119199,70.0,70.0,1.0,,,
A_CUST119207,account,CUST119207,70.0,70.0,1.0,,,
A_CUST119210,account,CUST119210,71.2,80.0,4.0,,,
A_CUST119214,account,CUST119214,60.0,60.0,1.0,,,
A_CUST119216,account,CUST119216,75.0,75.0,1.0,,,
A_CUST119219,account,CUST119219,80.0,80.0,1.0,,,
A_CUST119221,account,CUST119221,65.0,65.0,1.0,,,
A_CUST119225,account,CUST119225,70.0,70.0,1.0,,,
A_CUST119227,account,CUST119227,60.0,60.0,1.0,,,
A_CUST119237,account,CUST119237,70.0,70.0,1.0,,,
A_CUST119239,account,CUST119239,70.0,70.0,1.0,,,
A_CUST119246,account,CUST119246,60.0,60.0,1.0,,,
A_CUST119248,account,CUST119248,60.0,60.0,1.0,,,
A_CUST119250,account,CUST119250,70.0,70.0,1.0,,,
A_CUST119252,account,CUST119252,72.5,85.0,2.0,,,
A_CUST119253,account,CUST119253,80.0,80.0,1.0,,,
A_CUST119259,account,CUST119259,65.0,70.0,2.0,,,
A_CUST119262,account,CUST119262,62.5,70.0,4.0,,,
A_CUST119270,account,CUST119270,60.0,60.0,1.0,,,
A_CUST119272,account,CUST119272,68.3,75.0,3.0,,,
A_CUST119273,account,CUST119273,70.0,70.0,1.0,,,
A_CUST119284,account,CUST119284,63.3,70.0,3.0,,,
A_CUST119289,account,CUST119289,65.0,70.0,2.0,,,
A_CUST119292,account,CUST119292,65.0,75.0,3.0,,,
A_CUST119298,account,CUST119298,60.0,60.0,2.0,,,
A_CUST119300,account,CUST119300,65.0,75.0,3.0,,,
A_CUST119301,account,CUST119301,80.0,80.0,1.0,,,
A_CUST119307,account,CUST119307,65.0,65.0,1.0,,,
A_CUST119318,account,CUST119318,65.0,65.0,1.0,,,
A_CUST119319,account,CUST119319,62.5,65.0,2.0,,,
A_CUST119326,account,CUST119326,70.0,70.0,1.0,,,
A_CUST119327,account,CUST119327,65.0,70.0,2.0,,,
A_CUST119330,account,CUST119330,60.0,60.0,1.0,,,
A_CUST119335,account,CUST119335,65.0,65.0,1.0,,,
A_CUST119342,account,CUST119342,60.0,60.0,1.0,,,
A_CUST119351,account,CUST119351,80.0,80.0,2.0,,,
A_CUST119354,account,CUST119354,60.0,60.0,2.0,,,
A_CUST119356,account,CUST119356,65.0,65.0,1.0,,,
A_CUST119360,account,CUST119360,61.7,65.0,3.0,,,
A_CUST119361,account,CUST119361,60.0,60.0,1.0,,,
A_CUST119363,account,CUST119363,72.5,75.0,2.0,,,
A_CUST119369,account,CUST119369,70.0,70.0,1.0,,,
A_CUST119372,account,CUST119372,60.0,60.0,1.0,,,
A_CUST119374,account,CUST119374,70.0,70.0,1.0,,,
A_CUST119378,account,CUST119378,67.5,70.0,2.0,,,
A_CUST119379,account,CUST119379,60.0,60.0,1.0,,,
A_CUST119380,account,CUST119380,60.0,60.0,1.0,,,
A_CUST119391,account,CUST119391,60.0,60.0,1.0,,,
A_CUST119396,account,CUST119396,70.0,70.0,1.0,,,
A_CUST119397,account,CUST119397,60.0,60.0,1.0,,,
A_CUST119399,account,CUST119399,60.0,60.0,1.0,,,
A_CUST119402,account,CUST119402,60.0,60.0,1.0,,,
A_CUST119405,account,CUST119405,85.0,85.0,1.0,,,
A_CUST119406,account,CUST119406,70.0,70.0,1.0,,,
A_CUST119409,account,CUST119409,63.3,70.0,3.0,,,
A_CUST119412,account,CUST119412,60.0,60.0,1.0,,,
A_CUST119413,account,CUST119413,60.0,60.0,2.0,,,
A_CUST119423,account,CUST119423,60.0,60.0,1.0,,,
A_CUST119436,account,CUST119436,67.5,75.0,2.0,,,
A_CUST119437,account,CUST119437,60.0,60.0,1.0,,,
A_CUST119438,account,CUST119438,98.3,100.0,3.0,,,
A_CUST119440,account,CUST119440,70.0,70.0,1.0,,,
A_CUST119445,account,CUST119445,60.0,60.0,2.0,,,
A_CUST119450,account,CUST119450,75.0,75.0,1.0,,,
A_CUST119452,account,CUST119452,65.0,70.0,2.0,,,
A_CUST119454,account,CUST119454,60.0,60.0,1.0,,,
A_CUST119456,account,CUST119456,60.0,60.0,1.0,,,
A_CUST119458,account,CUST119458,60.0,60.0,3.0,,,
A_CUST119461,account,CUST119461,80.0,80.0,1.0,,,
A_CUST119465,account,CUST119465,60.0,60.0,1.0,,,
A_CUST119468,account,CUST119468,80.0,80.0,1.0,,,
A_CUST119476,account,CUST119476,65.0,65.0,1.0,,,
A_CUST119477,account,CUST119477,66.7,70.0,3.0,,,
A_CUST119481,account,CUST119481,60.0,60.0,1.0,,,
A_CUST119485,account,CUST119485,60.0,60.0,1.0,,,
A_CUST119486,account,CUST119486,65.0,65.0,1.0,,,
A_CUST119487,account,CUST119487,65.0,65.0,1.0,,,
A_CUST119489,account,CUST119489,70.0,70.0,1.0,,,
A_CUST119491,account,CUST119491,70.0,70.0,1.0,,,
A_CUST119492,account,CUST119492,82.5,85.0,2.0,,,
A_CUST119494,account,CUST119494,78.3,100.0,3.0,,,
A_CUST119498,account,CUST119498,71.7,80.0,3.0,,,
A_CUST119499,account,CUST119499,60.0,60.0,1.0,,,
A_CUST119502,account,CUST119502,60.0,60.0,1.0,,,
A_CUST119506,account,CUST119506,75.0,80.0,2.0,,,
A_CUST119507,account,CUST119507,85.0,85.0,1.0,,,
A_CUST119512,account,CUST119512,67.5,70.0,2.0,,,
A_CUST119514,account,CUST119514,60.0,60.0,1.0,,,
A_CUST119516,account,CUST119516,60.0,60.0,1.0,,,
A_CUST119517,account,CUST119517,60.0,60.0,1.0,,,
A_CUST119518,account,CUST119518,70.0,70.0,1.0,,,
A_CUST119519,account,CUST119519,62.5,65.0,2.0,,,
A_CUST119522,account,CUST119522,60.0,60.0,1.0,,,
A_CUST119524,account,CUST119524,70.0,70.0,1.0,,,
A_CUST119525,account,CUST119525,60.0,60.0,1.0,,,
A_CUST119527,account,CUST119527,75.0,75.0,1.0,,,
A_CUST119529,account,CUST119529,60.0,60.0,1.0,,,
A_CUST119532,account,CUST119532,70.0,70.0,1.0,,,
A_CUST119537,account,CUST119537,70.0,70.0,1.0,,,
A_CUST119543,account,CUST119543,60.0,60.0,1.0,,,
A_CUST119545,account,CUST119545,60.0,60.0,2.0,,,
A_CUST119548,account,CUST119548,60.0,60.0,1.0,,,
A_CUST119550,account,CUST119550,65.0,65.0,2.0,,,
A_CUST119553,account,CUST119553,60.0,60.0,1.0,,,
A_CUST119554,account,CUST119554,65.0,65.0,1.0,,,
A_CUST119558,account,CUST119558,85.0,85.0,1.0,,,
A_CUST119559,account,CUST119559,70.0,70.0,1.0,,,
A_CUST119562,account,CUST119562,70.0,70.0,1.0,,,
A_CUST119566,account,CUST119566,60.0,60.0,1.0,,,
A_CUST119567,account,CUST119567,60.0,60.0,2.0,,,
A_CUST119583,account,CUST119583,60.0,60.0,1.0,,,
A_CUST119589,account,CUST119589,80.0,80.0,1.0,,,
A_CUST119590,account,CUST119590,65.0,65.0,1.0,,,
A_CUST119591,account,CUST119591,70.0,70.0,1.0,,,
A_CUST119593,account,CUST119593,60.0,60.0,1.0,,,
A_CUST119594,account,CUST119594,67.5,75.0,4.0,,,
A_CUST119596,account,CUST119596,60.0,60.0,1.0,,,
A_CUST119599,account,CUST119599,60.0,60.0,1.0,,,
A_CUST119602,account,CUST119602,66.7,75.0,3.0,,,
A_CUST119603,account,CUST119603,70.0,70.0,1.0,,,
A_CUST119604,account,CUST119604,70.0,80.0,2.0,,,
A_CUST119607,account,CUST119607,70.0,70.0,1.0,,,
A_CUST119616,account,CUST119616,60.0,60.0,1.0,,,
A_CUST119618,account,CUST119618,65.0,70.0,2.0,,,
A_CUST119619,account,CUST119619,61.7,65.0,3.0,,,
A_CUST119622,account,CUST119622,66.7,70.0,3.0,,,
A_CUST119623,account,CUST119623,70.0,70.0,1.0,,,
A_CUST119625,account,CUST119625,63.3,65.0,3.0,,,
A_CUST119628,account,CUST119628,70.0,70.0,1.0,,,
A_CUST119631,account,CUST119631,65.0,70.0,2.0,,,
A_CUST119640,account,CUST119640,65.0,75.0,3.0,,,
A_CUST119648,account,CUST119648,60.0,60.0,1.0,,,
A_CUST119649,account,CUST119649,65.0,65.0,2.0,,,
A_CUST119650,account,CUST119650,66.7,80.0,3.0,,,
A_CUST119651,account,CUST119651,60.0,60.0,2.0,,,
A_CUST119656,account,CUST119656,70.0,70.0,1.0,,,
A_CUST119659,account,CUST119659,65.0,70.0,2.0,,,
A_CUST119662,account,CUST119662,60.0,60.0,1.0,,,
A_CUST119663,account,CUST119663,60.0,60.0,1.0,,,
A_CUST119666,account,CUST119666,60.0,60.0,1.0,,,
A_CUST119667,account,CUST119667,60.0,60.0,1.0,,,
A_CUST119671,account,CUST119671,70.0,70.0,1.0,,,
A_CUST119674,account,CUST119674,60.0,60.0,1.0,,,
A_CUST119675,account,CUST119675,65.0,65.0,1.0,,,
A_CUST119679,account,CUST119679,63.0,70.0,5.0,,,
A_CUST119680,account,CUST119680,80.0,80.0,1.0,,,
A_CUST119681,account,CUST119681,60.0,60.0,1.0,,,
A_CUST119685,account,CUST119685,68.3,80.0,3.0,,,
A_CUST119688,account,CUST119688,76.2,100.0,4.0,,,
A_CUST119697,account,CUST119697,75.0,75.0,1.0,,,
A_CUST119698,account,CUST119698,66.7,80.0,3.0,,,
A_CUST119702,account,CUST119702,65.0,65.0,1.0,,,
A_CUST119703,account,CUST119703,65.0,65.0,1.0,,,
A_CUST119722,account,CUST119722,72.5,95.0,6.0,,,
A_CUST119724,account,CUST119724,70.0,70.0,1.0,,,
A_CUST119727,account,CUST119727,60.0,60.0,1.0,,,
A_CUST119731,account,CUST119731,60.0,60.0,2.0,,,
A_CUST119732,account,CUST119732,60.0,60.0,1.0,,,
A_CUST119734,account,CUST119734,60.0,60.0,1.0,,,
A_CUST119735,account,CUST119735,78.3,95.0,3.0,,,
A_CUST119742,account,CUST119742,65.0,65.0,1.0,,,
A_CUST119743,account,CUST119743,60.0,60.0,2.0,,,
A_CUST119744,account,CUST119744,60.0,60.0,2.0,,,
A_CUST119749,account,CUST119749,60.0,60.0,1.0,,,
A_CUST119751,account,CUST119751,75.0,90.0,2.0,,,
A_CUST119752,account,CUST119752,65.0,65.0,1.0,,,
A_CUST119754,account,CUST119754,75.0,75.0,1.0,,,
A_CUST119756,account,CUST119756,85.0,85.0,1.0,,,
A_CUST119759,account,CUST119759,70.0,70.0,1.0,,,
A_CUST119762,account,CUST119762,85.0,85.0,1.0,,,
A_CUST119765,account,CUST119765,70.0,70.0,1.0,,,
A_CUST119769,account,CUST119769,60.0,60.0,1.0,,,
A_CUST119770,account,CUST119770,65.0,70.0,3.0,,,
A_CUST119775,account,CUST119775,60.0,60.0,2.0,,,
A_CUST119780,account,CUST119780,60.0,60.0,1.0,,,
A_CUST119784,account,CUST119784,60.0,60.0,1.0,,,
A_CUST119785,account,CUST119785,70.0,70.0,1.0,,,
A_CUST119787,account,CUST119787,70.0,70.0,1.0,,,
A_CUST119791,account,CUST119791,60.0,60.0,1.0,,,
A_CUST119795,account,CUST119795,70.0,70.0,1.0,,,
A_CUST119796,account,CUST119796,85.0,85.0,1.0,,,
A_CUST119800,account,CUST119800,60.0,60.0,1.0,,,
A_CUST119804,account,CUST119804,60.0,60.0,1.0,,,
A_CUST119805,account,CUST119805,65.0,70.0,2.0,,,
A_CUST119807,account,CUST119807,60.0,60.0,1.0,,,
A_CUST119808,account,CUST119808,70.0,70.0,1.0,,,
A_CUST119811,account,CUST119811,60.0,60.0,2.0,,,
A_CUST119813,account,CUST119813,60.0,60.0,1.0,,,
A_CUST119819,account,CUST119819,60.0,60.0,1.0,,,
A_CUST119821,account,CUST119821,70.0,70.0,1.0,,,
A_CUST119823,account,CUST119823,85.0,85.0,1.0,,,
A_CUST119827,account,CUST119827,65.0,70.0,2.0,,,
A_CUST119831,account,CUST119831,60.0,60.0,1.0,,,
A_CUST119832,account,CUST119832,60.0,60.0,1.0,,,
A_CUST119834,account,CUST119834,65.0,70.0,2.0,,,
A_CUST119835,account,CUST119835,70.0,80.0,2.0,,,
A_CUST119841,account,CUST119841,60.0,60.0,2.0,,,
A_CUST119842,account,CUST119842,65.0,70.0,2.0,,,
A_CUST119846,account,CUST119846,70.0,70.0,1.0,,,
A_CUST119848,account,CUST119848,77.5,85.0,4.0,,,
A_CUST119851,account,CUST119851,85.0,85.0,1.0,,,
A_CUST119857,account,CUST119857,60.0,60.0,1.0,,,
A_CUST119878,account,CUST119878,75.0,75.0,2.0,,,
A_CUST119881,account,CUST119881,60.0,60.0,1.0,,,
A_CUST119883,account,CUST119883,73.3,90.0,3.0,,,
A_CUST119887,account,CUST119887,60.0,60.0,1.0,,,
A_CUST119889,account,CUST119889,70.0,80.0,2.0,,,
A_CUST119895,account,CUST119895,65.0,65.0,1.0,,,
A_CUST119896,account,CUST119896,60.0,60.0,1.0,,,
A_CUST119898,account,CUST119898,65.0,70.0,2.0,,,
A_CUST119900,account,CUST119900,70.0,80.0,2.0,,,
A_CUST119903,account,CUST119903,63.3,70.0,3.0,,,
A_CUST119906,account,CUST119906,60.0,60.0,1.0,,,
A_CUST119907,account,CUST119907,60.0,60.0,1.0,,,
A_CUST119908,account,CUST119908,85.0,85.0,1.0,,,
A_CUST119916,account,CUST119916,68.3,75.0,3.0,,,
A_CUST119918,account,CUST119918,60.0,60.0,1.0,,,
A_CUST119922,account,CUST119922,75.0,75.0,1.0,,,
A_CUST119926,account,CUST119926,70.0,70.0,1.0,,,
A_CUST119927,account,CUST119927,80.0,90.0,2.0,,,
A_CUST119930,account,CUST119930,65.0,65.0,1.0,,,
A_CUST119932,account,CUST119932,60.0,60.0,1.0,,,
A_CUST119937,account,CUST119937,71.0,85.0,5.0,,,
A_CUST119938,account,CUST119938,70.0,70.0,1.0,,,
A_CUST119943,account,CUST119943,60.0,60.0,4.0,,,
A_CUST119945,account,CUST119945,70.0,70.0,1.0,,,
A_CUST119951,account,CUST119951,65.0,65.0,1.0,,,
A_CUST119954,account,CUST119954,70.0,80.0,3.0,,,
A_CUST119958,account,CUST119958,75.0,75.0,1.0,,,
A_CUST119967,account,CUST119967,65.0,65.0,1.0,,,
A_CUST119968,account,CUST119968,60.0,60.0,1.0,,,
A_CUST119972,account,CUST119972,66.2,80.0,4.0,,,
A_CUST119973,account,CUST119973,60.0,60.0,1.0,,,
A_CUST119981,account,CUST119981,70.0,85.0,3.0,,,
A_CUST119985,account,CUST119985,60.0,60.0,1.0,,,
A_CUST119990,account,CUST119990,65.0,70.0,2.0,,,
A_CUST119992,account,CUST119992,65.0,70.0,2.0,,,
A_CUST119993,account,CUST119993,60.0,60.0,1.0,,,
A_CUST119995,account,CUST119995,60.0,60.0,1.0,,,
A_CUST119998,account,CUST119998,70.0,70.0,2.0,,,
A_CUST120001,account,CUST120001,60.0,60.0,2.0,,,
A_CUST120007,account,CUST120007,60.0,60.0,1.0,,,
A_CUST120008,account,CUST120008,60.0,60.0,1.0,,,
A_CUST120013,account,CUST120013,65.0,65.0,1.0,,,
A_CUST120016,account,CUST120016,65.0,65.0,1.0,,,
A_CUST120018,account,CUST120018,67.5,70.0,4.0,,,
A_CUST120020,account,CUST120020,60.0,60.0,1.0,,,
A_CUST120025,account,CUST120025,75.0,75.0,1.0,,,
A_CUST120027,account,CUST120027,61.7,65.0,3.0,,,
A_CUST120036,account,CUST120036,60.0,60.0,1.0,,,
A_CUST120041,account,CUST120041,70.0,70.0,1.0,,,
A_CUST120042,account,CUST120042,70.0,70.0,1.0,,,
A_CUST120043,account,CUST120043,60.0,60.0,1.0,,,
A_CUST120051,account,CUST120051,60.0,60.0,1.0,,,
A_CUST120052,account,CUST120052,75.0,80.0,2.0,,,
A_CUST120054,account,CUST120054,77.5,85.0,2.0,,,
A_CUST120055,account,CUST120055,65.0,65.0,1.0,,,
A_CUST120062,account,CUST120062,66.2,75.0,4.0,,,
A_CUST120063,account,CUST120063,60.0,60.0,1.0,,,
A_CUST120067,account,CUST120067,60.0,60.0,1.0,,,
A_CUST120074,account,CUST120074,70.0,70.0,1.0,,,
A_CUST120076,account,CUST120076,65.0,65.0,1.0,,,
A_CUST120077,account,CUST120077,65.0,70.0,2.0,,,
A_CUST120085,account,CUST120085,75.0,75.0,1.0,,,
A_CUST120095,account,CUST120095,75.0,85.0,3.0,,,
A_CUST120097,account,CUST120097,60.0,60.0,1.0,,,
A_CUST120105,account,CUST120105,67.5,75.0,2.0,,,
A_CUST120108,account,CUST120108,60.0,60.0,1.0,,,
A_CUST120109,account,CUST120109,75.0,75.0,1.0,,,
A_CUST120117,account,CUST120117,65.0,70.0,2.0,,,
A_CUST120118,account,CUST120118,60.0,60.0,1.0,,,
A_CUST120120,account,CUST120120,75.0,75.0,1.0,,,
A_CUST120123,account,CUST120123,66.7,70.0,3.0,,,
A_CUST120124,account,CUST120124,62.5,65.0,2.0,,,
A_CUST120128,account,CUST120128,60.0,60.0,1.0,,,
A_CUST120134,account,CUST120134,70.0,70.0,1.0,,,
A_CUST120138,account,CUST120138,65.0,70.0,2.0,,,
A_CUST120150,account,CUST120150,66.7,70.0,3.0,,,
A_CUST120151,account,CUST120151,80.0,80.0,1.0,,,
A_CUST120152,account,CUST120152,70.0,70.0,1.0,,,
A_CUST120155,account,CUST120155,60.0,60.0,1.0,,,
A_CUST120158,account,CUST120158,60.0,60.0,1.0,,,
A_CUST120164,account,CUST120164,60.0,60.0,1.0,,,
A_CUST120165,account,CUST120165,62.5,65.0,2.0,,,
A_CUST120171,account,CUST120171,70.0,70.0,1.0,,,
A_CUST120172,account,CUST120172,63.3,70.0,3.0,,,
A_CUST120174,account,CUST120174,70.0,70.0,1.0,,,
A_CUST120176,account,CUST120176,60.0,60.0,1.0,,,
A_CUST120186,account,CUST120186,60.0,60.0,1.0,,,
A_CUST120187,account,CUST120187,60.0,60.0,1.0,,,
A_CUST120188,account,CUST120188,68.3,85.0,3.0,,,
A_CUST120206,account,CUST120206,62.5,65.0,2.0,,,
A_CUST120207,account,CUST120207,62.5,65.0,2.0,,,
A_CUST120213,account,CUST120213,60.0,60.0,1.0,,,
A_CUST120218,account,CUST120218,70.0,70.0,1.0,,,
A_CUST120220,account,CUST120220,60.0,60.0,2.0,,,
A_CUST120221,account,CUST120221,72.5,85.0,2.0,,,
A_CUST120224,account,CUST120224,60.0,60.0,2.0,,,
A_CUST120225,account,CUST120225,60.0,60.0,1.0,,,
A_CUST120238,account,CUST120238,65.0,65.0,1.0,,,
A_CUST120239,account,CUST120239,72.5,75.0,2.0,,,
A_CUST120243,account,CUST120243,72.5,80.0,2.0,,,
A_CUST120247,account,CUST120247,60.0,60.0,1.0,,,
A_CUST120250,account,CUST120250,72.5,75.0,2.0,,,
A_CUST120252,account,CUST120252,80.0,80.0,1.0,,,
A_CUST120255,account,CUST120255,65.0,70.0,2.0,,,
A_CUST120256,account,CUST120256,70.0,70.0,1.0,,,
A_CUST120257,account,CUST120257,65.0,65.0,1.0,,,
A_CUST120258,account,CUST120258,60.0,60.0,1.0,,,
A_CUST120259,account,CUST120259,70.0,70.0,1.0,,,
A_CUST120270,account,CUST120270,70.0,80.0,2.0,,,
A_CUST120274,account,CUST120274,62.5,65.0,2.0,,,
A_CUST120281,account,CUST120281,70.0,70.0,1.0,,,
A_CUST120282,account,CUST120282,67.5,70.0,2.0,,,
A_CUST120284,account,CUST120284,75.0,75.0,1.0,,,
A_CUST120285,account,CUST120285,70.0,70.0,1.0,,,
A_CUST120289,account,CUST120289,65.0,65.0,1.0,,,
A_CUST120290,account,CUST120290,60.0,60.0,1.0,,,
A_CUST120293,account,CUST120293,67.5,75.0,2.0,,,
A_CUST120294,account,CUST120294,75.0,75.0,1.0,,,
A_CUST120296,account,CUST120296,65.0,70.0,2.0,,,
A_CUST120297,account,CUST120297,65.0,70.0,2.0,,,
A_CUST120300,account,CUST120300,70.0,70.0,1.0,,,
A_CUST120304,account,CUST120304,60.0,60.0,1.0,,,
A_CUST120306,account,CUST120306,60.0,60.0,1.0,,,
A_CUST120314,account,CUST120314,63.3,70.0,3.0,,,
A_CUST120315,account,CUST120315,75.0,75.0,1.0,,,
A_CUST120317,account,CUST120317,60.0,60.0,1.0,,,
A_CUST120325,account,CUST120325,60.0,60.0,1.0,,,
A_CUST120326,account,CUST120326,70.0,70.0,1.0,,,
A_CUST120328,account,CUST120328,65.0,65.0,2.0,,,
A_CUST120336,account,CUST120336,70.0,70.0,1.0,,,
A_CUST120339,account,CUST120339,75.0,75.0,1.0,,,
A_CUST120345,account,CUST120345,63.8,75.0,4.0,,,
A_CUST120346,account,CUST120346,65.0,65.0,1.0,,,
A_CUST120350,account,CUST120350,60.0,60.0,2.0,,,
A_CUST120357,account,CUST120357,65.0,65.0,1.0,,,
A_CUST120364,account,CUST120364,60.0,60.0,1.0,,,
A_CUST120365,account,CUST120365,60.0,60.0,1.0,,,
A_CUST120366,account,CUST120366,65.0,65.0,1.0,,,
A_CUST120367,account,CUST120367,70.0,70.0,2.0,,,
A_CUST120368,account,CUST120368,60.0,60.0,1.0,,,
A_CUST120372,account,CUST120372,60.0,60.0,1.0,,,
A_CUST120376,account,CUST120376,80.0,85.0,2.0,,,
A_CUST120381,account,CUST120381,73.3,80.0,3.0,,,
A_CUST120403,account,CUST120403,60.0,60.0,1.0,,,
A_CUST120406,account,CUST120406,60.0,60.0,1.0,,,
A_CUST120414,account,CUST120414,70.0,70.0,1.0,,,
A_CUST120418,account,CUST120418,60.0,60.0,1.0,,,
A_CUST120426,account,CUST120426,65.0,70.0,2.0,,,
A_CUST120428,account,CUST120428,70.0,70.0,1.0,,,
A_CUST120435,account,CUST120435,70.0,70.0,1.0,,,
A_CUST120440,account,CUST120440,60.0,60.0,1.0,,,
A_CUST120448,account,CUST120448,60.0,60.0,1.0,,,
A_CUST120453,account,CUST120453,60.0,60.0,1.0,,,
A_CUST120454,account,CUST120454,60.0,60.0,2.0,,,
A_CUST120457,account,CUST120457,75.0,75.0,1.0,,,
A_CUST120458,account,CUST120458,60.0,60.0,1.0,,,
A_CUST120463,account,CUST120463,65.0,70.0,2.0,,,
A_CUST120466,account,CUST120466,67.5,70.0,2.0,,,
A_CUST120468,account,CUST120468,85.0,85.0,1.0,,,
A_CUST120469,account,CUST120469,60.0,60.0,2.0,,,
A_CUST120473,account,CUST120473,60.0,60.0,3.0,,,
A_CUST120474,account,CUST120474,60.0,60.0,1.0,,,
A_CUST120476,account,CUST120476,72.5,85.0,2.0,,,
A_CUST120480,account,CUST120480,75.0,75.0,1.0,,,
A_CUST120486,account,CUST120486,60.0,60.0,1.0,,,
A_CUST120487,account,CUST120487,70.0,70.0,1.0,,,
A_CUST120489,account,CUST120489,60.0,60.0,1.0,,,
A_CUST120493,account,CUST120493,60.0,60.0,1.0,,,
A_CUST120498,account,CUST120498,65.0,65.0,1.0,,,
A_CUST120499,account,CUST120499,60.0,60.0,1.0,,,
A_CUST120507,account,CUST120507,62.5,65.0,2.0,,,
A_CUST120513,account,CUST120513,65.0,65.0,1.0,,,
A_CUST120518,account,CUST120518,60.0,60.0,1.0,,,
A_CUST120519,account,CUST120519,85.0,100.0,2.0,,,
A_CUST120523,account,CUST120523,62.5,65.0,2.0,,,
A_CUST120537,account,CUST120537,60.0,60.0,1.0,,,
A_CUST120546,account,CUST120546,60.0,60.0,2.0,,,
A_CUST120550,account,CUST120550,85.0,85.0,1.0,,,
A_CUST120554,account,CUST120554,76.7,80.0,3.0,,,
A_CUST120557,account,CUST120557,61.7,65.0,3.0,,,
A_CUST120559,account,CUST120559,65.0,65.0,1.0,,,
A_CUST120564,account,CUST120564,73.3,100.0,3.0,,,
A_CUST120568,account,CUST120568,60.0,60.0,2.0,,,
A_CUST120574,account,CUST120574,71.7,85.0,3.0,,,
A_CUST120577,account,CUST120577,77.5,90.0,2.0,,,
A_CUST120580,account,CUST120580,62.0,70.0,5.0,,,
A_CUST120582,account,CUST120582,60.0,60.0,1.0,,,
A_CUST120587,account,CUST120587,70.0,70.0,1.0,,,
A_CUST120590,account,CUST120590,65.8,75.0,6.0,,,
A_CUST120606,account,CUST120606,86.7,100.0,3.0,,,
A_CUST120610,account,CUST120610,60.0,60.0,1.0,,,
A_CUST120613,account,CUST120613,72.5,85.0,2.0,,,
A_CUST120623,account,CUST120623,72.5,75.0,2.0,,,
A_CUST120630,account,CUST120630,60.0,60.0,1.0,,,
A_CUST120633,account,CUST120633,65.0,65.0,1.0,,,
A_CUST120637,account,CUST120637,60.0,60.0,1.0,,,
A_CUST120643,account,CUST120643,60.0,60.0,2.0,,,
A_CUST120644,account,CUST120644,66.7,70.0,3.0,,,
A_CUST120649,account,CUST120649,85.0,85.0,1.0,,,
A_CUST120650,account,CUST120650,80.0,80.0,1.0,,,
A_CUST120652,account,CUST120652,65.0,70.0,3.0,,,
A_CUST120656,account,CUST120656,65.0,70.0,3.0,,,
A_CUST120662,account,CUST120662,70.0,80.0,2.0,,,
A_CUST120663,account,CUST120663,65.0,65.0,1.0,,,
A_CUST120665,account,CUST120665,63.8,75.0,4.0,,,
A_CUST120669,account,CUST120669,60.0,60.0,1.0,,,
A_CUST120670,account,CUST120670,61.7,65.0,3.0,,,
A_CUST120672,account,CUST120672,70.0,70.0,1.0,,,
A_CUST120678,account,CUST120678,60.0,60.0,2.0,,,
A_CUST120679,account,CUST120679,70.0,70.0,1.0,,,
A_CUST120685,account,CUST120685,60.0,60.0,1.0,,,
A_CUST120688,account,CUST120688,65.0,65.0,1.0,,,
A_CUST120690,account,CUST120690,70.0,70.0,1.0,,,
A_CUST120693,account,CUST120693,60.0,60.0,4.0,,,
A_CUST120714,account,CUST120714,62.5,65.0,2.0,,,
A_CUST120718,account,CUST120718,60.0,60.0,1.0,,,
A_CUST120724,account,CUST120724,60.0,60.0,2.0,,,
A_CUST120726,account,CUST120726,60.0,60.0,1.0,,,
A_CUST120727,account,CUST120727,67.5,75.0,2.0,,,
A_CUST120730,account,CUST120730,70.0,70.0,1.0,,,
A_CUST120733,account,CUST120733,80.0,80.0,1.0,,,
A_CUST120736,account,CUST120736,63.3,70.0,3.0,,,
A_CUST120738,account,CUST120738,70.0,85.0,3.0,,,
A_CUST120751,account,CUST120751,60.0,60.0,1.0,,,
A_CUST120752,account,CUST120752,65.0,75.0,7.0,,,
A_CUST120754,account,CUST120754,60.0,60.0,1.0,,,
A_CUST120758,account,CUST120758,65.0,70.0,2.0,,,
A_CUST120762,account,CUST120762,62.5,65.0,2.0,,,
A_CUST120763,account,CUST120763,77.5,85.0,2.0,,,
A_CUST120770,account,CUST120770,60.0,60.0,1.0,,,
A_CUST120772,account,CUST120772,62.5,65.0,2.0,,,
A_CUST120784,account,CUST120784,60.0,60.0,1.0,,,
A_CUST120787,account,CUST120787,75.0,75.0,1.0,,,
A_CUST120793,account,CUST120793,60.0,60.0,1.0,,,
A_CUST120795,account,CUST120795,82.5,90.0,2.0,,,
A_CUST120799,account,CUST120799,70.0,70.0,1.0,,,
A_CUST120803,account,CUST120803,80.0,85.0,2.0,,,
A_CUST120811,account,CUST120811,60.0,60.0,1.0,,,
A_CUST120814,account,CUST120814,60.0,60.0,2.0,,,
A_CUST120816,account,CUST120816,60.0,60.0,1.0,,,
A_CUST120823,account,CUST120823,60.0,60.0,2.0,,,
A_CUST120834,account,CUST120834,90.8,100.0,6.0,,,
A_CUST120840,account,CUST120840,71.7,85.0,3.0,,,
A_CUST120844,account,CUST120844,70.0,70.0,1.0,,,
A_CUST120846,account,CUST120846,77.5,85.0,2.0,,,
A_CUST120849,account,CUST120849,61.7,65.0,3.0,,,
A_CUST120850,account,CUST120850,63.3,70.0,3.0,,,
A_CUST120853,account,CUST120853,75.0,75.0,1.0,,,
A_CUST120857,account,CUST120857,65.0,70.0,2.0,,,
A_CUST120860,account,CUST120860,65.0,70.0,2.0,,,
A_CUST120862,account,CUST120862,70.0,70.0,1.0,,,
A_CUST120868,account,CUST120868,60.0,60.0,1.0,,,
A_CUST120882,account,CUST120882,77.5,95.0,4.0,,,
A_CUST120885,account,CUST120885,60.0,60.0,1.0,,,
A_CUST120890,account,CUST120890,70.0,70.0,1.0,,,
A_CUST120891,account,CUST120891,65.0,70.0,2.0,,,
A_CUST120905,account,CUST120905,60.0,60.0,2.0,,,
A_CUST120914,account,CUST120914,60.0,60.0,1.0,,,
A_CUST120916,account,CUST120916,60.0,60.0,1.0,,,
A_CUST120917,account,CUST120917,60.0,60.0,1.0,,,
A_CUST120918,account,CUST120918,65.0,65.0,1.0,,,
A_CUST120919,account,CUST120919,95.0,100.0,3.0,,,
A_CUST120920,account,CUST120920,60.0,60.0,1.0,,,
A_CUST120927,account,CUST120927,65.0,70.0,2.0,,,
A_CUST120928,account,CUST120928,60.0,60.0,1.0,,,
A_CUST120931,account,CUST120931,68.0,90.0,5.0,,,
A_CUST120933,account,CUST120933,70.0,70.0,1.0,,,
A_CUST120941,account,CUST120941,65.0,70.0,2.0,,,
A_CUST120942,account,CUST120942,66.7,70.0,3.0,,,
A_CUST120946,account,CUST120946,67.5,70.0,2.0,,,
A_CUST120949,account,CUST120949,65.0,65.0,1.0,,,
A_CUST120955,account,CUST120955,70.0,70.0,1.0,,,
A_CUST120956,account,CUST120956,66.7,70.0,3.0,,,
A_CUST120957,account,CUST120957,60.0,60.0,1.0,,,
A_CUST120964,account,CUST120964,65.0,65.0,1.0,,,
A_CUST120968,account,CUST120968,60.0,60.0,1.0,,,
A_CUST120969,account,CUST120969,80.0,80.0,1.0,,,
A_CUST120970,account,CUST120970,63.8,75.0,4.0,,,
A_CUST120975,account,CUST120975,60.0,60.0,1.0,,,
A_CUST120979,account,CUST120979,60.0,60.0,1.0,,,
A_CUST120982,account,CUST120982,60.0,60.0,1.0,,,
A_CUST120985,account,CUST120985,60.0,60.0,1.0,,,
A_CUST120992,account,CUST120992,60.0,60.0,2.0,,,
A_CUST120998,account,CUST120998,71.7,80.0,3.0,,,
A_CUST121000,account,CUST121000,60.0,60.0,1.0,,,
A_CUST121001,account,CUST121001,67.5,70.0,2.0,,,
A_CUST121009,account,CUST121009,60.0,60.0,1.0,,,
A_CUST121011,account,CUST121011,60.0,60.0,1.0,,,
A_CUST121012,account,CUST121012,80.0,80.0,1.0,,,
A_CUST121013,account,CUST121013,68.3,75.0,3.0,,,
A_CUST121014,account,CUST121014,71.0,75.0,5.0,,,
A_CUST121017,account,CUST121017,75.0,75.0,1.0,,,
A_CUST121018,account,CUST121018,77.5,85.0,4.0,,,
A_CUST121034,account,CUST121034,60.0,60.0,1.0,,,
A_CUST121035,account,CUST121035,60.0,60.0,1.0,,,
A_CUST121041,account,CUST121041,60.0,60.0,1.0,,,
A_CUST121043,account,CUST121043,70.0,70.0,1.0,,,
A_CUST121045,account,CUST121045,60.0,60.0,1.0,,,
A_CUST121058,account,CUST121058,70.0,80.0,2.0,,,
A_CUST121059,account,CUST121059,80.0,80.0,1.0,,,
A_CUST121068,account,CUST121068,60.0,60.0,1.0,,,
A_CUST121078,account,CUST121078,70.0,70.0,1.0,,,
A_CUST121079,account,CUST121079,70.0,70.0,1.0,,,
A_CUST121081,account,CUST121081,65.0,65.0,1.0,,,
A_CUST121084,account,CUST121084,76.7,80.0,3.0,,,
A_CUST121093,account,CUST121093,80.0,80.0,1.0,,,
A_CUST121096,account,CUST121096,60.0,60.0,1.0,,,
A_CUST121100,account,CUST121100,80.0,80.0,1.0,,,
A_CUST121107,account,CUST121107,60.0,60.0,1.0,,,
A_CUST121108,account,CUST121108,60.0,60.0,1.0,,,
A_CUST121111,account,CUST121111,70.0,70.0,1.0,,,
A_CUST121124,account,CUST121124,65.0,65.0,1.0,,,
A_CUST121125,account,CUST121125,70.0,70.0,1.0,,,
A_CUST121126,account,CUST121126,60.0,60.0,2.0,,,
A_CUST121131,account,CUST121131,75.0,75.0,1.0,,,
A_CUST121133,account,CUST121133,72.5,75.0,2.0,,,
A_CUST121136,account,CUST121136,60.0,60.0,1.0,,,
A_CUST121138,account,CUST121138,73.8,85.0,4.0,,,
A_CUST121139,account,CUST121139,70.0,75.0,3.0,,,
A_CUST121144,account,CUST121144,85.0,85.0,1.0,,,
A_CUST121154,account,CUST121154,68.8,80.0,4.0,,,
A_CUST121158,account,CUST121158,70.0,70.0,2.0,,,
A_CUST121160,account,CUST121160,70.0,70.0,1.0,,,
A_CUST121167,account,CUST121167,70.0,70.0,1.0,,,
A_CUST121178,account,CUST121178,70.0,70.0,1.0,,,
A_CUST121179,account,CUST121179,70.0,70.0,1.0,,,
A_CUST121184,account,CUST121184,65.0,70.0,2.0,,,
A_CUST121185,account,CUST121185,65.0,65.0,1.0,,,
A_CUST121187,account,CUST121187,65.0,65.0,1.0,,,
A_CUST121193,account,CUST121193,62.5,65.0,2.0,,,
A_CUST121198,account,CUST121198,65.0,65.0,1.0,,,
A_CUST121205,account,CUST121205,70.0,70.0,2.0,,,
A_CUST121208,account,CUST121208,60.0,60.0,1.0,,,
A_CUST121214,account,CUST121214,75.0,75.0,1.0,,,
A_CUST121221,account,CUST121221,60.0,60.0,1.0,,,
A_CUST121224,account,CUST121224,62.5,65.0,2.0,,,
A_CUST121229,account,CUST121229,60.0,60.0,1.0,,,
A_CUST121236,account,CUST121236,70.0,70.0,1.0,,,
A_CUST121239,account,CUST121239,65.0,65.0,1.0,,,
A_CUST121246,account,CUST121246,70.0,80.0,3.0,,,
A_CUST121249,account,CUST121249,62.5,65.0,2.0,,,
A_CUST121252,account,CUST121252,60.0,60.0,1.0,,,
A_CUST121256,account,CUST121256,60.0,60.0,1.0,,,
A_CUST121259,account,CUST121259,80.0,80.0,1.0,,,
A_CUST121263,account,CUST121263,67.5,70.0,2.0,,,
A_CUST121271,account,CUST121271,65.0,65.0,1.0,,,
A_CUST121277,account,CUST121277,60.0,60.0,1.0,,,
A_CUST121279,account,CUST121279,60.0,60.0,1.0,,,
A_CUST121281,account,CUST121281,65.0,65.0,1.0,,,
A_CUST121282,account,CUST121282,60.0,60.0,2.0,,,
A_CUST121285,account,CUST121285,60.0,60.0,3.0,,,
A_CUST121288,account,CUST121288,70.0,80.0,2.0,,,
A_CUST121291,account,CUST121291,70.0,70.0,1.0,,,
A_CUST121293,account,CUST121293,65.0,65.0,2.0,,,
A_CUST121294,account,CUST121294,60.0,60.0,1.0,,,
A_CUST121295,account,CUST121295,61.7,65.0,3.0,,,
A_CUST121296,account,CUST121296,60.0,60.0,1.0,,,
A_CUST121297,account,CUST121297,67.5,75.0,2.0,,,
A_CUST121299,account,CUST121299,67.5,70.0,2.0,,,
A_CUST121300,account,CUST121300,60.0,60.0,1.0,,,
A_CUST121301,account,CUST121301,60.0,60.0,1.0,,,
A_CUST121302,account,CUST121302,70.0,95.0,5.0,,,
A_CUST121305,account,CUST121305,60.0,60.0,1.0,,,
A_CUST121307,account,CUST121307,70.0,70.0,2.0,,,
A_CUST121312,account,CUST121312,60.0,60.0,1.0,,,
A_CUST121316,account,CUST121316,60.0,60.0,1.0,,,
A_CUST121318,account,CUST121318,60.0,60.0,1.0,,,
A_CUST121323,account,CUST121323,80.0,85.0,2.0,,,
A_CUST121327,account,CUST121327,70.0,70.0,1.0,,,
A_CUST121329,account,CUST121329,70.0,70.0,1.0,,,
A_CUST121332,account,CUST121332,65.0,65.0,1.0,,,
A_CUST121335,account,CUST121335,70.0,70.0,1.0,,,
A_CUST121338,account,CUST121338,70.0,70.0,2.0,,,
A_CUST121339,account,CUST121339,63.6,75.0,7.0,,,
A_CUST121341,account,CUST121341,63.3,70.0,3.0,,,
A_CUST121342,account,CUST121342,68.3,85.0,3.0,,,
A_CUST121345,account,CUST121345,70.0,70.0,1.0,,,
A_CUST121346,account,CUST121346,60.0,60.0,1.0,,,
A_CUST121354,account,CUST121354,60.0,60.0,1.0,,,
A_CUST121358,account,CUST121358,65.0,70.0,2.0,,,
A_CUST121359,account,CUST121359,85.0,85.0,1.0,,,
A_CUST121360,account,CUST121360,65.0,70.0,2.0,,,
A_CUST121365,account,CUST121365,60.0,60.0,1.0,,,
A_CUST121371,account,CUST121371,70.0,70.0,1.0,,,
A_CUST121379,account,CUST121379,65.0,70.0,2.0,,,
A_CUST121381,account,CUST121381,65.0,65.0,1.0,,,
A_CUST121382,account,CUST121382,75.0,75.0,1.0,,,
A_CUST121383,account,CUST121383,75.0,75.0,1.0,,,
A_CUST121388,account,CUST121388,70.0,70.0,1.0,,,
A_CUST121393,account,CUST121393,60.0,60.0,2.0,,,
A_CUST121402,account,CUST121402,60.0,60.0,1.0,,,
A_CUST121403,account,CUST121403,60.0,60.0,1.0,,,
A_CUST121404,account,CUST121404,70.0,70.0,1.0,,,
A_CUST121407,account,CUST121407,60.0,60.0,1.0,,,
A_CUST121409,account,CUST121409,60.0,60.0,1.0,,,
A_CUST121412,account,CUST121412,70.0,70.0,1.0,,,
A_CUST121414,account,CUST121414,65.0,65.0,1.0,,,
A_CUST121418,account,CUST121418,68.3,80.0,3.0,,,
A_CUST121419,account,CUST121419,65.0,65.0,2.0,,,
A_CUST121423,account,CUST121423,60.0,60.0,1.0,,,
A_CUST121426,account,CUST121426,70.0,70.0,1.0,,,
A_CUST121431,account,CUST121431,60.0,60.0,1.0,,,
A_CUST121440,account,CUST121440,60.0,60.0,1.0,,,
A_CUST121441,account,CUST121441,60.0,60.0,1.0,,,
A_CUST121444,account,CUST121444,60.0,60.0,1.0,,,
A_CUST121450,account,CUST121450,77.5,85.0,2.0,,,
A_CUST121451,account,CUST121451,75.0,75.0,1.0,,,
A_CUST121456,account,CUST121456,70.0,70.0,1.0,,,
A_CUST121465,account,CUST121465,62.5,65.0,2.0,,,
A_CUST121466,account,CUST121466,60.0,60.0,1.0,,,
A_CUST121471,account,CUST121471,60.0,60.0,1.0,,,
A_CUST121472,account,CUST121472,60.0,60.0,3.0,,,
A_CUST121477,account,CUST121477,60.0,60.0,1.0,,,
A_CUST121481,account,CUST121481,65.0,65.0,1.0,,,
A_CUST121482,account,CUST121482,80.0,80.0,1.0,,,
A_CUST121485,account,CUST121485,77.0,95.0,5.0,,,
A_CUST121491,account,CUST121491,70.0,70.0,1.0,,,
A_CUST121496,account,CUST121496,60.0,60.0,1.0,,,
A_CUST121501,account,CUST121501,70.0,75.0,2.0,,,
A_CUST121505,account,CUST121505,70.0,70.0,1.0,,,
A_CUST121509,account,CUST121509,60.0,60.0,2.0,,,
A_CUST121520,account,CUST121520,65.0,65.0,1.0,,,
A_CUST121521,account,CUST121521,60.0,60.0,1.0,,,
A_CUST121526,account,CUST121526,65.0,65.0,1.0,,,
A_CUST121528,account,CUST121528,76.7,100.0,3.0,,,
A_CUST121532,account,CUST121532,60.0,60.0,1.0,,,
A_CUST121538,account,CUST121538,81.7,95.0,6.0,,,
A_CUST121539,account,CUST121539,60.0,60.0,3.0,,,
A_CUST121540,account,CUST121540,60.0,60.0,1.0,,,
A_CUST121549,account,CUST121549,65.0,65.0,1.0,,,
A_CUST121553,account,CUST121553,72.5,80.0,2.0,,,
A_CUST121554,account,CUST121554,60.0,60.0,1.0,,,
A_CUST121560,account,CUST121560,60.0,60.0,1.0,,,
A_CUST121562,account,CUST121562,80.0,80.0,1.0,,,
A_CUST121565,account,CUST121565,60.0,60.0,1.0,,,
A_CUST121567,account,CUST121567,70.0,70.0,2.0,,,
A_CUST121570,account,CUST121570,80.0,80.0,1.0,,,
A_CUST121574,account,CUST121574,95.0,95.0,1.0,,,
A_CUST121581,account,CUST121581,90.0,90.0,1.0,,,
A_CUST121582,account,CUST121582,80.0,80.0,1.0,,,
A_CUST121588,account,CUST121588,70.0,70.0,1.0,,,
A_CUST121590,account,CUST121590,65.0,65.0,1.0,,,
A_CUST121591,account,CUST121591,85.0,100.0,5.0,,,
A_CUST121593,account,CUST121593,67.5,75.0,2.0,,,
A_CUST121596,account,CUST121596,60.0,60.0,1.0,,,
A_CUST121597,account,CUST121597,60.0,60.0,1.0,,,
A_CUST121598,account,CUST121598,66.7,70.0,3.0,,,
A_CUST121603,account,CUST121603,70.0,70.0,1.0,,,
A_CUST121604,account,CUST121604,95.0,95.0,1.0,,,
A_CUST121607,account,CUST121607,65.0,65.0,1.0,,,
A_CUST121608,account,CUST121608,60.0,60.0,1.0,,,
A_CUST121621,account,CUST121621,63.3,70.0,3.0,,,
A_CUST121623,account,CUST121623,60.0,60.0,1.0,,,
A_CUST121625,account,CUST121625,65.0,65.0,1.0,,,
A_CUST121633,account,CUST121633,75.0,75.0,1.0,,,
A_CUST121640,account,CUST121640,60.0,60.0,1.0,,,
A_CUST121651,account,CUST121651,71.7,95.0,3.0,,,
A_CUST121658,account,CUST121658,62.5,65.0,2.0,,,
A_CUST121659,account,CUST121659,60.0,60.0,1.0,,,
A_CUST121660,account,CUST121660,62.5,65.0,2.0,,,
A_CUST121662,account,CUST121662,65.0,65.0,1.0,,,
A_CUST121664,account,CUST121664,90.0,90.0,1.0,,,
A_CUST121665,account,CUST121665,62.5,65.0,2.0,,,
A_CUST121668,account,CUST121668,80.0,80.0,1.0,,,
A_CUST121672,account,CUST121672,60.0,60.0,1.0,,,
A_CUST121679,account,CUST121679,70.0,70.0,2.0,,,
A_CUST121680,account,CUST121680,60.0,60.0,1.0,,,
A_CUST121695,account,CUST121695,60.0,60.0,3.0,,,
A_CUST121698,account,CUST121698,60.0,60.0,1.0,,,
A_CUST121699,account,CUST121699,75.0,75.0,1.0,,,
A_CUST121705,account,CUST121705,70.0,70.0,1.0,,,
A_CUST121706,account,CUST121706,60.0,60.0,1.0,,,
A_CUST121708,account,CUST121708,60.0,60.0,1.0,,,
A_CUST121713,account,CUST121713,60.0,60.0,1.0,,,
A_CUST121715,account,CUST121715,60.0,60.0,1.0,,,
A_CUST121720,account,CUST121720,80.0,85.0,2.0,,,
A_CUST121728,account,CUST121728,70.0,80.0,2.0,,,
A_CUST121744,account,CUST121744,60.0,60.0,1.0,,,
A_CUST121745,account,CUST121745,76.2,90.0,4.0,,,
A_CUST121757,account,CUST121757,60.0,60.0,1.0,,,
A_CUST121758,account,CUST121758,60.0,60.0,2.0,,,
A_CUST121760,account,CUST121760,70.0,70.0,1.0,,,
A_CUST121762,account,CUST121762,60.0,60.0,1.0,,,
A_CUST121768,account,CUST121768,60.0,60.0,1.0,,,
A_CUST121770,account,CUST121770,70.8,80.0,6.0,,,
A_CUST121771,account,CUST121771,60.0,60.0,1.0,,,
A_CUST121774,account,CUST121774,65.0,70.0,2.0,,,
A_CUST121779,account,CUST121779,65.0,65.0,1.0,,,
A_CUST121781,account,CUST121781,85.0,85.0,1.0,,,
A_CUST121787,account,CUST121787,67.5,70.0,2.0,,,
A_CUST121788,account,CUST121788,60.0,60.0,1.0,,,
A_CUST121789,account,CUST121789,70.0,70.0,1.0,,,
A_CUST121796,account,CUST121796,60.0,60.0,1.0,,,
A_CUST121797,account,CUST121797,60.0,60.0,2.0,,,
A_CUST121801,account,CUST121801,60.0,60.0,1.0,,,
A_CUST121820,account,CUST121820,60.0,60.0,1.0,,,
A_CUST121821,account,CUST121821,70.0,70.0,1.0,,,
A_CUST121823,account,CUST121823,62.5,65.0,2.0,,,
A_CUST121825,account,CUST121825,65.0,65.0,1.0,,,
A_CUST121827,account,CUST121827,80.0,80.0,1.0,,,
A_CUST121828,account,CUST121828,61.7,65.0,3.0,,,
A_CUST121830,account,CUST121830,65.0,65.0,1.0,,,
A_CUST121832,account,CUST121832,60.0,60.0,1.0,,,
A_CUST121841,account,CUST121841,60.0,60.0,1.0,,,
A_CUST121851,account,CUST121851,60.0,60.0,1.0,,,
A_CUST121854,account,CUST121854,65.0,65.0,1.0,,,
A_CUST121862,account,CUST121862,60.0,60.0,1.0,,,
A_CUST121865,account,CUST121865,65.0,65.0,1.0,,,
A_CUST121870,account,CUST121870,60.0,60.0,1.0,,,
A_CUST121874,account,CUST121874,60.0,60.0,1.0,,,
A_CUST121875,account,CUST121875,60.0,60.0,2.0,,,
A_CUST121877,account,CUST121877,60.0,60.0,1.0,,,
A_CUST121879,account,CUST121879,60.0,60.0,1.0,,,
A_CUST121892,account,CUST121892,63.3,70.0,3.0,,,
A_CUST121897,account,CUST121897,60.0,60.0,1.0,,,
A_CUST121901,account,CUST121901,65.0,65.0,1.0,,,
A_CUST121906,account,CUST121906,60.0,60.0,1.0,,,
A_CUST121913,account,CUST121913,70.0,70.0,1.0,,,
A_CUST121914,account,CUST121914,60.0,60.0,1.0,,,
A_CUST121923,account,CUST121923,65.0,65.0,1.0,,,
A_CUST121926,account,CUST121926,70.0,70.0,1.0,,,
A_CUST121930,account,CUST121930,60.0,60.0,1.0,,,
A_CUST121935,account,CUST121935,60.0,60.0,1.0,,,
A_CUST121942,account,CUST121942,60.0,60.0,1.0,,,
A_CUST121943,account,CUST121943,62.5,70.0,4.0,,,
A_CUST121949,account,CUST121949,75.0,75.0,1.0,,,
A_CUST121952,account,CUST121952,60.0,60.0,1.0,,,
A_CUST121953,account,CUST121953,60.0,60.0,2.0,,,
A_CUST121954,account,CUST121954,60.0,60.0,1.0,,,
A_CUST121956,account,CUST121956,60.0,60.0,1.0,,,
A_CUST121960,account,CUST121960,65.0,65.0,1.0,,,
A_CUST121966,account,CUST121966,60.0,60.0,1.0,,,
A_CUST121967,account,CUST121967,70.0,70.0,1.0,,,
A_CUST121970,account,CUST121970,68.3,75.0,3.0,,,
A_CUST121972,account,CUST121972,60.0,60.0,1.0,,,
A_CUST121973,account,CUST121973,85.0,85.0,1.0,,,
A_CUST121982,account,CUST121982,60.0,60.0,1.0,,,
A_CUST121985,account,CUST121985,65.0,70.0,2.0,,,
A_CUST121987,account,CUST121987,62.5,65.0,2.0,,,
A_CUST121988,account,CUST121988,60.0,60.0,1.0,,,
A_CUST121993,account,CUST121993,60.0,60.0,1.0,,,
A_CUST121999,account,CUST121999,70.0,70.0,1.0,,,
A_CUST122000,account,CUST122000,60.0,60.0,2.0,,,
A_CUST122002,account,CUST122002,60.0,60.0,1.0,,,
A_CUST122004,account,CUST122004,60.0,60.0,2.0,,,
A_CUST122005,account,CUST122005,70.0,70.0,1.0,,,
A_CUST122007,account,CUST122007,60.0,60.0,2.0,,,
A_CUST122012,account,CUST122012,70.0,70.0,1.0,,,
A_CUST122013,account,CUST122013,70.0,70.0,1.0,,,
A_CUST122014,account,CUST122014,60.0,60.0,1.0,,,
A_CUST122021,account,CUST122021,75.0,75.0,1.0,,,
A_CUST122022,account,CUST122022,70.0,70.0,2.0,,,
A_CUST122025,account,CUST122025,75.0,80.0,2.0,,,
A_CUST122027,account,CUST122027,67.5,75.0,2.0,,,
A_CUST122031,account,CUST122031,60.0,60.0,1.0,,,
A_CUST122032,account,CUST122032,60.0,60.0,4.0,,,
A_CUST122039,account,CUST122039,60.0,60.0,1.0,,,
A_CUST122041,account,CUST122041,62.5,65.0,2.0,,,
A_CUST122042,account,CUST122042,70.0,70.0,1.0,,,
A_CUST122043,account,CUST122043,60.0,60.0,1.0,,,
A_CUST122050,account,CUST122050,67.5,75.0,2.0,,,
A_CUST122051,account,CUST122051,65.0,65.0,1.0,,,
A_CUST122055,account,CUST122055,60.0,60.0,2.0,,,
A_CUST122056,account,CUST122056,60.0,60.0,2.0,,,
A_CUST122057,account,CUST122057,65.0,70.0,2.0,,,
A_CUST122058,account,CUST122058,60.0,60.0,1.0,,,
A_CUST122071,account,CUST122071,70.0,70.0,1.0,,,
A_CUST122076,account,CUST122076,60.0,60.0,1.0,,,
A_CUST122080,account,CUST122080,60.0,60.0,1.0,,,
A_CUST122081,account,CUST122081,60.0,60.0,1.0,,,
A_CUST122085,account,CUST122085,70.0,70.0,1.0,,,
A_CUST122088,account,CUST122088,70.0,70.0,2.0,,,
A_CUST122090,account,CUST122090,60.0,60.0,1.0,,,
A_CUST122093,account,CUST122093,80.0,80.0,1.0,,,
A_CUST122094,account,CUST122094,60.0,60.0,1.0,,,
A_CUST122097,account,CUST122097,65.0,70.0,2.0,,,
A_CUST122099,account,CUST122099,67.5,70.0,2.0,,,
A_CUST122103,account,CUST122103,75.0,75.0,1.0,,,
A_CUST122105,account,CUST122105,75.0,75.0,1.0,,,
A_CUST122107,account,CUST122107,65.0,65.0,1.0,,,
A_CUST122113,account,CUST122113,75.0,80.0,2.0,,,
A_CUST122115,account,CUST122115,65.0,65.0,2.0,,,
A_CUST122117,account,CUST122117,65.0,70.0,2.0,,,
A_CUST122121,account,CUST122121,70.0,70.0,1.0,,,
A_CUST122124,account,CUST122124,60.0,60.0,1.0,,,
A_CUST122129,account,CUST122129,80.0,80.0,1.0,,,
A_CUST122131,account,CUST122131,70.0,70.0,1.0,,,
A_CUST122137,account,CUST122137,60.0,60.0,1.0,,,
A_CUST122140,account,CUST122140,70.0,70.0,1.0,,,
A_CUST122141,account,CUST122141,60.0,60.0,1.0,,,
A_CUST122144,account,CUST122144,60.0,60.0,1.0,,,
A_CUST122155,account,CUST122155,76.7,90.0,3.0,,,
A_CUST122165,account,CUST122165,70.0,70.0,1.0,,,
A_CUST122172,account,CUST122172,70.0,70.0,1.0,,,
A_CUST122175,account,CUST122175,60.0,60.0,1.0,,,
A_CUST122180,account,CUST122180,65.0,70.0,3.0,,,
A_CUST122181,account,CUST122181,60.0,60.0,1.0,,,
A_CUST122191,account,CUST122191,72.5,95.0,8.0,,,
A_CUST122196,account,CUST122196,60.0,60.0,1.0,,,
A_CUST122198,account,CUST122198,60.0,60.0,1.0,,,
A_CUST122211,account,CUST122211,75.0,75.0,1.0,,,
A_CUST122215,account,CUST122215,70.0,70.0,1.0,,,
A_CUST122217,account,CUST122217,70.0,70.0,1.0,,,
A_CUST122218,account,CUST122218,60.0,60.0,3.0,,,
A_CUST122219,account,CUST122219,65.0,70.0,2.0,,,
A_CUST122224,account,CUST122224,60.0,60.0,1.0,,,
A_CUST122226,account,CUST122226,60.0,60.0,1.0,,,
A_CUST122230,account,CUST122230,75.0,80.0,2.0,,,
A_CUST122232,account,CUST122232,70.0,70.0,1.0,,,
A_CUST122233,account,CUST122233,60.0,60.0,2.0,,,
A_CUST122234,account,CUST122234,60.0,60.0,1.0,,,
A_CUST122238,account,CUST122238,70.0,70.0,1.0,,,
A_CUST122247,account,CUST122247,80.0,80.0,1.0,,,
A_CUST122253,account,CUST122253,67.5,75.0,2.0,,,
A_CUST122254,account,CUST122254,60.0,60.0,1.0,,,
A_CUST122270,account,CUST122270,60.0,60.0,1.0,,,
A_CUST122273,account,CUST122273,60.0,60.0,1.0,,,
A_CUST122274,account,CUST122274,75.0,85.0,2.0,,,
A_CUST122276,account,CUST122276,79.0,100.0,5.0,,,
A_CUST122278,account,CUST122278,80.0,80.0,1.0,,,
A_CUST122279,account,CUST122279,62.5,65.0,2.0,,,
A_CUST122287,account,CUST122287,60.0,60.0,1.0,,,
A_CUST122291,account,CUST122291,80.0,80.0,1.0,,,
A_CUST122293,account,CUST122293,60.0,60.0,1.0,,,
A_CUST122296,account,CUST122296,60.0,60.0,1.0,,,
A_CUST122299,account,CUST122299,60.0,60.0,1.0,,,
A_CUST122307,account,CUST122307,60.0,60.0,1.0,,,
A_CUST122311,account,CUST122311,70.0,80.0,2.0,,,
A_CUST122312,account,CUST122312,60.0,60.0,2.0,,,
A_CUST122315,account,CUST122315,63.3,70.0,3.0,,,
A_CUST122320,account,CUST122320,60.0,60.0,1.0,,,
A_CUST122321,account,CUST122321,66.2,75.0,4.0,,,
A_CUST122323,account,CUST122323,70.0,70.0,1.0,,,
A_CUST122328,account,CUST122328,60.0,60.0,1.0,,,
A_CUST122332,account,CUST122332,67.5,70.0,2.0,,,
A_CUST122334,account,CUST122334,60.0,60.0,1.0,,,
A_CUST122335,account,CUST122335,65.0,70.0,2.0,,,
A_CUST122339,account,CUST122339,85.0,85.0,1.0,,,
A_CUST122341,account,CUST122341,60.0,60.0,1.0,,,
A_CUST122346,account,CUST122346,67.5,75.0,2.0,,,
A_CUST122350,account,CUST122350,65.0,65.0,1.0,,,
A_CUST122354,account,CUST122354,60.0,60.0,1.0,,,
A_CUST122355,account,CUST122355,75.0,75.0,1.0,,,
A_CUST122363,account,CUST122363,60.0,60.0,1.0,,,
A_CUST122364,account,CUST122364,71.7,90.0,3.0,,,
A_CUST122368,account,CUST122368,80.0,80.0,1.0,,,
A_CUST122373,account,CUST122373,76.7,90.0,3.0,,,
A_CUST122378,account,CUST122378,95.0,95.0,1.0,,,
A_CUST122383,account,CUST122383,60.0,60.0,1.0,,,
A_CUST122386,account,CUST122386,61.7,65.0,3.0,,,
A_CUST122388,account,CUST122388,76.7,95.0,3.0,,,
A_CUST122389,account,CUST122389,60.0,60.0,1.0,,,
A_CUST122399,account,CUST122399,62.5,65.0,2.0,,,
A_CUST122402,account,CUST122402,65.0,70.0,3.0,,,
A_CUST122405,account,CUST122405,65.0,70.0,2.0,,,
A_CUST122408,account,CUST122408,60.0,60.0,2.0,,,
A_CUST122411,account,CUST122411,70.0,70.0,1.0,,,
A_CUST122412,account,CUST122412,67.5,75.0,2.0,,,
A_CUST122414,account,CUST122414,65.0,70.0,3.0,,,
A_CUST122415,account,CUST122415,70.0,100.0,6.0,,,
A_CUST122419,account,CUST122419,65.0,65.0,1.0,,,
A_CUST122423,account,CUST122423,62.5,70.0,4.0,,,
A_CUST122427,account,CUST122427,70.8,90.0,6.0,,,
A_CUST122428,account,CUST122428,70.0,80.0,2.0,,,
A_CUST122429,account,CUST122429,65.0,65.0,1.0,,,
A_CUST122430,account,CUST122430,60.0,60.0,1.0,,,
A_CUST122436,account,CUST122436,70.0,70.0,1.0,,,
A_CUST122439,account,CUST122439,72.5,75.0,2.0,,,
A_CUST122443,account,CUST122443,60.0,60.0,1.0,,,
A_CUST122450,account,CUST122450,80.0,80.0,1.0,,,
A_CUST122453,account,CUST122453,63.3,65.0,3.0,,,
A_CUST122455,account,CUST122455,65.0,65.0,1.0,,,
A_CUST122461,account,CUST122461,70.0,70.0,1.0,,,
A_CUST122472,account,CUST122472,65.0,65.0,1.0,,,
A_CUST122473,account,CUST122473,60.0,60.0,1.0,,,
A_CUST122474,account,CUST122474,80.0,80.0,1.0,,,
A_CUST122475,account,CUST122475,60.0,60.0,1.0,,,
A_CUST122483,account,CUST122483,66.7,70.0,3.0,,,
A_CUST122486,account,CUST122486,62.5,65.0,2.0,,,
A_CUST122487,account,CUST122487,60.0,60.0,1.0,,,
A_CUST122488,account,CUST122488,65.0,70.0,2.0,,,
A_CUST122492,account,CUST122492,85.0,100.0,2.0,,,
A_CUST122500,account,CUST122500,80.0,80.0,1.0,,,
A_CUST122503,account,CUST122503,62.5,65.0,2.0,,,
A_CUST122504,account,CUST122504,70.0,70.0,1.0,,,
A_CUST122506,account,CUST122506,80.0,80.0,1.0,,,
A_CUST122507,account,CUST122507,60.0,60.0,1.0,,,
A_CUST122508,account,CUST122508,71.2,85.0,4.0,,,
A_CUST122512,account,CUST122512,65.0,70.0,2.0,,,
A_CUST122513,account,CUST122513,60.0,60.0,1.0,,,
A_CUST122516,account,CUST122516,70.0,70.0,1.0,,,
A_CUST122525,account,CUST122525,72.5,80.0,2.0,,,
A_CUST122528,account,CUST122528,67.5,70.0,2.0,,,
A_CUST122531,account,CUST122531,80.0,80.0,1.0,,,
A_CUST122537,account,CUST122537,60.0,60.0,1.0,,,
A_CUST122542,account,CUST122542,67.5,75.0,2.0,,,
A_CUST122543,account,CUST122543,72.0,85.0,5.0,,,
A_CUST122553,account,CUST122553,60.0,60.0,1.0,,,
A_CUST122557,account,CUST122557,70.0,70.0,1.0,,,
A_CUST122559,account,CUST122559,62.5,70.0,4.0,,,
A_CUST122562,account,CUST122562,60.0,60.0,1.0,,,
A_CUST122564,account,CUST122564,92.5,100.0,2.0,,,
A_CUST122573,account,CUST122573,60.0,60.0,1.0,,,
A_CUST122574,account,CUST122574,70.0,80.0,2.0,,,
A_CUST122575,account,CUST122575,60.0,60.0,3.0,,,
A_CUST122579,account,CUST122579,65.0,70.0,3.0,,,
A_CUST122581,account,CUST122581,67.5,70.0,2.0,,,
A_CUST122582,account,CUST122582,77.5,80.0,2.0,,,
A_CUST122586,account,CUST122586,65.0,65.0,1.0,,,
A_CUST122589,account,CUST122589,60.0,60.0,1.0,,,
A_CUST122591,account,CUST122591,65.0,65.0,1.0,,,
A_CUST122592,account,CUST122592,60.0,60.0,1.0,,,
A_CUST122593,account,CUST122593,87.5,90.0,2.0,,,
A_CUST122594,account,CUST122594,60.0,60.0,1.0,,,
A_CUST122595,account,CUST122595,70.0,80.0,2.0,,,
A_CUST122598,account,CUST122598,60.0,60.0,2.0,,,
A_CUST122601,account,CUST122601,61.7,65.0,3.0,,,
A_CUST122602,account,CUST122602,60.0,60.0,1.0,,,
A_CUST122606,account,CUST122606,100.0,100.0,1.0,,,
A_CUST122607,account,CUST122607,60.0,60.0,1.0,,,
A_CUST122613,account,CUST122613,62.5,65.0,2.0,,,
A_CUST122614,account,CUST122614,70.0,70.0,1.0,,,
A_CUST122616,account,CUST122616,62.5,65.0,2.0,,,
A_CUST122618,account,CUST122618,60.0,60.0,1.0,,,
A_CUST122623,account,CUST122623,60.0,60.0,1.0,,,
A_CUST122626,account,CUST122626,70.0,70.0,1.0,,,
A_CUST122632,account,CUST122632,60.0,60.0,1.0,,,
A_CUST122641,account,CUST122641,60.0,60.0,1.0,,,
A_CUST122647,account,CUST122647,65.0,65.0,1.0,,,
A_CUST122651,account,CUST122651,92.5,100.0,2.0,,,
A_CUST122657,account,CUST122657,60.0,60.0,1.0,,,
A_CUST122659,account,CUST122659,67.5,70.0,2.0,,,
A_CUST122660,account,CUST122660,60.0,60.0,1.0,,,
A_CUST122661,account,CUST122661,85.0,85.0,1.0,,,
A_CUST122663,account,CUST122663,65.0,70.0,2.0,,,
A_CUST122664,account,CUST122664,60.0,60.0,1.0,,,
A_CUST122666,account,CUST122666,60.0,60.0,2.0,,,
A_CUST122671,account,CUST122671,80.0,80.0,1.0,,,
A_CUST122675,account,CUST122675,60.0,60.0,1.0,,,
A_CUST122677,account,CUST122677,67.5,70.0,2.0,,,
A_CUST122683,account,CUST122683,70.0,70.0,1.0,,,
A_CUST122684,account,CUST122684,65.0,65.0,1.0,,,
A_CUST122688,account,CUST122688,65.0,70.0,2.0,,,
A_CUST122689,account,CUST122689,80.0,80.0,1.0,,,
A_CUST122690,account,CUST122690,60.0,60.0,1.0,,,
A_CUST122695,account,CUST122695,60.0,60.0,1.0,,,
A_CUST122696,account,CUST122696,60.0,60.0,1.0,,,
A_CUST122698,account,CUST122698,75.0,75.0,1.0,,,
A_CUST122706,account,CUST122706,65.0,65.0,1.0,,,
A_CUST122707,account,CUST122707,60.0,60.0,1.0,,,
A_CUST122708,account,CUST122708,70.0,70.0,1.0,,,
A_CUST122709,account,CUST122709,66.7,80.0,3.0,,,
A_CUST122712,account,CUST122712,60.0,60.0,1.0,,,
A_CUST122717,account,CUST122717,70.0,70.0,1.0,,,
A_CUST122721,account,CUST122721,75.0,75.0,1.0,,,
A_CUST122724,account,CUST122724,60.0,60.0,1.0,,,
A_CUST122725,account,CUST122725,60.0,60.0,1.0,,,
A_CUST122726,account,CUST122726,70.0,70.0,1.0,,,
A_CUST122735,account,CUST122735,72.5,85.0,4.0,,,
A_CUST122737,account,CUST122737,60.0,60.0,1.0,,,
A_CUST122738,account,CUST122738,65.0,70.0,2.0,,,
A_CUST122739,account,CUST122739,72.5,85.0,2.0,,,
A_CUST122741,account,CUST122741,70.0,70.0,1.0,,,
A_CUST122743,account,CUST122743,75.0,75.0,1.0,,,
A_CUST122746,account,CUST122746,85.0,85.0,1.0,,,
A_CUST122750,account,CUST122750,70.0,70.0,1.0,,,
A_CUST122752,account,CUST122752,60.0,60.0,1.0,,,
A_CUST122756,account,CUST122756,65.0,65.0,1.0,,,
A_CUST122760,account,CUST122760,60.0,60.0,1.0,,,
A_CUST122763,account,CUST122763,60.0,60.0,2.0,,,
A_CUST122765,account,CUST122765,60.0,60.0,1.0,,,
A_CUST122769,account,CUST122769,65.0,65.0,1.0,,,
A_CUST122771,account,CUST122771,67.5,70.0,2.0,,,
A_CUST122784,account,CUST122784,80.0,80.0,1.0,,,
A_CUST122789,account,CUST122789,66.7,70.0,3.0,,,
A_CUST122793,account,CUST122793,70.0,80.0,2.0,,,
A_CUST122796,account,CUST122796,60.0,60.0,1.0,,,
A_CUST122800,account,CUST122800,62.5,65.0,2.0,,,
A_CUST122802,account,CUST122802,60.0,60.0,1.0,,,
A_CUST122804,account,CUST122804,60.0,60.0,1.0,,,
A_CUST122809,account,CUST122809,60.0,60.0,1.0,,,
A_CUST122810,account,CUST122810,75.0,75.0,1.0,,,
A_CUST122811,account,CUST122811,60.0,60.0,1.0,,,
A_CUST122812,account,CUST122812,80.0,80.0,1.0,,,
A_CUST122814,account,CUST122814,60.0,60.0,1.0,,,
A_CUST122815,account,CUST122815,60.0,60.0,1.0,,,
A_CUST122816,account,CUST122816,81.7,100.0,3.0,,,
A_CUST122818,account,CUST122818,80.0,80.0,1.0,,,
A_CUST122819,account,CUST122819,72.5,75.0,2.0,,,
A_CUST122828,account,CUST122828,70.0,70.0,1.0,,,
A_CUST122829,account,CUST122829,60.0,60.0,1.0,,,
A_CUST122831,account,CUST122831,65.0,65.0,1.0,,,
A_CUST122832,account,CUST122832,70.0,70.0,1.0,,,
A_CUST122837,account,CUST122837,83.8,95.0,4.0,,,
A_CUST122838,account,CUST122838,60.0,60.0,1.0,,,
A_CUST122840,account,CUST122840,60.0,60.0,1.0,,,
A_CUST122842,account,CUST122842,64.0,70.0,5.0,,,
A_CUST122846,account,CUST122846,63.3,70.0,3.0,,,
A_CUST122850,account,CUST122850,65.0,70.0,2.0,,,
A_CUST122851,account,CUST122851,60.0,60.0,1.0,,,
A_CUST122852,account,CUST122852,75.0,80.0,2.0,,,
A_CUST122860,account,CUST122860,80.0,100.0,2.0,,,
A_CUST122863,account,CUST122863,61.2,65.0,4.0,,,
A_CUST122870,account,CUST122870,75.0,75.0,1.0,,,
A_CUST122872,account,CUST122872,77.5,95.0,2.0,,,
A_CUST122877,account,CUST122877,60.0,60.0,1.0,,,
A_CUST122878,account,CUST122878,85.0,85.0,1.0,,,
A_CUST122883,account,CUST122883,60.0,60.0,1.0,,,
A_CUST122887,account,CUST122887,70.0,70.0,1.0,,,
A_CUST122893,account,CUST122893,62.5,65.0,2.0,,,
A_CUST122894,account,CUST122894,65.0,70.0,2.0,,,
A_CUST122898,account,CUST122898,60.0,60.0,1.0,,,
A_CUST122901,account,CUST122901,70.0,70.0,1.0,,,
A_CUST122904,account,CUST122904,68.3,75.0,3.0,,,
A_CUST122906,account,CUST122906,60.0,60.0,1.0,,,
A_CUST122908,account,CUST122908,75.0,75.0,1.0,,,
A_CUST122909,account,CUST122909,65.0,70.0,2.0,,,
A_CUST122912,account,CUST122912,61.7,65.0,3.0,,,
A_CUST122913,account,CUST122913,60.0,60.0,1.0,,,
A_CUST122914,account,CUST122914,60.0,60.0,1.0,,,
A_CUST122931,account,CUST122931,60.0,60.0,1.0,,,
A_CUST122934,account,CUST122934,62.5,65.0,2.0,,,
A_CUST122936,account,CUST122936,65.0,65.0,1.0,,,
A_CUST122946,account,CUST122946,60.0,60.0,2.0,,,
A_CUST122947,account,CUST122947,70.0,70.0,2.0,,,
A_CUST122948,account,CUST122948,80.0,80.0,1.0,,,
A_CUST122950,account,CUST122950,65.0,70.0,2.0,,,
A_CUST122953,account,CUST122953,75.0,75.0,1.0,,,
A_CUST122954,account,CUST122954,60.0,60.0,1.0,,,
A_CUST122958,account,CUST122958,65.0,70.0,2.0,,,
A_CUST122960,account,CUST122960,60.0,60.0,1.0,,,
A_CUST122961,account,CUST122961,60.0,60.0,1.0,,,
A_CUST122965,account,CUST122965,63.3,70.0,3.0,,,
A_CUST122967,account,CUST122967,65.0,65.0,1.0,,,
A_CUST122974,account,CUST122974,70.0,70.0,1.0,,,
A_CUST123002,account,CUST123002,62.5,65.0,2.0,,,
A_CUST123003,account,CUST123003,70.0,70.0,1.0,,,
A_CUST123004,account,CUST123004,70.0,70.0,1.0,,,
A_CUST123011,account,CUST123011,71.7,80.0,3.0,,,
A_CUST123018,account,CUST123018,67.5,75.0,2.0,,,
A_CUST123024,account,CUST123024,65.0,65.0,1.0,,,
A_CUST123027,account,CUST123027,65.0,70.0,2.0,,,
A_CUST123042,account,CUST123042,65.0,65.0,1.0,,,
A_CUST123047,account,CUST123047,65.0,65.0,1.0,,,
A_CUST123051,account,CUST123051,60.0,60.0,1.0,,,
A_CUST123053,account,CUST123053,70.0,70.0,1.0,,,
A_CUST123054,account,CUST123054,75.0,85.0,2.0,,,
A_CUST123067,account,CUST123067,65.0,70.0,2.0,,,
A_CUST123070,account,CUST123070,65.0,70.0,2.0,,,
A_CUST123077,account,CUST123077,70.0,70.0,1.0,,,
A_CUST123088,account,CUST123088,60.0,60.0,1.0,,,
A_CUST123089,account,CUST123089,65.0,70.0,2.0,,,
A_CUST123090,account,CUST123090,61.2,65.0,4.0,,,
A_CUST123091,account,CUST123091,67.5,70.0,2.0,,,
A_CUST123092,account,CUST123092,60.0,60.0,1.0,,,
A_CUST123094,account,CUST123094,65.0,65.0,1.0,,,
A_CUST123099,account,CUST123099,65.0,70.0,3.0,,,
A_CUST123108,account,CUST123108,68.3,70.0,3.0,,,
A_CUST123109,account,CUST123109,70.0,70.0,1.0,,,
A_CUST123110,account,CUST123110,65.0,65.0,1.0,,,
A_CUST123113,account,CUST123113,60.0,60.0,1.0,,,
A_CUST123115,account,CUST123115,70.0,70.0,1.0,,,
A_CUST123118,account,CUST123118,95.0,100.0,3.0,,,
A_CUST123121,account,CUST123121,70.0,70.0,1.0,,,
A_CUST123128,account,CUST123128,60.0,60.0,1.0,,,
A_CUST123131,account,CUST123131,70.0,70.0,1.0,,,
A_CUST123133,account,CUST123133,65.0,70.0,2.0,,,
A_CUST123143,account,CUST123143,60.0,60.0,1.0,,,
A_CUST123145,account,CUST123145,65.0,70.0,2.0,,,
A_CUST123146,account,CUST123146,80.0,80.0,1.0,,,
A_CUST123149,account,CUST123149,70.0,70.0,1.0,,,
A_CUST123151,account,CUST123151,65.0,70.0,2.0,,,
A_CUST123153,account,CUST123153,82.5,85.0,2.0,,,
A_CUST123154,account,CUST123154,65.0,65.0,1.0,,,
A_CUST123160,account,CUST123160,70.0,70.0,1.0,,,
A_CUST123163,account,CUST123163,60.0,60.0,1.0,,,
A_CUST123164,account,CUST123164,65.0,65.0,1.0,,,
A_CUST123168,account,CUST123168,60.0,60.0,1.0,,,
A_CUST123171,account,CUST123171,87.5,95.0,2.0,,,
A_CUST123172,account,CUST123172,68.3,75.0,3.0,,,
A_CUST123175,account,CUST123175,85.0,85.0,2.0,,,
A_CUST123179,account,CUST123179,75.0,75.0,1.0,,,
A_CUST123180,account,CUST123180,65.0,65.0,1.0,,,
A_CUST123185,account,CUST123185,70.0,70.0,1.0,,,
A_CUST123186,account,CUST123186,60.0,60.0,2.0,,,
A_CUST123192,account,CUST123192,60.0,60.0,1.0,,,
A_CUST123198,account,CUST123198,70.0,70.0,1.0,,,
A_CUST123200,account,CUST123200,60.0,60.0,1.0,,,
A_CUST123209,account,CUST123209,66.7,70.0,3.0,,,
A_CUST123212,account,CUST123212,75.0,85.0,3.0,,,
A_CUST123213,account,CUST123213,71.0,85.0,5.0,,,
A_CUST123219,account,CUST123219,60.0,60.0,1.0,,,
A_CUST123220,account,CUST123220,85.0,85.0,1.0,,,
A_CUST123229,account,CUST123229,60.0,60.0,1.0,,,
A_CUST123238,account,CUST123238,70.0,70.0,1.0,,,
A_CUST123242,account,CUST123242,70.0,75.0,2.0,,,
A_CUST123249,account,CUST123249,60.0,60.0,3.0,,,
A_CUST123251,account,CUST123251,85.0,85.0,1.0,,,
A_CUST123252,account,CUST123252,70.0,80.0,2.0,,,
A_CUST123257,account,CUST123257,60.0,60.0,1.0,,,
A_CUST123260,account,CUST123260,70.0,70.0,1.0,,,
A_CUST123269,account,CUST123269,75.0,75.0,1.0,,,
A_CUST123270,account,CUST123270,70.0,80.0,2.0,,,
A_CUST123274,account,CUST123274,60.0,60.0,1.0,,,
A_CUST123275,account,CUST123275,65.0,70.0,2.0,,,
A_CUST123279,account,CUST123279,60.0,60.0,1.0,,,
A_CUST123284,account,CUST123284,60.0,60.0,1.0,,,
A_CUST123287,account,CUST123287,90.0,100.0,5.0,,,
A_CUST123289,account,CUST123289,68.8,85.0,4.0,,,
A_CUST123292,account,CUST123292,65.0,70.0,2.0,,,
A_CUST123294,account,CUST123294,60.0,60.0,1.0,,,
A_CUST123296,account,CUST123296,70.0,70.0,1.0,,,
A_CUST123304,account,CUST123304,60.0,60.0,1.0,,,
A_CUST123307,account,CUST123307,68.3,85.0,9.0,,,
A_CUST123311,account,CUST123311,62.5,65.0,2.0,,,
A_CUST123312,account,CUST123312,60.0,60.0,1.0,,,
A_CUST123315,account,CUST123315,66.2,75.0,4.0,,,
A_CUST123316,account,CUST123316,60.0,60.0,1.0,,,
A_CUST123317,account,CUST123317,65.0,65.0,1.0,,,
A_CUST123322,account,CUST123322,60.0,60.0,2.0,,,
A_CUST123326,account,CUST123326,65.0,65.0,1.0,,,
A_CUST123329,account,CUST123329,65.0,65.0,1.0,,,
A_CUST123332,account,CUST123332,65.0,65.0,1.0,,,
A_CUST123336,account,CUST123336,65.0,65.0,1.0,,,
A_CUST123339,account,CUST123339,77.5,95.0,2.0,,,
A_CUST123344,account,CUST123344,60.0,60.0,1.0,,,
A_CUST123345,account,CUST123345,60.0,60.0,1.0,,,
A_CUST123349,account,CUST123349,70.0,70.0,1.0,,,
A_CUST123350,account,CUST123350,60.0,60.0,1.0,,,
A_CUST123351,account,CUST123351,60.0,60.0,1.0,,,
A_CUST123352,account,CUST123352,60.0,60.0,1.0,,,
A_CUST123355,account,CUST123355,65.0,65.0,1.0,,,
A_CUST123357,account,CUST123357,72.5,75.0,2.0,,,
A_CUST123360,account,CUST123360,60.0,60.0,1.0,,,
A_CUST123362,account,CUST123362,67.5,70.0,2.0,,,
A_CUST123374,account,CUST123374,70.0,70.0,1.0,,,
A_CUST123375,account,CUST123375,60.0,60.0,1.0,,,
A_CUST123379,account,CUST123379,70.0,70.0,1.0,,,
A_CUST123385,account,CUST123385,70.0,70.0,1.0,,,
A_CUST123389,account,CUST123389,60.0,60.0,1.0,,,
A_CUST123392,account,CUST123392,81.2,100.0,4.0,,,
A_CUST123399,account,CUST123399,75.0,75.0,1.0,,,
A_CUST123401,account,CUST123401,60.0,60.0,1.0,,,
A_CUST123413,account,CUST123413,60.0,60.0,1.0,,,
A_CUST123423,account,CUST123423,60.0,60.0,1.0,,,
A_CUST123424,account,CUST123424,60.0,60.0,2.0,,,
A_CUST123425,account,CUST123425,60.0,60.0,1.0,,,
A_CUST123426,account,CUST123426,63.3,70.0,3.0,,,
A_CUST123428,account,CUST123428,70.0,70.0,1.0,,,
A_CUST123429,account,CUST123429,61.7,65.0,3.0,,,
A_CUST123431,account,CUST123431,60.0,60.0,1.0,,,
A_CUST123433,account,CUST123433,60.0,60.0,1.0,,,
A_CUST123436,account,CUST123436,75.0,80.0,2.0,,,
A_CUST123443,account,CUST123443,60.0,60.0,1.0,,,
A_CUST123455,account,CUST123455,65.0,65.0,1.0,,,
A_CUST123457,account,CUST123457,70.0,75.0,2.0,,,
A_CUST123458,account,CUST123458,72.5,85.0,2.0,,,
A_CUST123461,account,CUST123461,68.3,70.0,3.0,,,
A_CUST123472,account,CUST123472,65.0,65.0,1.0,,,
A_CUST123474,account,CUST123474,60.0,60.0,1.0,,,
A_CUST123475,account,CUST123475,60.0,60.0,1.0,,,
A_CUST123479,account,CUST123479,65.0,75.0,3.0,,,
A_CUST123483,account,CUST123483,70.0,70.0,1.0,,,
A_CUST123485,account,CUST123485,60.0,60.0,1.0,,,
A_CUST123489,account,CUST123489,65.0,65.0,1.0,,,
A_CUST123496,account,CUST123496,66.7,70.0,3.0,,,
A_CUST123498,account,CUST123498,62.5,65.0,2.0,,,
A_CUST123501,account,CUST123501,60.0,60.0,1.0,,,
A_CUST123507,account,CUST123507,65.0,65.0,1.0,,,
A_CUST123508,account,CUST123508,85.0,85.0,1.0,,,
A_CUST123514,account,CUST123514,60.0,60.0,1.0,,,
A_CUST123521,account,CUST123521,72.5,85.0,2.0,,,
A_CUST123522,account,CUST123522,65.0,65.0,1.0,,,
A_CUST123525,account,CUST123525,62.5,65.0,2.0,,,
A_CUST123529,account,CUST123529,65.0,65.0,1.0,,,
A_CUST123542,account,CUST123542,70.0,70.0,1.0,,,
A_CUST123544,account,CUST123544,63.0,70.0,5.0,,,
A_CUST123550,account,CUST123550,66.7,75.0,3.0,,,
A_CUST123551,account,CUST123551,60.0,60.0,1.0,,,
A_CUST123554,account,CUST123554,60.0,60.0,1.0,,,
A_CUST123555,account,CUST123555,60.0,60.0,2.0,,,
A_CUST123556,account,CUST123556,67.5,70.0,2.0,,,
A_CUST123560,account,CUST123560,65.0,65.0,1.0,,,
A_CUST123569,account,CUST123569,65.0,70.0,2.0,,,
A_CUST123578,account,CUST123578,75.0,75.0,1.0,,,
A_CUST123579,account,CUST123579,60.0,60.0,1.0,,,
A_CUST123587,account,CUST123587,60.0,60.0,1.0,,,
A_CUST123590,account,CUST123590,60.0,60.0,2.0,,,
A_CUST123591,account,CUST123591,75.0,75.0,1.0,,,
A_CUST123594,account,CUST123594,65.0,65.0,1.0,,,
A_CUST123598,account,CUST123598,85.0,85.0,1.0,,,
A_CUST123607,account,CUST123607,60.0,60.0,1.0,,,
A_CUST123610,account,CUST123610,65.0,65.0,1.0,,,
A_CUST123618,account,CUST123618,75.0,75.0,1.0,,,
A_CUST123621,account,CUST123621,60.0,60.0,1.0,,,
A_CUST123625,account,CUST123625,65.0,65.0,1.0,,,
A_CUST123635,account,CUST123635,60.0,60.0,1.0,,,
A_CUST123636,account,CUST123636,60.0,60.0,1.0,,,
A_CUST123638,account,CUST123638,60.0,60.0,3.0,,,
A_CUST123640,account,CUST123640,62.5,65.0,2.0,,,
A_CUST123642,account,CUST123642,60.0,60.0,1.0,,,
A_CUST123643,account,CUST123643,70.0,70.0,1.0,,,
A_CUST123648,account,CUST123648,60.0,60.0,1.0,,,
A_CUST123656,account,CUST123656,60.0,60.0,1.0,,,
A_CUST123665,account,CUST123665,66.7,70.0,3.0,,,
A_CUST123666,account,CUST123666,65.0,65.0,1.0,,,
A_CUST123667,account,CUST123667,65.0,70.0,2.0,,,
A_CUST123670,account,CUST123670,70.0,70.0,1.0,,,
A_CUST123677,account,CUST123677,60.0,60.0,1.0,,,
A_CUST123682,account,CUST123682,60.0,60.0,1.0,,,
A_CUST123685,account,CUST123685,60.0,60.0,1.0,,,
A_CUST123686,account,CUST123686,70.0,70.0,1.0,,,
A_CUST123693,account,CUST123693,65.0,65.0,1.0,,,
A_CUST123694,account,CUST123694,75.0,90.0,2.0,,,
A_CUST123697,account,CUST123697,70.0,70.0,1.0,,,
A_CUST123700,account,CUST123700,60.0,60.0,1.0,,,
A_CUST123701,account,CUST123701,85.0,85.0,1.0,,,
A_CUST123705,account,CUST123705,60.0,60.0,1.0,,,
A_CUST123706,account,CUST123706,60.0,60.0,2.0,,,
A_CUST123707,account,CUST123707,70.0,70.0,1.0,,,
A_CUST123708,account,CUST123708,92.5,100.0,2.0,,,
A_CUST123710,account,CUST123710,60.0,60.0,1.0,,,
A_CUST123712,account,CUST123712,75.0,90.0,3.0,,,
A_CUST123717,account,CUST123717,65.0,70.0,3.0,,,
A_CUST123721,account,CUST123721,75.0,80.0,3.0,,,
A_CUST123726,account,CUST123726,60.0,60.0,1.0,,,
A_CUST123727,account,CUST123727,60.0,60.0,1.0,,,
A_CUST123729,account,CUST123729,60.0,60.0,1.0,,,
A_CUST123733,account,CUST123733,60.0,60.0,1.0,,,
A_CUST123734,account,CUST123734,60.0,60.0,2.0,,,
A_CUST123735,account,CUST123735,65.0,70.0,2.0,,,
A_CUST123741,account,CUST123741,65.0,65.0,1.0,,,
A_CUST123751,account,CUST123751,67.5,75.0,2.0,,,
A_CUST123755,account,CUST123755,60.0,60.0,1.0,,,
A_CUST123757,account,CUST123757,60.0,60.0,1.0,,,
A_CUST123762,account,CUST123762,65.0,65.0,1.0,,,
A_CUST123764,account,CUST123764,85.0,85.0,3.0,,,
A_CUST123770,account,CUST123770,75.0,75.0,1.0,,,
A_CUST123774,account,CUST123774,60.0,60.0,1.0,,,
A_CUST123778,account,CUST123778,60.0,60.0,1.0,,,
A_CUST123783,account,CUST123783,80.0,80.0,1.0,,,
A_CUST123788,account,CUST123788,80.0,80.0,1.0,,,
A_CUST123791,account,CUST123791,70.0,80.0,3.0,,,
A_CUST123792,account,CUST123792,70.0,70.0,1.0,,,
A_CUST123794,account,CUST123794,81.7,100.0,3.0,,,
A_CUST123801,account,CUST123801,60.0,60.0,2.0,,,
A_CUST123812,account,CUST123812,75.0,80.0,2.0,,,
A_CUST123824,account,CUST123824,60.0,60.0,1.0,,,
A_CUST123825,account,CUST123825,65.0,65.0,1.0,,,
A_CUST123826,account,CUST123826,75.0,75.0,1.0,,,
A_CUST123827,account,CUST123827,60.0,60.0,1.0,,,
A_CUST123828,account,CUST123828,60.0,60.0,1.0,,,
A_CUST123829,account,CUST123829,65.0,70.0,2.0,,,
A_CUST123831,account,CUST123831,75.0,75.0,1.0,,,
A_CUST123839,account,CUST123839,75.0,75.0,1.0,,,
A_CUST123846,account,CUST123846,80.0,80.0,1.0,,,
A_CUST123848,account,CUST123848,60.0,60.0,1.0,,,
A_CUST123849,account,CUST123849,85.0,85.0,1.0,,,
A_CUST123851,account,CUST123851,65.0,65.0,1.0,,,
A_CUST123867,account,CUST123867,60.0,60.0,1.0,,,
A_CUST123874,account,CUST123874,65.0,65.0,1.0,,,
A_CUST123879,account,CUST123879,77.5,85.0,2.0,,,
A_CUST123882,account,CUST123882,60.0,60.0,2.0,,,
A_CUST123899,account,CUST123899,80.0,80.0,1.0,,,
A_CUST123901,account,CUST123901,70.0,70.0,1.0,,,
A_CUST123905,account,CUST123905,68.8,70.0,4.0,,,
A_CUST123907,account,CUST123907,70.0,70.0,1.0,,,
A_CUST123909,account,CUST123909,61.7,65.0,3.0,,,
A_CUST123916,account,CUST123916,60.0,60.0,1.0,,,
A_CUST123917,account,CUST123917,60.0,60.0,1.0,,,
A_CUST123924,account,CUST123924,70.0,70.0,1.0,,,
A_CUST123927,account,CUST123927,60.0,60.0,1.0,,,
A_CUST123932,account,CUST123932,65.0,70.0,2.0,,,
A_CUST123955,account,CUST123955,65.0,70.0,2.0,,,
A_CUST123965,account,CUST123965,65.0,65.0,1.0,,,
A_CUST123968,account,CUST123968,73.3,90.0,3.0,,,
A_CUST123975,account,CUST123975,70.0,70.0,1.0,,,
A_CUST123977,account,CUST123977,85.0,85.0,1.0,,,
A_CUST123978,account,CUST123978,60.0,60.0,1.0,,,
A_CUST123983,account,CUST123983,70.0,70.0,1.0,,,
A_CUST123985,account,CUST123985,65.0,65.0,1.0,,,
A_CUST123986,account,CUST123986,60.0,60.0,1.0,,,
A_CUST123987,account,CUST123987,67.5,70.0,2.0,,,
A_CUST123989,account,CUST123989,72.5,95.0,4.0,,,
A_CUST123992,account,CUST123992,60.0,60.0,1.0,,,
A_CUST123993,account,CUST123993,62.5,65.0,2.0,,,
A_CUST123995,account,CUST123995,60.0,60.0,1.0,,,
A_CUST123996,account,CUST123996,60.0,60.0,2.0,,,
A_CUST123998,account,CUST123998,60.0,60.0,1.0,,,
A_CUST124000,account,CUST124000,80.0,80.0,1.0,,,
A_CUST124003,account,CUST124003,60.0,60.0,1.0,,,
A_CUST124004,account,CUST124004,70.0,70.0,1.0,,,
A_CUST124013,account,CUST124013,60.0,60.0,1.0,,,
A_CUST124025,account,CUST124025,70.0,70.0,1.0,,,
A_CUST124031,account,CUST124031,60.0,60.0,1.0,,,
A_CUST124042,account,CUST124042,65.0,70.0,2.0,,,
A_CUST124046,account,CUST124046,70.0,70.0,1.0,,,
A_CUST124047,account,CUST124047,81.7,100.0,6.0,,,
A_CUST124050,account,CUST124050,60.0,60.0,1.0,,,
A_CUST124058,account,CUST124058,72.5,85.0,4.0,,,
A_CUST124060,account,CUST124060,65.0,70.0,2.0,,,
A_CUST124061,account,CUST124061,60.0,60.0,1.0,,,
A_CUST124064,account,CUST124064,60.0,60.0,1.0,,,
A_CUST124069,account,CUST124069,62.5,65.0,2.0,,,
A_CUST124071,account,CUST124071,60.0,60.0,1.0,,,
A_CUST124075,account,CUST124075,60.0,60.0,1.0,,,
A_CUST124079,account,CUST124079,60.0,60.0,1.0,,,
A_CUST124086,account,CUST124086,60.0,60.0,2.0,,,
A_CUST124087,account,CUST124087,85.0,85.0,1.0,,,
A_CUST124091,account,CUST124091,66.7,80.0,3.0,,,
A_CUST124092,account,CUST124092,60.0,60.0,1.0,,,
A_CUST124095,account,CUST124095,60.0,60.0,1.0,,,
A_CUST124098,account,CUST124098,67.5,70.0,2.0,,,
A_CUST124107,account,CUST124107,72.5,80.0,2.0,,,
A_CUST124108,account,CUST124108,70.0,70.0,1.0,,,
A_CUST124116,account,CUST124116,60.0,60.0,1.0,,,
A_CUST124117,account,CUST124117,65.0,70.0,2.0,,,
A_CUST124121,account,CUST124121,65.0,75.0,3.0,,,
A_CUST124125,account,CUST124125,60.0,60.0,1.0,,,
A_CUST124133,account,CUST124133,66.2,75.0,4.0,,,
A_CUST124135,account,CUST124135,70.0,70.0,1.0,,,
A_CUST124137,account,CUST124137,77.5,95.0,4.0,,,
A_CUST124144,account,CUST124144,70.0,70.0,2.0,,,
A_CUST124149,account,CUST124149,60.0,60.0,1.0,,,
A_CUST124150,account,CUST124150,75.0,80.0,2.0,,,
A_CUST124152,account,CUST124152,70.0,70.0,1.0,,,
A_CUST124154,account,CUST124154,60.0,60.0,1.0,,,
A_CUST124156,account,CUST124156,80.0,100.0,2.0,,,
A_CUST124157,account,CUST124157,75.0,75.0,1.0,,,
A_CUST124159,account,CUST124159,60.0,60.0,1.0,,,
A_CUST124163,account,CUST124163,60.0,60.0,1.0,,,
A_CUST124165,account,CUST124165,60.0,60.0,1.0,,,
A_CUST124168,account,CUST124168,70.0,70.0,1.0,,,
A_CUST124170,account,CUST124170,60.0,60.0,1.0,,,
A_CUST124171,account,CUST124171,60.0,60.0,1.0,,,
A_CUST124173,account,CUST124173,70.0,70.0,1.0,,,
A_CUST124176,account,CUST124176,75.0,75.0,1.0,,,
A_CUST124187,account,CUST124187,60.0,60.0,1.0,,,
A_CUST124189,account,CUST124189,70.0,70.0,1.0,,,
A_CUST124197,account,CUST124197,60.0,60.0,1.0,,,
A_CUST124199,account,CUST124199,70.0,80.0,2.0,,,
A_CUST124204,account,CUST124204,65.0,65.0,1.0,,,
A_CUST124207,account,CUST124207,60.0,60.0,1.0,,,
A_CUST124210,account,CUST124210,60.0,60.0,1.0,,,
A_CUST124212,account,CUST124212,71.7,85.0,3.0,,,
A_CUST124214,account,CUST124214,63.3,70.0,3.0,,,
A_CUST124220,account,CUST124220,62.5,65.0,2.0,,,
A_CUST124224,account,CUST124224,70.0,70.0,1.0,,,
A_CUST124225,account,CUST124225,70.0,70.0,1.0,,,
A_CUST124226,account,CUST124226,60.0,60.0,2.0,,,
A_CUST124229,account,CUST124229,60.0,60.0,1.0,,,
A_CUST124233,account,CUST124233,70.0,70.0,1.0,,,
A_CUST124236,account,CUST124236,80.0,80.0,1.0,,,
A_CUST124238,account,CUST124238,60.0,60.0,2.0,,,
A_CUST124239,account,CUST124239,65.0,65.0,1.0,,,
A_CUST124242,account,CUST124242,65.0,65.0,1.0,,,
A_CUST124245,account,CUST124245,60.0,60.0,1.0,,,
A_CUST124246,account,CUST124246,70.0,70.0,1.0,,,
A_CUST124266,account,CUST124266,85.0,85.0,1.0,,,
A_CUST124268,account,CUST124268,65.0,65.0,1.0,,,
A_CUST124269,account,CUST124269,65.0,70.0,2.0,,,
A_CUST124270,account,CUST124270,60.0,60.0,1.0,,,
A_CUST124273,account,CUST124273,60.0,60.0,2.0,,,
A_CUST124277,account,CUST124277,65.0,65.0,1.0,,,
A_CUST124284,account,CUST124284,60.0,60.0,1.0,,,
A_CUST124291,account,CUST124291,60.0,60.0,1.0,,,
A_CUST124298,account,CUST124298,65.0,65.0,1.0,,,
A_CUST124299,account,CUST124299,60.0,60.0,1.0,,,
A_CUST124300,account,CUST124300,60.0,60.0,1.0,,,
A_CUST124305,account,CUST124305,70.0,70.0,1.0,,,
A_CUST124316,account,CUST124316,72.5,75.0,2.0,,,
A_CUST124318,account,CUST124318,60.0,60.0,1.0,,,
A_CUST124323,account,CUST124323,75.0,85.0,3.0,,,
A_CUST124325,account,CUST124325,70.0,70.0,1.0,,,
A_CUST124326,account,CUST124326,75.0,75.0,1.0,,,
A_CUST124327,account,CUST124327,60.0,60.0,1.0,,,
A_CUST124330,account,CUST124330,62.5,65.0,2.0,,,
A_CUST124331,account,CUST124331,65.0,65.0,1.0,,,
A_CUST124341,account,CUST124341,60.0,60.0,1.0,,,
A_CUST124343,account,CUST124343,85.0,100.0,3.0,,,
A_CUST124346,account,CUST124346,70.0,70.0,1.0,,,
A_CUST124348,account,CUST124348,70.0,70.0,1.0,,,
A_CUST124353,account,CUST124353,60.0,60.0,1.0,,,
A_CUST124355,account,CUST124355,60.0,60.0,1.0,,,
A_CUST124359,account,CUST124359,95.0,95.0,1.0,,,
A_CUST124362,account,CUST124362,75.0,80.0,2.0,,,
A_CUST124364,account,CUST124364,60.0,60.0,1.0,,,
A_CUST124370,account,CUST124370,70.0,70.0,3.0,,,
A_CUST124378,account,CUST124378,60.0,60.0,1.0,,,
A_CUST124379,account,CUST124379,75.0,80.0,2.0,,,
A_CUST124380,account,CUST124380,65.0,70.0,3.0,,,
A_CUST124394,account,CUST124394,72.5,80.0,2.0,,,
A_CUST124398,account,CUST124398,60.0,60.0,1.0,,,
A_CUST124408,account,CUST124408,60.0,60.0,1.0,,,
A_CUST124409,account,CUST124409,70.0,90.0,4.0,,,
A_CUST124410,account,CUST124410,80.0,80.0,1.0,,,
A_CUST124411,account,CUST124411,60.0,60.0,1.0,,,
A_CUST124416,account,CUST124416,72.5,75.0,2.0,,,
A_CUST124421,account,CUST124421,66.2,70.0,4.0,,,
A_CUST124427,account,CUST124427,70.0,70.0,1.0,,,
A_CUST124428,account,CUST124428,67.5,75.0,2.0,,,
A_CUST124430,account,CUST124430,72.5,85.0,2.0,,,
A_CUST124433,account,CUST124433,60.0,60.0,1.0,,,
A_CUST124438,account,CUST124438,65.0,70.0,2.0,,,
A_CUST124440,account,CUST124440,60.0,60.0,2.0,,,
A_CUST124441,account,CUST124441,60.0,60.0,1.0,,,
A_CUST124444,account,CUST124444,60.0,60.0,1.0,,,
A_CUST124445,account,CUST124445,65.0,65.0,1.0,,,
A_CUST124447,account,CUST124447,60.0,60.0,1.0,,,
A_CUST124448,account,CUST124448,70.0,70.0,1.0,,,
A_CUST124454,account,CUST124454,75.0,75.0,1.0,,,
A_CUST124458,account,CUST124458,60.0,60.0,1.0,,,
A_CUST124459,account,CUST124459,60.0,60.0,1.0,,,
A_CUST124461,account,CUST124461,70.0,70.0,1.0,,,
A_CUST124466,account,CUST124466,66.2,85.0,4.0,,,
A_CUST124472,account,CUST124472,85.0,85.0,1.0,,,
A_CUST124475,account,CUST124475,85.0,85.0,1.0,,,
A_CUST124476,account,CUST124476,65.0,65.0,1.0,,,
A_CUST124481,account,CUST124481,70.0,70.0,1.0,,,
A_CUST124489,account,CUST124489,65.0,70.0,2.0,,,
A_CUST124491,account,CUST124491,60.0,60.0,1.0,,,
A_CUST124498,account,CUST124498,70.0,70.0,1.0,,,
A_CUST124503,account,CUST124503,65.0,70.0,2.0,,,
A_CUST124516,account,CUST124516,60.0,60.0,1.0,,,
A_CUST124517,account,CUST124517,65.0,65.0,1.0,,,
A_CUST124518,account,CUST124518,75.0,75.0,1.0,,,
A_CUST124524,account,CUST124524,70.0,80.0,2.0,,,
A_CUST124525,account,CUST124525,60.0,60.0,1.0,,,
A_CUST124527,account,CUST124527,70.0,70.0,2.0,,,
A_CUST124529,account,CUST124529,60.0,60.0,1.0,,,
A_CUST124532,account,CUST124532,60.0,60.0,2.0,,,
A_CUST124538,account,CUST124538,63.8,75.0,4.0,,,
A_CUST124540,account,CUST124540,60.0,60.0,1.0,,,
A_CUST124541,account,CUST124541,60.0,60.0,1.0,,,
A_CUST124551,account,CUST124551,65.0,70.0,2.0,,,
A_CUST124553,account,CUST124553,71.7,75.0,3.0,,,
A_CUST124558,account,CUST124558,75.0,75.0,1.0,,,
A_CUST124562,account,CUST124562,65.0,65.0,1.0,,,
A_CUST124566,account,CUST124566,65.0,65.0,1.0,,,
A_CUST124572,account,CUST124572,65.0,70.0,2.0,,,
A_CUST124573,account,CUST124573,60.0,60.0,3.0,,,
A_CUST124578,account,CUST124578,70.0,70.0,1.0,,,
A_CUST124583,account,CUST124583,60.0,60.0,1.0,,,
A_CUST124585,account,CUST124585,70.0,70.0,1.0,,,
A_CUST124589,account,CUST124589,60.0,60.0,1.0,,,
A_CUST124590,account,CUST124590,60.0,60.0,1.0,,,
A_CUST124591,account,CUST124591,83.3,100.0,3.0,,,
A_CUST124593,account,CUST124593,60.0,60.0,1.0,,,
A_CUST124595,account,CUST124595,70.0,80.0,2.0,,,
A_CUST124599,account,CUST124599,65.0,65.0,1.0,,,
A_CUST124601,account,CUST124601,100.0,100.0,1.0,,,
A_CUST124606,account,CUST124606,80.0,95.0,4.0,,,
A_CUST124607,account,CUST124607,65.0,70.0,2.0,,,
A_CUST124608,account,CUST124608,65.0,65.0,1.0,,,
A_CUST124610,account,CUST124610,70.0,70.0,1.0,,,
A_CUST124622,account,CUST124622,70.0,70.0,1.0,,,
A_CUST124624,account,CUST124624,60.0,60.0,1.0,,,
A_CUST124626,account,CUST124626,69.0,80.0,5.0,,,
A_CUST124637,account,CUST124637,70.0,75.0,3.0,,,
A_CUST124638,account,CUST124638,60.0,60.0,1.0,,,
A_CUST124639,account,CUST124639,66.2,70.0,4.0,,,
A_CUST124640,account,CUST124640,62.5,65.0,2.0,,,
A_CUST124642,account,CUST124642,85.0,85.0,1.0,,,
A_CUST124644,account,CUST124644,60.0,60.0,1.0,,,
A_CUST124653,account,CUST124653,60.0,60.0,1.0,,,
A_CUST124657,account,CUST124657,75.0,75.0,2.0,,,
A_CUST124661,account,CUST124661,70.0,70.0,1.0,,,
A_CUST124667,account,CUST124667,77.5,85.0,2.0,,,
A_CUST124671,account,CUST124671,60.0,60.0,1.0,,,
A_CUST124675,account,CUST124675,65.0,65.0,1.0,,,
A_CUST124678,account,CUST124678,60.0,60.0,1.0,,,
A_CUST124680,account,CUST124680,60.0,60.0,1.0,,,
A_CUST124687,account,CUST124687,68.3,75.0,3.0,,,
A_CUST124688,account,CUST124688,70.0,70.0,1.0,,,
A_CUST124690,account,CUST124690,60.0,60.0,1.0,,,
A_CUST124691,account,CUST124691,60.0,60.0,1.0,,,
A_CUST124693,account,CUST124693,60.0,60.0,1.0,,,
A_CUST124694,account,CUST124694,85.0,85.0,1.0,,,
A_CUST124696,account,CUST124696,60.0,60.0,1.0,,,
A_CUST124700,account,CUST124700,80.0,80.0,1.0,,,
A_CUST124701,account,CUST124701,60.0,60.0,1.0,,,
A_CUST124705,account,CUST124705,70.0,70.0,1.0,,,
A_CUST124712,account,CUST124712,60.0,60.0,1.0,,,
A_CUST124718,account,CUST124718,60.0,60.0,1.0,,,
A_CUST124723,account,CUST124723,62.5,65.0,2.0,,,
A_CUST124724,account,CUST124724,76.7,85.0,6.0,,,
A_CUST124726,account,CUST124726,60.0,60.0,1.0,,,
A_CUST124736,account,CUST124736,85.0,85.0,1.0,,,
A_CUST124740,account,CUST124740,65.0,65.0,1.0,,,
A_CUST124742,account,CUST124742,60.0,60.0,1.0,,,
A_CUST124745,account,CUST124745,70.0,70.0,1.0,,,
A_CUST124752,account,CUST124752,65.0,70.0,3.0,,,
A_CUST124754,account,CUST124754,60.0,60.0,1.0,,,
A_CUST124763,account,CUST124763,62.5,65.0,2.0,,,
A_CUST124765,account,CUST124765,70.0,70.0,1.0,,,
A_CUST124767,account,CUST124767,80.0,80.0,1.0,,,
A_CUST124770,account,CUST124770,70.0,70.0,1.0,,,
A_CUST124777,account,CUST124777,75.0,75.0,1.0,,,
A_CUST124787,account,CUST124787,60.0,60.0,1.0,,,
A_CUST124793,account,CUST124793,70.0,70.0,1.0,,,
A_CUST124794,account,CUST124794,65.0,70.0,6.0,,,
A_CUST124797,account,CUST124797,65.0,65.0,1.0,,,
A_CUST124798,account,CUST124798,80.0,80.0,1.0,,,
A_CUST124799,account,CUST124799,60.0,60.0,2.0,,,
A_CUST124800,account,CUST124800,65.0,70.0,2.0,,,
A_CUST124808,account,CUST124808,60.0,60.0,1.0,,,
A_CUST124810,account,CUST124810,68.3,75.0,3.0,,,
A_CUST124813,account,CUST124813,77.5,95.0,4.0,,,
A_CUST124814,account,CUST124814,62.5,65.0,2.0,,,
A_CUST124816,account,CUST124816,70.0,70.0,1.0,,,
A_CUST124820,account,CUST124820,60.0,60.0,1.0,,,
A_CUST124824,account,CUST124824,60.0,60.0,1.0,,,
A_CUST124826,account,CUST124826,72.5,75.0,2.0,,,
A_CUST124827,account,CUST124827,65.0,65.0,1.0,,,
A_CUST124830,account,CUST124830,65.0,65.0,1.0,,,
A_CUST124833,account,CUST124833,60.0,60.0,1.0,,,
A_CUST124846,account,CUST124846,70.0,70.0,1.0,,,
A_CUST124850,account,CUST124850,70.0,70.0,1.0,,,
A_CUST124857,account,CUST124857,60.0,60.0,1.0,,,
A_CUST124858,account,CUST124858,68.8,70.0,4.0,,,
A_CUST124860,account,CUST124860,60.0,60.0,1.0,,,
A_CUST124866,account,CUST124866,75.0,75.0,1.0,,,
A_CUST124873,account,CUST124873,70.0,70.0,1.0,,,
A_CUST124875,account,CUST124875,72.5,80.0,2.0,,,
A_CUST124876,account,CUST124876,62.5,65.0,2.0,,,
A_CUST124880,account,CUST124880,75.0,80.0,2.0,,,
A_CUST124883,account,CUST124883,60.0,60.0,1.0,,,
A_CUST124885,account,CUST124885,60.0,60.0,1.0,,,
A_CUST124887,account,CUST124887,75.0,80.0,2.0,,,
A_CUST124888,account,CUST124888,60.0,60.0,1.0,,,
A_CUST124896,account,CUST124896,60.0,60.0,1.0,,,
A_CUST124901,account,CUST124901,60.0,60.0,1.0,,,
A_CUST124902,account,CUST124902,65.0,65.0,1.0,,,
A_CUST124903,account,CUST124903,65.0,70.0,2.0,,,
A_CUST124904,account,CUST124904,60.0,60.0,2.0,,,
A_CUST124911,account,CUST124911,60.0,60.0,1.0,,,
A_CUST124917,account,CUST124917,60.0,60.0,1.0,,,
A_CUST124920,account,CUST124920,70.0,70.0,1.0,,,
A_CUST124922,account,CUST124922,80.0,80.0,1.0,,,
A_CUST124932,account,CUST124932,60.0,60.0,1.0,,,
A_CUST124935,account,CUST124935,70.0,70.0,1.0,,,
A_CUST124937,account,CUST124937,60.0,60.0,1.0,,,
A_CUST124938,account,CUST124938,60.0,60.0,2.0,,,
A_CUST124944,account,CUST124944,60.0,60.0,2.0,,,
A_CUST124947,account,CUST124947,60.0,60.0,1.0,,,
A_CUST124949,account,CUST124949,65.0,65.0,1.0,,,
A_CUST124950,account,CUST124950,62.5,70.0,4.0,,,
A_CUST124954,account,CUST124954,80.0,80.0,1.0,,,
A_CUST124958,account,CUST124958,65.0,70.0,2.0,,,
A_CUST124959,account,CUST124959,72.5,85.0,2.0,,,
A_CUST124961,account,CUST124961,60.0,60.0,1.0,,,
A_CUST124970,account,CUST124970,60.0,60.0,1.0,,,
A_CUST124971,account,CUST124971,70.0,70.0,1.0,,,
A_CUST124975,account,CUST124975,65.0,65.0,1.0,,,
A_CUST124976,account,CUST124976,77.5,100.0,6.0,,,
A_CUST124979,account,CUST124979,70.0,70.0,1.0,,,
A_CUST124980,account,CUST124980,70.0,70.0,1.0,,,
A_CUST124982,account,CUST124982,60.0,60.0,1.0,,,
A_CUST124984,account,CUST124984,71.7,80.0,3.0,,,
A_CUST124986,account,CUST124986,60.0,60.0,1.0,,,
A_CUST124987,account,CUST124987,60.0,60.0,2.0,,,
A_CUST124989,account,CUST124989,65.0,65.0,1.0,,,
A_CUST124990,account,CUST124990,60.0,60.0,2.0,,,
A_CUST124997,account,CUST124997,62.5,65.0,2.0,,,
C_CARD500002,card,CARD500002,,,,1.0,False,
C_CARD500004,card,CARD500004,,,,1.0,False,
C_CARD500010,card,CARD500010,,,,1.0,False,
C_CARD500011,card,CARD500011,,,,1.0,False,
C_CARD500012,card,CARD500012,,,,1.0,False,
C_CARD500013,card,CARD500013,,,,1.0,False,
C_CARD500016,card,CARD500016,,,,1.0,False,
C_CARD500022,card,CARD500022,,,,1.0,False,
C_CARD500026,card,CARD500026,,,,1.0,False,
C_CARD500030,card,CARD500030,,,,1.0,False,
C_CARD500032,card,CARD500032,,,,1.0,False,
C_CARD500036,card,CARD500036,,,,1.0,False,
C_CARD500037,card,CARD500037,,,,1.0,False,
C_CARD500039,card,CARD500039,,,,1.0,False,
C_CARD500049,card,CARD500049,,,,1.0,False,
C_CARD500050,card,CARD500050,,,,1.0,False,
C_CARD500051,card,CARD500051,,,,1.0,False,
C_CARD500052,card,CARD500052,,,,1.0,False,
C_CARD500053,card,CARD500053,,,,1.0,False,
C_CARD500061,card,CARD500061,,,,1.0,False,
C_CARD500064,card,CARD500064,,,,1.0,False,
C_CARD500065,card,CARD500065,,,,1.0,False,
C_CARD500066,card,CARD500066,,,,1.0,False,
C_CARD500067,card,CARD500067,,,,1.0,False,
C_CARD500069,card,CARD500069,,,,1.0,False,
C_CARD500083,card,CARD500083,,,,1.0,False,
C_CARD500085,card,CARD500085,,,,1.0,False,
C_CARD500088,card,CARD500088,,,,1.0,False,
C_CARD500098,card,CARD500098,,,,1.0,False,
C_CARD500100,card,CARD500100,,,,1.0,False,
C_CARD500102,card,CARD500102,,,,1.0,False,
C_CARD500112,card,CARD500112,,,,1.0,False,
C_CARD500119,card,CARD500119,,,,1.0,False,
C_CARD500120,card,CARD500120,,,,1.0,False,
C_CARD500125,card,CARD500125,,,,1.0,False,
C_CARD500126,card,CARD500126,,,,1.0,False,
C_CARD500138,card,CARD500138,,,,1.0,False,
C_CARD500140,card,CARD500140,,,,1.0,False,
C_CARD500145,card,CARD500145,,,,1.0,False,
C_CARD500146,card,CARD500146,,,,1.0,False,
C_CARD500147,card,CARD500147,,,,1.0,False,
C_CARD500148,card,CARD500148,,,,1.0,False,
C_CARD500150,card,CARD500150,,,,1.0,False,
C_CARD500164,card,CARD500164,,,,1.0,False,
C_CARD500169,card,CARD500169,,,,1.0,False,
C_CARD500174,card,CARD500174,,,,1.0,False,
C_CARD500175,card,CARD500175,,,,1.0,False,
C_CARD500186,card,CARD500186,,,,1.0,False,
C_CARD500187,card,CARD500187,,,,1.0,False,
C_CARD500189,card,CARD500189,,,,1.0,False,
C_CARD500192,card,CARD500192,,,,1.0,False,
C_CARD500193,card,CARD500193,,,,1.0,False,
C_CARD500194,card,CARD500194,,,,1.0,False,
C_CARD500202,card,CARD500202,,,,1.0,False,
C_CARD500204,card,CARD500204,,,,1.0,False,
C_CARD500208,card,CARD500208,,,,1.0,False,
C_CARD500217,card,CARD500217,,,,1.0,False,
C_CARD500225,card,CARD500225,,,,1.0,False,
C_CARD500226,card,CARD500226,,,,1.0,False,
C_CARD500230,card,CARD500230,,,,1.0,False,
C_CARD500231,card,CARD500231,,,,1.0,False,
C_CARD500234,card,CARD500234,,,,1.0,False,
C_CARD500241,card,CARD500241,,,,1.0,False,
C_CARD500246,card,CARD500246,,,,1.0,False,
C_CARD500257,card,CARD500257,,,,1.0,False,
C_CARD500264,card,CARD500264,,,,1.0,False,
C_CARD500266,card,CARD500266,,,,1.0,False,
C_CARD500267,card,CARD500267,,,,1.0,False,
C_CARD500279,card,CARD500279,,,,1.0,False,
C_CARD500286,card,CARD500286,,,,1.0,False,
C_CARD500287,card,CARD500287,,,,1.0,False,
C_CARD500289,card,CARD500289,,,,1.0,False,
C_CARD500297,card,CARD500297,,,,1.0,False,
C_CARD500298,card,CARD500298,,,,1.0,False,
C_CARD500312,card,CARD500312,,,,1.0,False,
C_CARD500316,card,CARD500316,,,,1.0,False,
C_CARD500319,card,CARD500319,,,,1.0,False,
C_CARD500321,card,CARD500321,,,,1.0,False,
C_CARD500323,card,CARD500323,,,,1.0,False,
C_CARD500324,card,CARD500324,,,,1.0,False,
C_CARD500325,card,CARD500325,,,,1.0,False,
C_CARD500332,card,CARD500332,,,,1.0,False,
C_CARD500335,card,CARD500335,,,,1.0,False,
C_CARD500336,card,CARD500336,,,,1.0,False,
C_CARD500342,card,CARD500342,,,,1.0,False,
C_CARD500346,card,CARD500346,,,,1.0,False,
C_CARD500347,card,CARD500347,,,,1.0,False,
C_CARD500349,card,CARD500349,,,,1.0,False,
C_CARD500354,card,CARD500354,,,,1.0,False,
C_CARD500359,card,CARD500359,,,,1.0,False,
C_CARD500360,card,CARD500360,,,,1.0,False,
C_CARD500366,card,CARD500366,,,,1.0,False,
C_CARD500367,card,CARD500367,,,,1.0,False,
C_CARD500368,card,CARD500368,,,,1.0,False,
C_CARD500369,card,CARD500369,,,,1.0,False,
C_CARD500371,card,CARD500371,,,,1.0,False,
C_CARD500391,card,CARD500391,,,,1.0,False,
C_CARD500393,card,CARD500393,,,,1.0,False,
C_CARD500396,card,CARD500396,,,,1.0,False,
C_CARD500397,card,CARD500397,,,,1.0,False,
C_CARD500404,card,CARD500404,,,,1.0,False,
C_CARD500405,card,CARD500405,,,,1.0,False,
C_CARD500414,card,CARD500414,,,,1.0,False,
C_CARD500424,card,CARD500424,,,,1.0,False,
C_CARD500427,card,CARD500427,,,,1.0,False,
C_CARD500433,card,CARD500433,,,,1.0,False,
C_CARD500450,card,CARD500450,,,,1.0,False,
C_CARD500454,card,CARD500454,,,,1.0,False,
C_CARD500457,card,CARD500457,,,,1.0,False,
C_CARD500459,card,CARD500459,,,,1.0,False,
C_CARD500461,card,CARD500461,,,,1.0,False,
C_CARD500463,card,CARD500463,,,,1.0,False,
C_CARD500468,card,CARD500468,,,,1.0,False,
C_CARD500472,card,CARD500472,,,,1.0,False,
C_CARD500473,card,CARD500473,,,,1.0,False,
C_CARD500477,card,CARD500477,,,,1.0,False,
C_CARD500478,card,CARD500478,,,,1.0,False,
C_CARD500487,card,CARD500487,,,,1.0,False,
C_CARD500488,card,CARD500488,,,,1.0,False,
C_CARD500489,card,CARD500489,,,,1.0,False,
C_CARD500494,card,CARD500494,,,,1.0,False,
C_CARD500514,card,CARD500514,,,,1.0,False,
C_CARD500519,card,CARD500519,,,,1.0,False,
C_CARD500522,card,CARD500522,,,,1.0,False,
C_CARD500523,card,CARD500523,,,,1.0,False,
C_CARD500530,card,CARD500530,,,,1.0,False,
C_CARD500531,card,CARD500531,,,,1.0,False,
C_CARD500532,card,CARD500532,,,,1.0,False,
C_CARD500534,card,CARD500534,,,,1.0,False,
C_CARD500538,card,CARD500538,,,,1.0,False,
C_CARD500541,card,CARD500541,,,,1.0,False,
C_CARD500546,card,CARD500546,,,,1.0,False,
C_CARD500548,card,CARD500548,,,,1.0,False,
C_CARD500557,card,CARD500557,,,,1.0,False,
C_CARD500558,card,CARD500558,,,,1.0,False,
C_CARD500561,card,CARD500561,,,,1.0,False,
C_CARD500562,card,CARD500562,,,,1.0,False,
C_CARD500565,card,CARD500565,,,,1.0,False,
C_CARD500568,card,CARD500568,,,,1.0,False,
C_CARD500575,card,CARD500575,,,,1.0,False,
C_CARD500587,card,CARD500587,,,,1.0,False,
C_CARD500590,card,CARD500590,,,,1.0,False,
C_CARD500597,card,CARD500597,,,,1.0,False,
C_CARD500598,card,CARD500598,,,,1.0,False,
C_CARD500600,card,CARD500600,,,,1.0,False,
C_CARD500605,card,CARD500605,,,,1.0,False,
C_CARD500610,card,CARD500610,,,,1.0,False,
C_CARD500612,card,CARD500612,,,,1.0,False,
C_CARD500615,card,CARD500615,,,,1.0,False,
C_CARD500619,card,CARD500619,,,,1.0,False,
C_CARD500623,card,CARD500623,,,,1.0,False,
C_CARD500624,card,CARD500624,,,,1.0,False,
C_CARD500625,card,CARD500625,,,,1.0,False,
C_CARD500626,card,CARD500626,,,,1.0,False,
C_CARD500629,card,CARD500629,,,,1.0,False,
C_CARD500635,card,CARD500635,,,,1.0,False,
C_CARD500636,card,CARD500636,,,,1.0,False,
C_CARD500639,card,CARD500639,,,,1.0,False,
C_CARD500643,card,CARD500643,,,,1.0,False,
C_CARD500648,card,CARD500648,,,,1.0,False,
C_CARD500649,card,CARD500649,,,,1.0,False,
C_CARD500653,card,CARD500653,,,,1.0,False,
C_CARD500654,card,CARD500654,,,,1.0,False,
C_CARD500655,card,CARD500655,,,,1.0,False,
C_CARD500659,card,CARD500659,,,,1.0,False,
C_CARD500662,card,CARD500662,,,,1.0,False,
C_CARD500663,card,CARD500663,,,,1.0,False,
C_CARD500664,card,CARD500664,,,,1.0,False,
C_CARD500665,card,CARD500665,,,,1.0,False,
C_CARD500666,card,CARD500666,,,,1.0,False,
C_CARD500670,card,CARD500670,,,,1.0,False,
C_CARD500671,card,CARD500671,,,,1.0,False,
C_CARD500673,card,CARD500673,,,,1.0,False,
C_CARD500680,card,CARD500680,,,,1.0,False,
C_CARD500685,card,CARD500685,,,,1.0,False,
C_CARD500686,card,CARD500686,,,,1.0,False,
C_CARD500687,card,CARD500687,,,,1.0,False,
C_CARD500690,card,CARD500690,,,,1.0,False,
C_CARD500694,card,CARD500694,,,,1.0,False,
C_CARD500696,card,CARD500696,,,,1.0,False,
C_CARD500698,card,CARD500698,,,,1.0,False,
C_CARD500703,card,CARD500703,,,,1.0,False,
C_CARD500707,card,CARD500707,,,,1.0,False,
C_CARD500708,card,CARD500708,,,,1.0,False,
C_CARD500711,card,CARD500711,,,,1.0,False,
C_CARD500721,card,CARD500721,,,,1.0,False,
C_CARD500722,card,CARD500722,,,,1.0,False,
C_CARD500736,card,CARD500736,,,,1.0,False,
C_CARD500739,card,CARD500739,,,,1.0,False,
C_CARD500747,card,CARD500747,,,,1.0,False,
C_CARD500752,card,CARD500752,,,,1.0,False,
C_CARD500761,card,CARD500761,,,,1.0,False,
C_CARD500764,card,CARD500764,,,,1.0,False,
C_CARD500765,card,CARD500765,,,,1.0,False,
C_CARD500768,card,CARD500768,,,,1.0,False,
C_CARD500776,card,CARD500776,,,,1.0,False,
C_CARD500779,card,CARD500779,,,,1.0,False,
C_CARD500781,card,CARD500781,,,,1.0,False,
C_CARD500783,card,CARD500783,,,,1.0,False,
C_CARD500786,card,CARD500786,,,,1.0,False,
C_CARD500794,card,CARD500794,,,,1.0,False,
C_CARD500807,card,CARD500807,,,,1.0,False,
C_CARD500811,card,CARD500811,,,,1.0,False,
C_CARD500814,card,CARD500814,,,,1.0,False,
C_CARD500824,card,CARD500824,,,,1.0,False,
C_CARD500828,card,CARD500828,,,,1.0,False,
C_CARD500831,card,CARD500831,,,,1.0,False,
C_CARD500840,card,CARD500840,,,,1.0,False,
C_CARD500841,card,CARD500841,,,,1.0,False,
C_CARD500847,card,CARD500847,,,,1.0,False,
C_CARD500852,card,CARD500852,,,,1.0,False,
C_CARD500854,card,CARD500854,,,,1.0,False,
C_CARD500855,card,CARD500855,,,,1.0,False,
C_CARD500862,card,CARD500862,,,,1.0,False,
C_CARD500872,card,CARD500872,,,,1.0,False,
C_CARD500873,card,CARD500873,,,,1.0,False,
C_CARD500876,card,CARD500876,,,,1.0,False,
C_CARD500880,card,CARD500880,,,,1.0,False,
C_CARD500886,card,CARD500886,,,,1.0,False,
C_CARD500893,card,CARD500893,,,,1.0,False,
C_CARD500905,card,CARD500905,,,,1.0,False,
C_CARD500908,card,CARD500908,,,,1.0,False,
C_CARD500909,card,CARD500909,,,,1.0,False,
C_CARD500910,card,CARD500910,,,,1.0,False,
C_CARD500914,card,CARD500914,,,,1.0,False,
C_CARD500931,card,CARD500931,,,,1.0,False,
C_CARD500932,card,CARD500932,,,,1.0,False,
C_CARD500933,card,CARD500933,,,,1.0,False,
C_CARD500940,card,CARD500940,,,,1.0,False,
C_CARD500949,card,CARD500949,,,,1.0,False,
C_CARD500955,card,CARD500955,,,,1.0,False,
C_CARD500958,card,CARD500958,,,,1.0,False,
C_CARD500959,card,CARD500959,,,,1.0,False,
C_CARD500961,card,CARD500961,,,,1.0,False,
C_CARD500964,card,CARD500964,,,,1.0,False,
C_CARD500969,card,CARD500969,,,,1.0,False,
C_CARD500980,card,CARD500980,,,,1.0,False,
C_CARD500981,card,CARD500981,,,,1.0,False,
C_CARD500982,card,CARD500982,,,,1.0,False,
C_CARD500992,card,CARD500992,,,,1.0,False,
C_CARD500995,card,CARD500995,,,,1.0,False,
C_CARD501001,card,CARD501001,,,,1.0,False,
C_CARD501010,card,CARD501010,,,,1.0,False,
C_CARD501012,card,CARD501012,,,,1.0,False,
C_CARD501015,card,CARD501015,,,,1.0,False,
C_CARD501017,card,CARD501017,,,,1.0,False,
C_CARD501022,card,CARD501022,,,,1.0,False,
C_CARD501023,card,CARD501023,,,,1.0,False,
C_CARD501037,card,CARD501037,,,,1.0,False,
C_CARD501041,card,CARD501041,,,,1.0,False,
C_CARD501042,card,CARD501042,,,,1.0,False,
C_CARD501043,card,CARD501043,,,,1.0,False,
C_CARD501052,card,CARD501052,,,,1.0,False,
C_CARD501055,card,CARD501055,,,,1.0,False,
C_CARD501059,card,CARD501059,,,,1.0,False,
C_CARD501066,card,CARD501066,,,,1.0,False,
C_CARD501067,card,CARD501067,,,,1.0,False,
C_CARD501073,card,CARD501073,,,,1.0,False,
C_CARD501076,card,CARD501076,,,,1.0,False,
C_CARD501079,card,CARD501079,,,,1.0,False,
C_CARD501096,card,CARD501096,,,,1.0,False,
C_CARD501100,card,CARD501100,,,,1.0,False,
C_CARD501101,card,CARD501101,,,,1.0,False,
C_CARD501113,card,CARD501113,,,,1.0,False,
C_CARD501117,card,CARD501117,,,,1.0,False,
C_CARD501118,card,CARD501118,,,,1.0,False,
C_CARD501123,card,CARD501123,,,,1.0,False,
C_CARD501126,card,CARD501126,,,,1.0,False,
C_CARD501128,card,CARD501128,,,,1.0,False,
C_CARD501133,card,CARD501133,,,,1.0,False,
C_CARD501136,card,CARD501136,,,,1.0,False,
C_CARD501139,card,CARD501139,,,,1.0,False,
C_CARD501143,card,CARD501143,,,,1.0,False,
C_CARD501145,card,CARD501145,,,,1.0,False,
C_CARD501158,card,CARD501158,,,,1.0,False,
C_CARD501163,card,CARD501163,,,,1.0,False,
C_CARD501167,card,CARD501167,,,,1.0,False,
C_CARD501172,card,CARD501172,,,,1.0,False,
C_CARD501177,card,CARD501177,,,,1.0,False,
C_CARD501180,card,CARD501180,,,,1.0,False,
C_CARD501181,card,CARD501181,,,,1.0,False,
C_CARD501188,card,CARD501188,,,,1.0,False,
C_CARD501191,card,CARD501191,,,,1.0,False,
C_CARD501193,card,CARD501193,,,,1.0,False,
C_CARD501199,card,CARD501199,,,,1.0,False,
C_CARD501203,card,CARD501203,,,,1.0,False,
C_CARD501207,card,CARD501207,,,,1.0,False,
C_CARD501209,card,CARD501209,,,,1.0,False,
C_CARD501210,card,CARD501210,,,,1.0,False,
C_CARD501213,card,CARD501213,,,,1.0,False,
C_CARD501221,card,CARD501221,,,,1.0,False,
C_CARD501228,card,CARD501228,,,,1.0,False,
C_CARD501229,card,CARD501229,,,,1.0,False,
C_CARD501247,card,CARD501247,,,,1.0,False,
C_CARD501249,card,CARD501249,,,,1.0,False,
C_CARD501252,card,CARD501252,,,,1.0,False,
C_CARD501253,card,CARD501253,,,,1.0,False,
C_CARD501255,card,CARD501255,,,,1.0,False,
C_CARD501258,card,CARD501258,,,,1.0,False,
C_CARD501267,card,CARD501267,,,,1.0,False,
C_CARD501271,card,CARD501271,,,,1.0,False,
C_CARD501272,card,CARD501272,,,,1.0,False,
C_CARD501279,card,CARD501279,,,,1.0,False,
C_CARD501280,card,CARD501280,,,,1.0,False,
C_CARD501290,card,CARD501290,,,,1.0,False,
C_CARD501293,card,CARD501293,,,,1.0,False,
C_CARD501296,card,CARD501296,,,,1.0,False,
C_CARD501306,card,CARD501306,,,,1.0,False,
C_CARD501308,card,CARD501308,,,,1.0,False,
C_CARD501311,card,CARD501311,,,,1.0,False,
C_CARD501326,card,CARD501326,,,,1.0,False,
C_CARD501327,card,CARD501327,,,,1.0,False,
C_CARD501334,card,CARD501334,,,,1.0,False,
C_CARD501343,card,CARD501343,,,,1.0,False,
C_CARD501351,card,CARD501351,,,,1.0,False,
C_CARD501352,card,CARD501352,,,,1.0,False,
C_CARD501354,card,CARD501354,,,,1.0,False,
C_CARD501356,card,CARD501356,,,,1.0,False,
C_CARD501357,card,CARD501357,,,,1.0,False,
C_CARD501358,card,CARD501358,,,,1.0,False,
C_CARD501366,card,CARD501366,,,,1.0,False,
C_CARD501372,card,CARD501372,,,,1.0,False,
C_CARD501374,card,CARD501374,,,,1.0,False,
C_CARD501379,card,CARD501379,,,,1.0,False,
C_CARD501384,card,CARD501384,,,,1.0,False,
C_CARD501387,card,CARD501387,,,,1.0,False,
C_CARD501388,card,CARD501388,,,,1.0,False,
C_CARD501390,card,CARD501390,,,,1.0,False,
C_CARD501391,card,CARD501391,,,,1.0,False,
C_CARD501392,card,CARD501392,,,,1.0,False,
C_CARD501396,card,CARD501396,,,,1.0,False,
C_CARD501399,card,CARD501399,,,,1.0,False,
C_CARD501401,card,CARD501401,,,,1.0,False,
C_CARD501402,card,CARD501402,,,,1.0,False,
C_CARD501403,card,CARD501403,,,,1.0,False,
C_CARD501404,card,CARD501404,,,,1.0,False,
C_CARD501406,card,CARD501406,,,,1.0,False,
C_CARD501408,card,CARD501408,,,,1.0,False,
C_CARD501409,card,CARD501409,,,,1.0,False,
C_CARD501410,card,CARD501410,,,,1.0,False,
C_CARD501417,card,CARD501417,,,,1.0,False,
C_CARD501427,card,CARD501427,,,,1.0,False,
C_CARD501428,card,CARD501428,,,,1.0,False,
C_CARD501430,card,CARD501430,,,,1.0,False,
C_CARD501435,card,CARD501435,,,,1.0,False,
C_CARD501436,card,CARD501436,,,,1.0,False,
C_CARD501443,card,CARD501443,,,,1.0,False,
C_CARD501445,card,CARD501445,,,,1.0,False,
C_CARD501449,card,CARD501449,,,,1.0,False,
C_CARD501452,card,CARD501452,,,,1.0,False,
C_CARD501453,card,CARD501453,,,,1.0,False,
C_CARD501461,card,CARD501461,,,,1.0,False,
C_CARD501473,card,CARD501473,,,,1.0,False,
C_CARD501474,card,CARD501474,,,,1.0,False,
C_CARD501476,card,CARD501476,,,,1.0,False,
C_CARD501477,card,CARD501477,,,,1.0,False,
C_CARD501479,card,CARD501479,,,,1.0,False,
C_CARD501482,card,CARD501482,,,,1.0,False,
C_CARD501484,card,CARD501484,,,,1.0,False,
C_CARD501492,card,CARD501492,,,,1.0,False,
C_CARD501494,card,CARD501494,,,,1.0,False,
C_CARD501495,card,CARD501495,,,,1.0,False,
C_CARD501497,card,CARD501497,,,,1.0,False,
C_CARD501500,card,CARD501500,,,,1.0,False,
C_CARD501501,card,CARD501501,,,,1.0,False,
C_CARD501506,card,CARD501506,,,,1.0,False,
C_CARD501509,card,CARD501509,,,,1.0,False,
C_CARD501512,card,CARD501512,,,,1.0,False,
C_CARD501521,card,CARD501521,,,,1.0,False,
C_CARD501522,card,CARD501522,,,,1.0,False,
C_CARD501523,card,CARD501523,,,,1.0,False,
C_CARD501526,card,CARD501526,,,,1.0,False,
C_CARD501527,card,CARD501527,,,,1.0,False,
C_CARD501528,card,CARD501528,,,,1.0,False,
C_CARD501529,card,CARD501529,,,,1.0,False,
C_CARD501535,card,CARD501535,,,,1.0,False,
C_CARD501543,card,CARD501543,,,,1.0,False,
C_CARD501547,card,CARD501547,,,,1.0,False,
C_CARD501563,card,CARD501563,,,,1.0,False,
C_CARD501564,card,CARD501564,,,,1.0,False,
C_CARD501568,card,CARD501568,,,,1.0,False,
C_CARD501573,card,CARD501573,,,,1.0,False,
C_CARD501578,card,CARD501578,,,,1.0,False,
C_CARD501580,card,CARD501580,,,,1.0,False,
C_CARD501582,card,CARD501582,,,,1.0,False,
C_CARD501598,card,CARD501598,,,,1.0,False,
C_CARD501607,card,CARD501607,,,,1.0,False,
C_CARD501608,card,CARD501608,,,,1.0,False,
C_CARD501614,card,CARD501614,,,,1.0,False,
C_CARD501622,card,CARD501622,,,,1.0,False,
C_CARD501625,card,CARD501625,,,,1.0,False,
C_CARD501630,card,CARD501630,,,,1.0,False,
C_CARD501633,card,CARD501633,,,,1.0,False,
C_CARD501636,card,CARD501636,,,,1.0,False,
C_CARD501638,card,CARD501638,,,,1.0,False,
C_CARD501640,card,CARD501640,,,,1.0,False,
C_CARD501646,card,CARD501646,,,,1.0,False,
C_CARD501650,card,CARD501650,,,,1.0,False,
C_CARD501656,card,CARD501656,,,,1.0,False,
C_CARD501657,card,CARD501657,,,,1.0,False,
C_CARD501658,card,CARD501658,,,,1.0,False,
C_CARD501659,card,CARD501659,,,,1.0,False,
C_CARD501661,card,CARD501661,,,,1.0,False,
C_CARD501663,card,CARD501663,,,,1.0,False,
C_CARD501666,card,CARD501666,,,,1.0,False,
C_CARD501669,card,CARD501669,,,,1.0,False,
C_CARD501670,card,CARD501670,,,,1.0,False,
C_CARD501674,card,CARD501674,,,,1.0,False,
C_CARD501681,card,CARD501681,,,,1.0,False,
C_CARD501682,card,CARD501682,,,,1.0,False,
C_CARD501684,card,CARD501684,,,,1.0,False,
C_CARD501691,card,CARD501691,,,,1.0,False,
C_CARD501696,card,CARD501696,,,,1.0,False,
C_CARD501697,card,CARD501697,,,,1.0,False,
C_CARD501700,card,CARD501700,,,,1.0,False,
C_CARD501705,card,CARD501705,,,,1.0,False,
C_CARD501706,card,CARD501706,,,,1.0,False,
C_CARD501710,card,CARD501710,,,,1.0,False,
C_CARD501718,card,CARD501718,,,,1.0,False,
C_CARD501719,card,CARD501719,,,,1.0,False,
C_CARD501720,card,CARD501720,,,,1.0,False,
C_CARD501723,card,CARD501723,,,,1.0,False,
C_CARD501726,card,CARD501726,,,,1.0,False,
C_CARD501730,card,CARD501730,,,,1.0,False,
C_CARD501733,card,CARD501733,,,,1.0,False,
C_CARD501734,card,CARD501734,,,,1.0,False,
C_CARD501751,card,CARD501751,,,,1.0,False,
C_CARD501753,card,CARD501753,,,,1.0,False,
C_CARD501763,card,CARD501763,,,,1.0,False,
C_CARD501766,card,CARD501766,,,,1.0,False,
C_CARD501769,card,CARD501769,,,,1.0,False,
C_CARD501770,card,CARD501770,,,,1.0,False,
C_CARD501771,card,CARD501771,,,,1.0,False,
C_CARD501773,card,CARD501773,,,,1.0,False,
C_CARD501776,card,CARD501776,,,,1.0,False,
C_CARD501778,card,CARD501778,,,,1.0,False,
C_CARD501782,card,CARD501782,,,,1.0,False,
C_CARD501784,card,CARD501784,,,,1.0,False,
C_CARD501785,card,CARD501785,,,,1.0,False,
C_CARD501786,card,CARD501786,,,,1.0,False,
C_CARD501787,card,CARD501787,,,,1.0,False,
C_CARD501790,card,CARD501790,,,,1.0,False,
C_CARD501799,card,CARD501799,,,,1.0,False,
C_CARD501800,card,CARD501800,,,,1.0,False,
C_CARD501802,card,CARD501802,,,,1.0,False,
C_CARD501804,card,CARD501804,,,,1.0,False,
C_CARD501805,card,CARD501805,,,,1.0,False,
C_CARD501809,card,CARD501809,,,,1.0,False,
C_CARD501814,card,CARD501814,,,,1.0,False,
C_CARD501818,card,CARD501818,,,,1.0,False,
C_CARD501826,card,CARD501826,,,,1.0,False,
C_CARD501828,card,CARD501828,,,,1.0,False,
C_CARD501834,card,CARD501834,,,,1.0,False,
C_CARD501837,card,CARD501837,,,,1.0,False,
C_CARD501841,card,CARD501841,,,,1.0,False,
C_CARD501845,card,CARD501845,,,,1.0,False,
C_CARD501851,card,CARD501851,,,,1.0,False,
C_CARD501856,card,CARD501856,,,,1.0,False,
C_CARD501863,card,CARD501863,,,,1.0,False,
C_CARD501864,card,CARD501864,,,,1.0,False,
C_CARD501870,card,CARD501870,,,,1.0,False,
C_CARD501872,card,CARD501872,,,,1.0,False,
C_CARD501877,card,CARD501877,,,,1.0,False,
C_CARD501887,card,CARD501887,,,,1.0,False,
C_CARD501895,card,CARD501895,,,,1.0,False,
C_CARD501896,card,CARD501896,,,,1.0,False,
C_CARD501900,card,CARD501900,,,,1.0,False,
C_CARD501902,card,CARD501902,,,,1.0,False,
C_CARD501903,card,CARD501903,,,,1.0,False,
C_CARD501905,card,CARD501905,,,,1.0,False,
C_CARD501906,card,CARD501906,,,,1.0,False,
C_CARD501909,card,CARD501909,,,,1.0,False,
C_CARD501910,card,CARD501910,,,,1.0,False,
C_CARD501911,card,CARD501911,,,,1.0,False,
C_CARD501912,card,CARD501912,,,,1.0,False,
C_CARD501914,card,CARD501914,,,,1.0,False,
C_CARD501920,card,CARD501920,,,,1.0,False,
C_CARD501921,card,CARD501921,,,,1.0,False,
C_CARD501926,card,CARD501926,,,,1.0,False,
C_CARD501927,card,CARD501927,,,,1.0,False,
C_CARD501936,card,CARD501936,,,,1.0,False,
C_CARD501937,card,CARD501937,,,,1.0,False,
C_CARD501943,card,CARD501943,,,,1.0,False,
C_CARD501944,card,CARD501944,,,,1.0,False,
C_CARD501945,card,CARD501945,,,,1.0,False,
C_CARD501947,card,CARD501947,,,,1.0,False,
C_CARD501957,card,CARD501957,,,,1.0,False,
C_CARD501965,card,CARD501965,,,,1.0,False,
C_CARD501969,card,CARD501969,,,,1.0,False,
C_CARD501973,card,CARD501973,,,,1.0,False,
C_CARD501978,card,CARD501978,,,,1.0,False,
C_CARD501995,card,CARD501995,,,,1.0,False,
C_CARD502004,card,CARD502004,,,,1.0,False,
C_CARD502011,card,CARD502011,,,,1.0,False,
C_CARD502015,card,CARD502015,,,,1.0,False,
C_CARD502018,card,CARD502018,,,,1.0,False,
C_CARD502021,card,CARD502021,,,,1.0,False,
C_CARD502022,card,CARD502022,,,,1.0,False,
C_CARD502027,card,CARD502027,,,,1.0,False,
C_CARD502044,card,CARD502044,,,,1.0,False,
C_CARD502052,card,CARD502052,,,,1.0,False,
C_CARD502053,card,CARD502053,,,,1.0,False,
C_CARD502056,card,CARD502056,,,,1.0,False,
C_CARD502063,card,CARD502063,,,,1.0,False,
C_CARD502067,card,CARD502067,,,,1.0,False,
C_CARD502068,card,CARD502068,,,,1.0,False,
C_CARD502069,card,CARD502069,,,,1.0,False,
C_CARD502075,card,CARD502075,,,,1.0,False,
C_CARD502076,card,CARD502076,,,,1.0,False,
C_CARD502077,card,CARD502077,,,,1.0,False,
C_CARD502085,card,CARD502085,,,,1.0,False,
C_CARD502087,card,CARD502087,,,,1.0,False,
C_CARD502088,card,CARD502088,,,,1.0,False,
C_CARD502096,card,CARD502096,,,,1.0,False,
C_CARD502098,card,CARD502098,,,,1.0,False,
C_CARD502100,card,CARD502100,,,,1.0,False,
C_CARD502102,card,CARD502102,,,,1.0,False,
C_CARD502106,card,CARD502106,,,,1.0,False,
C_CARD502107,card,CARD502107,,,,1.0,False,
C_CARD502109,card,CARD502109,,,,1.0,False,
C_CARD502111,card,CARD502111,,,,1.0,False,
C_CARD502118,card,CARD502118,,,,1.0,False,
C_CARD502125,card,CARD502125,,,,1.0,False,
C_CARD502127,card,CARD502127,,,,1.0,False,
C_CARD502128,card,CARD502128,,,,1.0,False,
C_CARD502130,card,CARD502130,,,,1.0,False,
C_CARD502140,card,CARD502140,,,,1.0,False,
C_CARD502141,card,CARD502141,,,,1.0,False,
C_CARD502150,card,CARD502150,,,,1.0,False,
C_CARD502158,card,CARD502158,,,,1.0,False,
C_CARD502159,card,CARD502159,,,,1.0,False,
C_CARD502160,card,CARD502160,,,,1.0,False,
C_CARD502162,card,CARD502162,,,,1.0,False,
C_CARD502166,card,CARD502166,,,,1.0,False,
C_CARD502183,card,CARD502183,,,,1.0,False,
C_CARD502186,card,CARD502186,,,,1.0,False,
C_CARD502194,card,CARD502194,,,,1.0,False,
C_CARD502196,card,CARD502196,,,,1.0,False,
C_CARD502199,card,CARD502199,,,,1.0,False,
C_CARD502205,card,CARD502205,,,,1.0,False,
C_CARD502208,card,CARD502208,,,,1.0,False,
C_CARD502213,card,CARD502213,,,,1.0,False,
C_CARD502218,card,CARD502218,,,,1.0,False,
C_CARD502223,card,CARD502223,,,,1.0,False,
C_CARD502225,card,CARD502225,,,,1.0,False,
C_CARD502226,card,CARD502226,,,,1.0,False,
C_CARD502228,card,CARD502228,,,,1.0,False,
C_CARD502239,card,CARD502239,,,,1.0,False,
C_CARD502241,card,CARD502241,,,,1.0,False,
C_CARD502245,card,CARD502245,,,,1.0,False,
C_CARD502249,card,CARD502249,,,,1.0,False,
C_CARD502251,card,CARD502251,,,,1.0,False,
C_CARD502256,card,CARD502256,,,,1.0,False,
C_CARD502257,card,CARD502257,,,,1.0,False,
C_CARD502261,card,CARD502261,,,,1.0,False,
C_CARD502262,card,CARD502262,,,,1.0,False,
C_CARD502263,card,CARD502263,,,,1.0,False,
C_CARD502270,card,CARD502270,,,,1.0,False,
C_CARD502276,card,CARD502276,,,,1.0,False,
C_CARD502285,card,CARD502285,,,,1.0,False,
C_CARD502287,card,CARD502287,,,,1.0,False,
C_CARD502298,card,CARD502298,,,,1.0,False,
C_CARD502303,card,CARD502303,,,,1.0,False,
C_CARD502305,card,CARD502305,,,,1.0,False,
C_CARD502307,card,CARD502307,,,,1.0,False,
C_CARD502313,card,CARD502313,,,,1.0,False,
C_CARD502323,card,CARD502323,,,,1.0,False,
C_CARD502326,card,CARD502326,,,,1.0,False,
C_CARD502331,card,CARD502331,,,,1.0,False,
C_CARD502334,card,CARD502334,,,,1.0,False,
C_CARD502338,card,CARD502338,,,,1.0,False,
C_CARD502340,card,CARD502340,,,,1.0,False,
C_CARD502341,card,CARD502341,,,,1.0,False,
C_CARD502343,card,CARD502343,,,,1.0,False,
C_CARD502345,card,CARD502345,,,,1.0,False,
C_CARD502346,card,CARD502346,,,,1.0,False,
C_CARD502347,card,CARD502347,,,,1.0,False,
C_CARD502354,card,CARD502354,,,,1.0,False,
C_CARD502355,card,CARD502355,,,,1.0,False,
C_CARD502358,card,CARD502358,,,,1.0,False,
C_CARD502361,card,CARD502361,,,,1.0,False,
C_CARD502370,card,CARD502370,,,,1.0,False,
C_CARD502372,card,CARD502372,,,,1.0,False,
C_CARD502378,card,CARD502378,,,,1.0,False,
C_CARD502379,card,CARD502379,,,,1.0,False,
C_CARD502381,card,CARD502381,,,,1.0,False,
C_CARD502384,card,CARD502384,,,,1.0,False,
C_CARD502389,card,CARD502389,,,,1.0,False,
C_CARD502395,card,CARD502395,,,,1.0,False,
C_CARD502397,card,CARD502397,,,,1.0,False,
C_CARD502401,card,CARD502401,,,,1.0,False,
C_CARD502402,card,CARD502402,,,,1.0,False,
C_CARD502403,card,CARD502403,,,,1.0,False,
C_CARD502404,card,CARD502404,,,,1.0,False,
C_CARD502409,card,CARD502409,,,,1.0,False,
C_CARD502413,card,CARD502413,,,,1.0,False,
C_CARD502415,card,CARD502415,,,,1.0,False,
C_CARD502418,card,CARD502418,,,,1.0,False,
C_CARD502419,card,CARD502419,,,,1.0,False,
C_CARD502421,card,CARD502421,,,,1.0,False,
C_CARD502422,card,CARD502422,,,,1.0,False,
C_CARD502425,card,CARD502425,,,,1.0,False,
C_CARD502427,card,CARD502427,,,,1.0,False,
C_CARD502429,card,CARD502429,,,,1.0,False,
C_CARD502430,card,CARD502430,,,,1.0,False,
C_CARD502431,card,CARD502431,,,,1.0,False,
C_CARD502433,card,CARD502433,,,,1.0,False,
C_CARD502439,card,CARD502439,,,,1.0,False,
C_CARD502441,card,CARD502441,,,,1.0,False,
C_CARD502442,card,CARD502442,,,,1.0,False,
C_CARD502443,card,CARD502443,,,,1.0,False,
C_CARD502450,card,CARD502450,,,,1.0,False,
C_CARD502455,card,CARD502455,,,,1.0,False,
C_CARD502462,card,CARD502462,,,,1.0,False,
C_CARD502465,card,CARD502465,,,,1.0,False,
C_CARD502468,card,CARD502468,,,,1.0,False,
C_CARD502471,card,CARD502471,,,,1.0,False,
C_CARD502477,card,CARD502477,,,,1.0,False,
C_CARD502480,card,CARD502480,,,,1.0,False,
C_CARD502482,card,CARD502482,,,,1.0,False,
C_CARD502483,card,CARD502483,,,,1.0,False,
C_CARD502484,card,CARD502484,,,,1.0,False,
C_CARD502488,card,CARD502488,,,,1.0,False,
C_CARD502491,card,CARD502491,,,,1.0,False,
C_CARD502494,card,CARD502494,,,,1.0,False,
C_CARD502495,card,CARD502495,,,,1.0,False,
C_CARD502497,card,CARD502497,,,,1.0,False,
C_CARD502503,card,CARD502503,,,,1.0,False,
C_CARD502504,card,CARD502504,,,,1.0,False,
C_CARD502508,card,CARD502508,,,,1.0,False,
C_CARD502517,card,CARD502517,,,,1.0,False,
C_CARD502518,card,CARD502518,,,,1.0,False,
C_CARD502522,card,CARD502522,,,,1.0,False,
C_CARD502523,card,CARD502523,,,,1.0,False,
C_CARD502524,card,CARD502524,,,,1.0,False,
C_CARD502529,card,CARD502529,,,,1.0,False,
C_CARD502530,card,CARD502530,,,,1.0,False,
C_CARD502534,card,CARD502534,,,,1.0,False,
C_CARD502536,card,CARD502536,,,,1.0,False,
C_CARD502537,card,CARD502537,,,,1.0,False,
C_CARD502546,card,CARD502546,,,,1.0,False,
C_CARD502553,card,CARD502553,,,,1.0,False,
C_CARD502555,card,CARD502555,,,,1.0,False,
C_CARD502561,card,CARD502561,,,,1.0,False,
C_CARD502568,card,CARD502568,,,,1.0,False,
C_CARD502569,card,CARD502569,,,,1.0,False,
C_CARD502575,card,CARD502575,,,,1.0,False,
C_CARD502577,card,CARD502577,,,,1.0,False,
C_CARD502578,card,CARD502578,,,,1.0,False,
C_CARD502579,card,CARD502579,,,,1.0,False,
C_CARD502583,card,CARD502583,,,,1.0,False,
C_CARD502592,card,CARD502592,,,,1.0,False,
C_CARD502599,card,CARD502599,,,,1.0,False,
C_CARD502600,card,CARD502600,,,,1.0,False,
C_CARD502604,card,CARD502604,,,,1.0,False,
C_CARD502607,card,CARD502607,,,,1.0,False,
C_CARD502609,card,CARD502609,,,,1.0,False,
C_CARD502610,card,CARD502610,,,,1.0,False,
C_CARD502611,card,CARD502611,,,,1.0,False,
C_CARD502621,card,CARD502621,,,,1.0,False,
C_CARD502622,card,CARD502622,,,,1.0,False,
C_CARD502623,card,CARD502623,,,,1.0,False,
C_CARD502639,card,CARD502639,,,,1.0,False,
C_CARD502640,card,CARD502640,,,,1.0,False,
C_CARD502654,card,CARD502654,,,,1.0,False,
C_CARD502655,card,CARD502655,,,,1.0,False,
C_CARD502658,card,CARD502658,,,,1.0,False,
C_CARD502660,card,CARD502660,,,,1.0,False,
C_CARD502681,card,CARD502681,,,,1.0,False,
C_CARD502691,card,CARD502691,,,,1.0,False,
C_CARD502692,card,CARD502692,,,,1.0,False,
C_CARD502693,card,CARD502693,,,,1.0,False,
C_CARD502695,card,CARD502695,,,,1.0,False,
C_CARD502696,card,CARD502696,,,,1.0,False,
C_CARD502698,card,CARD502698,,,,1.0,False,
C_CARD502709,card,CARD502709,,,,1.0,False,
C_CARD502729,card,CARD502729,,,,1.0,False,
C_CARD502735,card,CARD502735,,,,1.0,False,
C_CARD502737,card,CARD502737,,,,1.0,False,
C_CARD502741,card,CARD502741,,,,1.0,False,
C_CARD502761,card,CARD502761,,,,1.0,False,
C_CARD502762,card,CARD502762,,,,1.0,False,
C_CARD502763,card,CARD502763,,,,1.0,False,
C_CARD502764,card,CARD502764,,,,1.0,False,
C_CARD502770,card,CARD502770,,,,1.0,False,
C_CARD502772,card,CARD502772,,,,1.0,False,
C_CARD502776,card,CARD502776,,,,1.0,False,
C_CARD502779,card,CARD502779,,,,1.0,False,
C_CARD502783,card,CARD502783,,,,1.0,False,
C_CARD502785,card,CARD502785,,,,1.0,False,
C_CARD502788,card,CARD502788,,,,1.0,False,
C_CARD502798,card,CARD502798,,,,1.0,False,
C_CARD502802,card,CARD502802,,,,1.0,False,
C_CARD502804,card,CARD502804,,,,1.0,False,
C_CARD502810,card,CARD502810,,,,1.0,False,
C_CARD502814,card,CARD502814,,,,1.0,False,
C_CARD502816,card,CARD502816,,,,1.0,False,
C_CARD502821,card,CARD502821,,,,1.0,False,
C_CARD502829,card,CARD502829,,,,1.0,False,
C_CARD502839,card,CARD502839,,,,1.0,False,
C_CARD502845,card,CARD502845,,,,1.0,False,
C_CARD502864,card,CARD502864,,,,1.0,False,
C_CARD502866,card,CARD502866,,,,1.0,False,
C_CARD502871,card,CARD502871,,,,1.0,False,
C_CARD502877,card,CARD502877,,,,1.0,False,
C_CARD502878,card,CARD502878,,,,1.0,False,
C_CARD502886,card,CARD502886,,,,1.0,False,
C_CARD502892,card,CARD502892,,,,1.0,False,
C_CARD502902,card,CARD502902,,,,1.0,False,
C_CARD502907,card,CARD502907,,,,1.0,False,
C_CARD502909,card,CARD502909,,,,1.0,False,
C_CARD502910,card,CARD502910,,,,1.0,False,
C_CARD502911,card,CARD502911,,,,1.0,False,
C_CARD502917,card,CARD502917,,,,1.0,False,
C_CARD502918,card,CARD502918,,,,1.0,False,
C_CARD502921,card,CARD502921,,,,1.0,False,
C_CARD502941,card,CARD502941,,,,1.0,False,
C_CARD502946,card,CARD502946,,,,1.0,False,
C_CARD502949,card,CARD502949,,,,1.0,False,
C_CARD502952,card,CARD502952,,,,1.0,False,
C_CARD502959,card,CARD502959,,,,1.0,False,
C_CARD502962,card,CARD502962,,,,1.0,False,
C_CARD502968,card,CARD502968,,,,1.0,False,
C_CARD502973,card,CARD502973,,,,1.0,False,
C_CARD502975,card,CARD502975,,,,1.0,False,
C_CARD502979,card,CARD502979,,,,1.0,False,
C_CARD502982,card,CARD502982,,,,1.0,False,
C_CARD502997,card,CARD502997,,,,1.0,False,
C_CARD502998,card,CARD502998,,,,1.0,False,
C_CARD503005,card,CARD503005,,,,1.0,False,
C_CARD503011,card,CARD503011,,,,1.0,False,
C_CARD503015,card,CARD503015,,,,1.0,False,
C_CARD503016,card,CARD503016,,,,1.0,False,
C_CARD503019,card,CARD503019,,,,1.0,False,
C_CARD503024,card,CARD503024,,,,1.0,False,
C_CARD503028,card,CARD503028,,,,1.0,False,
C_CARD503031,card,CARD503031,,,,1.0,False,
C_CARD503034,card,CARD503034,,,,1.0,False,
C_CARD503036,card,CARD503036,,,,1.0,False,
C_CARD503037,card,CARD503037,,,,1.0,False,
C_CARD503040,card,CARD503040,,,,1.0,False,
C_CARD503044,card,CARD503044,,,,1.0,False,
C_CARD503045,card,CARD503045,,,,1.0,False,
C_CARD503050,card,CARD503050,,,,1.0,False,
C_CARD503056,card,CARD503056,,,,1.0,False,
C_CARD503058,card,CARD503058,,,,1.0,False,
C_CARD503061,card,CARD503061,,,,1.0,False,
C_CARD503067,card,CARD503067,,,,1.0,False,
C_CARD503068,card,CARD503068,,,,1.0,False,
C_CARD503076,card,CARD503076,,,,1.0,False,
C_CARD503079,card,CARD503079,,,,1.0,False,
C_CARD503081,card,CARD503081,,,,1.0,False,
C_CARD503085,card,CARD503085,,,,1.0,False,
C_CARD503101,card,CARD503101,,,,1.0,False,
C_CARD503107,card,CARD503107,,,,1.0,False,
C_CARD503110,card,CARD503110,,,,1.0,False,
C_CARD503111,card,CARD503111,,,,1.0,False,
C_CARD503114,card,CARD503114,,,,1.0,False,
C_CARD503117,card,CARD503117,,,,1.0,False,
C_CARD503119,card,CARD503119,,,,1.0,False,
C_CARD503122,card,CARD503122,,,,1.0,False,
C_CARD503124,card,CARD503124,,,,1.0,False,
C_CARD503129,card,CARD503129,,,,1.0,False,
C_CARD503130,card,CARD503130,,,,1.0,False,
C_CARD503134,card,CARD503134,,,,1.0,False,
C_CARD503140,card,CARD503140,,,,1.0,False,
C_CARD503148,card,CARD503148,,,,1.0,False,
C_CARD503150,card,CARD503150,,,,1.0,False,
C_CARD503157,card,CARD503157,,,,1.0,False,
C_CARD503163,card,CARD503163,,,,1.0,False,
C_CARD503167,card,CARD503167,,,,1.0,False,
C_CARD503172,card,CARD503172,,,,1.0,False,
C_CARD503176,card,CARD503176,,,,1.0,False,
C_CARD503178,card,CARD503178,,,,1.0,False,
C_CARD503179,card,CARD503179,,,,1.0,False,
C_CARD503181,card,CARD503181,,,,1.0,False,
C_CARD503184,card,CARD503184,,,,1.0,False,
C_CARD503188,card,CARD503188,,,,1.0,False,
C_CARD503191,card,CARD503191,,,,1.0,False,
C_CARD503195,card,CARD503195,,,,1.0,False,
C_CARD503196,card,CARD503196,,,,1.0,False,
C_CARD503198,card,CARD503198,,,,1.0,False,
C_CARD503210,card,CARD503210,,,,1.0,False,
C_CARD503213,card,CARD503213,,,,1.0,False,
C_CARD503223,card,CARD503223,,,,1.0,False,
C_CARD503226,card,CARD503226,,,,1.0,False,
C_CARD503227,card,CARD503227,,,,1.0,False,
C_CARD503232,card,CARD503232,,,,1.0,False,
C_CARD503238,card,CARD503238,,,,1.0,False,
C_CARD503240,card,CARD503240,,,,1.0,False,
C_CARD503241,card,CARD503241,,,,1.0,False,
C_CARD503244,card,CARD503244,,,,1.0,False,
C_CARD503246,card,CARD503246,,,,1.0,False,
C_CARD503248,card,CARD503248,,,,1.0,False,
C_CARD503252,card,CARD503252,,,,1.0,False,
C_CARD503260,card,CARD503260,,,,1.0,False,
C_CARD503261,card,CARD503261,,,,1.0,False,
C_CARD503262,card,CARD503262,,,,1.0,False,
C_CARD503264,card,CARD503264,,,,1.0,False,
C_CARD503269,card,CARD503269,,,,1.0,False,
C_CARD503280,card,CARD503280,,,,1.0,False,
C_CARD503292,card,CARD503292,,,,1.0,False,
C_CARD503295,card,CARD503295,,,,1.0,False,
C_CARD503298,card,CARD503298,,,,1.0,False,
C_CARD503299,card,CARD503299,,,,1.0,False,
C_CARD503300,card,CARD503300,,,,1.0,False,
C_CARD503307,card,CARD503307,,,,1.0,False,
C_CARD503328,card,CARD503328,,,,1.0,False,
C_CARD503329,card,CARD503329,,,,1.0,False,
C_CARD503336,card,CARD503336,,,,1.0,False,
C_CARD503342,card,CARD503342,,,,1.0,False,
C_CARD503344,card,CARD503344,,,,1.0,False,
C_CARD503354,card,CARD503354,,,,1.0,False,
C_CARD503355,card,CARD503355,,,,1.0,False,
C_CARD503356,card,CARD503356,,,,1.0,False,
C_CARD503358,card,CARD503358,,,,1.0,False,
C_CARD503363,card,CARD503363,,,,1.0,False,
C_CARD503367,card,CARD503367,,,,1.0,False,
C_CARD503369,card,CARD503369,,,,1.0,False,
C_CARD503376,card,CARD503376,,,,1.0,False,
C_CARD503382,card,CARD503382,,,,1.0,False,
C_CARD503385,card,CARD503385,,,,1.0,False,
C_CARD503386,card,CARD503386,,,,1.0,False,
C_CARD503388,card,CARD503388,,,,1.0,False,
C_CARD503394,card,CARD503394,,,,1.0,False,
C_CARD503399,card,CARD503399,,,,1.0,False,
C_CARD503400,card,CARD503400,,,,1.0,False,
C_CARD503401,card,CARD503401,,,,1.0,False,
C_CARD503403,card,CARD503403,,,,1.0,False,
C_CARD503408,card,CARD503408,,,,1.0,False,
C_CARD503412,card,CARD503412,,,,1.0,False,
C_CARD503414,card,CARD503414,,,,1.0,False,
C_CARD503421,card,CARD503421,,,,1.0,False,
C_CARD503432,card,CARD503432,,,,1.0,False,
C_CARD503433,card,CARD503433,,,,1.0,False,
C_CARD503441,card,CARD503441,,,,1.0,False,
C_CARD503446,card,CARD503446,,,,1.0,False,
C_CARD503454,card,CARD503454,,,,1.0,False,
C_CARD503464,card,CARD503464,,,,1.0,False,
C_CARD503468,card,CARD503468,,,,1.0,False,
C_CARD503473,card,CARD503473,,,,1.0,False,
C_CARD503475,card,CARD503475,,,,1.0,False,
C_CARD503486,card,CARD503486,,,,1.0,False,
C_CARD503488,card,CARD503488,,,,1.0,False,
C_CARD503489,card,CARD503489,,,,1.0,False,
C_CARD503491,card,CARD503491,,,,1.0,False,
C_CARD503495,card,CARD503495,,,,1.0,False,
C_CARD503496,card,CARD503496,,,,1.0,False,
C_CARD503499,card,CARD503499,,,,1.0,False,
C_CARD503505,card,CARD503505,,,,1.0,False,
C_CARD503506,card,CARD503506,,,,1.0,False,
C_CARD503507,card,CARD503507,,,,1.0,False,
C_CARD503510,card,CARD503510,,,,1.0,False,
C_CARD503514,card,CARD503514,,,,1.0,False,
C_CARD503515,card,CARD503515,,,,1.0,False,
C_CARD503517,card,CARD503517,,,,1.0,False,
C_CARD503534,card,CARD503534,,,,1.0,False,
C_CARD503537,card,CARD503537,,,,1.0,False,
C_CARD503544,card,CARD503544,,,,1.0,False,
C_CARD503545,card,CARD503545,,,,1.0,False,
C_CARD503546,card,CARD503546,,,,1.0,False,
C_CARD503551,card,CARD503551,,,,1.0,False,
C_CARD503555,card,CARD503555,,,,1.0,False,
C_CARD503556,card,CARD503556,,,,1.0,False,
C_CARD503557,card,CARD503557,,,,1.0,False,
C_CARD503560,card,CARD503560,,,,1.0,False,
C_CARD503561,card,CARD503561,,,,1.0,False,
C_CARD503562,card,CARD503562,,,,1.0,False,
C_CARD503563,card,CARD503563,,,,1.0,False,
C_CARD503566,card,CARD503566,,,,1.0,False,
C_CARD503568,card,CARD503568,,,,1.0,False,
C_CARD503573,card,CARD503573,,,,1.0,False,
C_CARD503575,card,CARD503575,,,,1.0,False,
C_CARD503579,card,CARD503579,,,,1.0,False,
C_CARD503584,card,CARD503584,,,,1.0,False,
C_CARD503585,card,CARD503585,,,,1.0,False,
C_CARD503587,card,CARD503587,,,,1.0,False,
C_CARD503607,card,CARD503607,,,,1.0,False,
C_CARD503614,card,CARD503614,,,,1.0,False,
C_CARD503619,card,CARD503619,,,,1.0,False,
C_CARD503621,card,CARD503621,,,,1.0,False,
C_CARD503624,card,CARD503624,,,,1.0,False,
C_CARD503630,card,CARD503630,,,,1.0,False,
C_CARD503637,card,CARD503637,,,,1.0,False,
C_CARD503645,card,CARD503645,,,,1.0,False,
C_CARD503658,card,CARD503658,,,,1.0,False,
C_CARD503662,card,CARD503662,,,,1.0,False,
C_CARD503666,card,CARD503666,,,,1.0,False,
C_CARD503670,card,CARD503670,,,,1.0,False,
C_CARD503675,card,CARD503675,,,,1.0,False,
C_CARD503679,card,CARD503679,,,,1.0,False,
C_CARD503687,card,CARD503687,,,,1.0,False,
C_CARD503688,card,CARD503688,,,,1.0,False,
C_CARD503690,card,CARD503690,,,,1.0,False,
C_CARD503692,card,CARD503692,,,,1.0,False,
C_CARD503697,card,CARD503697,,,,1.0,False,
C_CARD503698,card,CARD503698,,,,1.0,False,
C_CARD503704,card,CARD503704,,,,1.0,False,
C_CARD503713,card,CARD503713,,,,1.0,False,
C_CARD503714,card,CARD503714,,,,1.0,False,
C_CARD503723,card,CARD503723,,,,1.0,False,
C_CARD503730,card,CARD503730,,,,1.0,False,
C_CARD503740,card,CARD503740,,,,1.0,False,
C_CARD503741,card,CARD503741,,,,1.0,False,
C_CARD503744,card,CARD503744,,,,1.0,False,
C_CARD503751,card,CARD503751,,,,1.0,False,
C_CARD503754,card,CARD503754,,,,1.0,False,
C_CARD503757,card,CARD503757,,,,1.0,False,
C_CARD503758,card,CARD503758,,,,1.0,False,
C_CARD503760,card,CARD503760,,,,1.0,False,
C_CARD503763,card,CARD503763,,,,1.0,False,
C_CARD503775,card,CARD503775,,,,1.0,False,
C_CARD503779,card,CARD503779,,,,1.0,False,
C_CARD503784,card,CARD503784,,,,1.0,False,
C_CARD503790,card,CARD503790,,,,1.0,False,
C_CARD503791,card,CARD503791,,,,1.0,False,
C_CARD503803,card,CARD503803,,,,1.0,False,
C_CARD503808,card,CARD503808,,,,1.0,False,
C_CARD503811,card,CARD503811,,,,1.0,False,
C_CARD503819,card,CARD503819,,,,1.0,False,
C_CARD503821,card,CARD503821,,,,1.0,False,
C_CARD503823,card,CARD503823,,,,1.0,False,
C_CARD503826,card,CARD503826,,,,1.0,False,
C_CARD503833,card,CARD503833,,,,1.0,False,
C_CARD503836,card,CARD503836,,,,1.0,False,
C_CARD503843,card,CARD503843,,,,1.0,False,
C_CARD503845,card,CARD503845,,,,1.0,False,
C_CARD503851,card,CARD503851,,,,1.0,False,
C_CARD503852,card,CARD503852,,,,1.0,False,
C_CARD503853,card,CARD503853,,,,1.0,False,
C_CARD503855,card,CARD503855,,,,1.0,False,
C_CARD503857,card,CARD503857,,,,1.0,False,
C_CARD503861,card,CARD503861,,,,1.0,False,
C_CARD503862,card,CARD503862,,,,1.0,False,
C_CARD503863,card,CARD503863,,,,1.0,False,
C_CARD503869,card,CARD503869,,,,1.0,False,
C_CARD503871,card,CARD503871,,,,1.0,False,
C_CARD503873,card,CARD503873,,,,1.0,False,
C_CARD503877,card,CARD503877,,,,1.0,False,
C_CARD503878,card,CARD503878,,,,1.0,False,
C_CARD503880,card,CARD503880,,,,1.0,False,
C_CARD503882,card,CARD503882,,,,1.0,False,
C_CARD503885,card,CARD503885,,,,1.0,False,
C_CARD503905,card,CARD503905,,,,1.0,False,
C_CARD503912,card,CARD503912,,,,1.0,False,
C_CARD503918,card,CARD503918,,,,1.0,False,
C_CARD503919,card,CARD503919,,,,1.0,False,
C_CARD503921,card,CARD503921,,,,1.0,False,
C_CARD503925,card,CARD503925,,,,1.0,False,
C_CARD503931,card,CARD503931,,,,1.0,False,
C_CARD503934,card,CARD503934,,,,1.0,False,
C_CARD503944,card,CARD503944,,,,1.0,False,
C_CARD503946,card,CARD503946,,,,1.0,False,
C_CARD503949,card,CARD503949,,,,1.0,False,
C_CARD503955,card,CARD503955,,,,1.0,False,
C_CARD503958,card,CARD503958,,,,1.0,False,
C_CARD503968,card,CARD503968,,,,1.0,False,
C_CARD503986,card,CARD503986,,,,1.0,False,
C_CARD503989,card,CARD503989,,,,1.0,False,
C_CARD503990,card,CARD503990,,,,1.0,False,
C_CARD503991,card,CARD503991,,,,1.0,False,
C_CARD503993,card,CARD503993,,,,1.0,False,
C_CARD503995,card,CARD503995,,,,1.0,False,
C_CARD503997,card,CARD503997,,,,1.0,False,
C_CARD504000,card,CARD504000,,,,1.0,False,
C_CARD504002,card,CARD504002,,,,1.0,False,
C_CARD504010,card,CARD504010,,,,1.0,False,
C_CARD504013,card,CARD504013,,,,1.0,False,
C_CARD504014,card,CARD504014,,,,1.0,False,
C_CARD504015,card,CARD504015,,,,1.0,False,
C_CARD504016,card,CARD504016,,,,1.0,False,
C_CARD504028,card,CARD504028,,,,1.0,False,
C_CARD504039,card,CARD504039,,,,1.0,False,
C_CARD504049,card,CARD504049,,,,1.0,False,
C_CARD504057,card,CARD504057,,,,1.0,False,
C_CARD504058,card,CARD504058,,,,1.0,False,
C_CARD504060,card,CARD504060,,,,1.0,False,
C_CARD504062,card,CARD504062,,,,1.0,False,
C_CARD504064,card,CARD504064,,,,1.0,False,
C_CARD504069,card,CARD504069,,,,1.0,False,
C_CARD504070,card,CARD504070,,,,1.0,False,
C_CARD504074,card,CARD504074,,,,1.0,False,
C_CARD504078,card,CARD504078,,,,1.0,False,
C_CARD504079,card,CARD504079,,,,1.0,False,
C_CARD504080,card,CARD504080,,,,1.0,False,
C_CARD504081,card,CARD504081,,,,1.0,False,
C_CARD504084,card,CARD504084,,,,1.0,False,
C_CARD504085,card,CARD504085,,,,1.0,False,
C_CARD504086,card,CARD504086,,,,1.0,False,
C_CARD504093,card,CARD504093,,,,1.0,False,
C_CARD504094,card,CARD504094,,,,1.0,False,
C_CARD504098,card,CARD504098,,,,1.0,False,
C_CARD504099,card,CARD504099,,,,1.0,False,
C_CARD504100,card,CARD504100,,,,1.0,False,
C_CARD504103,card,CARD504103,,,,1.0,False,
C_CARD504112,card,CARD504112,,,,1.0,False,
C_CARD504118,card,CARD504118,,,,1.0,False,
C_CARD504119,card,CARD504119,,,,1.0,False,
C_CARD504120,card,CARD504120,,,,1.0,False,
C_CARD504124,card,CARD504124,,,,1.0,False,
C_CARD504125,card,CARD504125,,,,1.0,False,
C_CARD504133,card,CARD504133,,,,1.0,False,
C_CARD504139,card,CARD504139,,,,1.0,False,
C_CARD504146,card,CARD504146,,,,1.0,False,
C_CARD504152,card,CARD504152,,,,1.0,False,
C_CARD504174,card,CARD504174,,,,1.0,False,
C_CARD504175,card,CARD504175,,,,1.0,False,
C_CARD504176,card,CARD504176,,,,1.0,False,
C_CARD504177,card,CARD504177,,,,1.0,False,
C_CARD504180,card,CARD504180,,,,1.0,False,
C_CARD504185,card,CARD504185,,,,1.0,False,
C_CARD504187,card,CARD504187,,,,1.0,False,
C_CARD504188,card,CARD504188,,,,1.0,False,
C_CARD504200,card,CARD504200,,,,1.0,False,
C_CARD504201,card,CARD504201,,,,1.0,False,
C_CARD504217,card,CARD504217,,,,1.0,False,
C_CARD504219,card,CARD504219,,,,1.0,False,
C_CARD504221,card,CARD504221,,,,1.0,False,
C_CARD504225,card,CARD504225,,,,1.0,False,
C_CARD504226,card,CARD504226,,,,1.0,False,
C_CARD504227,card,CARD504227,,,,1.0,False,
C_CARD504229,card,CARD504229,,,,1.0,False,
C_CARD504232,card,CARD504232,,,,1.0,False,
C_CARD504233,card,CARD504233,,,,1.0,False,
C_CARD504235,card,CARD504235,,,,1.0,False,
C_CARD504236,card,CARD504236,,,,1.0,False,
C_CARD504238,card,CARD504238,,,,1.0,False,
C_CARD504245,card,CARD504245,,,,1.0,False,
C_CARD504247,card,CARD504247,,,,1.0,False,
C_CARD504251,card,CARD504251,,,,1.0,False,
C_CARD504255,card,CARD504255,,,,1.0,False,
C_CARD504261,card,CARD504261,,,,1.0,False,
C_CARD504262,card,CARD504262,,,,1.0,False,
C_CARD504264,card,CARD504264,,,,1.0,False,
C_CARD504266,card,CARD504266,,,,1.0,False,
C_CARD504269,card,CARD504269,,,,1.0,False,
C_CARD504275,card,CARD504275,,,,1.0,False,
C_CARD504282,card,CARD504282,,,,1.0,False,
C_CARD504284,card,CARD504284,,,,1.0,False,
C_CARD504285,card,CARD504285,,,,1.0,False,
C_CARD504287,card,CARD504287,,,,1.0,False,
C_CARD504291,card,CARD504291,,,,1.0,False,
C_CARD504292,card,CARD504292,,,,1.0,False,
C_CARD504294,card,CARD504294,,,,1.0,False,
C_CARD504295,card,CARD504295,,,,1.0,False,
C_CARD504299,card,CARD504299,,,,1.0,False,
C_CARD504302,card,CARD504302,,,,1.0,False,
C_CARD504303,card,CARD504303,,,,1.0,False,
C_CARD504306,card,CARD504306,,,,1.0,False,
C_CARD504309,card,CARD504309,,,,1.0,False,
C_CARD504311,card,CARD504311,,,,1.0,False,
C_CARD504312,card,CARD504312,,,,1.0,False,
C_CARD504313,card,CARD504313,,,,1.0,False,
C_CARD504314,card,CARD504314,,,,1.0,False,
C_CARD504326,card,CARD504326,,,,1.0,False,
C_CARD504327,card,CARD504327,,,,1.0,False,
C_CARD504329,card,CARD504329,,,,1.0,False,
C_CARD504336,card,CARD504336,,,,1.0,False,
C_CARD504340,card,CARD504340,,,,1.0,False,
C_CARD504341,card,CARD504341,,,,1.0,False,
C_CARD504344,card,CARD504344,,,,1.0,False,
C_CARD504352,card,CARD504352,,,,1.0,False,
C_CARD504355,card,CARD504355,,,,1.0,False,
C_CARD504361,card,CARD504361,,,,1.0,False,
C_CARD504363,card,CARD504363,,,,1.0,False,
C_CARD504365,card,CARD504365,,,,1.0,False,
C_CARD504373,card,CARD504373,,,,1.0,False,
C_CARD504374,card,CARD504374,,,,1.0,False,
C_CARD504378,card,CARD504378,,,,1.0,False,
C_CARD504380,card,CARD504380,,,,1.0,False,
C_CARD504382,card,CARD504382,,,,1.0,False,
C_CARD504384,card,CARD504384,,,,1.0,False,
C_CARD504385,card,CARD504385,,,,1.0,False,
C_CARD504386,card,CARD504386,,,,1.0,False,
C_CARD504387,card,CARD504387,,,,1.0,False,
C_CARD504390,card,CARD504390,,,,1.0,False,
C_CARD504394,card,CARD504394,,,,1.0,False,
C_CARD504397,card,CARD504397,,,,1.0,False,
C_CARD504399,card,CARD504399,,,,1.0,False,
C_CARD504405,card,CARD504405,,,,1.0,False,
C_CARD504413,card,CARD504413,,,,1.0,False,
C_CARD504423,card,CARD504423,,,,1.0,False,
C_CARD504427,card,CARD504427,,,,1.0,False,
C_CARD504429,card,CARD504429,,,,1.0,False,
C_CARD504440,card,CARD504440,,,,1.0,False,
C_CARD504445,card,CARD504445,,,,1.0,False,
C_CARD504449,card,CARD504449,,,,1.0,False,
C_CARD504450,card,CARD504450,,,,1.0,False,
C_CARD504455,card,CARD504455,,,,1.0,False,
C_CARD504457,card,CARD504457,,,,1.0,False,
C_CARD504463,card,CARD504463,,,,1.0,False,
C_CARD504466,card,CARD504466,,,,1.0,False,
C_CARD504472,card,CARD504472,,,,1.0,False,
C_CARD504474,card,CARD504474,,,,1.0,False,
C_CARD504483,card,CARD504483,,,,1.0,False,
C_CARD504485,card,CARD504485,,,,1.0,False,
C_CARD504488,card,CARD504488,,,,1.0,False,
C_CARD504490,card,CARD504490,,,,1.0,False,
C_CARD504492,card,CARD504492,,,,1.0,False,
C_CARD504493,card,CARD504493,,,,1.0,False,
C_CARD504500,card,CARD504500,,,,1.0,False,
C_CARD504504,card,CARD504504,,,,1.0,False,
C_CARD504520,card,CARD504520,,,,1.0,False,
C_CARD504522,card,CARD504522,,,,1.0,False,
C_CARD504535,card,CARD504535,,,,1.0,False,
C_CARD504536,card,CARD504536,,,,1.0,False,
C_CARD504540,card,CARD504540,,,,1.0,False,
C_CARD504545,card,CARD504545,,,,1.0,False,
C_CARD504558,card,CARD504558,,,,1.0,False,
C_CARD504562,card,CARD504562,,,,1.0,False,
C_CARD504567,card,CARD504567,,,,1.0,False,
C_CARD504569,card,CARD504569,,,,1.0,False,
C_CARD504571,card,CARD504571,,,,1.0,False,
C_CARD504575,card,CARD504575,,,,1.0,False,
C_CARD504584,card,CARD504584,,,,1.0,False,
C_CARD504598,card,CARD504598,,,,1.0,False,
C_CARD504607,card,CARD504607,,,,1.0,False,
C_CARD504609,card,CARD504609,,,,1.0,False,
C_CARD504619,card,CARD504619,,,,1.0,False,
C_CARD504620,card,CARD504620,,,,1.0,False,
C_CARD504621,card,CARD504621,,,,1.0,False,
C_CARD504627,card,CARD504627,,,,1.0,False,
C_CARD504633,card,CARD504633,,,,1.0,False,
C_CARD504640,card,CARD504640,,,,1.0,False,
C_CARD504642,card,CARD504642,,,,1.0,False,
C_CARD504644,card,CARD504644,,,,1.0,False,
C_CARD504649,card,CARD504649,,,,1.0,False,
C_CARD504653,card,CARD504653,,,,1.0,False,
C_CARD504660,card,CARD504660,,,,1.0,False,
C_CARD504664,card,CARD504664,,,,1.0,False,
C_CARD504666,card,CARD504666,,,,1.0,False,
C_CARD504668,card,CARD504668,,,,1.0,False,
C_CARD504672,card,CARD504672,,,,1.0,False,
C_CARD504673,card,CARD504673,,,,1.0,False,
C_CARD504676,card,CARD504676,,,,1.0,False,
C_CARD504679,card,CARD504679,,,,1.0,False,
C_CARD504681,card,CARD504681,,,,1.0,False,
C_CARD504687,card,CARD504687,,,,1.0,False,
C_CARD504688,card,CARD504688,,,,1.0,False,
C_CARD504689,card,CARD504689,,,,1.0,False,
C_CARD504693,card,CARD504693,,,,1.0,False,
C_CARD504694,card,CARD504694,,,,1.0,False,
C_CARD504695,card,CARD504695,,,,1.0,False,
C_CARD504701,card,CARD504701,,,,1.0,False,
C_CARD504703,card,CARD504703,,,,1.0,False,
C_CARD504708,card,CARD504708,,,,1.0,False,
C_CARD504709,card,CARD504709,,,,1.0,False,
C_CARD504710,card,CARD504710,,,,1.0,False,
C_CARD504711,card,CARD504711,,,,1.0,False,
C_CARD504714,card,CARD504714,,,,1.0,False,
C_CARD504723,card,CARD504723,,,,1.0,False,
C_CARD504726,card,CARD504726,,,,1.0,False,
C_CARD504732,card,CARD504732,,,,1.0,False,
C_CARD504743,card,CARD504743,,,,1.0,False,
C_CARD504749,card,CARD504749,,,,1.0,False,
C_CARD504752,card,CARD504752,,,,1.0,False,
C_CARD504755,card,CARD504755,,,,1.0,False,
C_CARD504760,card,CARD504760,,,,1.0,False,
C_CARD504764,card,CARD504764,,,,1.0,False,
C_CARD504766,card,CARD504766,,,,1.0,False,
C_CARD504767,card,CARD504767,,,,1.0,False,
C_CARD504769,card,CARD504769,,,,1.0,False,
C_CARD504772,card,CARD504772,,,,1.0,False,
C_CARD504774,card,CARD504774,,,,1.0,False,
C_CARD504779,card,CARD504779,,,,1.0,False,
C_CARD504785,card,CARD504785,,,,1.0,False,
C_CARD504792,card,CARD504792,,,,1.0,False,
C_CARD504796,card,CARD504796,,,,1.0,False,
C_CARD504808,card,CARD504808,,,,1.0,False,
C_CARD504812,card,CARD504812,,,,1.0,False,
C_CARD504817,card,CARD504817,,,,1.0,False,
C_CARD504823,card,CARD504823,,,,1.0,False,
C_CARD504832,card,CARD504832,,,,1.0,False,
C_CARD504834,card,CARD504834,,,,1.0,False,
C_CARD504835,card,CARD504835,,,,1.0,False,
C_CARD504836,card,CARD504836,,,,1.0,False,
C_CARD504841,card,CARD504841,,,,1.0,False,
C_CARD504843,card,CARD504843,,,,1.0,False,
C_CARD504845,card,CARD504845,,,,1.0,False,
C_CARD504855,card,CARD504855,,,,1.0,False,
C_CARD504856,card,CARD504856,,,,1.0,False,
C_CARD504857,card,CARD504857,,,,1.0,False,
C_CARD504860,card,CARD504860,,,,1.0,False,
C_CARD504862,card,CARD504862,,,,1.0,False,
C_CARD504867,card,CARD504867,,,,1.0,False,
C_CARD504873,card,CARD504873,,,,1.0,False,
C_CARD504880,card,CARD504880,,,,1.0,False,
C_CARD504881,card,CARD504881,,,,1.0,False,
C_CARD504884,card,CARD504884,,,,1.0,False,
C_CARD504885,card,CARD504885,,,,1.0,False,
C_CARD504891,card,CARD504891,,,,1.0,False,
C_CARD504892,card,CARD504892,,,,1.0,False,
C_CARD504897,card,CARD504897,,,,1.0,False,
C_CARD504903,card,CARD504903,,,,1.0,False,
C_CARD504904,card,CARD504904,,,,1.0,False,
C_CARD504907,card,CARD504907,,,,1.0,False,
C_CARD504920,card,CARD504920,,,,1.0,False,
C_CARD504923,card,CARD504923,,,,1.0,False,
C_CARD504928,card,CARD504928,,,,1.0,False,
C_CARD504936,card,CARD504936,,,,1.0,False,
C_CARD504937,card,CARD504937,,,,1.0,False,
C_CARD504941,card,CARD504941,,,,1.0,False,
C_CARD504944,card,CARD504944,,,,1.0,False,
C_CARD504945,card,CARD504945,,,,1.0,False,
C_CARD504948,card,CARD504948,,,,1.0,False,
C_CARD504953,card,CARD504953,,,,1.0,False,
C_CARD504961,card,CARD504961,,,,1.0,False,
C_CARD504962,card,CARD504962,,,,1.0,False,
C_CARD504965,card,CARD504965,,,,1.0,False,
C_CARD504967,card,CARD504967,,,,1.0,False,
C_CARD504969,card,CARD504969,,,,1.0,False,
C_CARD504974,card,CARD504974,,,,1.0,False,
C_CARD504978,card,CARD504978,,,,1.0,False,
C_CARD504982,card,CARD504982,,,,1.0,False,
C_CARD504983,card,CARD504983,,,,1.0,False,
C_CARD505006,card,CARD505006,,,,1.0,False,
C_CARD505009,card,CARD505009,,,,1.0,False,
C_CARD505012,card,CARD505012,,,,1.0,False,
C_CARD505016,card,CARD505016,,,,1.0,False,
C_CARD505022,card,CARD505022,,,,1.0,False,
C_CARD505027,card,CARD505027,,,,1.0,False,
C_CARD505035,card,CARD505035,,,,1.0,False,
C_CARD505038,card,CARD505038,,,,1.0,False,
C_CARD505039,card,CARD505039,,,,1.0,False,
C_CARD505041,card,CARD505041,,,,1.0,False,
C_CARD505042,card,CARD505042,,,,1.0,False,
C_CARD505057,card,CARD505057,,,,1.0,False,
C_CARD505059,card,CARD505059,,,,1.0,False,
C_CARD505060,card,CARD505060,,,,1.0,False,
C_CARD505062,card,CARD505062,,,,1.0,False,
C_CARD505063,card,CARD505063,,,,1.0,False,
C_CARD505069,card,CARD505069,,,,1.0,False,
C_CARD505070,card,CARD505070,,,,1.0,False,
C_CARD505075,card,CARD505075,,,,1.0,False,
C_CARD505079,card,CARD505079,,,,1.0,False,
C_CARD505090,card,CARD505090,,,,1.0,False,
C_CARD505094,card,CARD505094,,,,1.0,False,
C_CARD505095,card,CARD505095,,,,1.0,False,
C_CARD505101,card,CARD505101,,,,1.0,False,
C_CARD505105,card,CARD505105,,,,1.0,False,
C_CARD505106,card,CARD505106,,,,1.0,False,
C_CARD505108,card,CARD505108,,,,1.0,False,
C_CARD505111,card,CARD505111,,,,1.0,False,
C_CARD505115,card,CARD505115,,,,1.0,False,
C_CARD505116,card,CARD505116,,,,1.0,False,
C_CARD505126,card,CARD505126,,,,1.0,False,
C_CARD505131,card,CARD505131,,,,1.0,False,
C_CARD505134,card,CARD505134,,,,1.0,False,
C_CARD505135,card,CARD505135,,,,1.0,False,
C_CARD505136,card,CARD505136,,,,1.0,False,
C_CARD505138,card,CARD505138,,,,1.0,False,
C_CARD505143,card,CARD505143,,,,1.0,False,
C_CARD505144,card,CARD505144,,,,1.0,False,
C_CARD505146,card,CARD505146,,,,1.0,False,
C_CARD505152,card,CARD505152,,,,1.0,False,
C_CARD505153,card,CARD505153,,,,1.0,False,
C_CARD505156,card,CARD505156,,,,1.0,False,
C_CARD505161,card,CARD505161,,,,1.0,False,
C_CARD505162,card,CARD505162,,,,1.0,False,
C_CARD505171,card,CARD505171,,,,1.0,False,
C_CARD505173,card,CARD505173,,,,1.0,False,
C_CARD505175,card,CARD505175,,,,1.0,False,
C_CARD505176,card,CARD505176,,,,1.0,False,
C_CARD505181,card,CARD505181,,,,1.0,False,
C_CARD505185,card,CARD505185,,,,1.0,False,
C_CARD505187,card,CARD505187,,,,1.0,False,
C_CARD505190,card,CARD505190,,,,1.0,False,
C_CARD505196,card,CARD505196,,,,1.0,False,
C_CARD505197,card,CARD505197,,,,1.0,False,
C_CARD505198,card,CARD505198,,,,1.0,False,
C_CARD505200,card,CARD505200,,,,1.0,False,
C_CARD505201,card,CARD505201,,,,1.0,False,
C_CARD505202,card,CARD505202,,,,1.0,False,
C_CARD505204,card,CARD505204,,,,1.0,False,
C_CARD505207,card,CARD505207,,,,1.0,False,
C_CARD505210,card,CARD505210,,,,1.0,False,
C_CARD505212,card,CARD505212,,,,1.0,False,
C_CARD505217,card,CARD505217,,,,1.0,False,
C_CARD505219,card,CARD505219,,,,1.0,False,
C_CARD505224,card,CARD505224,,,,1.0,False,
C_CARD505227,card,CARD505227,,,,1.0,False,
C_CARD505230,card,CARD505230,,,,1.0,False,
C_CARD505234,card,CARD505234,,,,1.0,False,
C_CARD505245,card,CARD505245,,,,1.0,False,
C_CARD505253,card,CARD505253,,,,1.0,False,
C_CARD505254,card,CARD505254,,,,1.0,False,
C_CARD505258,card,CARD505258,,,,1.0,False,
C_CARD505259,card,CARD505259,,,,1.0,False,
C_CARD505260,card,CARD505260,,,,1.0,False,
C_CARD505267,card,CARD505267,,,,1.0,False,
C_CARD505268,card,CARD505268,,,,1.0,False,
C_CARD505271,card,CARD505271,,,,1.0,False,
C_CARD505274,card,CARD505274,,,,1.0,False,
C_CARD505275,card,CARD505275,,,,1.0,False,
C_CARD505279,card,CARD505279,,,,1.0,False,
C_CARD505281,card,CARD505281,,,,1.0,False,
C_CARD505284,card,CARD505284,,,,1.0,False,
C_CARD505286,card,CARD505286,,,,1.0,False,
C_CARD505287,card,CARD505287,,,,1.0,False,
C_CARD505291,card,CARD505291,,,,1.0,False,
C_CARD505298,card,CARD505298,,,,1.0,False,
C_CARD505303,card,CARD505303,,,,1.0,False,
C_CARD505304,card,CARD505304,,,,1.0,False,
C_CARD505305,card,CARD505305,,,,1.0,False,
C_CARD505310,card,CARD505310,,,,1.0,False,
C_CARD505311,card,CARD505311,,,,1.0,False,
C_CARD505315,card,CARD505315,,,,1.0,False,
C_CARD505317,card,CARD505317,,,,1.0,False,
C_CARD505319,card,CARD505319,,,,1.0,False,
C_CARD505328,card,CARD505328,,,,1.0,False,
C_CARD505330,card,CARD505330,,,,1.0,False,
C_CARD505333,card,CARD505333,,,,1.0,False,
C_CARD505338,card,CARD505338,,,,1.0,False,
C_CARD505339,card,CARD505339,,,,1.0,False,
C_CARD505341,card,CARD505341,,,,1.0,False,
C_CARD505342,card,CARD505342,,,,1.0,False,
C_CARD505343,card,CARD505343,,,,1.0,False,
C_CARD505346,card,CARD505346,,,,1.0,False,
C_CARD505354,card,CARD505354,,,,1.0,False,
C_CARD505355,card,CARD505355,,,,1.0,False,
C_CARD505369,card,CARD505369,,,,1.0,False,
C_CARD505376,card,CARD505376,,,,1.0,False,
C_CARD505380,card,CARD505380,,,,1.0,False,
C_CARD505383,card,CARD505383,,,,1.0,False,
C_CARD505388,card,CARD505388,,,,1.0,False,
C_CARD505392,card,CARD505392,,,,1.0,False,
C_CARD505396,card,CARD505396,,,,1.0,False,
C_CARD505400,card,CARD505400,,,,1.0,False,
C_CARD505405,card,CARD505405,,,,1.0,False,
C_CARD505409,card,CARD505409,,,,1.0,False,
C_CARD505411,card,CARD505411,,,,1.0,False,
C_CARD505413,card,CARD505413,,,,1.0,False,
C_CARD505418,card,CARD505418,,,,1.0,False,
C_CARD505420,card,CARD505420,,,,1.0,False,
C_CARD505422,card,CARD505422,,,,1.0,False,
C_CARD505425,card,CARD505425,,,,1.0,False,
C_CARD505427,card,CARD505427,,,,1.0,False,
C_CARD505428,card,CARD505428,,,,1.0,False,
C_CARD505430,card,CARD505430,,,,1.0,False,
C_CARD505435,card,CARD505435,,,,1.0,False,
C_CARD505437,card,CARD505437,,,,1.0,False,
C_CARD505440,card,CARD505440,,,,1.0,False,
C_CARD505441,card,CARD505441,,,,1.0,False,
C_CARD505446,card,CARD505446,,,,1.0,False,
C_CARD505455,card,CARD505455,,,,1.0,False,
C_CARD505458,card,CARD505458,,,,1.0,False,
C_CARD505460,card,CARD505460,,,,1.0,False,
C_CARD505461,card,CARD505461,,,,1.0,False,
C_CARD505462,card,CARD505462,,,,1.0,False,
C_CARD505470,card,CARD505470,,,,1.0,False,
C_CARD505477,card,CARD505477,,,,1.0,False,
C_CARD505479,card,CARD505479,,,,1.0,False,
C_CARD505480,card,CARD505480,,,,1.0,False,
C_CARD505486,card,CARD505486,,,,1.0,False,
C_CARD505487,card,CARD505487,,,,1.0,False,
C_CARD505489,card,CARD505489,,,,1.0,False,
C_CARD505492,card,CARD505492,,,,1.0,False,
C_CARD505493,card,CARD505493,,,,1.0,False,
C_CARD505509,card,CARD505509,,,,1.0,False,
C_CARD505521,card,CARD505521,,,,1.0,False,
C_CARD505525,card,CARD505525,,,,1.0,False,
C_CARD505528,card,CARD505528,,,,1.0,False,
C_CARD505531,card,CARD505531,,,,1.0,False,
C_CARD505535,card,CARD505535,,,,1.0,False,
C_CARD505543,card,CARD505543,,,,1.0,False,
C_CARD505545,card,CARD505545,,,,1.0,False,
C_CARD505550,card,CARD505550,,,,1.0,False,
C_CARD505551,card,CARD505551,,,,1.0,False,
C_CARD505557,card,CARD505557,,,,1.0,False,
C_CARD505563,card,CARD505563,,,,1.0,False,
C_CARD505568,card,CARD505568,,,,1.0,False,
C_CARD505572,card,CARD505572,,,,1.0,False,
C_CARD505577,card,CARD505577,,,,1.0,False,
C_CARD505580,card,CARD505580,,,,1.0,False,
C_CARD505583,card,CARD505583,,,,1.0,False,
C_CARD505587,card,CARD505587,,,,1.0,False,
C_CARD505591,card,CARD505591,,,,1.0,False,
C_CARD505594,card,CARD505594,,,,1.0,False,
C_CARD505597,card,CARD505597,,,,1.0,False,
C_CARD505611,card,CARD505611,,,,1.0,False,
C_CARD505630,card,CARD505630,,,,1.0,False,
C_CARD505631,card,CARD505631,,,,1.0,False,
C_CARD505636,card,CARD505636,,,,1.0,False,
C_CARD505637,card,CARD505637,,,,1.0,False,
C_CARD505639,card,CARD505639,,,,1.0,False,
C_CARD505647,card,CARD505647,,,,1.0,False,
C_CARD505652,card,CARD505652,,,,1.0,False,
C_CARD505656,card,CARD505656,,,,1.0,False,
C_CARD505657,card,CARD505657,,,,1.0,False,
C_CARD505664,card,CARD505664,,,,1.0,False,
C_CARD505666,card,CARD505666,,,,1.0,False,
C_CARD505671,card,CARD505671,,,,1.0,False,
C_CARD505673,card,CARD505673,,,,1.0,False,
C_CARD505674,card,CARD505674,,,,1.0,False,
C_CARD505680,card,CARD505680,,,,1.0,False,
C_CARD505686,card,CARD505686,,,,1.0,False,
C_CARD505692,card,CARD505692,,,,1.0,False,
C_CARD505693,card,CARD505693,,,,1.0,False,
C_CARD505695,card,CARD505695,,,,1.0,False,
C_CARD505715,card,CARD505715,,,,1.0,False,
C_CARD505720,card,CARD505720,,,,1.0,False,
C_CARD505730,card,CARD505730,,,,1.0,False,
C_CARD505731,card,CARD505731,,,,1.0,False,
C_CARD505732,card,CARD505732,,,,1.0,False,
C_CARD505739,card,CARD505739,,,,1.0,False,
C_CARD505752,card,CARD505752,,,,1.0,False,
C_CARD505755,card,CARD505755,,,,1.0,False,
C_CARD505756,card,CARD505756,,,,1.0,False,
C_CARD505760,card,CARD505760,,,,1.0,False,
C_CARD505766,card,CARD505766,,,,1.0,False,
C_CARD505770,card,CARD505770,,,,1.0,False,
C_CARD505772,card,CARD505772,,,,1.0,False,
C_CARD505773,card,CARD505773,,,,1.0,False,
C_CARD505774,card,CARD505774,,,,1.0,False,
C_CARD505775,card,CARD505775,,,,1.0,False,
C_CARD505776,card,CARD505776,,,,1.0,False,
C_CARD505781,card,CARD505781,,,,1.0,False,
C_CARD505785,card,CARD505785,,,,1.0,False,
C_CARD505793,card,CARD505793,,,,1.0,False,
C_CARD505796,card,CARD505796,,,,1.0,False,
C_CARD505797,card,CARD505797,,,,1.0,False,
C_CARD505802,card,CARD505802,,,,1.0,False,
C_CARD505803,card,CARD505803,,,,1.0,False,
C_CARD505804,card,CARD505804,,,,1.0,False,
C_CARD505805,card,CARD505805,,,,1.0,False,
C_CARD505806,card,CARD505806,,,,1.0,False,
C_CARD505807,card,CARD505807,,,,1.0,False,
C_CARD505811,card,CARD505811,,,,1.0,False,
C_CARD505812,card,CARD505812,,,,1.0,False,
C_CARD505813,card,CARD505813,,,,1.0,False,
C_CARD505821,card,CARD505821,,,,1.0,False,
C_CARD505822,card,CARD505822,,,,1.0,False,
C_CARD505825,card,CARD505825,,,,1.0,False,
C_CARD505828,card,CARD505828,,,,1.0,False,
C_CARD505830,card,CARD505830,,,,1.0,False,
C_CARD505839,card,CARD505839,,,,1.0,False,
C_CARD505840,card,CARD505840,,,,1.0,False,
C_CARD505856,card,CARD505856,,,,1.0,False,
C_CARD505857,card,CARD505857,,,,1.0,False,
C_CARD505858,card,CARD505858,,,,1.0,False,
C_CARD505859,card,CARD505859,,,,1.0,False,
C_CARD505861,card,CARD505861,,,,1.0,False,
C_CARD505869,card,CARD505869,,,,1.0,False,
C_CARD505880,card,CARD505880,,,,1.0,False,
C_CARD505881,card,CARD505881,,,,1.0,False,
C_CARD505891,card,CARD505891,,,,1.0,False,
C_CARD505895,card,CARD505895,,,,1.0,False,
C_CARD505898,card,CARD505898,,,,1.0,False,
C_CARD505909,card,CARD505909,,,,1.0,False,
C_CARD505913,card,CARD505913,,,,1.0,False,
C_CARD505916,card,CARD505916,,,,1.0,False,
C_CARD505917,card,CARD505917,,,,1.0,False,
C_CARD505931,card,CARD505931,,,,1.0,False,
C_CARD505936,card,CARD505936,,,,1.0,False,
C_CARD505937,card,CARD505937,,,,1.0,False,
C_CARD505942,card,CARD505942,,,,1.0,False,
C_CARD505943,card,CARD505943,,,,1.0,False,
C_CARD505946,card,CARD505946,,,,1.0,False,
C_CARD505948,card,CARD505948,,,,1.0,False,
C_CARD505951,card,CARD505951,,,,1.0,False,
C_CARD505953,card,CARD505953,,,,1.0,False,
C_CARD505961,card,CARD505961,,,,1.0,False,
C_CARD505963,card,CARD505963,,,,1.0,False,
C_CARD505964,card,CARD505964,,,,1.0,False,
C_CARD505969,card,CARD505969,,,,1.0,False,
C_CARD505971,card,CARD505971,,,,1.0,False,
C_CARD505974,card,CARD505974,,,,1.0,False,
C_CARD505986,card,CARD505986,,,,1.0,False,
C_CARD505988,card,CARD505988,,,,1.0,False,
C_CARD505989,card,CARD505989,,,,1.0,False,
C_CARD505994,card,CARD505994,,,,1.0,False,
C_CARD506000,card,CARD506000,,,,1.0,False,
C_CARD506001,card,CARD506001,,,,1.0,False,
C_CARD506002,card,CARD506002,,,,1.0,False,
C_CARD506004,card,CARD506004,,,,1.0,False,
C_CARD506008,card,CARD506008,,,,1.0,False,
C_CARD506015,card,CARD506015,,,,1.0,False,
C_CARD506017,card,CARD506017,,,,1.0,False,
C_CARD506021,card,CARD506021,,,,1.0,False,
C_CARD506026,card,CARD506026,,,,1.0,False,
C_CARD506027,card,CARD506027,,,,1.0,False,
C_CARD506035,card,CARD506035,,,,1.0,False,
C_CARD506038,card,CARD506038,,,,1.0,False,
C_CARD506041,card,CARD506041,,,,1.0,False,
C_CARD506043,card,CARD506043,,,,1.0,False,
C_CARD506044,card,CARD506044,,,,1.0,False,
C_CARD506056,card,CARD506056,,,,1.0,False,
C_CARD506070,card,CARD506070,,,,1.0,False,
C_CARD506072,card,CARD506072,,,,1.0,False,
C_CARD506077,card,CARD506077,,,,1.0,False,
C_CARD506079,card,CARD506079,,,,1.0,False,
C_CARD506084,card,CARD506084,,,,1.0,False,
C_CARD506089,card,CARD506089,,,,1.0,False,
C_CARD506092,card,CARD506092,,,,1.0,False,
C_CARD506098,card,CARD506098,,,,1.0,False,
C_CARD506099,card,CARD506099,,,,1.0,False,
C_CARD506100,card,CARD506100,,,,1.0,False,
C_CARD506103,card,CARD506103,,,,1.0,False,
C_CARD506109,card,CARD506109,,,,1.0,False,
C_CARD506112,card,CARD506112,,,,1.0,False,
C_CARD506113,card,CARD506113,,,,1.0,False,
C_CARD506114,card,CARD506114,,,,1.0,False,
C_CARD506115,card,CARD506115,,,,1.0,False,
C_CARD506122,card,CARD506122,,,,1.0,False,
C_CARD506125,card,CARD506125,,,,1.0,False,
C_CARD506128,card,CARD506128,,,,1.0,False,
C_CARD506130,card,CARD506130,,,,1.0,False,
C_CARD506132,card,CARD506132,,,,1.0,False,
C_CARD506135,card,CARD506135,,,,1.0,False,
C_CARD506136,card,CARD506136,,,,1.0,False,
C_CARD506144,card,CARD506144,,,,1.0,False,
C_CARD506151,card,CARD506151,,,,1.0,False,
C_CARD506152,card,CARD506152,,,,1.0,False,
C_CARD506155,card,CARD506155,,,,1.0,False,
C_CARD506156,card,CARD506156,,,,1.0,False,
C_CARD506168,card,CARD506168,,,,1.0,False,
C_CARD506169,card,CARD506169,,,,1.0,False,
C_CARD506170,card,CARD506170,,,,1.0,False,
C_CARD506171,card,CARD506171,,,,1.0,False,
C_CARD506193,card,CARD506193,,,,1.0,False,
C_CARD506215,card,CARD506215,,,,1.0,False,
C_CARD506235,card,CARD506235,,,,1.0,False,
C_CARD506236,card,CARD506236,,,,1.0,False,
C_CARD506238,card,CARD506238,,,,1.0,False,
C_CARD506249,card,CARD506249,,,,1.0,False,
C_CARD506253,card,CARD506253,,,,1.0,False,
C_CARD506254,card,CARD506254,,,,1.0,False,
C_CARD506278,card,CARD506278,,,,1.0,False,
C_CARD506280,card,CARD506280,,,,1.0,False,
C_CARD506283,card,CARD506283,,,,1.0,False,
C_CARD506284,card,CARD506284,,,,1.0,False,
C_CARD506285,card,CARD506285,,,,1.0,False,
C_CARD506286,card,CARD506286,,,,1.0,False,
C_CARD506287,card,CARD506287,,,,1.0,False,
C_CARD506291,card,CARD506291,,,,1.0,False,
C_CARD506292,card,CARD506292,,,,1.0,False,
C_CARD506293,card,CARD506293,,,,1.0,False,
C_CARD506306,card,CARD506306,,,,1.0,False,
C_CARD506310,card,CARD506310,,,,1.0,False,
C_CARD506311,card,CARD506311,,,,1.0,False,
C_CARD506314,card,CARD506314,,,,1.0,False,
C_CARD506315,card,CARD506315,,,,1.0,False,
C_CARD506316,card,CARD506316,,,,1.0,False,
C_CARD506317,card,CARD506317,,,,1.0,False,
C_CARD506321,card,CARD506321,,,,1.0,False,
C_CARD506322,card,CARD506322,,,,1.0,False,
C_CARD506323,card,CARD506323,,,,1.0,False,
C_CARD506333,card,CARD506333,,,,1.0,False,
C_CARD506342,card,CARD506342,,,,1.0,False,
C_CARD506343,card,CARD506343,,,,1.0,False,
C_CARD506345,card,CARD506345,,,,1.0,False,
C_CARD506347,card,CARD506347,,,,1.0,False,
C_CARD506348,card,CARD506348,,,,1.0,False,
C_CARD506349,card,CARD506349,,,,1.0,False,
C_CARD506351,card,CARD506351,,,,1.0,False,
C_CARD506352,card,CARD506352,,,,1.0,False,
C_CARD506365,card,CARD506365,,,,1.0,False,
C_CARD506377,card,CARD506377,,,,1.0,False,
C_CARD506378,card,CARD506378,,,,1.0,False,
C_CARD506379,card,CARD506379,,,,1.0,False,
C_CARD506382,card,CARD506382,,,,1.0,False,
C_CARD506385,card,CARD506385,,,,1.0,False,
C_CARD506389,card,CARD506389,,,,1.0,False,
C_CARD506390,card,CARD506390,,,,1.0,False,
C_CARD506402,card,CARD506402,,,,1.0,False,
C_CARD506405,card,CARD506405,,,,1.0,False,
C_CARD506420,card,CARD506420,,,,1.0,False,
C_CARD506421,card,CARD506421,,,,1.0,False,
C_CARD506423,card,CARD506423,,,,1.0,False,
C_CARD506424,card,CARD506424,,,,1.0,False,
C_CARD506440,card,CARD506440,,,,1.0,False,
C_CARD506441,card,CARD506441,,,,1.0,False,
C_CARD506443,card,CARD506443,,,,1.0,False,
C_CARD506449,card,CARD506449,,,,1.0,False,
C_CARD506452,card,CARD506452,,,,1.0,False,
C_CARD506453,card,CARD506453,,,,1.0,False,
C_CARD506454,card,CARD506454,,,,1.0,False,
C_CARD506458,card,CARD506458,,,,1.0,False,
C_CARD506459,card,CARD506459,,,,1.0,False,
C_CARD506463,card,CARD506463,,,,1.0,False,
C_CARD506464,card,CARD506464,,,,1.0,False,
C_CARD506471,card,CARD506471,,,,1.0,False,
C_CARD506473,card,CARD506473,,,,1.0,False,
C_CARD506479,card,CARD506479,,,,1.0,False,
C_CARD506480,card,CARD506480,,,,1.0,False,
C_CARD506493,card,CARD506493,,,,1.0,False,
C_CARD506494,card,CARD506494,,,,1.0,False,
C_CARD506498,card,CARD506498,,,,1.0,False,
C_CARD506499,card,CARD506499,,,,1.0,False,
C_CARD506500,card,CARD506500,,,,1.0,False,
C_CARD506506,card,CARD506506,,,,1.0,False,
C_CARD506511,card,CARD506511,,,,1.0,False,
C_CARD506513,card,CARD506513,,,,1.0,False,
C_CARD506514,card,CARD506514,,,,1.0,False,
C_CARD506517,card,CARD506517,,,,1.0,False,
C_CARD506518,card,CARD506518,,,,1.0,False,
C_CARD506527,card,CARD506527,,,,1.0,False,
C_CARD506530,card,CARD506530,,,,1.0,False,
C_CARD506534,card,CARD506534,,,,1.0,False,
C_CARD506544,card,CARD506544,,,,1.0,False,
C_CARD506546,card,CARD506546,,,,1.0,False,
C_CARD506547,card,CARD506547,,,,1.0,False,
C_CARD506553,card,CARD506553,,,,1.0,False,
C_CARD506559,card,CARD506559,,,,1.0,False,
C_CARD506560,card,CARD506560,,,,1.0,False,
C_CARD506564,card,CARD506564,,,,1.0,False,
C_CARD506573,card,CARD506573,,,,1.0,False,
C_CARD506576,card,CARD506576,,,,1.0,False,
C_CARD506577,card,CARD506577,,,,1.0,False,
C_CARD506583,card,CARD506583,,,,1.0,False,
C_CARD506585,card,CARD506585,,,,1.0,False,
C_CARD506586,card,CARD506586,,,,1.0,False,
C_CARD506590,card,CARD506590,,,,1.0,False,
C_CARD506597,card,CARD506597,,,,1.0,False,
C_CARD506598,card,CARD506598,,,,1.0,False,
C_CARD506600,card,CARD506600,,,,1.0,False,
C_CARD506603,card,CARD506603,,,,1.0,False,
C_CARD506606,card,CARD506606,,,,1.0,False,
C_CARD506607,card,CARD506607,,,,1.0,False,
C_CARD506608,card,CARD506608,,,,1.0,False,
C_CARD506609,card,CARD506609,,,,1.0,False,
C_CARD506610,card,CARD506610,,,,1.0,False,
C_CARD506614,card,CARD506614,,,,1.0,False,
C_CARD506615,card,CARD506615,,,,1.0,False,
C_CARD506618,card,CARD506618,,,,1.0,False,
C_CARD506625,card,CARD506625,,,,1.0,False,
C_CARD506629,card,CARD506629,,,,1.0,False,
C_CARD506630,card,CARD506630,,,,1.0,False,
C_CARD506634,card,CARD506634,,,,1.0,False,
C_CARD506636,card,CARD506636,,,,1.0,False,
C_CARD506644,card,CARD506644,,,,1.0,False,
C_CARD506647,card,CARD506647,,,,1.0,False,
C_CARD506658,card,CARD506658,,,,1.0,False,
C_CARD506662,card,CARD506662,,,,1.0,False,
C_CARD506665,card,CARD506665,,,,1.0,False,
C_CARD506668,card,CARD506668,,,,1.0,False,
C_CARD506671,card,CARD506671,,,,1.0,False,
C_CARD506677,card,CARD506677,,,,1.0,False,
C_CARD506682,card,CARD506682,,,,1.0,False,
C_CARD506686,card,CARD506686,,,,1.0,False,
C_CARD506687,card,CARD506687,,,,1.0,False,
C_CARD506691,card,CARD506691,,,,1.0,False,
C_CARD506692,card,CARD506692,,,,1.0,False,
C_CARD506693,card,CARD506693,,,,1.0,False,
C_CARD506699,card,CARD506699,,,,1.0,False,
C_CARD506702,card,CARD506702,,,,1.0,False,
C_CARD506704,card,CARD506704,,,,1.0,False,
C_CARD506711,card,CARD506711,,,,1.0,False,
C_CARD506713,card,CARD506713,,,,1.0,False,
C_CARD506714,card,CARD506714,,,,1.0,False,
C_CARD506724,card,CARD506724,,,,1.0,False,
C_CARD506728,card,CARD506728,,,,1.0,False,
C_CARD506733,card,CARD506733,,,,1.0,False,
C_CARD506740,card,CARD506740,,,,1.0,False,
C_CARD506741,card,CARD506741,,,,1.0,False,
C_CARD506745,card,CARD506745,,,,1.0,False,
C_CARD506750,card,CARD506750,,,,1.0,False,
C_CARD506752,card,CARD506752,,,,1.0,False,
C_CARD506755,card,CARD506755,,,,1.0,False,
C_CARD506763,card,CARD506763,,,,1.0,False,
C_CARD506765,card,CARD506765,,,,1.0,False,
C_CARD506769,card,CARD506769,,,,1.0,False,
C_CARD506770,card,CARD506770,,,,1.0,False,
C_CARD506771,card,CARD506771,,,,1.0,False,
C_CARD506787,card,CARD506787,,,,1.0,False,
C_CARD506788,card,CARD506788,,,,1.0,False,
C_CARD506789,card,CARD506789,,,,1.0,False,
C_CARD506791,card,CARD506791,,,,1.0,False,
C_CARD506801,card,CARD506801,,,,1.0,False,
C_CARD506802,card,CARD506802,,,,1.0,False,
C_CARD506807,card,CARD506807,,,,1.0,False,
C_CARD506811,card,CARD506811,,,,1.0,False,
C_CARD506818,card,CARD506818,,,,1.0,False,
C_CARD506819,card,CARD506819,,,,1.0,False,
C_CARD506820,card,CARD506820,,,,1.0,False,
C_CARD506822,card,CARD506822,,,,1.0,False,
C_CARD506824,card,CARD506824,,,,1.0,False,
C_CARD506825,card,CARD506825,,,,1.0,False,
C_CARD506827,card,CARD506827,,,,1.0,False,
C_CARD506829,card,CARD506829,,,,1.0,False,
C_CARD506832,card,CARD506832,,,,1.0,False,
C_CARD506841,card,CARD506841,,,,1.0,False,
C_CARD506842,card,CARD506842,,,,1.0,False,
C_CARD506851,card,CARD506851,,,,1.0,False,
C_CARD506852,card,CARD506852,,,,1.0,False,
C_CARD506858,card,CARD506858,,,,1.0,False,
C_CARD506861,card,CARD506861,,,,1.0,False,
C_CARD506873,card,CARD506873,,,,1.0,False,
C_CARD506874,card,CARD506874,,,,1.0,False,
C_CARD506877,card,CARD506877,,,,1.0,False,
C_CARD506880,card,CARD506880,,,,1.0,False,
C_CARD506889,card,CARD506889,,,,1.0,False,
C_CARD506904,card,CARD506904,,,,1.0,False,
C_CARD506909,card,CARD506909,,,,1.0,False,
C_CARD506910,card,CARD506910,,,,1.0,False,
C_CARD506911,card,CARD506911,,,,1.0,False,
C_CARD506916,card,CARD506916,,,,1.0,False,
C_CARD506922,card,CARD506922,,,,1.0,False,
C_CARD506927,card,CARD506927,,,,1.0,False,
C_CARD506930,card,CARD506930,,,,1.0,False,
C_CARD506931,card,CARD506931,,,,1.0,False,
C_CARD506934,card,CARD506934,,,,1.0,False,
C_CARD506942,card,CARD506942,,,,1.0,False,
C_CARD506943,card,CARD506943,,,,1.0,False,
C_CARD506945,card,CARD506945,,,,1.0,False,
C_CARD506946,card,CARD506946,,,,1.0,False,
C_CARD506948,card,CARD506948,,,,1.0,False,
C_CARD506956,card,CARD506956,,,,1.0,False,
C_CARD506962,card,CARD506962,,,,1.0,False,
C_CARD506964,card,CARD506964,,,,1.0,False,
C_CARD506968,card,CARD506968,,,,1.0,False,
C_CARD506970,card,CARD506970,,,,1.0,False,
C_CARD506972,card,CARD506972,,,,1.0,False,
C_CARD506974,card,CARD506974,,,,1.0,False,
C_CARD507000,card,CARD507000,,,,1.0,False,
C_CARD507007,card,CARD507007,,,,1.0,False,
C_CARD507012,card,CARD507012,,,,1.0,False,
C_CARD507015,card,CARD507015,,,,1.0,False,
C_CARD507017,card,CARD507017,,,,1.0,False,
C_CARD507029,card,CARD507029,,,,1.0,False,
C_CARD507036,card,CARD507036,,,,1.0,False,
C_CARD507037,card,CARD507037,,,,1.0,False,
C_CARD507043,card,CARD507043,,,,1.0,False,
C_CARD507044,card,CARD507044,,,,1.0,False,
C_CARD507047,card,CARD507047,,,,1.0,False,
C_CARD507049,card,CARD507049,,,,1.0,False,
C_CARD507050,card,CARD507050,,,,1.0,False,
C_CARD507053,card,CARD507053,,,,1.0,False,
C_CARD507055,card,CARD507055,,,,1.0,False,
C_CARD507058,card,CARD507058,,,,1.0,False,
C_CARD507062,card,CARD507062,,,,1.0,False,
C_CARD507067,card,CARD507067,,,,1.0,False,
C_CARD507073,card,CARD507073,,,,1.0,False,
C_CARD507077,card,CARD507077,,,,1.0,False,
C_CARD507078,card,CARD507078,,,,1.0,False,
C_CARD507082,card,CARD507082,,,,1.0,False,
C_CARD507084,card,CARD507084,,,,1.0,False,
C_CARD507086,card,CARD507086,,,,1.0,False,
C_CARD507088,card,CARD507088,,,,1.0,False,
C_CARD507091,card,CARD507091,,,,1.0,False,
C_CARD507092,card,CARD507092,,,,1.0,False,
C_CARD507096,card,CARD507096,,,,1.0,False,
C_CARD507098,card,CARD507098,,,,1.0,False,
C_CARD507100,card,CARD507100,,,,1.0,False,
C_CARD507103,card,CARD507103,,,,1.0,False,
C_CARD507104,card,CARD507104,,,,1.0,False,
C_CARD507107,card,CARD507107,,,,1.0,False,
C_CARD507110,card,CARD507110,,,,1.0,False,
C_CARD507111,card,CARD507111,,,,1.0,False,
C_CARD507114,card,CARD507114,,,,1.0,False,
C_CARD507119,card,CARD507119,,,,1.0,False,
C_CARD507122,card,CARD507122,,,,1.0,False,
C_CARD507125,card,CARD507125,,,,1.0,False,
C_CARD507126,card,CARD507126,,,,1.0,False,
C_CARD507130,card,CARD507130,,,,1.0,False,
C_CARD507131,card,CARD507131,,,,1.0,False,
C_CARD507137,card,CARD507137,,,,1.0,False,
C_CARD507143,card,CARD507143,,,,1.0,False,
C_CARD507144,card,CARD507144,,,,1.0,False,
C_CARD507145,card,CARD507145,,,,1.0,False,
C_CARD507146,card,CARD507146,,,,1.0,False,
C_CARD507148,card,CARD507148,,,,1.0,False,
C_CARD507152,card,CARD507152,,,,1.0,False,
C_CARD507155,card,CARD507155,,,,1.0,False,
C_CARD507161,card,CARD507161,,,,1.0,False,
C_CARD507163,card,CARD507163,,,,1.0,False,
C_CARD507183,card,CARD507183,,,,1.0,False,
C_CARD507184,card,CARD507184,,,,1.0,False,
C_CARD507187,card,CARD507187,,,,1.0,False,
C_CARD507188,card,CARD507188,,,,1.0,False,
C_CARD507191,card,CARD507191,,,,1.0,False,
C_CARD507199,card,CARD507199,,,,1.0,False,
C_CARD507200,card,CARD507200,,,,1.0,False,
C_CARD507209,card,CARD507209,,,,1.0,False,
C_CARD507210,card,CARD507210,,,,1.0,False,
C_CARD507213,card,CARD507213,,,,1.0,False,
C_CARD507218,card,CARD507218,,,,1.0,False,
C_CARD507221,card,CARD507221,,,,1.0,False,
C_CARD507230,card,CARD507230,,,,1.0,False,
C_CARD507236,card,CARD507236,,,,1.0,False,
C_CARD507239,card,CARD507239,,,,1.0,False,
C_CARD507248,card,CARD507248,,,,1.0,False,
C_CARD507250,card,CARD507250,,,,1.0,False,
C_CARD507251,card,CARD507251,,,,1.0,False,
C_CARD507256,card,CARD507256,,,,1.0,False,
C_CARD507258,card,CARD507258,,,,1.0,False,
C_CARD507263,card,CARD507263,,,,1.0,False,
C_CARD507266,card,CARD507266,,,,1.0,False,
C_CARD507276,card,CARD507276,,,,1.0,False,
C_CARD507277,card,CARD507277,,,,1.0,False,
C_CARD507278,card,CARD507278,,,,1.0,False,
C_CARD507285,card,CARD507285,,,,1.0,False,
C_CARD507291,card,CARD507291,,,,1.0,False,
C_CARD507297,card,CARD507297,,,,1.0,False,
C_CARD507299,card,CARD507299,,,,1.0,False,
C_CARD507302,card,CARD507302,,,,1.0,False,
C_CARD507305,card,CARD507305,,,,1.0,False,
C_CARD507315,card,CARD507315,,,,1.0,False,
C_CARD507321,card,CARD507321,,,,1.0,False,
C_CARD507332,card,CARD507332,,,,1.0,False,
C_CARD507333,card,CARD507333,,,,1.0,False,
C_CARD507336,card,CARD507336,,,,1.0,False,
C_CARD507343,card,CARD507343,,,,1.0,False,
C_CARD507352,card,CARD507352,,,,1.0,False,
C_CARD507374,card,CARD507374,,,,1.0,False,
C_CARD507394,card,CARD507394,,,,1.0,False,
C_CARD507395,card,CARD507395,,,,1.0,False,
C_CARD507397,card,CARD507397,,,,1.0,False,
C_CARD507399,card,CARD507399,,,,1.0,False,
C_CARD507405,card,CARD507405,,,,1.0,False,
C_CARD507407,card,CARD507407,,,,1.0,False,
C_CARD507410,card,CARD507410,,,,1.0,False,
C_CARD507411,card,CARD507411,,,,1.0,False,
C_CARD507414,card,CARD507414,,,,1.0,False,
C_CARD507419,card,CARD507419,,,,1.0,False,
C_CARD507421,card,CARD507421,,,,1.0,False,
C_CARD507422,card,CARD507422,,,,1.0,False,
C_CARD507423,card,CARD507423,,,,1.0,False,
C_CARD507428,card,CARD507428,,,,1.0,False,
C_CARD507429,card,CARD507429,,,,1.0,False,
C_CARD507430,card,CARD507430,,,,1.0,False,
C_CARD507432,card,CARD507432,,,,1.0,False,
C_CARD507435,card,CARD507435,,,,1.0,False,
C_CARD507437,card,CARD507437,,,,1.0,False,
C_CARD507441,card,CARD507441,,,,1.0,False,
C_CARD507443,card,CARD507443,,,,1.0,False,
C_CARD507445,card,CARD507445,,,,1.0,False,
C_CARD507446,card,CARD507446,,,,1.0,False,
C_CARD507451,card,CARD507451,,,,1.0,False,
C_CARD507453,card,CARD507453,,,,1.0,False,
C_CARD507454,card,CARD507454,,,,1.0,False,
C_CARD507460,card,CARD507460,,,,1.0,False,
C_CARD507467,card,CARD507467,,,,1.0,False,
C_CARD507470,card,CARD507470,,,,1.0,False,
C_CARD507472,card,CARD507472,,,,1.0,False,
C_CARD507477,card,CARD507477,,,,1.0,False,
C_CARD507483,card,CARD507483,,,,1.0,False,
C_CARD507486,card,CARD507486,,,,1.0,False,
C_CARD507489,card,CARD507489,,,,1.0,False,
C_CARD507494,card,CARD507494,,,,1.0,False,
C_CARD507496,card,CARD507496,,,,1.0,False,
C_CARD507499,card,CARD507499,,,,1.0,False,
C_CARD507500,card,CARD507500,,,,1.0,False,
C_CARD507516,card,CARD507516,,,,1.0,False,
C_CARD507518,card,CARD507518,,,,1.0,False,
C_CARD507523,card,CARD507523,,,,1.0,False,
C_CARD507525,card,CARD507525,,,,1.0,False,
C_CARD507526,card,CARD507526,,,,1.0,False,
C_CARD507543,card,CARD507543,,,,1.0,False,
C_CARD507545,card,CARD507545,,,,1.0,False,
C_CARD507546,card,CARD507546,,,,1.0,False,
C_CARD507550,card,CARD507550,,,,1.0,False,
C_CARD507558,card,CARD507558,,,,1.0,False,
C_CARD507569,card,CARD507569,,,,1.0,False,
C_CARD507570,card,CARD507570,,,,1.0,False,
C_CARD507579,card,CARD507579,,,,1.0,False,
C_CARD507580,card,CARD507580,,,,1.0,False,
C_CARD507581,card,CARD507581,,,,1.0,False,
C_CARD507582,card,CARD507582,,,,1.0,False,
C_CARD507584,card,CARD507584,,,,1.0,False,
C_CARD507596,card,CARD507596,,,,1.0,False,
C_CARD507601,card,CARD507601,,,,1.0,False,
C_CARD507606,card,CARD507606,,,,1.0,False,
C_CARD507609,card,CARD507609,,,,1.0,False,
C_CARD507615,card,CARD507615,,,,1.0,False,
C_CARD507629,card,CARD507629,,,,1.0,False,
C_CARD507641,card,CARD507641,,,,1.0,False,
C_CARD507652,card,CARD507652,,,,1.0,False,
C_CARD507660,card,CARD507660,,,,1.0,False,
C_CARD507662,card,CARD507662,,,,1.0,False,
C_CARD507666,card,CARD507666,,,,1.0,False,
C_CARD507673,card,CARD507673,,,,1.0,False,
C_CARD507677,card,CARD507677,,,,1.0,False,
C_CARD507680,card,CARD507680,,,,1.0,False,
C_CARD507687,card,CARD507687,,,,1.0,False,
C_CARD507691,card,CARD507691,,,,1.0,False,
C_CARD507693,card,CARD507693,,,,1.0,False,
C_CARD507697,card,CARD507697,,,,1.0,False,
C_CARD507700,card,CARD507700,,,,1.0,False,
C_CARD507707,card,CARD507707,,,,1.0,False,
C_CARD507710,card,CARD507710,,,,1.0,False,
C_CARD507713,card,CARD507713,,,,1.0,False,
C_CARD507714,card,CARD507714,,,,1.0,False,
C_CARD507716,card,CARD507716,,,,1.0,False,
C_CARD507723,card,CARD507723,,,,1.0,False,
C_CARD507731,card,CARD507731,,,,1.0,False,
C_CARD507732,card,CARD507732,,,,1.0,False,
C_CARD507743,card,CARD507743,,,,1.0,False,
C_CARD507746,card,CARD507746,,,,1.0,False,
C_CARD507752,card,CARD507752,,,,1.0,False,
C_CARD507753,card,CARD507753,,,,1.0,False,
C_CARD507763,card,CARD507763,,,,1.0,False,
C_CARD507765,card,CARD507765,,,,1.0,False,
C_CARD507776,card,CARD507776,,,,1.0,False,
C_CARD507786,card,CARD507786,,,,1.0,False,
C_CARD507788,card,CARD507788,,,,1.0,False,
C_CARD507789,card,CARD507789,,,,1.0,False,
C_CARD507790,card,CARD507790,,,,1.0,False,
C_CARD507791,card,CARD507791,,,,1.0,False,
C_CARD507792,card,CARD507792,,,,1.0,False,
C_CARD507797,card,CARD507797,,,,1.0,False,
C_CARD507798,card,CARD507798,,,,1.0,False,
C_CARD507799,card,CARD507799,,,,1.0,False,
C_CARD507802,card,CARD507802,,,,1.0,False,
C_CARD507803,card,CARD507803,,,,1.0,False,
C_CARD507808,card,CARD507808,,,,1.0,False,
C_CARD507810,card,CARD507810,,,,1.0,False,
C_CARD507811,card,CARD507811,,,,1.0,False,
C_CARD507815,card,CARD507815,,,,1.0,False,
C_CARD507816,card,CARD507816,,,,1.0,False,
C_CARD507828,card,CARD507828,,,,1.0,False,
C_CARD507831,card,CARD507831,,,,1.0,False,
C_CARD507845,card,CARD507845,,,,1.0,False,
C_CARD507859,card,CARD507859,,,,1.0,False,
C_CARD507860,card,CARD507860,,,,1.0,False,
C_CARD507862,card,CARD507862,,,,1.0,False,
C_CARD507872,card,CARD507872,,,,1.0,False,
C_CARD507873,card,CARD507873,,,,1.0,False,
C_CARD507880,card,CARD507880,,,,1.0,False,
C_CARD507885,card,CARD507885,,,,1.0,False,
C_CARD507887,card,CARD507887,,,,1.0,False,
C_CARD507894,card,CARD507894,,,,1.0,False,
C_CARD507895,card,CARD507895,,,,1.0,False,
C_CARD507896,card,CARD507896,,,,1.0,False,
C_CARD507897,card,CARD507897,,,,1.0,False,
C_CARD507898,card,CARD507898,,,,1.0,False,
C_CARD507899,card,CARD507899,,,,1.0,False,
C_CARD507900,card,CARD507900,,,,1.0,False,
C_CARD507904,card,CARD507904,,,,1.0,False,
C_CARD507905,card,CARD507905,,,,1.0,False,
C_CARD507906,card,CARD507906,,,,1.0,False,
C_CARD507914,card,CARD507914,,,,1.0,False,
C_CARD507919,card,CARD507919,,,,1.0,False,
C_CARD507922,card,CARD507922,,,,1.0,False,
C_CARD507923,card,CARD507923,,,,1.0,False,
C_CARD507929,card,CARD507929,,,,1.0,False,
C_CARD507930,card,CARD507930,,,,1.0,False,
C_CARD507937,card,CARD507937,,,,1.0,False,
C_CARD507941,card,CARD507941,,,,1.0,False,
C_CARD507944,card,CARD507944,,,,1.0,False,
C_CARD507946,card,CARD507946,,,,1.0,False,
C_CARD507947,card,CARD507947,,,,1.0,False,
C_CARD507951,card,CARD507951,,,,1.0,False,
C_CARD507953,card,CARD507953,,,,1.0,False,
C_CARD507954,card,CARD507954,,,,1.0,False,
C_CARD507960,card,CARD507960,,,,1.0,False,
C_CARD507965,card,CARD507965,,,,1.0,False,
C_CARD507970,card,CARD507970,,,,1.0,False,
C_CARD507971,card,CARD507971,,,,1.0,False,
C_CARD507972,card,CARD507972,,,,1.0,False,
C_CARD507979,card,CARD507979,,,,1.0,False,
C_CARD507996,card,CARD507996,,,,1.0,False,
C_CARD507997,card,CARD507997,,,,1.0,False,
C_CARD508001,card,CARD508001,,,,1.0,False,
C_CARD508006,card,CARD508006,,,,1.0,False,
C_CARD508007,card,CARD508007,,,,1.0,False,
C_CARD508009,card,CARD508009,,,,1.0,False,
C_CARD508010,card,CARD508010,,,,1.0,False,
C_CARD508017,card,CARD508017,,,,1.0,False,
C_CARD508021,card,CARD508021,,,,1.0,False,
C_CARD508056,card,CARD508056,,,,1.0,False,
C_CARD508058,card,CARD508058,,,,1.0,False,
C_CARD508062,card,CARD508062,,,,1.0,False,
C_CARD508063,card,CARD508063,,,,1.0,False,
C_CARD508070,card,CARD508070,,,,1.0,False,
C_CARD508071,card,CARD508071,,,,1.0,False,
C_CARD508073,card,CARD508073,,,,1.0,False,
C_CARD508079,card,CARD508079,,,,1.0,False,
C_CARD508082,card,CARD508082,,,,1.0,False,
C_CARD508088,card,CARD508088,,,,1.0,False,
C_CARD508089,card,CARD508089,,,,1.0,False,
C_CARD508090,card,CARD508090,,,,1.0,False,
C_CARD508093,card,CARD508093,,,,1.0,False,
C_CARD508099,card,CARD508099,,,,1.0,False,
C_CARD508105,card,CARD508105,,,,1.0,False,
C_CARD508112,card,CARD508112,,,,1.0,False,
C_CARD508114,card,CARD508114,,,,1.0,False,
C_CARD508116,card,CARD508116,,,,1.0,False,
C_CARD508119,card,CARD508119,,,,1.0,False,
C_CARD508122,card,CARD508122,,,,1.0,False,
C_CARD508126,card,CARD508126,,,,1.0,False,
C_CARD508127,card,CARD508127,,,,1.0,False,
C_CARD508129,card,CARD508129,,,,1.0,False,
C_CARD508134,card,CARD508134,,,,1.0,False,
C_CARD508137,card,CARD508137,,,,1.0,False,
C_CARD508150,card,CARD508150,,,,1.0,False,
C_CARD508154,card,CARD508154,,,,1.0,False,
C_CARD508158,card,CARD508158,,,,1.0,False,
C_CARD508159,card,CARD508159,,,,1.0,False,
C_CARD508162,card,CARD508162,,,,1.0,False,
C_CARD508165,card,CARD508165,,,,1.0,False,
C_CARD508186,card,CARD508186,,,,1.0,False,
C_CARD508191,card,CARD508191,,,,1.0,False,
C_CARD508194,card,CARD508194,,,,1.0,False,
C_CARD508195,card,CARD508195,,,,1.0,False,
C_CARD508199,card,CARD508199,,,,1.0,False,
C_CARD508204,card,CARD508204,,,,1.0,False,
C_CARD508208,card,CARD508208,,,,1.0,False,
C_CARD508212,card,CARD508212,,,,1.0,False,
C_CARD508220,card,CARD508220,,,,1.0,False,
C_CARD508222,card,CARD508222,,,,1.0,False,
C_CARD508223,card,CARD508223,,,,1.0,False,
C_CARD508227,card,CARD508227,,,,1.0,False,
C_CARD508235,card,CARD508235,,,,1.0,False,
C_CARD508244,card,CARD508244,,,,1.0,False,
C_CARD508246,card,CARD508246,,,,1.0,False,
C_CARD508247,card,CARD508247,,,,1.0,False,
C_CARD508251,card,CARD508251,,,,1.0,False,
C_CARD508252,card,CARD508252,,,,1.0,False,
C_CARD508253,card,CARD508253,,,,1.0,False,
C_CARD508254,card,CARD508254,,,,1.0,False,
C_CARD508258,card,CARD508258,,,,1.0,False,
C_CARD508260,card,CARD508260,,,,1.0,False,
C_CARD508261,card,CARD508261,,,,1.0,False,
C_CARD508265,card,CARD508265,,,,1.0,False,
C_CARD508266,card,CARD508266,,,,1.0,False,
C_CARD508278,card,CARD508278,,,,1.0,False,
C_CARD508284,card,CARD508284,,,,1.0,False,
C_CARD508287,card,CARD508287,,,,1.0,False,
C_CARD508296,card,CARD508296,,,,1.0,False,
C_CARD508297,card,CARD508297,,,,1.0,False,
C_CARD508302,card,CARD508302,,,,1.0,False,
C_CARD508314,card,CARD508314,,,,1.0,False,
C_CARD508316,card,CARD508316,,,,1.0,False,
C_CARD508320,card,CARD508320,,,,1.0,False,
C_CARD508322,card,CARD508322,,,,1.0,False,
C_CARD508324,card,CARD508324,,,,1.0,False,
C_CARD508328,card,CARD508328,,,,1.0,False,
C_CARD508331,card,CARD508331,,,,1.0,False,
C_CARD508332,card,CARD508332,,,,1.0,False,
C_CARD508336,card,CARD508336,,,,1.0,False,
C_CARD508338,card,CARD508338,,,,1.0,False,
C_CARD508350,card,CARD508350,,,,1.0,False,
C_CARD508355,card,CARD508355,,,,1.0,False,
C_CARD508356,card,CARD508356,,,,1.0,False,
C_CARD508359,card,CARD508359,,,,1.0,False,
C_CARD508362,card,CARD508362,,,,1.0,False,
C_CARD508364,card,CARD508364,,,,1.0,False,
C_CARD508367,card,CARD508367,,,,1.0,False,
C_CARD508373,card,CARD508373,,,,1.0,False,
C_CARD508374,card,CARD508374,,,,1.0,False,
C_CARD508375,card,CARD508375,,,,1.0,False,
C_CARD508376,card,CARD508376,,,,1.0,False,
C_CARD508377,card,CARD508377,,,,1.0,False,
C_CARD508380,card,CARD508380,,,,1.0,False,
C_CARD508384,card,CARD508384,,,,1.0,False,
C_CARD508387,card,CARD508387,,,,1.0,False,
C_CARD508393,card,CARD508393,,,,1.0,False,
C_CARD508396,card,CARD508396,,,,1.0,False,
C_CARD508397,card,CARD508397,,,,1.0,False,
C_CARD508408,card,CARD508408,,,,1.0,False,
C_CARD508410,card,CARD508410,,,,1.0,False,
C_CARD508412,card,CARD508412,,,,1.0,False,
C_CARD508413,card,CARD508413,,,,1.0,False,
C_CARD508415,card,CARD508415,,,,1.0,False,
C_CARD508418,card,CARD508418,,,,1.0,False,
C_CARD508437,card,CARD508437,,,,1.0,False,
C_CARD508438,card,CARD508438,,,,1.0,False,
C_CARD508443,card,CARD508443,,,,1.0,False,
C_CARD508446,card,CARD508446,,,,1.0,False,
C_CARD508449,card,CARD508449,,,,1.0,False,
C_CARD508454,card,CARD508454,,,,1.0,False,
C_CARD508459,card,CARD508459,,,,1.0,False,
C_CARD508464,card,CARD508464,,,,1.0,False,
C_CARD508470,card,CARD508470,,,,1.0,False,
C_CARD508472,card,CARD508472,,,,1.0,False,
C_CARD508475,card,CARD508475,,,,1.0,False,
C_CARD508483,card,CARD508483,,,,1.0,False,
C_CARD508487,card,CARD508487,,,,1.0,False,
C_CARD508494,card,CARD508494,,,,1.0,False,
C_CARD508498,card,CARD508498,,,,1.0,False,
C_CARD508499,card,CARD508499,,,,1.0,False,
C_CARD508500,card,CARD508500,,,,1.0,False,
C_CARD508513,card,CARD508513,,,,1.0,False,
C_CARD508520,card,CARD508520,,,,1.0,False,
C_CARD508521,card,CARD508521,,,,1.0,False,
C_CARD508524,card,CARD508524,,,,1.0,False,
C_CARD508525,card,CARD508525,,,,1.0,False,
C_CARD508527,card,CARD508527,,,,1.0,False,
C_CARD508532,card,CARD508532,,,,1.0,False,
C_CARD508533,card,CARD508533,,,,1.0,False,
C_CARD508542,card,CARD508542,,,,1.0,False,
C_CARD508544,card,CARD508544,,,,1.0,False,
C_CARD508546,card,CARD508546,,,,1.0,False,
C_CARD508548,card,CARD508548,,,,1.0,False,
C_CARD508550,card,CARD508550,,,,1.0,False,
C_CARD508552,card,CARD508552,,,,1.0,False,
C_CARD508558,card,CARD508558,,,,1.0,False,
C_CARD508561,card,CARD508561,,,,1.0,False,
C_CARD508565,card,CARD508565,,,,1.0,False,
C_CARD508566,card,CARD508566,,,,1.0,False,
C_CARD508573,card,CARD508573,,,,1.0,False,
C_CARD508577,card,CARD508577,,,,1.0,False,
C_CARD508590,card,CARD508590,,,,1.0,False,
C_CARD508592,card,CARD508592,,,,1.0,False,
C_CARD508603,card,CARD508603,,,,1.0,False,
C_CARD508604,card,CARD508604,,,,1.0,False,
C_CARD508605,card,CARD508605,,,,1.0,False,
C_CARD508632,card,CARD508632,,,,1.0,False,
C_CARD508639,card,CARD508639,,,,1.0,False,
C_CARD508641,card,CARD508641,,,,1.0,False,
C_CARD508643,card,CARD508643,,,,1.0,False,
C_CARD508648,card,CARD508648,,,,1.0,False,
C_CARD508652,card,CARD508652,,,,1.0,False,
C_CARD508659,card,CARD508659,,,,1.0,False,
C_CARD508660,card,CARD508660,,,,1.0,False,
C_CARD508665,card,CARD508665,,,,1.0,False,
C_CARD508666,card,CARD508666,,,,1.0,False,
C_CARD508669,card,CARD508669,,,,1.0,False,
C_CARD508677,card,CARD508677,,,,1.0,False,
C_CARD508688,card,CARD508688,,,,1.0,False,
C_CARD508697,card,CARD508697,,,,1.0,False,
C_CARD508701,card,CARD508701,,,,1.0,False,
C_CARD508705,card,CARD508705,,,,1.0,False,
C_CARD508707,card,CARD508707,,,,1.0,False,
C_CARD508708,card,CARD508708,,,,1.0,False,
C_CARD508709,card,CARD508709,,,,1.0,False,
C_CARD508713,card,CARD508713,,,,1.0,False,
C_CARD508716,card,CARD508716,,,,1.0,False,
C_CARD508718,card,CARD508718,,,,1.0,False,
C_CARD508729,card,CARD508729,,,,1.0,False,
C_CARD508730,card,CARD508730,,,,1.0,False,
C_CARD508732,card,CARD508732,,,,1.0,False,
C_CARD508742,card,CARD508742,,,,1.0,False,
C_CARD508745,card,CARD508745,,,,1.0,False,
C_CARD508747,card,CARD508747,,,,1.0,False,
C_CARD508748,card,CARD508748,,,,1.0,False,
C_CARD508750,card,CARD508750,,,,1.0,False,
C_CARD508763,card,CARD508763,,,,1.0,False,
C_CARD508764,card,CARD508764,,,,1.0,False,
C_CARD508765,card,CARD508765,,,,1.0,False,
C_CARD508771,card,CARD508771,,,,1.0,False,
C_CARD508776,card,CARD508776,,,,1.0,False,
C_CARD508777,card,CARD508777,,,,1.0,False,
C_CARD508779,card,CARD508779,,,,1.0,False,
C_CARD508781,card,CARD508781,,,,1.0,False,
C_CARD508782,card,CARD508782,,,,1.0,False,
C_CARD508788,card,CARD508788,,,,1.0,False,
C_CARD508790,card,CARD508790,,,,1.0,False,
C_CARD508792,card,CARD508792,,,,1.0,False,
C_CARD508797,card,CARD508797,,,,1.0,False,
C_CARD508801,card,CARD508801,,,,1.0,False,
C_CARD508814,card,CARD508814,,,,1.0,False,
C_CARD508816,card,CARD508816,,,,1.0,False,
C_CARD508825,card,CARD508825,,,,1.0,False,
C_CARD508828,card,CARD508828,,,,1.0,False,
C_CARD508829,card,CARD508829,,,,1.0,False,
C_CARD508831,card,CARD508831,,,,1.0,False,
C_CARD508844,card,CARD508844,,,,1.0,False,
C_CARD508846,card,CARD508846,,,,1.0,False,
C_CARD508847,card,CARD508847,,,,1.0,False,
C_CARD508851,card,CARD508851,,,,1.0,False,
C_CARD508856,card,CARD508856,,,,1.0,False,
C_CARD508857,card,CARD508857,,,,1.0,False,
C_CARD508866,card,CARD508866,,,,1.0,False,
C_CARD508869,card,CARD508869,,,,1.0,False,
C_CARD508871,card,CARD508871,,,,1.0,False,
C_CARD508873,card,CARD508873,,,,1.0,False,
C_CARD508874,card,CARD508874,,,,1.0,False,
C_CARD508878,card,CARD508878,,,,1.0,False,
C_CARD508879,card,CARD508879,,,,1.0,False,
C_CARD508880,card,CARD508880,,,,1.0,False,
C_CARD508885,card,CARD508885,,,,1.0,False,
C_CARD508886,card,CARD508886,,,,1.0,False,
C_CARD508889,card,CARD508889,,,,1.0,False,
C_CARD508906,card,CARD508906,,,,1.0,False,
C_CARD508908,card,CARD508908,,,,1.0,False,
C_CARD508910,card,CARD508910,,,,1.0,False,
C_CARD508912,card,CARD508912,,,,1.0,False,
C_CARD508915,card,CARD508915,,,,1.0,False,
C_CARD508919,card,CARD508919,,,,1.0,False,
C_CARD508921,card,CARD508921,,,,1.0,False,
C_CARD508923,card,CARD508923,,,,1.0,False,
C_CARD508924,card,CARD508924,,,,1.0,False,
C_CARD508928,card,CARD508928,,,,1.0,False,
C_CARD508932,card,CARD508932,,,,1.0,False,
C_CARD508933,card,CARD508933,,,,1.0,False,
C_CARD508935,card,CARD508935,,,,1.0,False,
C_CARD508942,card,CARD508942,,,,1.0,False,
C_CARD508947,card,CARD508947,,,,1.0,False,
C_CARD508950,card,CARD508950,,,,1.0,False,
C_CARD508954,card,CARD508954,,,,1.0,False,
C_CARD508958,card,CARD508958,,,,1.0,False,
C_CARD508959,card,CARD508959,,,,1.0,False,
C_CARD508964,card,CARD508964,,,,1.0,False,
C_CARD508980,card,CARD508980,,,,1.0,False,
C_CARD508983,card,CARD508983,,,,1.0,False,
C_CARD508984,card,CARD508984,,,,1.0,False,
C_CARD508987,card,CARD508987,,,,1.0,False,
C_CARD508989,card,CARD508989,,,,1.0,False,
C_CARD508996,card,CARD508996,,,,1.0,False,
C_CARD509000,card,CARD509000,,,,1.0,False,
C_CARD509001,card,CARD509001,,,,1.0,False,
C_CARD509002,card,CARD509002,,,,1.0,False,
C_CARD509004,card,CARD509004,,,,1.0,False,
C_CARD509006,card,CARD509006,,,,1.0,False,
C_CARD509010,card,CARD509010,,,,1.0,False,
C_CARD509011,card,CARD509011,,,,1.0,False,
C_CARD509014,card,CARD509014,,,,1.0,False,
C_CARD509015,card,CARD509015,,,,1.0,False,
C_CARD509017,card,CARD509017,,,,1.0,False,
C_CARD509018,card,CARD509018,,,,1.0,False,
C_CARD509022,card,CARD509022,,,,1.0,False,
C_CARD509034,card,CARD509034,,,,1.0,False,
C_CARD509035,card,CARD509035,,,,1.0,False,
C_CARD509041,card,CARD509041,,,,1.0,False,
C_CARD509045,card,CARD509045,,,,1.0,False,
C_CARD509049,card,CARD509049,,,,1.0,False,
C_CARD509050,card,CARD509050,,,,1.0,False,
C_CARD509054,card,CARD509054,,,,1.0,False,
C_CARD509057,card,CARD509057,,,,1.0,False,
C_CARD509063,card,CARD509063,,,,1.0,False,
C_CARD509064,card,CARD509064,,,,1.0,False,
C_CARD509070,card,CARD509070,,,,1.0,False,
C_CARD509077,card,CARD509077,,,,1.0,False,
C_CARD509080,card,CARD509080,,,,1.0,False,
C_CARD509081,card,CARD509081,,,,1.0,False,
C_CARD509085,card,CARD509085,,,,1.0,False,
C_CARD509097,card,CARD509097,,,,1.0,False,
C_CARD509104,card,CARD509104,,,,1.0,False,
C_CARD509117,card,CARD509117,,,,1.0,False,
C_CARD509131,card,CARD509131,,,,1.0,False,
C_CARD509134,card,CARD509134,,,,1.0,False,
C_CARD509135,card,CARD509135,,,,1.0,False,
C_CARD509138,card,CARD509138,,,,1.0,False,
C_CARD509139,card,CARD509139,,,,1.0,False,
C_CARD509154,card,CARD509154,,,,1.0,False,
C_CARD509158,card,CARD509158,,,,1.0,False,
C_CARD509165,card,CARD509165,,,,1.0,False,
C_CARD509166,card,CARD509166,,,,1.0,False,
C_CARD509167,card,CARD509167,,,,1.0,False,
C_CARD509168,card,CARD509168,,,,1.0,False,
C_CARD509172,card,CARD509172,,,,1.0,False,
C_CARD509176,card,CARD509176,,,,1.0,False,
C_CARD509180,card,CARD509180,,,,1.0,False,
C_CARD509184,card,CARD509184,,,,1.0,False,
C_CARD509187,card,CARD509187,,,,1.0,False,
C_CARD509192,card,CARD509192,,,,1.0,False,
C_CARD509193,card,CARD509193,,,,1.0,False,
C_CARD509194,card,CARD509194,,,,1.0,False,
C_CARD509196,card,CARD509196,,,,1.0,False,
C_CARD509200,card,CARD509200,,,,1.0,False,
C_CARD509202,card,CARD509202,,,,1.0,False,
C_CARD509207,card,CARD509207,,,,1.0,False,
C_CARD509211,card,CARD509211,,,,1.0,False,
C_CARD509212,card,CARD509212,,,,1.0,False,
C_CARD509218,card,CARD509218,,,,1.0,False,
C_CARD509219,card,CARD509219,,,,1.0,False,
C_CARD509220,card,CARD509220,,,,1.0,False,
C_CARD509223,card,CARD509223,,,,1.0,False,
C_CARD509227,card,CARD509227,,,,1.0,False,
C_CARD509228,card,CARD509228,,,,1.0,False,
C_CARD509229,card,CARD509229,,,,1.0,False,
C_CARD509234,card,CARD509234,,,,1.0,False,
C_CARD509235,card,CARD509235,,,,1.0,False,
C_CARD509237,card,CARD509237,,,,1.0,False,
C_CARD509239,card,CARD509239,,,,1.0,False,
C_CARD509240,card,CARD509240,,,,1.0,False,
C_CARD509244,card,CARD509244,,,,1.0,False,
C_CARD509246,card,CARD509246,,,,1.0,False,
C_CARD509250,card,CARD509250,,,,1.0,False,
C_CARD509258,card,CARD509258,,,,1.0,False,
C_CARD509262,card,CARD509262,,,,1.0,False,
C_CARD509265,card,CARD509265,,,,1.0,False,
C_CARD509266,card,CARD509266,,,,1.0,False,
C_CARD509267,card,CARD509267,,,,1.0,False,
C_CARD509268,card,CARD509268,,,,1.0,False,
C_CARD509274,card,CARD509274,,,,1.0,False,
C_CARD509275,card,CARD509275,,,,1.0,False,
C_CARD509284,card,CARD509284,,,,1.0,False,
C_CARD509285,card,CARD509285,,,,1.0,False,
C_CARD509288,card,CARD509288,,,,1.0,False,
C_CARD509289,card,CARD509289,,,,1.0,False,
C_CARD509296,card,CARD509296,,,,1.0,False,
C_CARD509298,card,CARD509298,,,,1.0,False,
C_CARD509313,card,CARD509313,,,,1.0,False,
C_CARD509315,card,CARD509315,,,,1.0,False,
C_CARD509319,card,CARD509319,,,,1.0,False,
C_CARD509324,card,CARD509324,,,,1.0,False,
C_CARD509325,card,CARD509325,,,,1.0,False,
C_CARD509326,card,CARD509326,,,,1.0,False,
C_CARD509333,card,CARD509333,,,,1.0,False,
C_CARD509339,card,CARD509339,,,,1.0,False,
C_CARD509343,card,CARD509343,,,,1.0,False,
C_CARD509344,card,CARD509344,,,,1.0,False,
C_CARD509345,card,CARD509345,,,,1.0,False,
C_CARD509348,card,CARD509348,,,,1.0,False,
C_CARD509354,card,CARD509354,,,,1.0,False,
C_CARD509366,card,CARD509366,,,,1.0,False,
C_CARD509367,card,CARD509367,,,,1.0,False,
C_CARD509377,card,CARD509377,,,,1.0,False,
C_CARD509387,card,CARD509387,,,,1.0,False,
C_CARD509394,card,CARD509394,,,,1.0,False,
C_CARD509396,card,CARD509396,,,,1.0,False,
C_CARD509402,card,CARD509402,,,,1.0,False,
C_CARD509410,card,CARD509410,,,,1.0,False,
C_CARD509414,card,CARD509414,,,,1.0,False,
C_CARD509415,card,CARD509415,,,,1.0,False,
C_CARD509416,card,CARD509416,,,,1.0,False,
C_CARD509417,card,CARD509417,,,,1.0,False,
C_CARD509425,card,CARD509425,,,,1.0,False,
C_CARD509429,card,CARD509429,,,,1.0,False,
C_CARD509438,card,CARD509438,,,,1.0,False,
C_CARD509441,card,CARD509441,,,,1.0,False,
C_CARD509452,card,CARD509452,,,,1.0,False,
C_CARD509454,card,CARD509454,,,,1.0,False,
C_CARD509455,card,CARD509455,,,,1.0,False,
C_CARD509459,card,CARD509459,,,,1.0,False,
C_CARD509461,card,CARD509461,,,,1.0,False,
C_CARD509463,card,CARD509463,,,,1.0,False,
C_CARD509467,card,CARD509467,,,,1.0,False,
C_CARD509469,card,CARD509469,,,,1.0,False,
C_CARD509470,card,CARD509470,,,,1.0,False,
C_CARD509473,card,CARD509473,,,,1.0,False,
C_CARD509477,card,CARD509477,,,,1.0,False,
C_CARD509478,card,CARD509478,,,,1.0,False,
C_CARD509482,card,CARD509482,,,,1.0,False,
C_CARD509490,card,CARD509490,,,,1.0,False,
C_CARD509500,card,CARD509500,,,,1.0,False,
C_CARD509510,card,CARD509510,,,,1.0,False,
C_CARD509511,card,CARD509511,,,,1.0,False,
C_CARD509522,card,CARD509522,,,,1.0,False,
C_CARD509523,card,CARD509523,,,,1.0,False,
C_CARD509524,card,CARD509524,,,,1.0,False,
C_CARD509525,card,CARD509525,,,,1.0,False,
C_CARD509529,card,CARD509529,,,,1.0,False,
C_CARD509530,card,CARD509530,,,,1.0,False,
C_CARD509532,card,CARD509532,,,,1.0,False,
C_CARD509533,card,CARD509533,,,,1.0,False,
C_CARD509552,card,CARD509552,,,,1.0,False,
C_CARD509553,card,CARD509553,,,,1.0,False,
C_CARD509561,card,CARD509561,,,,1.0,False,
C_CARD509563,card,CARD509563,,,,1.0,False,
C_CARD509567,card,CARD509567,,,,1.0,False,
C_CARD509571,card,CARD509571,,,,1.0,False,
C_CARD509573,card,CARD509573,,,,1.0,False,
C_CARD509576,card,CARD509576,,,,1.0,False,
C_CARD509578,card,CARD509578,,,,1.0,False,
C_CARD509581,card,CARD509581,,,,1.0,False,
C_CARD509594,card,CARD509594,,,,1.0,False,
C_CARD509599,card,CARD509599,,,,1.0,False,
C_CARD509601,card,CARD509601,,,,1.0,False,
C_CARD509607,card,CARD509607,,,,1.0,False,
C_CARD509612,card,CARD509612,,,,1.0,False,
C_CARD509615,card,CARD509615,,,,1.0,False,
C_CARD509619,card,CARD509619,,,,1.0,False,
C_CARD509624,card,CARD509624,,,,1.0,False,
C_CARD509626,card,CARD509626,,,,1.0,False,
C_CARD509629,card,CARD509629,,,,1.0,False,
C_CARD509630,card,CARD509630,,,,1.0,False,
C_CARD509634,card,CARD509634,,,,1.0,False,
C_CARD509640,card,CARD509640,,,,1.0,False,
C_CARD509645,card,CARD509645,,,,1.0,False,
C_CARD509651,card,CARD509651,,,,1.0,False,
C_CARD509657,card,CARD509657,,,,1.0,False,
C_CARD509660,card,CARD509660,,,,1.0,False,
C_CARD509661,card,CARD509661,,,,1.0,False,
C_CARD509667,card,CARD509667,,,,1.0,False,
C_CARD509670,card,CARD509670,,,,1.0,False,
C_CARD509671,card,CARD509671,,,,1.0,False,
C_CARD509675,card,CARD509675,,,,1.0,False,
C_CARD509678,card,CARD509678,,,,1.0,False,
C_CARD509679,card,CARD509679,,,,1.0,False,
C_CARD509680,card,CARD509680,,,,1.0,False,
C_CARD509694,card,CARD509694,,,,1.0,False,
C_CARD509699,card,CARD509699,,,,1.0,False,
C_CARD509703,card,CARD509703,,,,1.0,False,
C_CARD509704,card,CARD509704,,,,1.0,False,
C_CARD509705,card,CARD509705,,,,1.0,False,
C_CARD509711,card,CARD509711,,,,1.0,False,
C_CARD509716,card,CARD509716,,,,1.0,False,
C_CARD509721,card,CARD509721,,,,1.0,False,
C_CARD509727,card,CARD509727,,,,1.0,False,
C_CARD509729,card,CARD509729,,,,1.0,False,
C_CARD509732,card,CARD509732,,,,1.0,False,
C_CARD509735,card,CARD509735,,,,1.0,False,
C_CARD509737,card,CARD509737,,,,1.0,False,
C_CARD509745,card,CARD509745,,,,1.0,False,
C_CARD509747,card,CARD509747,,,,1.0,False,
C_CARD509748,card,CARD509748,,,,1.0,False,
C_CARD509754,card,CARD509754,,,,1.0,False,
C_CARD509755,card,CARD509755,,,,1.0,False,
C_CARD509759,card,CARD509759,,,,1.0,False,
C_CARD509766,card,CARD509766,,,,1.0,False,
C_CARD509771,card,CARD509771,,,,1.0,False,
C_CARD509780,card,CARD509780,,,,1.0,False,
C_CARD509782,card,CARD509782,,,,1.0,False,
C_CARD509786,card,CARD509786,,,,1.0,False,
C_CARD509796,card,CARD509796,,,,1.0,False,
C_CARD509799,card,CARD509799,,,,1.0,False,
C_CARD509811,card,CARD509811,,,,1.0,False,
C_CARD509821,card,CARD509821,,,,1.0,False,
C_CARD509822,card,CARD509822,,,,1.0,False,
C_CARD509826,card,CARD509826,,,,1.0,False,
C_CARD509832,card,CARD509832,,,,1.0,False,
C_CARD509834,card,CARD509834,,,,1.0,False,
C_CARD509838,card,CARD509838,,,,1.0,False,
C_CARD509840,card,CARD509840,,,,1.0,False,
C_CARD509847,card,CARD509847,,,,1.0,False,
C_CARD509849,card,CARD509849,,,,1.0,False,
C_CARD509854,card,CARD509854,,,,1.0,False,
C_CARD509855,card,CARD509855,,,,1.0,False,
C_CARD509856,card,CARD509856,,,,1.0,False,
C_CARD509860,card,CARD509860,,,,1.0,False,
C_CARD509864,card,CARD509864,,,,1.0,False,
C_CARD509865,card,CARD509865,,,,1.0,False,
C_CARD509878,card,CARD509878,,,,1.0,False,
C_CARD509884,card,CARD509884,,,,1.0,False,
C_CARD509885,card,CARD509885,,,,1.0,False,
C_CARD509886,card,CARD509886,,,,1.0,False,
C_CARD509887,card,CARD509887,,,,1.0,False,
C_CARD509895,card,CARD509895,,,,1.0,False,
C_CARD509896,card,CARD509896,,,,1.0,False,
C_CARD509900,card,CARD509900,,,,1.0,False,
C_CARD509903,card,CARD509903,,,,1.0,False,
C_CARD509904,card,CARD509904,,,,1.0,False,
C_CARD509905,card,CARD509905,,,,1.0,False,
C_CARD509906,card,CARD509906,,,,1.0,False,
C_CARD509909,card,CARD509909,,,,1.0,False,
C_CARD509911,card,CARD509911,,,,1.0,False,
C_CARD509916,card,CARD509916,,,,1.0,False,
C_CARD509919,card,CARD509919,,,,1.0,False,
C_CARD509924,card,CARD509924,,,,1.0,False,
C_CARD509925,card,CARD509925,,,,1.0,False,
C_CARD509933,card,CARD509933,,,,1.0,False,
C_CARD509938,card,CARD509938,,,,1.0,False,
C_CARD509940,card,CARD509940,,,,1.0,False,
C_CARD509941,card,CARD509941,,,,1.0,False,
C_CARD509972,card,CARD509972,,,,1.0,False,
C_CARD509973,card,CARD509973,,,,1.0,False,
C_CARD509979,card,CARD509979,,,,1.0,False,
C_CARD509980,card,CARD509980,,,,1.0,False,
C_CARD509984,card,CARD509984,,,,1.0,False,
C_CARD509987,card,CARD509987,,,,1.0,False,
C_CARD509992,card,CARD509992,,,,1.0,False,
C_CARD509993,card,CARD509993,,,,1.0,False,
C_CARD509996,card,CARD509996,,,,1.0,False,
C_CARD509998,card,CARD509998,,,,1.0,False,
C_CARD510005,card,CARD510005,,,,1.0,False,
C_CARD510007,card,CARD510007,,,,1.0,False,
C_CARD510010,card,CARD510010,,,,1.0,False,
C_CARD510011,card,CARD510011,,,,1.0,False,
C_CARD510015,card,CARD510015,,,,1.0,False,
C_CARD510025,card,CARD510025,,,,1.0,False,
C_CARD510027,card,CARD510027,,,,1.0,False,
C_CARD510034,card,CARD510034,,,,1.0,False,
C_CARD510042,card,CARD510042,,,,1.0,False,
C_CARD510048,card,CARD510048,,,,1.0,False,
C_CARD510050,card,CARD510050,,,,1.0,False,
C_CARD510051,card,CARD510051,,,,1.0,False,
C_CARD510055,card,CARD510055,,,,1.0,False,
C_CARD510057,card,CARD510057,,,,1.0,False,
C_CARD510059,card,CARD510059,,,,1.0,False,
C_CARD510060,card,CARD510060,,,,1.0,False,
C_CARD510061,card,CARD510061,,,,1.0,False,
C_CARD510062,card,CARD510062,,,,1.0,False,
C_CARD510064,card,CARD510064,,,,1.0,False,
C_CARD510065,card,CARD510065,,,,1.0,False,
C_CARD510071,card,CARD510071,,,,1.0,False,
C_CARD510074,card,CARD510074,,,,1.0,False,
C_CARD510076,card,CARD510076,,,,1.0,False,
C_CARD510079,card,CARD510079,,,,1.0,False,
C_CARD510088,card,CARD510088,,,,1.0,False,
C_CARD510090,card,CARD510090,,,,1.0,False,
C_CARD510092,card,CARD510092,,,,1.0,False,
C_CARD510096,card,CARD510096,,,,1.0,False,
C_CARD510100,card,CARD510100,,,,1.0,False,
C_CARD510101,card,CARD510101,,,,1.0,False,
C_CARD510102,card,CARD510102,,,,1.0,False,
C_CARD510105,card,CARD510105,,,,1.0,False,
C_CARD510106,card,CARD510106,,,,1.0,False,
C_CARD510111,card,CARD510111,,,,1.0,False,
C_CARD510113,card,CARD510113,,,,1.0,False,
C_CARD510118,card,CARD510118,,,,1.0,False,
C_CARD510119,card,CARD510119,,,,1.0,False,
C_CARD510122,card,CARD510122,,,,1.0,False,
C_CARD510126,card,CARD510126,,,,1.0,False,
C_CARD510139,card,CARD510139,,,,1.0,False,
C_CARD510140,card,CARD510140,,,,1.0,False,
C_CARD510144,card,CARD510144,,,,1.0,False,
C_CARD510145,card,CARD510145,,,,1.0,False,
C_CARD510158,card,CARD510158,,,,1.0,False,
C_CARD510159,card,CARD510159,,,,1.0,False,
C_CARD510160,card,CARD510160,,,,1.0,False,
C_CARD510164,card,CARD510164,,,,1.0,False,
C_CARD510167,card,CARD510167,,,,1.0,False,
C_CARD510169,card,CARD510169,,,,1.0,False,
C_CARD510182,card,CARD510182,,,,1.0,False,
C_CARD510184,card,CARD510184,,,,1.0,False,
C_CARD510190,card,CARD510190,,,,1.0,False,
C_CARD510197,card,CARD510197,,,,1.0,False,
C_CARD510198,card,CARD510198,,,,1.0,False,
C_CARD510202,card,CARD510202,,,,1.0,False,
C_CARD510205,card,CARD510205,,,,1.0,False,
C_CARD510212,card,CARD510212,,,,1.0,False,
C_CARD510217,card,CARD510217,,,,1.0,False,
C_CARD510219,card,CARD510219,,,,1.0,False,
C_CARD510220,card,CARD510220,,,,1.0,False,
C_CARD510221,card,CARD510221,,,,1.0,False,
C_CARD510225,card,CARD510225,,,,1.0,False,
C_CARD510231,card,CARD510231,,,,1.0,False,
C_CARD510245,card,CARD510245,,,,1.0,False,
C_CARD510249,card,CARD510249,,,,1.0,False,
C_CARD510250,card,CARD510250,,,,1.0,False,
C_CARD510258,card,CARD510258,,,,1.0,False,
C_CARD510262,card,CARD510262,,,,1.0,False,
C_CARD510272,card,CARD510272,,,,1.0,False,
C_CARD510274,card,CARD510274,,,,1.0,False,
C_CARD510279,card,CARD510279,,,,1.0,False,
C_CARD510280,card,CARD510280,,,,1.0,False,
C_CARD510282,card,CARD510282,,,,1.0,False,
C_CARD510299,card,CARD510299,,,,1.0,False,
C_CARD510300,card,CARD510300,,,,1.0,False,
C_CARD510310,card,CARD510310,,,,1.0,False,
C_CARD510311,card,CARD510311,,,,1.0,False,
C_CARD510320,card,CARD510320,,,,1.0,False,
C_CARD510331,card,CARD510331,,,,1.0,False,
C_CARD510334,card,CARD510334,,,,1.0,False,
C_CARD510335,card,CARD510335,,,,1.0,False,
C_CARD510337,card,CARD510337,,,,1.0,False,
C_CARD510347,card,CARD510347,,,,1.0,False,
C_CARD510352,card,CARD510352,,,,1.0,False,
C_CARD510355,card,CARD510355,,,,1.0,False,
C_CARD510357,card,CARD510357,,,,1.0,False,
C_CARD510361,card,CARD510361,,,,1.0,False,
C_CARD510362,card,CARD510362,,,,1.0,False,
C_CARD510372,card,CARD510372,,,,1.0,False,
C_CARD510384,card,CARD510384,,,,1.0,False,
C_CARD510386,card,CARD510386,,,,1.0,False,
C_CARD510391,card,CARD510391,,,,1.0,False,
C_CARD510393,card,CARD510393,,,,1.0,False,
C_CARD510396,card,CARD510396,,,,1.0,False,
C_CARD510399,card,CARD510399,,,,1.0,False,
C_CARD510406,card,CARD510406,,,,1.0,False,
C_CARD510413,card,CARD510413,,,,1.0,False,
C_CARD510414,card,CARD510414,,,,1.0,False,
C_CARD510420,card,CARD510420,,,,1.0,False,
C_CARD510424,card,CARD510424,,,,1.0,False,
C_CARD510433,card,CARD510433,,,,1.0,False,
C_CARD510439,card,CARD510439,,,,1.0,False,
C_CARD510440,card,CARD510440,,,,1.0,False,
C_CARD510452,card,CARD510452,,,,1.0,False,
C_CARD510465,card,CARD510465,,,,1.0,False,
C_CARD510466,card,CARD510466,,,,1.0,False,
C_CARD510471,card,CARD510471,,,,1.0,False,
C_CARD510475,card,CARD510475,,,,1.0,False,
C_CARD510482,card,CARD510482,,,,1.0,False,
C_CARD510490,card,CARD510490,,,,1.0,False,
C_CARD510495,card,CARD510495,,,,1.0,False,
C_CARD510499,card,CARD510499,,,,1.0,False,
C_CARD510504,card,CARD510504,,,,1.0,False,
C_CARD510508,card,CARD510508,,,,1.0,False,
C_CARD510515,card,CARD510515,,,,1.0,False,
C_CARD510519,card,CARD510519,,,,1.0,False,
C_CARD510526,card,CARD510526,,,,1.0,False,
C_CARD510527,card,CARD510527,,,,1.0,False,
C_CARD510529,card,CARD510529,,,,1.0,False,
C_CARD510530,card,CARD510530,,,,1.0,False,
C_CARD510542,card,CARD510542,,,,1.0,False,
C_CARD510543,card,CARD510543,,,,1.0,False,
C_CARD510544,card,CARD510544,,,,1.0,False,
C_CARD510548,card,CARD510548,,,,1.0,False,
C_CARD510553,card,CARD510553,,,,1.0,False,
C_CARD510557,card,CARD510557,,,,1.0,False,
C_CARD510559,card,CARD510559,,,,1.0,False,
C_CARD510560,card,CARD510560,,,,1.0,False,
C_CARD510561,card,CARD510561,,,,1.0,False,
C_CARD510564,card,CARD510564,,,,1.0,False,
C_CARD510569,card,CARD510569,,,,1.0,False,
C_CARD510585,card,CARD510585,,,,1.0,False,
C_CARD510587,card,CARD510587,,,,1.0,False,
C_CARD510588,card,CARD510588,,,,1.0,False,
C_CARD510592,card,CARD510592,,,,1.0,False,
C_CARD510597,card,CARD510597,,,,1.0,False,
C_CARD510610,card,CARD510610,,,,1.0,False,
C_CARD510612,card,CARD510612,,,,1.0,False,
C_CARD510613,card,CARD510613,,,,1.0,False,
C_CARD510619,card,CARD510619,,,,1.0,False,
C_CARD510626,card,CARD510626,,,,1.0,False,
C_CARD510630,card,CARD510630,,,,1.0,False,
C_CARD510634,card,CARD510634,,,,1.0,False,
C_CARD510643,card,CARD510643,,,,1.0,False,
C_CARD510644,card,CARD510644,,,,1.0,False,
C_CARD510646,card,CARD510646,,,,1.0,False,
C_CARD510647,card,CARD510647,,,,1.0,False,
C_CARD510651,card,CARD510651,,,,1.0,False,
C_CARD510654,card,CARD510654,,,,1.0,False,
C_CARD510656,card,CARD510656,,,,1.0,False,
C_CARD510657,card,CARD510657,,,,1.0,False,
C_CARD510660,card,CARD510660,,,,1.0,False,
C_CARD510662,card,CARD510662,,,,1.0,False,
C_CARD510664,card,CARD510664,,,,1.0,False,
C_CARD510666,card,CARD510666,,,,1.0,False,
C_CARD510680,card,CARD510680,,,,1.0,False,
C_CARD510682,card,CARD510682,,,,1.0,False,
C_CARD510683,card,CARD510683,,,,1.0,False,
C_CARD510684,card,CARD510684,,,,1.0,False,
C_CARD510686,card,CARD510686,,,,1.0,False,
C_CARD510700,card,CARD510700,,,,1.0,False,
C_CARD510705,card,CARD510705,,,,1.0,False,
C_CARD510708,card,CARD510708,,,,1.0,False,
C_CARD510711,card,CARD510711,,,,1.0,False,
C_CARD510713,card,CARD510713,,,,1.0,False,
C_CARD510729,card,CARD510729,,,,1.0,False,
C_CARD510730,card,CARD510730,,,,1.0,False,
C_CARD510737,card,CARD510737,,,,1.0,False,
C_CARD510738,card,CARD510738,,,,1.0,False,
C_CARD510741,card,CARD510741,,,,1.0,False,
C_CARD510744,card,CARD510744,,,,1.0,False,
C_CARD510746,card,CARD510746,,,,1.0,False,
C_CARD510749,card,CARD510749,,,,1.0,False,
C_CARD510754,card,CARD510754,,,,1.0,False,
C_CARD510759,card,CARD510759,,,,1.0,False,
C_CARD510760,card,CARD510760,,,,1.0,False,
C_CARD510761,card,CARD510761,,,,1.0,False,
C_CARD510768,card,CARD510768,,,,1.0,False,
C_CARD510769,card,CARD510769,,,,1.0,False,
C_CARD510774,card,CARD510774,,,,1.0,False,
C_CARD510779,card,CARD510779,,,,1.0,False,
C_CARD510783,card,CARD510783,,,,1.0,False,
C_CARD510785,card,CARD510785,,,,1.0,False,
C_CARD510796,card,CARD510796,,,,1.0,False,
C_CARD510807,card,CARD510807,,,,1.0,False,
C_CARD510808,card,CARD510808,,,,1.0,False,
C_CARD510810,card,CARD510810,,,,1.0,False,
C_CARD510811,card,CARD510811,,,,1.0,False,
C_CARD510817,card,CARD510817,,,,1.0,False,
C_CARD510825,card,CARD510825,,,,1.0,False,
C_CARD510827,card,CARD510827,,,,1.0,False,
C_CARD510829,card,CARD510829,,,,1.0,False,
C_CARD510832,card,CARD510832,,,,1.0,False,
C_CARD510833,card,CARD510833,,,,1.0,False,
C_CARD510834,card,CARD510834,,,,1.0,False,
C_CARD510841,card,CARD510841,,,,1.0,False,
C_CARD510845,card,CARD510845,,,,1.0,False,
C_CARD510852,card,CARD510852,,,,1.0,False,
C_CARD510854,card,CARD510854,,,,1.0,False,
C_CARD510857,card,CARD510857,,,,1.0,False,
C_CARD510860,card,CARD510860,,,,1.0,False,
C_CARD510861,card,CARD510861,,,,1.0,False,
C_CARD510862,card,CARD510862,,,,1.0,False,
C_CARD510880,card,CARD510880,,,,1.0,False,
C_CARD510885,card,CARD510885,,,,1.0,False,
C_CARD510887,card,CARD510887,,,,1.0,False,
C_CARD510890,card,CARD510890,,,,1.0,False,
C_CARD510898,card,CARD510898,,,,1.0,False,
C_CARD510901,card,CARD510901,,,,1.0,False,
C_CARD510902,card,CARD510902,,,,1.0,False,
C_CARD510906,card,CARD510906,,,,1.0,False,
C_CARD510914,card,CARD510914,,,,1.0,False,
C_CARD510919,card,CARD510919,,,,1.0,False,
C_CARD510925,card,CARD510925,,,,1.0,False,
C_CARD510933,card,CARD510933,,,,1.0,False,
C_CARD510937,card,CARD510937,,,,1.0,False,
C_CARD510941,card,CARD510941,,,,1.0,False,
C_CARD510945,card,CARD510945,,,,1.0,False,
C_CARD510951,card,CARD510951,,,,1.0,False,
C_CARD510960,card,CARD510960,,,,1.0,False,
C_CARD510966,card,CARD510966,,,,1.0,False,
C_CARD510978,card,CARD510978,,,,1.0,False,
C_CARD510979,card,CARD510979,,,,1.0,False,
C_CARD510990,card,CARD510990,,,,1.0,False,
C_CARD510995,card,CARD510995,,,,1.0,False,
C_CARD510996,card,CARD510996,,,,1.0,False,
C_CARD511005,card,CARD511005,,,,1.0,False,
C_CARD511007,card,CARD511007,,,,1.0,False,
C_CARD511010,card,CARD511010,,,,1.0,False,
C_CARD511016,card,CARD511016,,,,1.0,False,
C_CARD511023,card,CARD511023,,,,1.0,False,
C_CARD511027,card,CARD511027,,,,1.0,False,
C_CARD511028,card,CARD511028,,,,1.0,False,
C_CARD511032,card,CARD511032,,,,1.0,False,
C_CARD511036,card,CARD511036,,,,1.0,False,
C_CARD511037,card,CARD511037,,,,1.0,False,
C_CARD511050,card,CARD511050,,,,1.0,False,
C_CARD511051,card,CARD511051,,,,1.0,False,
C_CARD511065,card,CARD511065,,,,1.0,False,
C_CARD511073,card,CARD511073,,,,1.0,False,
C_CARD511077,card,CARD511077,,,,1.0,False,
C_CARD511078,card,CARD511078,,,,1.0,False,
C_CARD511080,card,CARD511080,,,,1.0,False,
C_CARD511083,card,CARD511083,,,,1.0,False,
C_CARD511086,card,CARD511086,,,,1.0,False,
C_CARD511094,card,CARD511094,,,,1.0,False,
C_CARD511095,card,CARD511095,,,,1.0,False,
C_CARD511107,card,CARD511107,,,,1.0,False,
C_CARD511109,card,CARD511109,,,,1.0,False,
C_CARD511112,card,CARD511112,,,,1.0,False,
C_CARD511113,card,CARD511113,,,,1.0,False,
C_CARD511115,card,CARD511115,,,,1.0,False,
C_CARD511117,card,CARD511117,,,,1.0,False,
C_CARD511119,card,CARD511119,,,,1.0,False,
C_CARD511128,card,CARD511128,,,,1.0,False,
C_CARD511146,card,CARD511146,,,,1.0,False,
C_CARD511156,card,CARD511156,,,,1.0,False,
C_CARD511174,card,CARD511174,,,,1.0,False,
C_CARD511175,card,CARD511175,,,,1.0,False,
C_CARD511180,card,CARD511180,,,,1.0,False,
C_CARD511184,card,CARD511184,,,,1.0,False,
C_CARD511187,card,CARD511187,,,,1.0,False,
C_CARD511191,card,CARD511191,,,,1.0,False,
C_CARD511197,card,CARD511197,,,,1.0,False,
C_CARD511203,card,CARD511203,,,,1.0,False,
C_CARD511206,card,CARD511206,,,,1.0,False,
C_CARD511208,card,CARD511208,,,,1.0,False,
C_CARD511212,card,CARD511212,,,,1.0,False,
C_CARD511213,card,CARD511213,,,,1.0,False,
C_CARD511216,card,CARD511216,,,,1.0,False,
C_CARD511218,card,CARD511218,,,,1.0,False,
C_CARD511219,card,CARD511219,,,,1.0,False,
C_CARD511220,card,CARD511220,,,,1.0,False,
C_CARD511223,card,CARD511223,,,,1.0,False,
C_CARD511224,card,CARD511224,,,,1.0,False,
C_CARD511228,card,CARD511228,,,,1.0,False,
C_CARD511229,card,CARD511229,,,,1.0,False,
C_CARD511233,card,CARD511233,,,,1.0,False,
C_CARD511241,card,CARD511241,,,,1.0,False,
C_CARD511242,card,CARD511242,,,,1.0,False,
C_CARD511246,card,CARD511246,,,,1.0,False,
C_CARD511247,card,CARD511247,,,,1.0,False,
C_CARD511250,card,CARD511250,,,,1.0,False,
C_CARD511259,card,CARD511259,,,,1.0,False,
C_CARD511260,card,CARD511260,,,,1.0,False,
C_CARD511265,card,CARD511265,,,,1.0,False,
C_CARD511273,card,CARD511273,,,,1.0,False,
C_CARD511277,card,CARD511277,,,,1.0,False,
C_CARD511281,card,CARD511281,,,,1.0,False,
C_CARD511286,card,CARD511286,,,,1.0,False,
C_CARD511288,card,CARD511288,,,,1.0,False,
C_CARD511289,card,CARD511289,,,,1.0,False,
C_CARD511297,card,CARD511297,,,,1.0,False,
C_CARD511301,card,CARD511301,,,,1.0,False,
C_CARD511305,card,CARD511305,,,,1.0,False,
C_CARD511308,card,CARD511308,,,,1.0,False,
C_CARD511311,card,CARD511311,,,,1.0,False,
C_CARD511312,card,CARD511312,,,,1.0,False,
C_CARD511313,card,CARD511313,,,,1.0,False,
C_CARD511314,card,CARD511314,,,,1.0,False,
C_CARD511316,card,CARD511316,,,,1.0,False,
C_CARD511324,card,CARD511324,,,,1.0,False,
C_CARD511329,card,CARD511329,,,,1.0,False,
C_CARD511331,card,CARD511331,,,,1.0,False,
C_CARD511336,card,CARD511336,,,,1.0,False,
C_CARD511339,card,CARD511339,,,,1.0,False,
C_CARD511343,card,CARD511343,,,,1.0,False,
C_CARD511347,card,CARD511347,,,,1.0,False,
C_CARD511352,card,CARD511352,,,,1.0,False,
C_CARD511353,card,CARD511353,,,,1.0,False,
C_CARD511356,card,CARD511356,,,,1.0,False,
C_CARD511357,card,CARD511357,,,,1.0,False,
C_CARD511363,card,CARD511363,,,,1.0,False,
C_CARD511365,card,CARD511365,,,,1.0,False,
C_CARD511379,card,CARD511379,,,,1.0,False,
C_CARD511384,card,CARD511384,,,,1.0,False,
C_CARD511385,card,CARD511385,,,,1.0,False,
C_CARD511388,card,CARD511388,,,,1.0,False,
C_CARD511393,card,CARD511393,,,,1.0,False,
C_CARD511396,card,CARD511396,,,,1.0,False,
C_CARD511402,card,CARD511402,,,,1.0,False,
C_CARD511406,card,CARD511406,,,,1.0,False,
C_CARD511411,card,CARD511411,,,,1.0,False,
C_CARD511412,card,CARD511412,,,,1.0,False,
C_CARD511413,card,CARD511413,,,,1.0,False,
C_CARD511420,card,CARD511420,,,,1.0,False,
C_CARD511422,card,CARD511422,,,,1.0,False,
C_CARD511429,card,CARD511429,,,,1.0,False,
C_CARD511432,card,CARD511432,,,,1.0,False,
C_CARD511433,card,CARD511433,,,,1.0,False,
C_CARD511443,card,CARD511443,,,,1.0,False,
C_CARD511449,card,CARD511449,,,,1.0,False,
C_CARD511452,card,CARD511452,,,,1.0,False,
C_CARD511453,card,CARD511453,,,,1.0,False,
C_CARD511461,card,CARD511461,,,,1.0,False,
C_CARD511467,card,CARD511467,,,,1.0,False,
C_CARD511468,card,CARD511468,,,,1.0,False,
C_CARD511470,card,CARD511470,,,,1.0,False,
C_CARD511481,card,CARD511481,,,,1.0,False,
C_CARD511482,card,CARD511482,,,,1.0,False,
C_CARD511489,card,CARD511489,,,,1.0,False,
C_CARD511490,card,CARD511490,,,,1.0,False,
C_CARD511493,card,CARD511493,,,,1.0,False,
C_CARD511507,card,CARD511507,,,,1.0,False,
C_CARD511510,card,CARD511510,,,,1.0,False,
C_CARD511512,card,CARD511512,,,,1.0,False,
C_CARD511516,card,CARD511516,,,,1.0,False,
C_CARD511524,card,CARD511524,,,,1.0,False,
C_CARD511534,card,CARD511534,,,,1.0,False,
C_CARD511537,card,CARD511537,,,,1.0,False,
C_CARD511546,card,CARD511546,,,,1.0,False,
C_CARD511559,card,CARD511559,,,,1.0,False,
C_CARD511563,card,CARD511563,,,,1.0,False,
C_CARD511564,card,CARD511564,,,,1.0,False,
C_CARD511574,card,CARD511574,,,,1.0,False,
C_CARD511576,card,CARD511576,,,,1.0,False,
C_CARD511594,card,CARD511594,,,,1.0,False,
C_CARD511601,card,CARD511601,,,,1.0,False,
C_CARD511609,card,CARD511609,,,,1.0,False,
C_CARD511610,card,CARD511610,,,,1.0,False,
C_CARD511611,card,CARD511611,,,,1.0,False,
C_CARD511614,card,CARD511614,,,,1.0,False,
C_CARD511615,card,CARD511615,,,,1.0,False,
C_CARD511620,card,CARD511620,,,,1.0,False,
C_CARD511628,card,CARD511628,,,,1.0,False,
C_CARD511630,card,CARD511630,,,,1.0,False,
C_CARD511632,card,CARD511632,,,,1.0,False,
C_CARD511634,card,CARD511634,,,,1.0,False,
C_CARD511640,card,CARD511640,,,,1.0,False,
C_CARD511641,card,CARD511641,,,,1.0,False,
C_CARD511652,card,CARD511652,,,,1.0,False,
C_CARD511654,card,CARD511654,,,,1.0,False,
C_CARD511656,card,CARD511656,,,,1.0,False,
C_CARD511657,card,CARD511657,,,,1.0,False,
C_CARD511661,card,CARD511661,,,,1.0,False,
C_CARD511667,card,CARD511667,,,,1.0,False,
C_CARD511675,card,CARD511675,,,,1.0,False,
C_CARD511676,card,CARD511676,,,,1.0,False,
C_CARD511680,card,CARD511680,,,,1.0,False,
C_CARD511681,card,CARD511681,,,,1.0,False,
C_CARD511682,card,CARD511682,,,,1.0,False,
C_CARD511686,card,CARD511686,,,,1.0,False,
C_CARD511690,card,CARD511690,,,,1.0,False,
C_CARD511693,card,CARD511693,,,,1.0,False,
C_CARD511704,card,CARD511704,,,,1.0,False,
C_CARD511705,card,CARD511705,,,,1.0,False,
C_CARD511709,card,CARD511709,,,,1.0,False,
C_CARD511710,card,CARD511710,,,,1.0,False,
C_CARD511711,card,CARD511711,,,,1.0,False,
C_CARD511717,card,CARD511717,,,,1.0,False,
C_CARD511724,card,CARD511724,,,,1.0,False,
C_CARD511728,card,CARD511728,,,,1.0,False,
C_CARD511733,card,CARD511733,,,,1.0,False,
C_CARD511737,card,CARD511737,,,,1.0,False,
C_CARD511740,card,CARD511740,,,,1.0,False,
C_CARD511745,card,CARD511745,,,,1.0,False,
C_CARD511749,card,CARD511749,,,,1.0,False,
C_CARD511759,card,CARD511759,,,,1.0,False,
C_CARD511760,card,CARD511760,,,,1.0,False,
C_CARD511769,card,CARD511769,,,,1.0,False,
C_CARD511772,card,CARD511772,,,,1.0,False,
C_CARD511787,card,CARD511787,,,,1.0,False,
C_CARD511788,card,CARD511788,,,,1.0,False,
C_CARD511789,card,CARD511789,,,,1.0,False,
C_CARD511791,card,CARD511791,,,,1.0,False,
C_CARD511797,card,CARD511797,,,,1.0,False,
C_CARD511798,card,CARD511798,,,,1.0,False,
C_CARD511800,card,CARD511800,,,,1.0,False,
C_CARD511801,card,CARD511801,,,,1.0,False,
C_CARD511804,card,CARD511804,,,,1.0,False,
C_CARD511807,card,CARD511807,,,,1.0,False,
C_CARD511809,card,CARD511809,,,,1.0,False,
C_CARD511812,card,CARD511812,,,,1.0,False,
C_CARD511817,card,CARD511817,,,,1.0,False,
C_CARD511820,card,CARD511820,,,,1.0,False,
C_CARD511822,card,CARD511822,,,,1.0,False,
C_CARD511830,card,CARD511830,,,,1.0,False,
C_CARD511840,card,CARD511840,,,,1.0,False,
C_CARD511842,card,CARD511842,,,,1.0,False,
C_CARD511843,card,CARD511843,,,,1.0,False,
C_CARD511847,card,CARD511847,,,,1.0,False,
C_CARD511850,card,CARD511850,,,,1.0,False,
C_CARD511858,card,CARD511858,,,,1.0,False,
C_CARD511870,card,CARD511870,,,,1.0,False,
C_CARD511872,card,CARD511872,,,,1.0,False,
C_CARD511874,card,CARD511874,,,,1.0,False,
C_CARD511877,card,CARD511877,,,,1.0,False,
C_CARD511879,card,CARD511879,,,,1.0,False,
C_CARD511882,card,CARD511882,,,,1.0,False,
C_CARD511886,card,CARD511886,,,,1.0,False,
C_CARD511887,card,CARD511887,,,,1.0,False,
C_CARD511889,card,CARD511889,,,,1.0,False,
C_CARD511890,card,CARD511890,,,,1.0,False,
C_CARD511903,card,CARD511903,,,,1.0,False,
C_CARD511911,card,CARD511911,,,,1.0,False,
C_CARD511915,card,CARD511915,,,,1.0,False,
C_CARD511917,card,CARD511917,,,,1.0,False,
C_CARD511921,card,CARD511921,,,,1.0,False,
C_CARD511922,card,CARD511922,,,,1.0,False,
C_CARD511933,card,CARD511933,,,,1.0,False,
C_CARD511934,card,CARD511934,,,,1.0,False,
C_CARD511940,card,CARD511940,,,,1.0,False,
C_CARD511941,card,CARD511941,,,,1.0,False,
C_CARD511942,card,CARD511942,,,,1.0,False,
C_CARD511944,card,CARD511944,,,,1.0,False,
C_CARD511947,card,CARD511947,,,,1.0,False,
C_CARD511958,card,CARD511958,,,,1.0,False,
C_CARD511981,card,CARD511981,,,,1.0,False,
C_CARD511988,card,CARD511988,,,,1.0,False,
C_CARD511990,card,CARD511990,,,,1.0,False,
C_CARD511991,card,CARD511991,,,,1.0,False,
C_CARD511992,card,CARD511992,,,,1.0,False,
C_CARD511995,card,CARD511995,,,,1.0,False,
C_CARD511998,card,CARD511998,,,,1.0,False,
C_CARD512011,card,CARD512011,,,,1.0,False,
C_CARD512012,card,CARD512012,,,,1.0,False,
C_CARD512014,card,CARD512014,,,,1.0,False,
C_CARD512015,card,CARD512015,,,,1.0,False,
C_CARD512020,card,CARD512020,,,,1.0,False,
C_CARD512024,card,CARD512024,,,,1.0,False,
C_CARD512025,card,CARD512025,,,,1.0,False,
C_CARD512026,card,CARD512026,,,,1.0,False,
C_CARD512028,card,CARD512028,,,,1.0,False,
C_CARD512031,card,CARD512031,,,,1.0,False,
C_CARD512034,card,CARD512034,,,,1.0,False,
C_CARD512035,card,CARD512035,,,,1.0,False,
C_CARD512040,card,CARD512040,,,,1.0,False,
C_CARD512043,card,CARD512043,,,,1.0,False,
C_CARD512046,card,CARD512046,,,,1.0,False,
C_CARD512049,card,CARD512049,,,,1.0,False,
C_CARD512052,card,CARD512052,,,,1.0,False,
C_CARD512056,card,CARD512056,,,,1.0,False,
C_CARD512057,card,CARD512057,,,,1.0,False,
C_CARD512059,card,CARD512059,,,,1.0,False,
C_CARD512065,card,CARD512065,,,,1.0,False,
C_CARD512069,card,CARD512069,,,,1.0,False,
C_CARD512074,card,CARD512074,,,,1.0,False,
C_CARD512079,card,CARD512079,,,,1.0,False,
C_CARD512082,card,CARD512082,,,,1.0,False,
C_CARD512095,card,CARD512095,,,,1.0,False,
C_CARD512097,card,CARD512097,,,,1.0,False,
C_CARD512100,card,CARD512100,,,,1.0,False,
C_CARD512103,card,CARD512103,,,,1.0,False,
C_CARD512110,card,CARD512110,,,,1.0,False,
C_CARD512111,card,CARD512111,,,,1.0,False,
C_CARD512112,card,CARD512112,,,,1.0,False,
C_CARD512122,card,CARD512122,,,,1.0,False,
C_CARD512133,card,CARD512133,,,,1.0,False,
C_CARD512138,card,CARD512138,,,,1.0,False,
C_CARD512140,card,CARD512140,,,,1.0,False,
C_CARD512142,card,CARD512142,,,,1.0,False,
C_CARD512143,card,CARD512143,,,,1.0,False,
C_CARD512150,card,CARD512150,,,,1.0,False,
C_CARD512152,card,CARD512152,,,,1.0,False,
C_CARD512156,card,CARD512156,,,,1.0,False,
C_CARD512159,card,CARD512159,,,,1.0,False,
C_CARD512160,card,CARD512160,,,,1.0,False,
C_CARD512161,card,CARD512161,,,,1.0,False,
C_CARD512171,card,CARD512171,,,,1.0,False,
C_CARD512177,card,CARD512177,,,,1.0,False,
C_CARD512179,card,CARD512179,,,,1.0,False,
C_CARD512180,card,CARD512180,,,,1.0,False,
C_CARD512181,card,CARD512181,,,,1.0,False,
C_CARD512184,card,CARD512184,,,,1.0,False,
C_CARD512191,card,CARD512191,,,,1.0,False,
C_CARD512192,card,CARD512192,,,,1.0,False,
C_CARD512195,card,CARD512195,,,,1.0,False,
C_CARD512198,card,CARD512198,,,,1.0,False,
C_CARD512202,card,CARD512202,,,,1.0,False,
C_CARD512208,card,CARD512208,,,,1.0,False,
C_CARD512210,card,CARD512210,,,,1.0,False,
C_CARD512211,card,CARD512211,,,,1.0,False,
C_CARD512212,card,CARD512212,,,,1.0,False,
C_CARD512213,card,CARD512213,,,,1.0,False,
C_CARD512219,card,CARD512219,,,,1.0,False,
C_CARD512224,card,CARD512224,,,,1.0,False,
C_CARD512230,card,CARD512230,,,,1.0,False,
C_CARD512239,card,CARD512239,,,,1.0,False,
C_CARD512240,card,CARD512240,,,,1.0,False,
C_CARD512249,card,CARD512249,,,,1.0,False,
C_CARD512252,card,CARD512252,,,,1.0,False,
C_CARD512254,card,CARD512254,,,,1.0,False,
C_CARD512255,card,CARD512255,,,,1.0,False,
C_CARD512259,card,CARD512259,,,,1.0,False,
C_CARD512263,card,CARD512263,,,,1.0,False,
C_CARD512264,card,CARD512264,,,,1.0,False,
C_CARD512266,card,CARD512266,,,,1.0,False,
C_CARD512267,card,CARD512267,,,,1.0,False,
C_CARD512276,card,CARD512276,,,,1.0,False,
C_CARD512278,card,CARD512278,,,,1.0,False,
C_CARD512287,card,CARD512287,,,,1.0,False,
C_CARD512292,card,CARD512292,,,,1.0,False,
C_CARD512293,card,CARD512293,,,,1.0,False,
C_CARD512294,card,CARD512294,,,,1.0,False,
C_CARD512301,card,CARD512301,,,,1.0,False,
C_CARD512305,card,CARD512305,,,,1.0,False,
C_CARD512314,card,CARD512314,,,,1.0,False,
C_CARD512319,card,CARD512319,,,,1.0,False,
C_CARD512320,card,CARD512320,,,,1.0,False,
C_CARD512324,card,CARD512324,,,,1.0,False,
C_CARD512328,card,CARD512328,,,,1.0,False,
C_CARD512329,card,CARD512329,,,,1.0,False,
C_CARD512333,card,CARD512333,,,,1.0,False,
C_CARD512336,card,CARD512336,,,,1.0,False,
C_CARD512337,card,CARD512337,,,,1.0,False,
C_CARD512340,card,CARD512340,,,,1.0,False,
C_CARD512341,card,CARD512341,,,,1.0,False,
C_CARD512342,card,CARD512342,,,,1.0,False,
C_CARD512349,card,CARD512349,,,,1.0,False,
C_CARD512354,card,CARD512354,,,,1.0,False,
C_CARD512359,card,CARD512359,,,,1.0,False,
C_CARD512362,card,CARD512362,,,,1.0,False,
C_CARD512363,card,CARD512363,,,,1.0,False,
C_CARD512365,card,CARD512365,,,,1.0,False,
C_CARD512368,card,CARD512368,,,,1.0,False,
C_CARD512373,card,CARD512373,,,,1.0,False,
C_CARD512380,card,CARD512380,,,,1.0,False,
C_CARD512386,card,CARD512386,,,,1.0,False,
C_CARD512389,card,CARD512389,,,,1.0,False,
C_CARD512391,card,CARD512391,,,,1.0,False,
C_CARD512402,card,CARD512402,,,,1.0,False,
C_CARD512405,card,CARD512405,,,,1.0,False,
C_CARD512417,card,CARD512417,,,,1.0,False,
C_CARD512420,card,CARD512420,,,,1.0,False,
C_CARD512425,card,CARD512425,,,,1.0,False,
C_CARD512436,card,CARD512436,,,,1.0,False,
C_CARD512443,card,CARD512443,,,,1.0,False,
C_CARD512444,card,CARD512444,,,,1.0,False,
C_CARD512445,card,CARD512445,,,,1.0,False,
C_CARD512464,card,CARD512464,,,,1.0,False,
C_CARD512469,card,CARD512469,,,,1.0,False,
C_CARD512473,card,CARD512473,,,,1.0,False,
C_CARD512474,card,CARD512474,,,,1.0,False,
C_CARD512489,card,CARD512489,,,,1.0,False,
C_CARD512495,card,CARD512495,,,,1.0,False,
C_CARD512502,card,CARD512502,,,,1.0,False,
C_CARD512503,card,CARD512503,,,,1.0,False,
C_CARD512506,card,CARD512506,,,,1.0,False,
C_CARD512517,card,CARD512517,,,,1.0,False,
C_CARD512518,card,CARD512518,,,,1.0,False,
C_CARD512523,card,CARD512523,,,,1.0,False,
C_CARD512526,card,CARD512526,,,,1.0,False,
C_CARD512532,card,CARD512532,,,,1.0,False,
C_CARD512534,card,CARD512534,,,,1.0,False,
C_CARD512535,card,CARD512535,,,,1.0,False,
C_CARD512537,card,CARD512537,,,,1.0,False,
C_CARD512544,card,CARD512544,,,,1.0,False,
C_CARD512553,card,CARD512553,,,,1.0,False,
C_CARD512554,card,CARD512554,,,,1.0,False,
C_CARD512562,card,CARD512562,,,,1.0,False,
C_CARD512568,card,CARD512568,,,,1.0,False,
C_CARD512569,card,CARD512569,,,,1.0,False,
C_CARD512575,card,CARD512575,,,,1.0,False,
C_CARD512601,card,CARD512601,,,,1.0,False,
C_CARD512609,card,CARD512609,,,,1.0,False,
C_CARD512611,card,CARD512611,,,,1.0,False,
C_CARD512613,card,CARD512613,,,,1.0,False,
C_CARD512615,card,CARD512615,,,,1.0,False,
C_CARD512617,card,CARD512617,,,,1.0,False,
C_CARD512619,card,CARD512619,,,,1.0,False,
C_CARD512622,card,CARD512622,,,,1.0,False,
C_CARD512623,card,CARD512623,,,,1.0,False,
C_CARD512626,card,CARD512626,,,,1.0,False,
C_CARD512627,card,CARD512627,,,,1.0,False,
C_CARD512629,card,CARD512629,,,,1.0,False,
C_CARD512642,card,CARD512642,,,,1.0,False,
C_CARD512645,card,CARD512645,,,,1.0,False,
C_CARD512646,card,CARD512646,,,,1.0,False,
C_CARD512651,card,CARD512651,,,,1.0,False,
C_CARD512653,card,CARD512653,,,,1.0,False,
C_CARD512654,card,CARD512654,,,,1.0,False,
C_CARD512655,card,CARD512655,,,,1.0,False,
C_CARD512658,card,CARD512658,,,,1.0,False,
C_CARD512660,card,CARD512660,,,,1.0,False,
C_CARD512663,card,CARD512663,,,,1.0,False,
C_CARD512671,card,CARD512671,,,,1.0,False,
C_CARD512672,card,CARD512672,,,,1.0,False,
C_CARD512673,card,CARD512673,,,,1.0,False,
C_CARD512682,card,CARD512682,,,,1.0,False,
C_CARD512683,card,CARD512683,,,,1.0,False,
C_CARD512686,card,CARD512686,,,,1.0,False,
C_CARD512690,card,CARD512690,,,,1.0,False,
C_CARD512692,card,CARD512692,,,,1.0,False,
C_CARD512696,card,CARD512696,,,,1.0,False,
C_CARD512698,card,CARD512698,,,,1.0,False,
C_CARD512700,card,CARD512700,,,,1.0,False,
C_CARD512702,card,CARD512702,,,,1.0,False,
C_CARD512712,card,CARD512712,,,,1.0,False,
C_CARD512715,card,CARD512715,,,,1.0,False,
C_CARD512719,card,CARD512719,,,,1.0,False,
C_CARD512723,card,CARD512723,,,,1.0,False,
C_CARD512724,card,CARD512724,,,,1.0,False,
C_CARD512734,card,CARD512734,,,,1.0,False,
C_CARD512736,card,CARD512736,,,,1.0,False,
C_CARD512737,card,CARD512737,,,,1.0,False,
C_CARD512747,card,CARD512747,,,,1.0,False,
C_CARD512755,card,CARD512755,,,,1.0,False,
C_CARD512758,card,CARD512758,,,,1.0,False,
C_CARD512767,card,CARD512767,,,,1.0,False,
C_CARD512768,card,CARD512768,,,,1.0,False,
C_CARD512771,card,CARD512771,,,,1.0,False,
C_CARD512775,card,CARD512775,,,,1.0,False,
C_CARD512779,card,CARD512779,,,,1.0,False,
C_CARD512789,card,CARD512789,,,,1.0,False,
C_CARD512798,card,CARD512798,,,,1.0,False,
C_CARD512806,card,CARD512806,,,,1.0,False,
C_CARD512810,card,CARD512810,,,,1.0,False,
C_CARD512816,card,CARD512816,,,,1.0,False,
C_CARD512819,card,CARD512819,,,,1.0,False,
C_CARD512821,card,CARD512821,,,,1.0,False,
C_CARD512827,card,CARD512827,,,,1.0,False,
C_CARD512829,card,CARD512829,,,,1.0,False,
C_CARD512833,card,CARD512833,,,,1.0,False,
C_CARD512840,card,CARD512840,,,,1.0,False,
C_CARD512841,card,CARD512841,,,,1.0,False,
C_CARD512854,card,CARD512854,,,,1.0,False,
C_CARD512859,card,CARD512859,,,,1.0,False,
C_CARD512861,card,CARD512861,,,,1.0,False,
C_CARD512862,card,CARD512862,,,,1.0,False,
C_CARD512878,card,CARD512878,,,,1.0,False,
C_CARD512879,card,CARD512879,,,,1.0,False,
C_CARD512881,card,CARD512881,,,,1.0,False,
C_CARD512890,card,CARD512890,,,,1.0,False,
C_CARD512893,card,CARD512893,,,,1.0,False,
C_CARD512896,card,CARD512896,,,,1.0,False,
C_CARD512907,card,CARD512907,,,,1.0,False,
C_CARD512911,card,CARD512911,,,,1.0,False,
C_CARD512914,card,CARD512914,,,,1.0,False,
C_CARD512920,card,CARD512920,,,,1.0,False,
C_CARD512923,card,CARD512923,,,,1.0,False,
C_CARD512928,card,CARD512928,,,,1.0,False,
C_CARD512932,card,CARD512932,,,,1.0,False,
C_CARD512952,card,CARD512952,,,,1.0,False,
C_CARD512956,card,CARD512956,,,,1.0,False,
C_CARD512957,card,CARD512957,,,,1.0,False,
C_CARD512979,card,CARD512979,,,,1.0,False,
C_CARD512986,card,CARD512986,,,,1.0,False,
C_CARD512987,card,CARD512987,,,,1.0,False,
C_CARD512988,card,CARD512988,,,,1.0,False,
C_CARD513000,card,CARD513000,,,,1.0,False,
C_CARD513001,card,CARD513001,,,,1.0,False,
C_CARD513007,card,CARD513007,,,,1.0,False,
C_CARD513008,card,CARD513008,,,,1.0,False,
C_CARD513015,card,CARD513015,,,,1.0,False,
C_CARD513019,card,CARD513019,,,,1.0,False,
C_CARD513024,card,CARD513024,,,,1.0,False,
C_CARD513025,card,CARD513025,,,,1.0,False,
C_CARD513027,card,CARD513027,,,,1.0,False,
C_CARD513028,card,CARD513028,,,,1.0,False,
C_CARD513033,card,CARD513033,,,,1.0,False,
C_CARD513040,card,CARD513040,,,,1.0,False,
C_CARD513047,card,CARD513047,,,,1.0,False,
C_CARD513056,card,CARD513056,,,,1.0,False,
C_CARD513074,card,CARD513074,,,,1.0,False,
C_CARD513088,card,CARD513088,,,,1.0,False,
C_CARD513089,card,CARD513089,,,,1.0,False,
C_CARD513097,card,CARD513097,,,,1.0,False,
C_CARD513103,card,CARD513103,,,,1.0,False,
C_CARD513105,card,CARD513105,,,,1.0,False,
C_CARD513106,card,CARD513106,,,,1.0,False,
C_CARD513107,card,CARD513107,,,,1.0,False,
C_CARD513112,card,CARD513112,,,,1.0,False,
C_CARD513113,card,CARD513113,,,,1.0,False,
C_CARD513116,card,CARD513116,,,,1.0,False,
C_CARD513128,card,CARD513128,,,,1.0,False,
C_CARD513134,card,CARD513134,,,,1.0,False,
C_CARD513138,card,CARD513138,,,,1.0,False,
C_CARD513147,card,CARD513147,,,,1.0,False,
C_CARD513152,card,CARD513152,,,,1.0,False,
C_CARD513153,card,CARD513153,,,,1.0,False,
C_CARD513154,card,CARD513154,,,,1.0,False,
C_CARD513155,card,CARD513155,,,,1.0,False,
C_CARD513167,card,CARD513167,,,,1.0,False,
C_CARD513180,card,CARD513180,,,,1.0,False,
C_CARD513184,card,CARD513184,,,,1.0,False,
C_CARD513187,card,CARD513187,,,,1.0,False,
C_CARD513188,card,CARD513188,,,,1.0,False,
C_CARD513198,card,CARD513198,,,,1.0,False,
C_CARD513209,card,CARD513209,,,,1.0,False,
C_CARD513214,card,CARD513214,,,,1.0,False,
C_CARD513215,card,CARD513215,,,,1.0,False,
C_CARD513217,card,CARD513217,,,,1.0,False,
C_CARD513226,card,CARD513226,,,,1.0,False,
C_CARD513230,card,CARD513230,,,,1.0,False,
C_CARD513233,card,CARD513233,,,,1.0,False,
C_CARD513235,card,CARD513235,,,,1.0,False,
C_CARD513238,card,CARD513238,,,,1.0,False,
C_CARD513245,card,CARD513245,,,,1.0,False,
C_CARD513254,card,CARD513254,,,,1.0,False,
C_CARD513255,card,CARD513255,,,,1.0,False,
C_CARD513260,card,CARD513260,,,,1.0,False,
C_CARD513261,card,CARD513261,,,,1.0,False,
C_CARD513262,card,CARD513262,,,,1.0,False,
C_CARD513266,card,CARD513266,,,,1.0,False,
C_CARD513267,card,CARD513267,,,,1.0,False,
C_CARD513287,card,CARD513287,,,,1.0,False,
C_CARD513289,card,CARD513289,,,,1.0,False,
C_CARD513293,card,CARD513293,,,,1.0,False,
C_CARD513297,card,CARD513297,,,,1.0,False,
C_CARD513298,card,CARD513298,,,,1.0,False,
C_CARD513300,card,CARD513300,,,,1.0,False,
C_CARD513304,card,CARD513304,,,,1.0,False,
C_CARD513305,card,CARD513305,,,,1.0,False,
C_CARD513314,card,CARD513314,,,,1.0,False,
C_CARD513317,card,CARD513317,,,,1.0,False,
C_CARD513336,card,CARD513336,,,,1.0,False,
C_CARD513343,card,CARD513343,,,,1.0,False,
C_CARD513347,card,CARD513347,,,,1.0,False,
C_CARD513348,card,CARD513348,,,,1.0,False,
C_CARD513357,card,CARD513357,,,,1.0,False,
C_CARD513363,card,CARD513363,,,,1.0,False,
C_CARD513365,card,CARD513365,,,,1.0,False,
C_CARD513367,card,CARD513367,,,,1.0,False,
C_CARD513368,card,CARD513368,,,,1.0,False,
C_CARD513369,card,CARD513369,,,,1.0,False,
C_CARD513370,card,CARD513370,,,,1.0,False,
C_CARD513372,card,CARD513372,,,,1.0,False,
C_CARD513373,card,CARD513373,,,,1.0,False,
C_CARD513381,card,CARD513381,,,,1.0,False,
C_CARD513383,card,CARD513383,,,,1.0,False,
C_CARD513384,card,CARD513384,,,,1.0,False,
C_CARD513386,card,CARD513386,,,,1.0,False,
C_CARD513387,card,CARD513387,,,,1.0,False,
C_CARD513394,card,CARD513394,,,,1.0,False,
C_CARD513400,card,CARD513400,,,,1.0,False,
C_CARD513403,card,CARD513403,,,,1.0,False,
C_CARD513404,card,CARD513404,,,,1.0,False,
C_CARD513405,card,CARD513405,,,,1.0,False,
C_CARD513413,card,CARD513413,,,,1.0,False,
C_CARD513418,card,CARD513418,,,,1.0,False,
C_CARD513425,card,CARD513425,,,,1.0,False,
C_CARD513426,card,CARD513426,,,,1.0,False,
C_CARD513433,card,CARD513433,,,,1.0,False,
C_CARD513435,card,CARD513435,,,,1.0,False,
C_CARD513437,card,CARD513437,,,,1.0,False,
C_CARD513447,card,CARD513447,,,,1.0,False,
C_CARD513451,card,CARD513451,,,,1.0,False,
C_CARD513459,card,CARD513459,,,,1.0,False,
C_CARD513464,card,CARD513464,,,,1.0,False,
C_CARD513465,card,CARD513465,,,,1.0,False,
C_CARD513466,card,CARD513466,,,,1.0,False,
C_CARD513468,card,CARD513468,,,,1.0,False,
C_CARD513483,card,CARD513483,,,,1.0,False,
C_CARD513487,card,CARD513487,,,,1.0,False,
C_CARD513492,card,CARD513492,,,,1.0,False,
C_CARD513495,card,CARD513495,,,,1.0,False,
C_CARD513496,card,CARD513496,,,,1.0,False,
C_CARD513506,card,CARD513506,,,,1.0,False,
C_CARD513510,card,CARD513510,,,,1.0,False,
C_CARD513513,card,CARD513513,,,,1.0,False,
C_CARD513516,card,CARD513516,,,,1.0,False,
C_CARD513517,card,CARD513517,,,,1.0,False,
C_CARD513518,card,CARD513518,,,,1.0,False,
C_CARD513522,card,CARD513522,,,,1.0,False,
C_CARD513526,card,CARD513526,,,,1.0,False,
C_CARD513531,card,CARD513531,,,,1.0,False,
C_CARD513534,card,CARD513534,,,,1.0,False,
C_CARD513535,card,CARD513535,,,,1.0,False,
C_CARD513538,card,CARD513538,,,,1.0,False,
C_CARD513539,card,CARD513539,,,,1.0,False,
C_CARD513546,card,CARD513546,,,,1.0,False,
C_CARD513548,card,CARD513548,,,,1.0,False,
C_CARD513552,card,CARD513552,,,,1.0,False,
C_CARD513565,card,CARD513565,,,,1.0,False,
C_CARD513575,card,CARD513575,,,,1.0,False,
C_CARD513576,card,CARD513576,,,,1.0,False,
C_CARD513581,card,CARD513581,,,,1.0,False,
C_CARD513584,card,CARD513584,,,,1.0,False,
C_CARD513585,card,CARD513585,,,,1.0,False,
C_CARD513599,card,CARD513599,,,,1.0,False,
C_CARD513600,card,CARD513600,,,,1.0,False,
C_CARD513606,card,CARD513606,,,,1.0,False,
C_CARD513609,card,CARD513609,,,,1.0,False,
C_CARD513610,card,CARD513610,,,,1.0,False,
C_CARD513611,card,CARD513611,,,,1.0,False,
C_CARD513614,card,CARD513614,,,,1.0,False,
C_CARD513615,card,CARD513615,,,,1.0,False,
C_CARD513616,card,CARD513616,,,,1.0,False,
C_CARD513618,card,CARD513618,,,,1.0,False,
C_CARD513622,card,CARD513622,,,,1.0,False,
C_CARD513628,card,CARD513628,,,,1.0,False,
C_CARD513632,card,CARD513632,,,,1.0,False,
C_CARD513634,card,CARD513634,,,,1.0,False,
C_CARD513636,card,CARD513636,,,,1.0,False,
C_CARD513637,card,CARD513637,,,,1.0,False,
C_CARD513638,card,CARD513638,,,,1.0,False,
C_CARD513642,card,CARD513642,,,,1.0,False,
C_CARD513646,card,CARD513646,,,,1.0,False,
C_CARD513650,card,CARD513650,,,,1.0,False,
C_CARD513654,card,CARD513654,,,,1.0,False,
C_CARD513656,card,CARD513656,,,,1.0,False,
C_CARD513662,card,CARD513662,,,,1.0,False,
C_CARD513673,card,CARD513673,,,,1.0,False,
C_CARD513675,card,CARD513675,,,,1.0,False,
C_CARD513688,card,CARD513688,,,,1.0,False,
C_CARD513702,card,CARD513702,,,,1.0,False,
C_CARD513703,card,CARD513703,,,,1.0,False,
C_CARD513706,card,CARD513706,,,,1.0,False,
C_CARD513707,card,CARD513707,,,,1.0,False,
C_CARD513710,card,CARD513710,,,,1.0,False,
C_CARD513714,card,CARD513714,,,,1.0,False,
C_CARD513726,card,CARD513726,,,,1.0,False,
C_CARD513729,card,CARD513729,,,,1.0,False,
C_CARD513737,card,CARD513737,,,,1.0,False,
C_CARD513742,card,CARD513742,,,,1.0,False,
C_CARD513743,card,CARD513743,,,,1.0,False,
C_CARD513744,card,CARD513744,,,,1.0,False,
C_CARD513745,card,CARD513745,,,,1.0,False,
C_CARD513747,card,CARD513747,,,,1.0,False,
C_CARD513752,card,CARD513752,,,,1.0,False,
C_CARD513759,card,CARD513759,,,,1.0,False,
C_CARD513762,card,CARD513762,,,,1.0,False,
C_CARD513765,card,CARD513765,,,,1.0,False,
C_CARD513767,card,CARD513767,,,,1.0,False,
C_CARD513771,card,CARD513771,,,,1.0,False,
C_CARD513774,card,CARD513774,,,,1.0,False,
C_CARD513776,card,CARD513776,,,,1.0,False,
C_CARD513785,card,CARD513785,,,,1.0,False,
C_CARD513786,card,CARD513786,,,,1.0,False,
C_CARD513793,card,CARD513793,,,,1.0,False,
C_CARD513794,card,CARD513794,,,,1.0,False,
C_CARD513797,card,CARD513797,,,,1.0,False,
C_CARD513804,card,CARD513804,,,,1.0,False,
C_CARD513807,card,CARD513807,,,,1.0,False,
C_CARD513811,card,CARD513811,,,,1.0,False,
C_CARD513822,card,CARD513822,,,,1.0,False,
C_CARD513824,card,CARD513824,,,,1.0,False,
C_CARD513830,card,CARD513830,,,,1.0,False,
C_CARD513836,card,CARD513836,,,,1.0,False,
C_CARD513837,card,CARD513837,,,,1.0,False,
C_CARD513847,card,CARD513847,,,,1.0,False,
C_CARD513851,card,CARD513851,,,,1.0,False,
C_CARD513854,card,CARD513854,,,,1.0,False,
C_CARD513856,card,CARD513856,,,,1.0,False,
C_CARD513859,card,CARD513859,,,,1.0,False,
C_CARD513860,card,CARD513860,,,,1.0,False,
C_CARD513862,card,CARD513862,,,,1.0,False,
C_CARD513863,card,CARD513863,,,,1.0,False,
C_CARD513866,card,CARD513866,,,,1.0,False,
C_CARD513867,card,CARD513867,,,,1.0,False,
C_CARD513874,card,CARD513874,,,,1.0,False,
C_CARD513875,card,CARD513875,,,,1.0,False,
C_CARD513878,card,CARD513878,,,,1.0,False,
C_CARD513881,card,CARD513881,,,,1.0,False,
C_CARD513882,card,CARD513882,,,,1.0,False,
C_CARD513901,card,CARD513901,,,,1.0,False,
C_CARD513908,card,CARD513908,,,,1.0,False,
C_CARD513916,card,CARD513916,,,,1.0,False,
C_CARD513919,card,CARD513919,,,,1.0,False,
C_CARD513922,card,CARD513922,,,,1.0,False,
C_CARD513925,card,CARD513925,,,,1.0,False,
C_CARD513928,card,CARD513928,,,,1.0,False,
C_CARD513943,card,CARD513943,,,,1.0,False,
C_CARD513956,card,CARD513956,,,,1.0,False,
C_CARD513962,card,CARD513962,,,,1.0,False,
C_CARD513974,card,CARD513974,,,,1.0,False,
C_CARD513979,card,CARD513979,,,,1.0,False,
C_CARD513988,card,CARD513988,,,,1.0,False,
C_CARD513989,card,CARD513989,,,,1.0,False,
C_CARD513991,card,CARD513991,,,,1.0,False,
C_CARD513998,card,CARD513998,,,,1.0,False,
C_CARD513999,card,CARD513999,,,,1.0,False,
C_CARD514006,card,CARD514006,,,,1.0,False,
C_CARD514007,card,CARD514007,,,,1.0,False,
C_CARD514009,card,CARD514009,,,,1.0,False,
C_CARD514010,card,CARD514010,,,,1.0,False,
C_CARD514013,card,CARD514013,,,,1.0,False,
C_CARD514015,card,CARD514015,,,,1.0,False,
C_CARD514016,card,CARD514016,,,,1.0,False,
C_CARD514029,card,CARD514029,,,,1.0,False,
C_CARD514031,card,CARD514031,,,,1.0,False,
C_CARD514033,card,CARD514033,,,,1.0,False,
C_CARD514035,card,CARD514035,,,,1.0,False,
C_CARD514038,card,CARD514038,,,,1.0,False,
C_CARD514039,card,CARD514039,,,,1.0,False,
C_CARD514040,card,CARD514040,,,,1.0,False,
C_CARD514043,card,CARD514043,,,,1.0,False,
C_CARD514046,card,CARD514046,,,,1.0,False,
C_CARD514049,card,CARD514049,,,,1.0,False,
C_CARD514050,card,CARD514050,,,,1.0,False,
C_CARD514057,card,CARD514057,,,,1.0,False,
C_CARD514059,card,CARD514059,,,,1.0,False,
C_CARD514066,card,CARD514066,,,,1.0,False,
C_CARD514068,card,CARD514068,,,,1.0,False,
C_CARD514069,card,CARD514069,,,,1.0,False,
C_CARD514071,card,CARD514071,,,,1.0,False,
C_CARD514078,card,CARD514078,,,,1.0,False,
C_CARD514079,card,CARD514079,,,,1.0,False,
C_CARD514083,card,CARD514083,,,,1.0,False,
C_CARD514085,card,CARD514085,,,,1.0,False,
C_CARD514087,card,CARD514087,,,,1.0,False,
C_CARD514091,card,CARD514091,,,,1.0,False,
C_CARD514099,card,CARD514099,,,,1.0,False,
C_CARD514100,card,CARD514100,,,,1.0,False,
C_CARD514107,card,CARD514107,,,,1.0,False,
C_CARD514109,card,CARD514109,,,,1.0,False,
C_CARD514110,card,CARD514110,,,,1.0,False,
C_CARD514112,card,CARD514112,,,,1.0,False,
C_CARD514116,card,CARD514116,,,,1.0,False,
C_CARD514119,card,CARD514119,,,,1.0,False,
C_CARD514121,card,CARD514121,,,,1.0,False,
C_CARD514126,card,CARD514126,,,,1.0,False,
C_CARD514137,card,CARD514137,,,,1.0,False,
C_CARD514141,card,CARD514141,,,,1.0,False,
C_CARD514142,card,CARD514142,,,,1.0,False,
C_CARD514147,card,CARD514147,,,,1.0,False,
C_CARD514148,card,CARD514148,,,,1.0,False,
C_CARD514155,card,CARD514155,,,,1.0,False,
C_CARD514160,card,CARD514160,,,,1.0,False,
C_CARD514169,card,CARD514169,,,,1.0,False,
C_CARD514175,card,CARD514175,,,,1.0,False,
C_CARD514180,card,CARD514180,,,,1.0,False,
C_CARD514185,card,CARD514185,,,,1.0,False,
C_CARD514192,card,CARD514192,,,,1.0,False,
C_CARD514196,card,CARD514196,,,,1.0,False,
C_CARD514200,card,CARD514200,,,,1.0,False,
C_CARD514204,card,CARD514204,,,,1.0,False,
C_CARD514211,card,CARD514211,,,,1.0,False,
C_CARD514215,card,CARD514215,,,,1.0,False,
C_CARD514218,card,CARD514218,,,,1.0,False,
C_CARD514220,card,CARD514220,,,,1.0,False,
C_CARD514224,card,CARD514224,,,,1.0,False,
C_CARD514240,card,CARD514240,,,,1.0,False,
C_CARD514242,card,CARD514242,,,,1.0,False,
C_CARD514244,card,CARD514244,,,,1.0,False,
C_CARD514247,card,CARD514247,,,,1.0,False,
C_CARD514248,card,CARD514248,,,,1.0,False,
C_CARD514249,card,CARD514249,,,,1.0,False,
C_CARD514250,card,CARD514250,,,,1.0,False,
C_CARD514254,card,CARD514254,,,,1.0,False,
C_CARD514258,card,CARD514258,,,,1.0,False,
C_CARD514269,card,CARD514269,,,,1.0,False,
C_CARD514270,card,CARD514270,,,,1.0,False,
C_CARD514271,card,CARD514271,,,,1.0,False,
C_CARD514277,card,CARD514277,,,,1.0,False,
C_CARD514278,card,CARD514278,,,,1.0,False,
C_CARD514281,card,CARD514281,,,,1.0,False,
C_CARD514282,card,CARD514282,,,,1.0,False,
C_CARD514284,card,CARD514284,,,,1.0,False,
C_CARD514291,card,CARD514291,,,,1.0,False,
C_CARD514292,card,CARD514292,,,,1.0,False,
C_CARD514295,card,CARD514295,,,,1.0,False,
C_CARD514301,card,CARD514301,,,,1.0,False,
C_CARD514309,card,CARD514309,,,,1.0,False,
C_CARD514310,card,CARD514310,,,,1.0,False,
C_CARD514316,card,CARD514316,,,,1.0,False,
C_CARD514321,card,CARD514321,,,,1.0,False,
C_CARD514324,card,CARD514324,,,,1.0,False,
C_CARD514326,card,CARD514326,,,,1.0,False,
C_CARD514327,card,CARD514327,,,,1.0,False,
C_CARD514333,card,CARD514333,,,,1.0,False,
C_CARD514335,card,CARD514335,,,,1.0,False,
C_CARD514339,card,CARD514339,,,,1.0,False,
C_CARD514346,card,CARD514346,,,,1.0,False,
C_CARD514348,card,CARD514348,,,,1.0,False,
C_CARD514354,card,CARD514354,,,,1.0,False,
C_CARD514356,card,CARD514356,,,,1.0,False,
C_CARD514357,card,CARD514357,,,,1.0,False,
C_CARD514361,card,CARD514361,,,,1.0,False,
C_CARD514362,card,CARD514362,,,,1.0,False,
C_CARD514366,card,CARD514366,,,,1.0,False,
C_CARD514374,card,CARD514374,,,,1.0,False,
C_CARD514375,card,CARD514375,,,,1.0,False,
C_CARD514376,card,CARD514376,,,,1.0,False,
C_CARD514384,card,CARD514384,,,,1.0,False,
C_CARD514388,card,CARD514388,,,,1.0,False,
C_CARD514396,card,CARD514396,,,,1.0,False,
C_CARD514398,card,CARD514398,,,,1.0,False,
C_CARD514403,card,CARD514403,,,,1.0,False,
C_CARD514415,card,CARD514415,,,,1.0,False,
C_CARD514417,card,CARD514417,,,,1.0,False,
C_CARD514427,card,CARD514427,,,,1.0,False,
C_CARD514430,card,CARD514430,,,,1.0,False,
C_CARD514431,card,CARD514431,,,,1.0,False,
C_CARD514433,card,CARD514433,,,,1.0,False,
C_CARD514434,card,CARD514434,,,,1.0,False,
C_CARD514435,card,CARD514435,,,,1.0,False,
C_CARD514437,card,CARD514437,,,,1.0,False,
C_CARD514440,card,CARD514440,,,,1.0,False,
C_CARD514443,card,CARD514443,,,,1.0,False,
C_CARD514445,card,CARD514445,,,,1.0,False,
C_CARD514448,card,CARD514448,,,,1.0,False,
C_CARD514450,card,CARD514450,,,,1.0,False,
C_CARD514458,card,CARD514458,,,,1.0,False,
C_CARD514461,card,CARD514461,,,,1.0,False,
C_CARD514464,card,CARD514464,,,,1.0,False,
C_CARD514466,card,CARD514466,,,,1.0,False,
C_CARD514467,card,CARD514467,,,,1.0,False,
C_CARD514468,card,CARD514468,,,,1.0,False,
C_CARD514470,card,CARD514470,,,,1.0,False,
C_CARD514471,card,CARD514471,,,,1.0,False,
C_CARD514472,card,CARD514472,,,,1.0,False,
C_CARD514485,card,CARD514485,,,,1.0,False,
C_CARD514487,card,CARD514487,,,,1.0,False,
C_CARD514488,card,CARD514488,,,,1.0,False,
C_CARD514489,card,CARD514489,,,,1.0,False,
C_CARD514490,card,CARD514490,,,,1.0,False,
C_CARD514491,card,CARD514491,,,,1.0,False,
C_CARD514493,card,CARD514493,,,,1.0,False,
C_CARD514497,card,CARD514497,,,,1.0,False,
C_CARD514499,card,CARD514499,,,,1.0,False,
C_CARD514500,card,CARD514500,,,,1.0,False,
C_CARD514503,card,CARD514503,,,,1.0,False,
C_CARD514511,card,CARD514511,,,,1.0,False,
C_CARD514513,card,CARD514513,,,,1.0,False,
C_CARD514514,card,CARD514514,,,,1.0,False,
C_CARD514515,card,CARD514515,,,,1.0,False,
C_CARD514525,card,CARD514525,,,,1.0,False,
C_CARD514527,card,CARD514527,,,,1.0,False,
C_CARD514530,card,CARD514530,,,,1.0,False,
C_CARD514531,card,CARD514531,,,,1.0,False,
C_CARD514533,card,CARD514533,,,,1.0,False,
C_CARD514540,card,CARD514540,,,,1.0,False,
C_CARD514541,card,CARD514541,,,,1.0,False,
C_CARD514543,card,CARD514543,,,,1.0,False,
C_CARD514546,card,CARD514546,,,,1.0,False,
C_CARD514550,card,CARD514550,,,,1.0,False,
C_CARD514554,card,CARD514554,,,,1.0,False,
C_CARD514557,card,CARD514557,,,,1.0,False,
C_CARD514568,card,CARD514568,,,,1.0,False,
C_CARD514575,card,CARD514575,,,,1.0,False,
C_CARD514576,card,CARD514576,,,,1.0,False,
C_CARD514585,card,CARD514585,,,,1.0,False,
C_CARD514592,card,CARD514592,,,,1.0,False,
C_CARD514600,card,CARD514600,,,,1.0,False,
C_CARD514601,card,CARD514601,,,,1.0,False,
C_CARD514603,card,CARD514603,,,,1.0,False,
C_CARD514604,card,CARD514604,,,,1.0,False,
C_CARD514609,card,CARD514609,,,,1.0,False,
C_CARD514612,card,CARD514612,,,,1.0,False,
C_CARD514613,card,CARD514613,,,,1.0,False,
C_CARD514643,card,CARD514643,,,,1.0,False,
C_CARD514648,card,CARD514648,,,,1.0,False,
C_CARD514664,card,CARD514664,,,,1.0,False,
C_CARD514676,card,CARD514676,,,,1.0,False,
C_CARD514677,card,CARD514677,,,,1.0,False,
C_CARD514679,card,CARD514679,,,,1.0,False,
C_CARD514681,card,CARD514681,,,,1.0,False,
C_CARD514682,card,CARD514682,,,,1.0,False,
C_CARD514686,card,CARD514686,,,,1.0,False,
C_CARD514689,card,CARD514689,,,,1.0,False,
C_CARD514692,card,CARD514692,,,,1.0,False,
C_CARD514705,card,CARD514705,,,,1.0,False,
C_CARD514709,card,CARD514709,,,,1.0,False,
C_CARD514715,card,CARD514715,,,,1.0,False,
C_CARD514722,card,CARD514722,,,,1.0,False,
C_CARD514724,card,CARD514724,,,,1.0,False,
C_CARD514726,card,CARD514726,,,,1.0,False,
C_CARD514731,card,CARD514731,,,,1.0,False,
C_CARD514732,card,CARD514732,,,,1.0,False,
C_CARD514735,card,CARD514735,,,,1.0,False,
C_CARD514740,card,CARD514740,,,,1.0,False,
C_CARD514744,card,CARD514744,,,,1.0,False,
C_CARD514745,card,CARD514745,,,,1.0,False,
C_CARD514746,card,CARD514746,,,,1.0,False,
C_CARD514762,card,CARD514762,,,,1.0,False,
C_CARD514765,card,CARD514765,,,,1.0,False,
C_CARD514768,card,CARD514768,,,,1.0,False,
C_CARD514770,card,CARD514770,,,,1.0,False,
C_CARD514771,card,CARD514771,,,,1.0,False,
C_CARD514772,card,CARD514772,,,,1.0,False,
C_CARD514774,card,CARD514774,,,,1.0,False,
C_CARD514780,card,CARD514780,,,,1.0,False,
C_CARD514783,card,CARD514783,,,,1.0,False,
C_CARD514785,card,CARD514785,,,,1.0,False,
C_CARD514786,card,CARD514786,,,,1.0,False,
C_CARD514787,card,CARD514787,,,,1.0,False,
C_CARD514792,card,CARD514792,,,,1.0,False,
C_CARD514801,card,CARD514801,,,,1.0,False,
C_CARD514804,card,CARD514804,,,,1.0,False,
C_CARD514805,card,CARD514805,,,,1.0,False,
C_CARD514806,card,CARD514806,,,,1.0,False,
C_CARD514809,card,CARD514809,,,,1.0,False,
C_CARD514812,card,CARD514812,,,,1.0,False,
C_CARD514813,card,CARD514813,,,,1.0,False,
C_CARD514821,card,CARD514821,,,,1.0,False,
C_CARD514823,card,CARD514823,,,,1.0,False,
C_CARD514826,card,CARD514826,,,,1.0,False,
C_CARD514827,card,CARD514827,,,,1.0,False,
C_CARD514837,card,CARD514837,,,,1.0,False,
C_CARD514841,card,CARD514841,,,,1.0,False,
C_CARD514844,card,CARD514844,,,,1.0,False,
C_CARD514845,card,CARD514845,,,,1.0,False,
C_CARD514847,card,CARD514847,,,,1.0,False,
C_CARD514857,card,CARD514857,,,,1.0,False,
C_CARD514862,card,CARD514862,,,,1.0,False,
C_CARD514863,card,CARD514863,,,,1.0,False,
C_CARD514869,card,CARD514869,,,,1.0,False,
C_CARD514872,card,CARD514872,,,,1.0,False,
C_CARD514882,card,CARD514882,,,,1.0,False,
C_CARD514886,card,CARD514886,,,,1.0,False,
C_CARD514895,card,CARD514895,,,,1.0,False,
C_CARD514896,card,CARD514896,,,,1.0,False,
C_CARD514897,card,CARD514897,,,,1.0,False,
C_CARD514902,card,CARD514902,,,,1.0,False,
C_CARD514904,card,CARD514904,,,,1.0,False,
C_CARD514905,card,CARD514905,,,,1.0,False,
C_CARD514906,card,CARD514906,,,,1.0,False,
C_CARD514909,card,CARD514909,,,,1.0,False,
C_CARD514912,card,CARD514912,,,,1.0,False,
C_CARD514913,card,CARD514913,,,,1.0,False,
C_CARD514917,card,CARD514917,,,,1.0,False,
C_CARD514920,card,CARD514920,,,,1.0,False,
C_CARD514925,card,CARD514925,,,,1.0,False,
C_CARD514928,card,CARD514928,,,,1.0,False,
C_CARD514931,card,CARD514931,,,,1.0,False,
C_CARD514934,card,CARD514934,,,,1.0,False,
C_CARD514940,card,CARD514940,,,,1.0,False,
C_CARD514941,card,CARD514941,,,,1.0,False,
C_CARD514948,card,CARD514948,,,,1.0,False,
C_CARD514954,card,CARD514954,,,,1.0,False,
C_CARD514956,card,CARD514956,,,,1.0,False,
C_CARD514959,card,CARD514959,,,,1.0,False,
C_CARD514961,card,CARD514961,,,,1.0,False,
C_CARD514979,card,CARD514979,,,,1.0,False,
C_CARD514988,card,CARD514988,,,,1.0,False,
C_CARD514994,card,CARD514994,,,,1.0,False,
C_CARD514995,card,CARD514995,,,,1.0,False,
C_CARD515013,card,CARD515013,,,,1.0,False,
C_CARD515017,card,CARD515017,,,,1.0,False,
C_CARD515023,card,CARD515023,,,,1.0,False,
C_CARD515033,card,CARD515033,,,,1.0,False,
C_CARD515040,card,CARD515040,,,,1.0,False,
C_CARD515063,card,CARD515063,,,,1.0,False,
C_CARD515066,card,CARD515066,,,,1.0,False,
C_CARD515072,card,CARD515072,,,,1.0,False,
C_CARD515073,card,CARD515073,,,,1.0,False,
C_CARD515078,card,CARD515078,,,,1.0,False,
C_CARD515085,card,CARD515085,,,,1.0,False,
C_CARD515090,card,CARD515090,,,,1.0,False,
C_CARD515091,card,CARD515091,,,,1.0,False,
C_CARD515095,card,CARD515095,,,,1.0,False,
C_CARD515098,card,CARD515098,,,,1.0,False,
C_CARD515101,card,CARD515101,,,,1.0,False,
C_CARD515104,card,CARD515104,,,,1.0,False,
C_CARD515106,card,CARD515106,,,,1.0,False,
C_CARD515116,card,CARD515116,,,,1.0,False,
C_CARD515120,card,CARD515120,,,,1.0,False,
C_CARD515121,card,CARD515121,,,,1.0,False,
C_CARD515122,card,CARD515122,,,,1.0,False,
C_CARD515126,card,CARD515126,,,,1.0,False,
C_CARD515129,card,CARD515129,,,,1.0,False,
C_CARD515130,card,CARD515130,,,,1.0,False,
C_CARD515131,card,CARD515131,,,,1.0,False,
C_CARD515134,card,CARD515134,,,,1.0,False,
C_CARD515138,card,CARD515138,,,,1.0,False,
C_CARD515139,card,CARD515139,,,,1.0,False,
C_CARD515141,card,CARD515141,,,,1.0,False,
C_CARD515142,card,CARD515142,,,,1.0,False,
C_CARD515143,card,CARD515143,,,,1.0,False,
C_CARD515146,card,CARD515146,,,,1.0,False,
C_CARD515147,card,CARD515147,,,,1.0,False,
C_CARD515148,card,CARD515148,,,,1.0,False,
C_CARD515153,card,CARD515153,,,,1.0,False,
C_CARD515154,card,CARD515154,,,,1.0,False,
C_CARD515166,card,CARD515166,,,,1.0,False,
C_CARD515173,card,CARD515173,,,,1.0,False,
C_CARD515176,card,CARD515176,,,,1.0,False,
C_CARD515181,card,CARD515181,,,,1.0,False,
C_CARD515184,card,CARD515184,,,,1.0,False,
C_CARD515185,card,CARD515185,,,,1.0,False,
C_CARD515189,card,CARD515189,,,,1.0,False,
C_CARD515190,card,CARD515190,,,,1.0,False,
C_CARD515191,card,CARD515191,,,,1.0,False,
C_CARD515192,card,CARD515192,,,,1.0,False,
C_CARD515195,card,CARD515195,,,,1.0,False,
C_CARD515196,card,CARD515196,,,,1.0,False,
C_CARD515197,card,CARD515197,,,,1.0,False,
C_CARD515198,card,CARD515198,,,,1.0,False,
C_CARD515199,card,CARD515199,,,,1.0,False,
C_CARD515200,card,CARD515200,,,,1.0,False,
C_CARD515209,card,CARD515209,,,,1.0,False,
C_CARD515210,card,CARD515210,,,,1.0,False,
C_CARD515211,card,CARD515211,,,,1.0,False,
C_CARD515212,card,CARD515212,,,,1.0,False,
C_CARD515215,card,CARD515215,,,,1.0,False,
C_CARD515217,card,CARD515217,,,,1.0,False,
C_CARD515223,card,CARD515223,,,,1.0,False,
C_CARD515229,card,CARD515229,,,,1.0,False,
C_CARD515234,card,CARD515234,,,,1.0,False,
C_CARD515236,card,CARD515236,,,,1.0,False,
C_CARD515238,card,CARD515238,,,,1.0,False,
C_CARD515243,card,CARD515243,,,,1.0,False,
C_CARD515254,card,CARD515254,,,,1.0,False,
C_CARD515255,card,CARD515255,,,,1.0,False,
C_CARD515257,card,CARD515257,,,,1.0,False,
C_CARD515258,card,CARD515258,,,,1.0,False,
C_CARD515262,card,CARD515262,,,,1.0,False,
C_CARD515265,card,CARD515265,,,,1.0,False,
C_CARD515267,card,CARD515267,,,,1.0,False,
C_CARD515275,card,CARD515275,,,,1.0,False,
C_CARD515279,card,CARD515279,,,,1.0,False,
C_CARD515292,card,CARD515292,,,,1.0,False,
C_CARD515293,card,CARD515293,,,,1.0,False,
C_CARD515298,card,CARD515298,,,,1.0,False,
C_CARD515308,card,CARD515308,,,,1.0,False,
C_CARD515309,card,CARD515309,,,,1.0,False,
C_CARD515311,card,CARD515311,,,,1.0,False,
C_CARD515312,card,CARD515312,,,,1.0,False,
C_CARD515317,card,CARD515317,,,,1.0,False,
C_CARD515318,card,CARD515318,,,,1.0,False,
C_CARD515324,card,CARD515324,,,,1.0,False,
C_CARD515332,card,CARD515332,,,,1.0,False,
C_CARD515334,card,CARD515334,,,,1.0,False,
C_CARD515340,card,CARD515340,,,,1.0,False,
C_CARD515359,card,CARD515359,,,,1.0,False,
C_CARD515366,card,CARD515366,,,,1.0,False,
C_CARD515368,card,CARD515368,,,,1.0,False,
C_CARD515372,card,CARD515372,,,,1.0,False,
C_CARD515373,card,CARD515373,,,,1.0,False,
C_CARD515375,card,CARD515375,,,,1.0,False,
C_CARD515381,card,CARD515381,,,,1.0,False,
C_CARD515388,card,CARD515388,,,,1.0,False,
C_CARD515394,card,CARD515394,,,,1.0,False,
C_CARD515402,card,CARD515402,,,,1.0,False,
C_CARD515403,card,CARD515403,,,,1.0,False,
C_CARD515405,card,CARD515405,,,,1.0,False,
C_CARD515408,card,CARD515408,,,,1.0,False,
C_CARD515415,card,CARD515415,,,,1.0,False,
C_CARD515416,card,CARD515416,,,,1.0,False,
C_CARD515419,card,CARD515419,,,,1.0,False,
C_CARD515425,card,CARD515425,,,,1.0,False,
C_CARD515428,card,CARD515428,,,,1.0,False,
C_CARD515432,card,CARD515432,,,,1.0,False,
C_CARD515442,card,CARD515442,,,,1.0,False,
C_CARD515443,card,CARD515443,,,,1.0,False,
C_CARD515444,card,CARD515444,,,,1.0,False,
C_CARD515448,card,CARD515448,,,,1.0,False,
C_CARD515451,card,CARD515451,,,,1.0,False,
C_CARD515453,card,CARD515453,,,,1.0,False,
C_CARD515455,card,CARD515455,,,,1.0,False,
C_CARD515460,card,CARD515460,,,,1.0,False,
C_CARD515462,card,CARD515462,,,,1.0,False,
C_CARD515465,card,CARD515465,,,,1.0,False,
C_CARD515467,card,CARD515467,,,,1.0,False,
C_CARD515475,card,CARD515475,,,,1.0,False,
C_CARD515480,card,CARD515480,,,,1.0,False,
C_CARD515481,card,CARD515481,,,,1.0,False,
C_CARD515483,card,CARD515483,,,,1.0,False,
C_CARD515485,card,CARD515485,,,,1.0,False,
C_CARD515487,card,CARD515487,,,,1.0,False,
C_CARD515495,card,CARD515495,,,,1.0,False,
C_CARD515496,card,CARD515496,,,,1.0,False,
C_CARD515500,card,CARD515500,,,,1.0,False,
C_CARD515501,card,CARD515501,,,,1.0,False,
C_CARD515504,card,CARD515504,,,,1.0,False,
C_CARD515505,card,CARD515505,,,,1.0,False,
C_CARD515508,card,CARD515508,,,,1.0,False,
C_CARD515512,card,CARD515512,,,,1.0,False,
C_CARD515515,card,CARD515515,,,,1.0,False,
C_CARD515519,card,CARD515519,,,,1.0,False,
C_CARD515520,card,CARD515520,,,,1.0,False,
C_CARD515521,card,CARD515521,,,,1.0,False,
C_CARD515522,card,CARD515522,,,,1.0,False,
C_CARD515523,card,CARD515523,,,,1.0,False,
C_CARD515525,card,CARD515525,,,,1.0,False,
C_CARD515529,card,CARD515529,,,,1.0,False,
C_CARD515534,card,CARD515534,,,,1.0,False,
C_CARD515535,card,CARD515535,,,,1.0,False,
C_CARD515541,card,CARD515541,,,,1.0,False,
C_CARD515544,card,CARD515544,,,,1.0,False,
C_CARD515551,card,CARD515551,,,,1.0,False,
C_CARD515554,card,CARD515554,,,,1.0,False,
C_CARD515555,card,CARD515555,,,,1.0,False,
C_CARD515556,card,CARD515556,,,,1.0,False,
C_CARD515557,card,CARD515557,,,,1.0,False,
C_CARD515560,card,CARD515560,,,,1.0,False,
C_CARD515563,card,CARD515563,,,,1.0,False,
C_CARD515568,card,CARD515568,,,,1.0,False,
C_CARD515573,card,CARD515573,,,,1.0,False,
C_CARD515576,card,CARD515576,,,,1.0,False,
C_CARD515577,card,CARD515577,,,,1.0,False,
C_CARD515581,card,CARD515581,,,,1.0,False,
C_CARD515582,card,CARD515582,,,,1.0,False,
C_CARD515583,card,CARD515583,,,,1.0,False,
C_CARD515586,card,CARD515586,,,,1.0,False,
C_CARD515599,card,CARD515599,,,,1.0,False,
C_CARD515602,card,CARD515602,,,,1.0,False,
C_CARD515604,card,CARD515604,,,,1.0,False,
C_CARD515605,card,CARD515605,,,,1.0,False,
C_CARD515606,card,CARD515606,,,,1.0,False,
C_CARD515616,card,CARD515616,,,,1.0,False,
C_CARD515623,card,CARD515623,,,,1.0,False,
C_CARD515631,card,CARD515631,,,,1.0,False,
C_CARD515646,card,CARD515646,,,,1.0,False,
C_CARD515650,card,CARD515650,,,,1.0,False,
C_CARD515651,card,CARD515651,,,,1.0,False,
C_CARD515652,card,CARD515652,,,,1.0,False,
C_CARD515653,card,CARD515653,,,,1.0,False,
C_CARD515658,card,CARD515658,,,,1.0,False,
C_CARD515663,card,CARD515663,,,,1.0,False,
C_CARD515667,card,CARD515667,,,,1.0,False,
C_CARD515670,card,CARD515670,,,,1.0,False,
C_CARD515672,card,CARD515672,,,,1.0,False,
C_CARD515673,card,CARD515673,,,,1.0,False,
C_CARD515674,card,CARD515674,,,,1.0,False,
C_CARD515676,card,CARD515676,,,,1.0,False,
C_CARD515680,card,CARD515680,,,,1.0,False,
C_CARD515686,card,CARD515686,,,,1.0,False,
C_CARD515688,card,CARD515688,,,,1.0,False,
C_CARD515691,card,CARD515691,,,,1.0,False,
C_CARD515697,card,CARD515697,,,,1.0,False,
C_CARD515698,card,CARD515698,,,,1.0,False,
C_CARD515701,card,CARD515701,,,,1.0,False,
C_CARD515708,card,CARD515708,,,,1.0,False,
C_CARD515712,card,CARD515712,,,,1.0,False,
C_CARD515714,card,CARD515714,,,,1.0,False,
C_CARD515723,card,CARD515723,,,,1.0,False,
C_CARD515727,card,CARD515727,,,,1.0,False,
C_CARD515728,card,CARD515728,,,,1.0,False,
C_CARD515731,card,CARD515731,,,,1.0,False,
C_CARD515736,card,CARD515736,,,,1.0,False,
C_CARD515737,card,CARD515737,,,,1.0,False,
C_CARD515738,card,CARD515738,,,,1.0,False,
C_CARD515746,card,CARD515746,,,,1.0,False,
C_CARD515750,card,CARD515750,,,,1.0,False,
C_CARD515758,card,CARD515758,,,,1.0,False,
C_CARD515759,card,CARD515759,,,,1.0,False,
C_CARD515767,card,CARD515767,,,,1.0,False,
C_CARD515768,card,CARD515768,,,,1.0,False,
C_CARD515772,card,CARD515772,,,,1.0,False,
C_CARD515780,card,CARD515780,,,,1.0,False,
C_CARD515781,card,CARD515781,,,,1.0,False,
C_CARD515788,card,CARD515788,,,,1.0,False,
C_CARD515791,card,CARD515791,,,,1.0,False,
C_CARD515794,card,CARD515794,,,,1.0,False,
C_CARD515795,card,CARD515795,,,,1.0,False,
C_CARD515799,card,CARD515799,,,,1.0,False,
C_CARD515803,card,CARD515803,,,,1.0,False,
C_CARD515805,card,CARD515805,,,,1.0,False,
C_CARD515806,card,CARD515806,,,,1.0,False,
C_CARD515808,card,CARD515808,,,,1.0,False,
C_CARD515810,card,CARD515810,,,,1.0,False,
C_CARD515817,card,CARD515817,,,,1.0,False,
C_CARD515825,card,CARD515825,,,,1.0,False,
C_CARD515831,card,CARD515831,,,,1.0,False,
C_CARD515835,card,CARD515835,,,,1.0,False,
C_CARD515838,card,CARD515838,,,,1.0,False,
C_CARD515860,card,CARD515860,,,,1.0,False,
C_CARD515871,card,CARD515871,,,,1.0,False,
C_CARD515872,card,CARD515872,,,,1.0,False,
C_CARD515876,card,CARD515876,,,,1.0,False,
C_CARD515884,card,CARD515884,,,,1.0,False,
C_CARD515885,card,CARD515885,,,,1.0,False,
C_CARD515888,card,CARD515888,,,,1.0,False,
C_CARD515889,card,CARD515889,,,,1.0,False,
C_CARD515890,card,CARD515890,,,,1.0,False,
C_CARD515892,card,CARD515892,,,,1.0,False,
C_CARD515895,card,CARD515895,,,,1.0,False,
C_CARD515896,card,CARD515896,,,,1.0,False,
C_CARD515901,card,CARD515901,,,,1.0,False,
C_CARD515904,card,CARD515904,,,,1.0,False,
C_CARD515906,card,CARD515906,,,,1.0,False,
C_CARD515909,card,CARD515909,,,,1.0,False,
C_CARD515914,card,CARD515914,,,,1.0,False,
C_CARD515915,card,CARD515915,,,,1.0,False,
C_CARD515923,card,CARD515923,,,,1.0,False,
C_CARD515929,card,CARD515929,,,,1.0,False,
C_CARD515930,card,CARD515930,,,,1.0,False,
C_CARD515935,card,CARD515935,,,,1.0,False,
C_CARD515941,card,CARD515941,,,,1.0,False,
C_CARD515943,card,CARD515943,,,,1.0,False,
C_CARD515944,card,CARD515944,,,,1.0,False,
C_CARD515945,card,CARD515945,,,,1.0,False,
C_CARD515946,card,CARD515946,,,,1.0,False,
C_CARD515947,card,CARD515947,,,,1.0,False,
C_CARD515952,card,CARD515952,,,,1.0,False,
C_CARD515955,card,CARD515955,,,,1.0,False,
C_CARD515961,card,CARD515961,,,,1.0,False,
C_CARD515965,card,CARD515965,,,,1.0,False,
C_CARD515967,card,CARD515967,,,,1.0,False,
C_CARD515969,card,CARD515969,,,,1.0,False,
C_CARD515972,card,CARD515972,,,,1.0,False,
C_CARD515980,card,CARD515980,,,,1.0,False,
C_CARD515986,card,CARD515986,,,,1.0,False,
C_CARD515987,card,CARD515987,,,,1.0,False,
C_CARD515989,card,CARD515989,,,,1.0,False,
C_CARD516011,card,CARD516011,,,,1.0,False,
C_CARD516012,card,CARD516012,,,,1.0,False,
C_CARD516014,card,CARD516014,,,,1.0,False,
C_CARD516017,card,CARD516017,,,,1.0,False,
C_CARD516027,card,CARD516027,,,,1.0,False,
C_CARD516039,card,CARD516039,,,,1.0,False,
C_CARD516040,card,CARD516040,,,,1.0,False,
C_CARD516047,card,CARD516047,,,,1.0,False,
C_CARD516050,card,CARD516050,,,,1.0,False,
C_CARD516055,card,CARD516055,,,,1.0,False,
C_CARD516058,card,CARD516058,,,,1.0,False,
C_CARD516064,card,CARD516064,,,,1.0,False,
C_CARD516065,card,CARD516065,,,,1.0,False,
C_CARD516077,card,CARD516077,,,,1.0,False,
C_CARD516083,card,CARD516083,,,,1.0,False,
C_CARD516085,card,CARD516085,,,,1.0,False,
C_CARD516086,card,CARD516086,,,,1.0,False,
C_CARD516092,card,CARD516092,,,,1.0,False,
C_CARD516095,card,CARD516095,,,,1.0,False,
C_CARD516098,card,CARD516098,,,,1.0,False,
C_CARD516102,card,CARD516102,,,,1.0,False,
C_CARD516105,card,CARD516105,,,,1.0,False,
C_CARD516115,card,CARD516115,,,,1.0,False,
C_CARD516116,card,CARD516116,,,,1.0,False,
C_CARD516120,card,CARD516120,,,,1.0,False,
C_CARD516121,card,CARD516121,,,,1.0,False,
C_CARD516124,card,CARD516124,,,,1.0,False,
C_CARD516129,card,CARD516129,,,,1.0,False,
C_CARD516133,card,CARD516133,,,,1.0,False,
C_CARD516134,card,CARD516134,,,,1.0,False,
C_CARD516135,card,CARD516135,,,,1.0,False,
C_CARD516137,card,CARD516137,,,,1.0,False,
C_CARD516140,card,CARD516140,,,,1.0,False,
C_CARD516142,card,CARD516142,,,,1.0,False,
C_CARD516145,card,CARD516145,,,,1.0,False,
C_CARD516156,card,CARD516156,,,,1.0,False,
C_CARD516158,card,CARD516158,,,,1.0,False,
C_CARD516162,card,CARD516162,,,,1.0,False,
C_CARD516175,card,CARD516175,,,,1.0,False,
C_CARD516180,card,CARD516180,,,,1.0,False,
C_CARD516181,card,CARD516181,,,,1.0,False,
C_CARD516185,card,CARD516185,,,,1.0,False,
C_CARD516193,card,CARD516193,,,,1.0,False,
C_CARD516200,card,CARD516200,,,,1.0,False,
C_CARD516203,card,CARD516203,,,,1.0,False,
C_CARD516210,card,CARD516210,,,,1.0,False,
C_CARD516211,card,CARD516211,,,,1.0,False,
C_CARD516218,card,CARD516218,,,,1.0,False,
C_CARD516219,card,CARD516219,,,,1.0,False,
C_CARD516221,card,CARD516221,,,,1.0,False,
C_CARD516223,card,CARD516223,,,,1.0,False,
C_CARD516227,card,CARD516227,,,,1.0,False,
C_CARD516228,card,CARD516228,,,,1.0,False,
C_CARD516238,card,CARD516238,,,,1.0,False,
C_CARD516242,card,CARD516242,,,,1.0,False,
C_CARD516246,card,CARD516246,,,,1.0,False,
C_CARD516252,card,CARD516252,,,,1.0,False,
C_CARD516280,card,CARD516280,,,,1.0,False,
C_CARD516292,card,CARD516292,,,,1.0,False,
C_CARD516304,card,CARD516304,,,,1.0,False,
C_CARD516310,card,CARD516310,,,,1.0,False,
C_CARD516336,card,CARD516336,,,,1.0,False,
C_CARD516339,card,CARD516339,,,,1.0,False,
C_CARD516342,card,CARD516342,,,,1.0,False,
C_CARD516343,card,CARD516343,,,,1.0,False,
C_CARD516346,card,CARD516346,,,,1.0,False,
C_CARD516347,card,CARD516347,,,,1.0,False,
C_CARD516355,card,CARD516355,,,,1.0,False,
C_CARD516363,card,CARD516363,,,,1.0,False,
C_CARD516369,card,CARD516369,,,,1.0,False,
C_CARD516370,card,CARD516370,,,,1.0,False,
C_CARD516374,card,CARD516374,,,,1.0,False,
C_CARD516377,card,CARD516377,,,,1.0,False,
C_CARD516379,card,CARD516379,,,,1.0,False,
C_CARD516383,card,CARD516383,,,,1.0,False,
C_CARD516384,card,CARD516384,,,,1.0,False,
C_CARD516389,card,CARD516389,,,,1.0,False,
C_CARD516391,card,CARD516391,,,,1.0,False,
C_CARD516394,card,CARD516394,,,,1.0,False,
C_CARD516395,card,CARD516395,,,,1.0,False,
C_CARD516398,card,CARD516398,,,,1.0,False,
C_CARD516400,card,CARD516400,,,,1.0,False,
C_CARD516402,card,CARD516402,,,,1.0,False,
C_CARD516406,card,CARD516406,,,,1.0,False,
C_CARD516415,card,CARD516415,,,,1.0,False,
C_CARD516419,card,CARD516419,,,,1.0,False,
C_CARD516426,card,CARD516426,,,,1.0,False,
C_CARD516432,card,CARD516432,,,,1.0,False,
C_CARD516434,card,CARD516434,,,,1.0,False,
C_CARD516443,card,CARD516443,,,,1.0,False,
C_CARD516444,card,CARD516444,,,,1.0,False,
C_CARD516445,card,CARD516445,,,,1.0,False,
C_CARD516470,card,CARD516470,,,,1.0,False,
C_CARD516471,card,CARD516471,,,,1.0,False,
C_CARD516481,card,CARD516481,,,,1.0,False,
C_CARD516485,card,CARD516485,,,,1.0,False,
C_CARD516487,card,CARD516487,,,,1.0,False,
C_CARD516489,card,CARD516489,,,,1.0,False,
C_CARD516491,card,CARD516491,,,,1.0,False,
C_CARD516501,card,CARD516501,,,,1.0,False,
C_CARD516505,card,CARD516505,,,,1.0,False,
C_CARD516508,card,CARD516508,,,,1.0,False,
C_CARD516511,card,CARD516511,,,,1.0,False,
C_CARD516516,card,CARD516516,,,,1.0,False,
C_CARD516517,card,CARD516517,,,,1.0,False,
C_CARD516520,card,CARD516520,,,,1.0,False,
C_CARD516523,card,CARD516523,,,,1.0,False,
C_CARD516527,card,CARD516527,,,,1.0,False,
C_CARD516530,card,CARD516530,,,,1.0,False,
C_CARD516535,card,CARD516535,,,,1.0,False,
C_CARD516538,card,CARD516538,,,,1.0,False,
C_CARD516539,card,CARD516539,,,,1.0,False,
C_CARD516541,card,CARD516541,,,,1.0,False,
C_CARD516547,card,CARD516547,,,,1.0,False,
C_CARD516556,card,CARD516556,,,,1.0,False,
C_CARD516558,card,CARD516558,,,,1.0,False,
C_CARD516560,card,CARD516560,,,,1.0,False,
C_CARD516568,card,CARD516568,,,,1.0,False,
C_CARD516576,card,CARD516576,,,,1.0,False,
C_CARD516579,card,CARD516579,,,,1.0,False,
C_CARD516582,card,CARD516582,,,,1.0,False,
C_CARD516588,card,CARD516588,,,,1.0,False,
C_CARD516591,card,CARD516591,,,,1.0,False,
C_CARD516598,card,CARD516598,,,,1.0,False,
C_CARD516605,card,CARD516605,,,,1.0,False,
C_CARD516606,card,CARD516606,,,,1.0,False,
C_CARD516608,card,CARD516608,,,,1.0,False,
C_CARD516610,card,CARD516610,,,,1.0,False,
C_CARD516615,card,CARD516615,,,,1.0,False,
C_CARD516618,card,CARD516618,,,,1.0,False,
C_CARD516636,card,CARD516636,,,,1.0,False,
C_CARD516637,card,CARD516637,,,,1.0,False,
C_CARD516648,card,CARD516648,,,,1.0,False,
C_CARD516654,card,CARD516654,,,,1.0,False,
C_CARD516669,card,CARD516669,,,,1.0,False,
C_CARD516670,card,CARD516670,,,,1.0,False,
C_CARD516671,card,CARD516671,,,,1.0,False,
C_CARD516675,card,CARD516675,,,,1.0,False,
C_CARD516676,card,CARD516676,,,,1.0,False,
C_CARD516685,card,CARD516685,,,,1.0,False,
C_CARD516695,card,CARD516695,,,,1.0,False,
C_CARD516696,card,CARD516696,,,,1.0,False,
C_CARD516706,card,CARD516706,,,,1.0,False,
C_CARD516708,card,CARD516708,,,,1.0,False,
C_CARD516711,card,CARD516711,,,,1.0,False,
C_CARD516713,card,CARD516713,,,,1.0,False,
C_CARD516717,card,CARD516717,,,,1.0,False,
C_CARD516720,card,CARD516720,,,,1.0,False,
C_CARD516722,card,CARD516722,,,,1.0,False,
C_CARD516723,card,CARD516723,,,,1.0,False,
C_CARD516725,card,CARD516725,,,,1.0,False,
C_CARD516726,card,CARD516726,,,,1.0,False,
C_CARD516746,card,CARD516746,,,,1.0,False,
C_CARD516750,card,CARD516750,,,,1.0,False,
C_CARD516754,card,CARD516754,,,,1.0,False,
C_CARD516761,card,CARD516761,,,,1.0,False,
C_CARD516762,card,CARD516762,,,,1.0,False,
C_CARD516764,card,CARD516764,,,,1.0,False,
C_CARD516765,card,CARD516765,,,,1.0,False,
C_CARD516767,card,CARD516767,,,,1.0,False,
C_CARD516773,card,CARD516773,,,,1.0,False,
C_CARD516775,card,CARD516775,,,,1.0,False,
C_CARD516779,card,CARD516779,,,,1.0,False,
C_CARD516781,card,CARD516781,,,,1.0,False,
C_CARD516784,card,CARD516784,,,,1.0,False,
C_CARD516788,card,CARD516788,,,,1.0,False,
C_CARD516789,card,CARD516789,,,,1.0,False,
C_CARD516799,card,CARD516799,,,,1.0,False,
C_CARD516801,card,CARD516801,,,,1.0,False,
C_CARD516805,card,CARD516805,,,,1.0,False,
C_CARD516807,card,CARD516807,,,,1.0,False,
C_CARD516808,card,CARD516808,,,,1.0,False,
C_CARD516809,card,CARD516809,,,,1.0,False,
C_CARD516817,card,CARD516817,,,,1.0,False,
C_CARD516818,card,CARD516818,,,,1.0,False,
C_CARD516821,card,CARD516821,,,,1.0,False,
C_CARD516822,card,CARD516822,,,,1.0,False,
C_CARD516823,card,CARD516823,,,,1.0,False,
C_CARD516828,card,CARD516828,,,,1.0,False,
C_CARD516829,card,CARD516829,,,,1.0,False,
C_CARD516831,card,CARD516831,,,,1.0,False,
C_CARD516836,card,CARD516836,,,,1.0,False,
C_CARD516839,card,CARD516839,,,,1.0,False,
C_CARD516844,card,CARD516844,,,,1.0,False,
C_CARD516845,card,CARD516845,,,,1.0,False,
C_CARD516851,card,CARD516851,,,,1.0,False,
C_CARD516852,card,CARD516852,,,,1.0,False,
C_CARD516855,card,CARD516855,,,,1.0,False,
C_CARD516856,card,CARD516856,,,,1.0,False,
C_CARD516858,card,CARD516858,,,,1.0,False,
C_CARD516859,card,CARD516859,,,,1.0,False,
C_CARD516860,card,CARD516860,,,,1.0,False,
C_CARD516863,card,CARD516863,,,,1.0,False,
C_CARD516881,card,CARD516881,,,,1.0,False,
C_CARD516884,card,CARD516884,,,,1.0,False,
C_CARD516887,card,CARD516887,,,,1.0,False,
C_CARD516892,card,CARD516892,,,,1.0,False,
C_CARD516895,card,CARD516895,,,,1.0,False,
C_CARD516905,card,CARD516905,,,,1.0,False,
C_CARD516910,card,CARD516910,,,,1.0,False,
C_CARD516912,card,CARD516912,,,,1.0,False,
C_CARD516916,card,CARD516916,,,,1.0,False,
C_CARD516918,card,CARD516918,,,,1.0,False,
C_CARD516923,card,CARD516923,,,,1.0,False,
C_CARD516927,card,CARD516927,,,,1.0,False,
C_CARD516932,card,CARD516932,,,,1.0,False,
C_CARD516933,card,CARD516933,,,,1.0,False,
C_CARD516939,card,CARD516939,,,,1.0,False,
C_CARD516940,card,CARD516940,,,,1.0,False,
C_CARD516944,card,CARD516944,,,,1.0,False,
C_CARD516945,card,CARD516945,,,,1.0,False,
C_CARD516950,card,CARD516950,,,,1.0,False,
C_CARD516954,card,CARD516954,,,,1.0,False,
C_CARD516958,card,CARD516958,,,,1.0,False,
C_CARD516959,card,CARD516959,,,,1.0,False,
C_CARD516961,card,CARD516961,,,,1.0,False,
C_CARD516975,card,CARD516975,,,,1.0,False,
C_CARD516976,card,CARD516976,,,,1.0,False,
C_CARD516977,card,CARD516977,,,,1.0,False,
C_CARD516978,card,CARD516978,,,,1.0,False,
C_CARD516985,card,CARD516985,,,,1.0,False,
C_CARD516988,card,CARD516988,,,,1.0,False,
C_CARD516995,card,CARD516995,,,,1.0,False,
C_CARD516996,card,CARD516996,,,,1.0,False,
C_CARD516997,card,CARD516997,,,,1.0,False,
C_CARD516998,card,CARD516998,,,,1.0,False,
C_CARD517007,card,CARD517007,,,,1.0,False,
C_CARD517010,card,CARD517010,,,,1.0,False,
C_CARD517013,card,CARD517013,,,,1.0,False,
C_CARD517015,card,CARD517015,,,,1.0,False,
C_CARD517021,card,CARD517021,,,,1.0,False,
C_CARD517023,card,CARD517023,,,,1.0,False,
C_CARD517024,card,CARD517024,,,,1.0,False,
C_CARD517030,card,CARD517030,,,,1.0,False,
C_CARD517031,card,CARD517031,,,,1.0,False,
C_CARD517038,card,CARD517038,,,,1.0,False,
C_CARD517039,card,CARD517039,,,,1.0,False,
C_CARD517040,card,CARD517040,,,,1.0,False,
C_CARD517044,card,CARD517044,,,,1.0,False,
C_CARD517046,card,CARD517046,,,,1.0,False,
C_CARD517047,card,CARD517047,,,,1.0,False,
C_CARD517049,card,CARD517049,,,,1.0,False,
C_CARD517054,card,CARD517054,,,,1.0,False,
C_CARD517060,card,CARD517060,,,,1.0,False,
C_CARD517063,card,CARD517063,,,,1.0,False,
C_CARD517064,card,CARD517064,,,,1.0,False,
C_CARD517065,card,CARD517065,,,,1.0,False,
C_CARD517081,card,CARD517081,,,,1.0,False,
C_CARD517082,card,CARD517082,,,,1.0,False,
C_CARD517084,card,CARD517084,,,,1.0,False,
C_CARD517085,card,CARD517085,,,,1.0,False,
C_CARD517092,card,CARD517092,,,,1.0,False,
C_CARD517101,card,CARD517101,,,,1.0,False,
C_CARD517102,card,CARD517102,,,,1.0,False,
C_CARD517109,card,CARD517109,,,,1.0,False,
C_CARD517110,card,CARD517110,,,,1.0,False,
C_CARD517119,card,CARD517119,,,,1.0,False,
C_CARD517123,card,CARD517123,,,,1.0,False,
C_CARD517130,card,CARD517130,,,,1.0,False,
C_CARD517137,card,CARD517137,,,,1.0,False,
C_CARD517141,card,CARD517141,,,,1.0,False,
C_CARD517142,card,CARD517142,,,,1.0,False,
C_CARD517146,card,CARD517146,,,,1.0,False,
C_CARD517161,card,CARD517161,,,,1.0,False,
C_CARD517162,card,CARD517162,,,,1.0,False,
C_CARD517163,card,CARD517163,,,,1.0,False,
C_CARD517174,card,CARD517174,,,,1.0,False,
C_CARD517176,card,CARD517176,,,,1.0,False,
C_CARD517177,card,CARD517177,,,,1.0,False,
C_CARD517178,card,CARD517178,,,,1.0,False,
C_CARD517182,card,CARD517182,,,,1.0,False,
C_CARD517183,card,CARD517183,,,,1.0,False,
C_CARD517184,card,CARD517184,,,,1.0,False,
C_CARD517186,card,CARD517186,,,,1.0,False,
C_CARD517188,card,CARD517188,,,,1.0,False,
C_CARD517189,card,CARD517189,,,,1.0,False,
C_CARD517192,card,CARD517192,,,,1.0,False,
C_CARD517198,card,CARD517198,,,,1.0,False,
C_CARD517199,card,CARD517199,,,,1.0,False,
C_CARD517200,card,CARD517200,,,,1.0,False,
C_CARD517202,card,CARD517202,,,,1.0,False,
C_CARD517210,card,CARD517210,,,,1.0,False,
C_CARD517211,card,CARD517211,,,,1.0,False,
C_CARD517216,card,CARD517216,,,,1.0,False,
C_CARD517220,card,CARD517220,,,,1.0,False,
C_CARD517222,card,CARD517222,,,,1.0,False,
C_CARD517225,card,CARD517225,,,,1.0,False,
C_CARD517228,card,CARD517228,,,,1.0,False,
C_CARD517231,card,CARD517231,,,,1.0,False,
C_CARD517232,card,CARD517232,,,,1.0,False,
C_CARD517244,card,CARD517244,,,,1.0,False,
C_CARD517247,card,CARD517247,,,,1.0,False,
C_CARD517250,card,CARD517250,,,,1.0,False,
C_CARD517254,card,CARD517254,,,,1.0,False,
C_CARD517256,card,CARD517256,,,,1.0,False,
C_CARD517257,card,CARD517257,,,,1.0,False,
C_CARD517259,card,CARD517259,,,,1.0,False,
C_CARD517260,card,CARD517260,,,,1.0,False,
C_CARD517264,card,CARD517264,,,,1.0,False,
C_CARD517265,card,CARD517265,,,,1.0,False,
C_CARD517266,card,CARD517266,,,,1.0,False,
C_CARD517273,card,CARD517273,,,,1.0,False,
C_CARD517282,card,CARD517282,,,,1.0,False,
C_CARD517283,card,CARD517283,,,,1.0,False,
C_CARD517285,card,CARD517285,,,,1.0,False,
C_CARD517290,card,CARD517290,,,,1.0,False,
C_CARD517294,card,CARD517294,,,,1.0,False,
C_CARD517299,card,CARD517299,,,,1.0,False,
C_CARD517302,card,CARD517302,,,,1.0,False,
C_CARD517310,card,CARD517310,,,,1.0,False,
C_CARD517311,card,CARD517311,,,,1.0,False,
C_CARD517312,card,CARD517312,,,,1.0,False,
C_CARD517314,card,CARD517314,,,,1.0,False,
C_CARD517315,card,CARD517315,,,,1.0,False,
C_CARD517324,card,CARD517324,,,,1.0,False,
C_CARD517327,card,CARD517327,,,,1.0,False,
C_CARD517334,card,CARD517334,,,,1.0,False,
C_CARD517335,card,CARD517335,,,,1.0,False,
C_CARD517336,card,CARD517336,,,,1.0,False,
C_CARD517337,card,CARD517337,,,,1.0,False,
C_CARD517339,card,CARD517339,,,,1.0,False,
C_CARD517340,card,CARD517340,,,,1.0,False,
C_CARD517341,card,CARD517341,,,,1.0,False,
C_CARD517350,card,CARD517350,,,,1.0,False,
C_CARD517351,card,CARD517351,,,,1.0,False,
C_CARD517357,card,CARD517357,,,,1.0,False,
C_CARD517365,card,CARD517365,,,,1.0,False,
C_CARD517366,card,CARD517366,,,,1.0,False,
C_CARD517373,card,CARD517373,,,,1.0,False,
C_CARD517378,card,CARD517378,,,,1.0,False,
C_CARD517381,card,CARD517381,,,,1.0,False,
C_CARD517384,card,CARD517384,,,,1.0,False,
C_CARD517385,card,CARD517385,,,,1.0,False,
C_CARD517389,card,CARD517389,,,,1.0,False,
C_CARD517394,card,CARD517394,,,,1.0,False,
C_CARD517396,card,CARD517396,,,,1.0,False,
C_CARD517400,card,CARD517400,,,,1.0,False,
C_CARD517408,card,CARD517408,,,,1.0,False,
C_CARD517414,card,CARD517414,,,,1.0,False,
C_CARD517419,card,CARD517419,,,,1.0,False,
C_CARD517423,card,CARD517423,,,,1.0,False,
C_CARD517424,card,CARD517424,,,,1.0,False,
C_CARD517432,card,CARD517432,,,,1.0,False,
C_CARD517433,card,CARD517433,,,,1.0,False,
C_CARD517435,card,CARD517435,,,,1.0,False,
C_CARD517442,card,CARD517442,,,,1.0,False,
C_CARD517448,card,CARD517448,,,,1.0,False,
C_CARD517456,card,CARD517456,,,,1.0,False,
C_CARD517464,card,CARD517464,,,,1.0,False,
C_CARD517468,card,CARD517468,,,,1.0,False,
C_CARD517470,card,CARD517470,,,,1.0,False,
C_CARD517474,card,CARD517474,,,,1.0,False,
C_CARD517484,card,CARD517484,,,,1.0,False,
C_CARD517488,card,CARD517488,,,,1.0,False,
C_CARD517489,card,CARD517489,,,,1.0,False,
C_CARD517490,card,CARD517490,,,,1.0,False,
C_CARD517491,card,CARD517491,,,,1.0,False,
C_CARD517493,card,CARD517493,,,,1.0,False,
C_CARD517494,card,CARD517494,,,,1.0,False,
C_CARD517506,card,CARD517506,,,,1.0,False,
C_CARD517521,card,CARD517521,,,,1.0,False,
C_CARD517531,card,CARD517531,,,,1.0,False,
C_CARD517539,card,CARD517539,,,,1.0,False,
C_CARD517540,card,CARD517540,,,,1.0,False,
C_CARD517546,card,CARD517546,,,,1.0,False,
C_CARD517547,card,CARD517547,,,,1.0,False,
C_CARD517548,card,CARD517548,,,,1.0,False,
C_CARD517558,card,CARD517558,,,,1.0,False,
C_CARD517560,card,CARD517560,,,,1.0,False,
C_CARD517564,card,CARD517564,,,,1.0,False,
C_CARD517565,card,CARD517565,,,,1.0,False,
C_CARD517569,card,CARD517569,,,,1.0,False,
C_CARD517571,card,CARD517571,,,,1.0,False,
C_CARD517572,card,CARD517572,,,,1.0,False,
C_CARD517580,card,CARD517580,,,,1.0,False,
C_CARD517588,card,CARD517588,,,,1.0,False,
C_CARD517594,card,CARD517594,,,,1.0,False,
C_CARD517604,card,CARD517604,,,,1.0,False,
C_CARD517606,card,CARD517606,,,,1.0,False,
C_CARD517615,card,CARD517615,,,,1.0,False,
C_CARD517616,card,CARD517616,,,,1.0,False,
C_CARD517617,card,CARD517617,,,,1.0,False,
C_CARD517619,card,CARD517619,,,,1.0,False,
C_CARD517620,card,CARD517620,,,,1.0,False,
C_CARD517621,card,CARD517621,,,,1.0,False,
C_CARD517623,card,CARD517623,,,,1.0,False,
C_CARD517626,card,CARD517626,,,,1.0,False,
C_CARD517627,card,CARD517627,,,,1.0,False,
C_CARD517629,card,CARD517629,,,,1.0,False,
C_CARD517641,card,CARD517641,,,,1.0,False,
C_CARD517650,card,CARD517650,,,,1.0,False,
C_CARD517657,card,CARD517657,,,,1.0,False,
C_CARD517658,card,CARD517658,,,,1.0,False,
C_CARD517663,card,CARD517663,,,,1.0,False,
C_CARD517668,card,CARD517668,,,,1.0,False,
C_CARD517670,card,CARD517670,,,,1.0,False,
C_CARD517671,card,CARD517671,,,,1.0,False,
C_CARD517677,card,CARD517677,,,,1.0,False,
C_CARD517685,card,CARD517685,,,,1.0,False,
C_CARD517686,card,CARD517686,,,,1.0,False,
C_CARD517692,card,CARD517692,,,,1.0,False,
C_CARD517697,card,CARD517697,,,,1.0,False,
C_CARD517700,card,CARD517700,,,,1.0,False,
C_CARD517706,card,CARD517706,,,,1.0,False,
C_CARD517710,card,CARD517710,,,,1.0,False,
C_CARD517712,card,CARD517712,,,,1.0,False,
C_CARD517717,card,CARD517717,,,,1.0,False,
C_CARD517719,card,CARD517719,,,,1.0,False,
C_CARD517721,card,CARD517721,,,,1.0,False,
C_CARD517724,card,CARD517724,,,,1.0,False,
C_CARD517725,card,CARD517725,,,,1.0,False,
C_CARD517729,card,CARD517729,,,,1.0,False,
C_CARD517731,card,CARD517731,,,,1.0,False,
C_CARD517732,card,CARD517732,,,,1.0,False,
C_CARD517737,card,CARD517737,,,,1.0,False,
C_CARD517741,card,CARD517741,,,,1.0,False,
C_CARD517746,card,CARD517746,,,,1.0,False,
C_CARD517754,card,CARD517754,,,,1.0,False,
C_CARD517762,card,CARD517762,,,,1.0,False,
C_CARD517765,card,CARD517765,,,,1.0,False,
C_CARD517766,card,CARD517766,,,,1.0,False,
C_CARD517772,card,CARD517772,,,,1.0,False,
C_CARD517773,card,CARD517773,,,,1.0,False,
C_CARD517776,card,CARD517776,,,,1.0,False,
C_CARD517783,card,CARD517783,,,,1.0,False,
C_CARD517784,card,CARD517784,,,,1.0,False,
C_CARD517791,card,CARD517791,,,,1.0,False,
C_CARD517796,card,CARD517796,,,,1.0,False,
C_CARD517808,card,CARD517808,,,,1.0,False,
C_CARD517809,card,CARD517809,,,,1.0,False,
C_CARD517812,card,CARD517812,,,,1.0,False,
C_CARD517817,card,CARD517817,,,,1.0,False,
C_CARD517819,card,CARD517819,,,,1.0,False,
C_CARD517822,card,CARD517822,,,,1.0,False,
C_CARD517823,card,CARD517823,,,,1.0,False,
C_CARD517824,card,CARD517824,,,,1.0,False,
C_CARD517829,card,CARD517829,,,,1.0,False,
C_CARD517830,card,CARD517830,,,,1.0,False,
C_CARD517834,card,CARD517834,,,,1.0,False,
C_CARD517843,card,CARD517843,,,,1.0,False,
C_CARD517850,card,CARD517850,,,,1.0,False,
C_CARD517868,card,CARD517868,,,,1.0,False,
C_CARD517872,card,CARD517872,,,,1.0,False,
C_CARD517873,card,CARD517873,,,,1.0,False,
C_CARD517890,card,CARD517890,,,,1.0,False,
C_CARD517895,card,CARD517895,,,,1.0,False,
C_CARD517896,card,CARD517896,,,,1.0,False,
C_CARD517900,card,CARD517900,,,,1.0,False,
C_CARD517907,card,CARD517907,,,,1.0,False,
C_CARD517911,card,CARD517911,,,,1.0,False,
C_CARD517913,card,CARD517913,,,,1.0,False,
C_CARD517919,card,CARD517919,,,,1.0,False,
C_CARD517920,card,CARD517920,,,,1.0,False,
C_CARD517921,card,CARD517921,,,,1.0,False,
C_CARD517931,card,CARD517931,,,,1.0,False,
C_CARD517933,card,CARD517933,,,,1.0,False,
C_CARD517936,card,CARD517936,,,,1.0,False,
C_CARD517937,card,CARD517937,,,,1.0,False,
C_CARD517948,card,CARD517948,,,,1.0,False,
C_CARD517951,card,CARD517951,,,,1.0,False,
C_CARD517958,card,CARD517958,,,,1.0,False,
C_CARD517960,card,CARD517960,,,,1.0,False,
C_CARD517961,card,CARD517961,,,,1.0,False,
C_CARD517966,card,CARD517966,,,,1.0,False,
C_CARD517970,card,CARD517970,,,,1.0,False,
C_CARD517976,card,CARD517976,,,,1.0,False,
C_CARD517978,card,CARD517978,,,,1.0,False,
C_CARD517981,card,CARD517981,,,,1.0,False,
C_CARD517984,card,CARD517984,,,,1.0,False,
C_CARD517985,card,CARD517985,,,,1.0,False,
C_CARD517990,card,CARD517990,,,,1.0,False,
C_CARD517992,card,CARD517992,,,,1.0,False,
C_CARD517993,card,CARD517993,,,,1.0,False,
C_CARD517996,card,CARD517996,,,,1.0,False,
C_CARD517997,card,CARD517997,,,,1.0,False,
C_CARD518006,card,CARD518006,,,,1.0,False,
C_CARD518019,card,CARD518019,,,,1.0,False,
C_CARD518030,card,CARD518030,,,,1.0,False,
C_CARD518037,card,CARD518037,,,,1.0,False,
C_CARD518045,card,CARD518045,,,,1.0,False,
C_CARD518046,card,CARD518046,,,,1.0,False,
C_CARD518052,card,CARD518052,,,,1.0,False,
C_CARD518054,card,CARD518054,,,,1.0,False,
C_CARD518056,card,CARD518056,,,,1.0,False,
C_CARD518057,card,CARD518057,,,,1.0,False,
C_CARD518060,card,CARD518060,,,,1.0,False,
C_CARD518065,card,CARD518065,,,,1.0,False,
C_CARD518068,card,CARD518068,,,,1.0,False,
C_CARD518072,card,CARD518072,,,,1.0,False,
C_CARD518078,card,CARD518078,,,,1.0,False,
C_CARD518081,card,CARD518081,,,,1.0,False,
C_CARD518083,card,CARD518083,,,,1.0,False,
C_CARD518085,card,CARD518085,,,,1.0,False,
C_CARD518087,card,CARD518087,,,,1.0,False,
C_CARD518088,card,CARD518088,,,,1.0,False,
C_CARD518091,card,CARD518091,,,,1.0,False,
C_CARD518093,card,CARD518093,,,,1.0,False,
C_CARD518101,card,CARD518101,,,,1.0,False,
C_CARD518103,card,CARD518103,,,,1.0,False,
C_CARD518104,card,CARD518104,,,,1.0,False,
C_CARD518106,card,CARD518106,,,,1.0,False,
C_CARD518107,card,CARD518107,,,,1.0,False,
C_CARD518109,card,CARD518109,,,,1.0,False,
C_CARD518113,card,CARD518113,,,,1.0,False,
C_CARD518116,card,CARD518116,,,,1.0,False,
C_CARD518124,card,CARD518124,,,,1.0,False,
C_CARD518125,card,CARD518125,,,,1.0,False,
C_CARD518130,card,CARD518130,,,,1.0,False,
C_CARD518131,card,CARD518131,,,,1.0,False,
C_CARD518149,card,CARD518149,,,,1.0,False,
C_CARD518151,card,CARD518151,,,,1.0,False,
C_CARD518152,card,CARD518152,,,,1.0,False,
C_CARD518160,card,CARD518160,,,,1.0,False,
C_CARD518162,card,CARD518162,,,,1.0,False,
C_CARD518163,card,CARD518163,,,,1.0,False,
C_CARD518166,card,CARD518166,,,,1.0,False,
C_CARD518168,card,CARD518168,,,,1.0,False,
C_CARD518169,card,CARD518169,,,,1.0,False,
C_CARD518170,card,CARD518170,,,,1.0,False,
C_CARD518171,card,CARD518171,,,,1.0,False,
C_CARD518183,card,CARD518183,,,,1.0,False,
C_CARD518184,card,CARD518184,,,,1.0,False,
C_CARD518185,card,CARD518185,,,,1.0,False,
C_CARD518188,card,CARD518188,,,,1.0,False,
C_CARD518200,card,CARD518200,,,,1.0,False,
C_CARD518201,card,CARD518201,,,,1.0,False,
C_CARD518203,card,CARD518203,,,,1.0,False,
C_CARD518214,card,CARD518214,,,,1.0,False,
C_CARD518230,card,CARD518230,,,,1.0,False,
C_CARD518238,card,CARD518238,,,,1.0,False,
C_CARD518239,card,CARD518239,,,,1.0,False,
C_CARD518240,card,CARD518240,,,,1.0,False,
C_CARD518241,card,CARD518241,,,,1.0,False,
C_CARD518246,card,CARD518246,,,,1.0,False,
C_CARD518249,card,CARD518249,,,,1.0,False,
C_CARD518251,card,CARD518251,,,,1.0,False,
C_CARD518252,card,CARD518252,,,,1.0,False,
C_CARD518258,card,CARD518258,,,,1.0,False,
C_CARD518259,card,CARD518259,,,,1.0,False,
C_CARD518261,card,CARD518261,,,,1.0,False,
C_CARD518266,card,CARD518266,,,,1.0,False,
C_CARD518268,card,CARD518268,,,,1.0,False,
C_CARD518272,card,CARD518272,,,,1.0,False,
C_CARD518284,card,CARD518284,,,,1.0,False,
C_CARD518288,card,CARD518288,,,,1.0,False,
C_CARD518290,card,CARD518290,,,,1.0,False,
C_CARD518297,card,CARD518297,,,,1.0,False,
C_CARD518298,card,CARD518298,,,,1.0,False,
C_CARD518299,card,CARD518299,,,,1.0,False,
C_CARD518300,card,CARD518300,,,,1.0,False,
C_CARD518305,card,CARD518305,,,,1.0,False,
C_CARD518308,card,CARD518308,,,,1.0,False,
C_CARD518322,card,CARD518322,,,,1.0,False,
C_CARD518326,card,CARD518326,,,,1.0,False,
C_CARD518328,card,CARD518328,,,,1.0,False,
C_CARD518330,card,CARD518330,,,,1.0,False,
C_CARD518333,card,CARD518333,,,,1.0,False,
C_CARD518334,card,CARD518334,,,,1.0,False,
C_CARD518342,card,CARD518342,,,,1.0,False,
C_CARD518345,card,CARD518345,,,,1.0,False,
C_CARD518346,card,CARD518346,,,,1.0,False,
C_CARD518352,card,CARD518352,,,,1.0,False,
C_CARD518353,card,CARD518353,,,,1.0,False,
C_CARD518359,card,CARD518359,,,,1.0,False,
C_CARD518360,card,CARD518360,,,,1.0,False,
C_CARD518362,card,CARD518362,,,,1.0,False,
C_CARD518363,card,CARD518363,,,,1.0,False,
C_CARD518367,card,CARD518367,,,,1.0,False,
C_CARD518368,card,CARD518368,,,,1.0,False,
C_CARD518379,card,CARD518379,,,,1.0,False,
C_CARD518380,card,CARD518380,,,,1.0,False,
C_CARD518381,card,CARD518381,,,,1.0,False,
C_CARD518386,card,CARD518386,,,,1.0,False,
C_CARD518389,card,CARD518389,,,,1.0,False,
C_CARD518394,card,CARD518394,,,,1.0,False,
C_CARD518408,card,CARD518408,,,,1.0,False,
C_CARD518410,card,CARD518410,,,,1.0,False,
C_CARD518416,card,CARD518416,,,,1.0,False,
C_CARD518423,card,CARD518423,,,,1.0,False,
C_CARD518426,card,CARD518426,,,,1.0,False,
C_CARD518431,card,CARD518431,,,,1.0,False,
C_CARD518434,card,CARD518434,,,,1.0,False,
C_CARD518435,card,CARD518435,,,,1.0,False,
C_CARD518438,card,CARD518438,,,,1.0,False,
C_CARD518440,card,CARD518440,,,,1.0,False,
C_CARD518445,card,CARD518445,,,,1.0,False,
C_CARD518448,card,CARD518448,,,,1.0,False,
C_CARD518449,card,CARD518449,,,,1.0,False,
C_CARD518450,card,CARD518450,,,,1.0,False,
C_CARD518455,card,CARD518455,,,,1.0,False,
C_CARD518459,card,CARD518459,,,,1.0,False,
C_CARD518460,card,CARD518460,,,,1.0,False,
C_CARD518461,card,CARD518461,,,,1.0,False,
C_CARD518462,card,CARD518462,,,,1.0,False,
C_CARD518469,card,CARD518469,,,,1.0,False,
C_CARD518479,card,CARD518479,,,,1.0,False,
C_CARD518484,card,CARD518484,,,,1.0,False,
C_CARD518485,card,CARD518485,,,,1.0,False,
C_CARD518489,card,CARD518489,,,,1.0,False,
C_CARD518490,card,CARD518490,,,,1.0,False,
C_CARD518491,card,CARD518491,,,,1.0,False,
C_CARD518504,card,CARD518504,,,,1.0,False,
C_CARD518505,card,CARD518505,,,,1.0,False,
C_CARD518506,card,CARD518506,,,,1.0,False,
C_CARD518509,card,CARD518509,,,,1.0,False,
C_CARD518510,card,CARD518510,,,,1.0,False,
C_CARD518512,card,CARD518512,,,,1.0,False,
C_CARD518513,card,CARD518513,,,,1.0,False,
C_CARD518518,card,CARD518518,,,,1.0,False,
C_CARD518519,card,CARD518519,,,,1.0,False,
C_CARD518520,card,CARD518520,,,,1.0,False,
C_CARD518523,card,CARD518523,,,,1.0,False,
C_CARD518525,card,CARD518525,,,,1.0,False,
C_CARD518531,card,CARD518531,,,,1.0,False,
C_CARD518538,card,CARD518538,,,,1.0,False,
C_CARD518547,card,CARD518547,,,,1.0,False,
C_CARD518549,card,CARD518549,,,,1.0,False,
C_CARD518551,card,CARD518551,,,,1.0,False,
C_CARD518556,card,CARD518556,,,,1.0,False,
C_CARD518558,card,CARD518558,,,,1.0,False,
C_CARD518560,card,CARD518560,,,,1.0,False,
C_CARD518562,card,CARD518562,,,,1.0,False,
C_CARD518563,card,CARD518563,,,,1.0,False,
C_CARD518566,card,CARD518566,,,,1.0,False,
C_CARD518568,card,CARD518568,,,,1.0,False,
C_CARD518569,card,CARD518569,,,,1.0,False,
C_CARD518570,card,CARD518570,,,,1.0,False,
C_CARD518572,card,CARD518572,,,,1.0,False,
C_CARD518581,card,CARD518581,,,,1.0,False,
C_CARD518582,card,CARD518582,,,,1.0,False,
C_CARD518584,card,CARD518584,,,,1.0,False,
C_CARD518586,card,CARD518586,,,,1.0,False,
C_CARD518589,card,CARD518589,,,,1.0,False,
C_CARD518590,card,CARD518590,,,,1.0,False,
C_CARD518593,card,CARD518593,,,,1.0,False,
C_CARD518596,card,CARD518596,,,,1.0,False,
C_CARD518598,card,CARD518598,,,,1.0,False,
C_CARD518600,card,CARD518600,,,,1.0,False,
C_CARD518601,card,CARD518601,,,,1.0,False,
C_CARD518606,card,CARD518606,,,,1.0,False,
C_CARD518613,card,CARD518613,,,,1.0,False,
C_CARD518620,card,CARD518620,,,,1.0,False,
C_CARD518624,card,CARD518624,,,,1.0,False,
C_CARD518633,card,CARD518633,,,,1.0,False,
C_CARD518636,card,CARD518636,,,,1.0,False,
C_CARD518637,card,CARD518637,,,,1.0,False,
C_CARD518645,card,CARD518645,,,,1.0,False,
C_CARD518649,card,CARD518649,,,,1.0,False,
C_CARD518652,card,CARD518652,,,,1.0,False,
C_CARD518655,card,CARD518655,,,,1.0,False,
C_CARD518658,card,CARD518658,,,,1.0,False,
C_CARD518661,card,CARD518661,,,,1.0,False,
C_CARD518670,card,CARD518670,,,,1.0,False,
C_CARD518671,card,CARD518671,,,,1.0,False,
C_CARD518672,card,CARD518672,,,,1.0,False,
C_CARD518675,card,CARD518675,,,,1.0,False,
C_CARD518676,card,CARD518676,,,,1.0,False,
C_CARD518679,card,CARD518679,,,,1.0,False,
C_CARD518680,card,CARD518680,,,,1.0,False,
C_CARD518681,card,CARD518681,,,,1.0,False,
C_CARD518685,card,CARD518685,,,,1.0,False,
C_CARD518687,card,CARD518687,,,,1.0,False,
C_CARD518694,card,CARD518694,,,,1.0,False,
C_CARD518697,card,CARD518697,,,,1.0,False,
C_CARD518702,card,CARD518702,,,,1.0,False,
C_CARD518703,card,CARD518703,,,,1.0,False,
C_CARD518706,card,CARD518706,,,,1.0,False,
C_CARD518717,card,CARD518717,,,,1.0,False,
C_CARD518720,card,CARD518720,,,,1.0,False,
C_CARD518730,card,CARD518730,,,,1.0,False,
C_CARD518735,card,CARD518735,,,,1.0,False,
C_CARD518745,card,CARD518745,,,,1.0,False,
C_CARD518747,card,CARD518747,,,,1.0,False,
C_CARD518752,card,CARD518752,,,,1.0,False,
C_CARD518764,card,CARD518764,,,,1.0,False,
C_CARD518775,card,CARD518775,,,,1.0,False,
C_CARD518779,card,CARD518779,,,,1.0,False,
C_CARD518785,card,CARD518785,,,,1.0,False,
C_CARD518788,card,CARD518788,,,,1.0,False,
C_CARD518789,card,CARD518789,,,,1.0,False,
C_CARD518791,card,CARD518791,,,,1.0,False,
C_CARD518795,card,CARD518795,,,,1.0,False,
C_CARD518796,card,CARD518796,,,,1.0,False,
C_CARD518802,card,CARD518802,,,,1.0,False,
C_CARD518814,card,CARD518814,,,,1.0,False,
C_CARD518818,card,CARD518818,,,,1.0,False,
C_CARD518826,card,CARD518826,,,,1.0,False,
C_CARD518828,card,CARD518828,,,,1.0,False,
C_CARD518830,card,CARD518830,,,,1.0,False,
C_CARD518834,card,CARD518834,,,,1.0,False,
C_CARD518841,card,CARD518841,,,,1.0,False,
C_CARD518850,card,CARD518850,,,,1.0,False,
C_CARD518857,card,CARD518857,,,,1.0,False,
C_CARD518863,card,CARD518863,,,,1.0,False,
C_CARD518865,card,CARD518865,,,,1.0,False,
C_CARD518866,card,CARD518866,,,,1.0,False,
C_CARD518876,card,CARD518876,,,,1.0,False,
C_CARD518877,card,CARD518877,,,,1.0,False,
C_CARD518879,card,CARD518879,,,,1.0,False,
C_CARD518886,card,CARD518886,,,,1.0,False,
C_CARD518891,card,CARD518891,,,,1.0,False,
C_CARD518892,card,CARD518892,,,,1.0,False,
C_CARD518894,card,CARD518894,,,,1.0,False,
C_CARD518899,card,CARD518899,,,,1.0,False,
C_CARD518904,card,CARD518904,,,,1.0,False,
C_CARD518913,card,CARD518913,,,,1.0,False,
C_CARD518914,card,CARD518914,,,,1.0,False,
C_CARD518920,card,CARD518920,,,,1.0,False,
C_CARD518923,card,CARD518923,,,,1.0,False,
C_CARD518925,card,CARD518925,,,,1.0,False,
C_CARD518926,card,CARD518926,,,,1.0,False,
C_CARD518935,card,CARD518935,,,,1.0,False,
C_CARD518936,card,CARD518936,,,,1.0,False,
C_CARD518939,card,CARD518939,,,,1.0,False,
C_CARD518943,card,CARD518943,,,,1.0,False,
C_CARD518944,card,CARD518944,,,,1.0,False,
C_CARD518947,card,CARD518947,,,,1.0,False,
C_CARD518956,card,CARD518956,,,,1.0,False,
C_CARD518957,card,CARD518957,,,,1.0,False,
C_CARD518961,card,CARD518961,,,,1.0,False,
C_CARD518964,card,CARD518964,,,,1.0,False,
C_CARD518969,card,CARD518969,,,,1.0,False,
C_CARD518972,card,CARD518972,,,,1.0,False,
C_CARD518974,card,CARD518974,,,,1.0,False,
C_CARD518981,card,CARD518981,,,,1.0,False,
C_CARD518996,card,CARD518996,,,,1.0,False,
C_CARD518998,card,CARD518998,,,,1.0,False,
C_CARD518999,card,CARD518999,,,,1.0,False,
C_CARD519002,card,CARD519002,,,,1.0,False,
C_CARD519012,card,CARD519012,,,,1.0,False,
C_CARD519016,card,CARD519016,,,,1.0,False,
C_CARD519023,card,CARD519023,,,,1.0,False,
C_CARD519026,card,CARD519026,,,,1.0,False,
C_CARD519031,card,CARD519031,,,,1.0,False,
C_CARD519032,card,CARD519032,,,,1.0,False,
C_CARD519036,card,CARD519036,,,,1.0,False,
C_CARD519044,card,CARD519044,,,,1.0,False,
C_CARD519049,card,CARD519049,,,,1.0,False,
C_CARD519052,card,CARD519052,,,,1.0,False,
C_CARD519054,card,CARD519054,,,,1.0,False,
C_CARD519058,card,CARD519058,,,,1.0,False,
C_CARD519060,card,CARD519060,,,,1.0,False,
C_CARD519061,card,CARD519061,,,,1.0,False,
C_CARD519077,card,CARD519077,,,,1.0,False,
C_CARD519079,card,CARD519079,,,,1.0,False,
C_CARD519082,card,CARD519082,,,,1.0,False,
C_CARD519084,card,CARD519084,,,,1.0,False,
C_CARD519091,card,CARD519091,,,,1.0,False,
C_CARD519099,card,CARD519099,,,,1.0,False,
C_CARD519101,card,CARD519101,,,,1.0,False,
C_CARD519102,card,CARD519102,,,,1.0,False,
C_CARD519103,card,CARD519103,,,,1.0,False,
C_CARD519109,card,CARD519109,,,,1.0,False,
C_CARD519111,card,CARD519111,,,,1.0,False,
C_CARD519117,card,CARD519117,,,,1.0,False,
C_CARD519123,card,CARD519123,,,,1.0,False,
C_CARD519130,card,CARD519130,,,,1.0,False,
C_CARD519131,card,CARD519131,,,,1.0,False,
C_CARD519132,card,CARD519132,,,,1.0,False,
C_CARD519140,card,CARD519140,,,,1.0,False,
C_CARD519145,card,CARD519145,,,,1.0,False,
C_CARD519147,card,CARD519147,,,,1.0,False,
C_CARD519150,card,CARD519150,,,,1.0,False,
C_CARD519154,card,CARD519154,,,,1.0,False,
C_CARD519155,card,CARD519155,,,,1.0,False,
C_CARD519160,card,CARD519160,,,,1.0,False,
C_CARD519162,card,CARD519162,,,,1.0,False,
C_CARD519170,card,CARD519170,,,,1.0,False,
C_CARD519179,card,CARD519179,,,,1.0,False,
C_CARD519180,card,CARD519180,,,,1.0,False,
C_CARD519189,card,CARD519189,,,,1.0,False,
C_CARD519195,card,CARD519195,,,,1.0,False,
C_CARD519199,card,CARD519199,,,,1.0,False,
C_CARD519202,card,CARD519202,,,,1.0,False,
C_CARD519204,card,CARD519204,,,,1.0,False,
C_CARD519209,card,CARD519209,,,,1.0,False,
C_CARD519212,card,CARD519212,,,,1.0,False,
C_CARD519217,card,CARD519217,,,,1.0,False,
C_CARD519229,card,CARD519229,,,,1.0,False,
C_CARD519230,card,CARD519230,,,,1.0,False,
C_CARD519234,card,CARD519234,,,,1.0,False,
C_CARD519236,card,CARD519236,,,,1.0,False,
C_CARD519245,card,CARD519245,,,,1.0,False,
C_CARD519246,card,CARD519246,,,,1.0,False,
C_CARD519257,card,CARD519257,,,,1.0,False,
C_CARD519266,card,CARD519266,,,,1.0,False,
C_CARD519268,card,CARD519268,,,,1.0,False,
C_CARD519269,card,CARD519269,,,,1.0,False,
C_CARD519277,card,CARD519277,,,,1.0,False,
C_CARD519281,card,CARD519281,,,,1.0,False,
C_CARD519282,card,CARD519282,,,,1.0,False,
C_CARD519286,card,CARD519286,,,,1.0,False,
C_CARD519289,card,CARD519289,,,,1.0,False,
C_CARD519293,card,CARD519293,,,,1.0,False,
C_CARD519298,card,CARD519298,,,,1.0,False,
C_CARD519300,card,CARD519300,,,,1.0,False,
C_CARD519319,card,CARD519319,,,,1.0,False,
C_CARD519322,card,CARD519322,,,,1.0,False,
C_CARD519345,card,CARD519345,,,,1.0,False,
C_CARD519349,card,CARD519349,,,,1.0,False,
C_CARD519351,card,CARD519351,,,,1.0,False,
C_CARD519355,card,CARD519355,,,,1.0,False,
C_CARD519361,card,CARD519361,,,,1.0,False,
C_CARD519362,card,CARD519362,,,,1.0,False,
C_CARD519363,card,CARD519363,,,,1.0,False,
C_CARD519374,card,CARD519374,,,,1.0,False,
C_CARD519377,card,CARD519377,,,,1.0,False,
C_CARD519378,card,CARD519378,,,,1.0,False,
C_CARD519383,card,CARD519383,,,,1.0,False,
C_CARD519384,card,CARD519384,,,,1.0,False,
C_CARD519388,card,CARD519388,,,,1.0,False,
C_CARD519393,card,CARD519393,,,,1.0,False,
C_CARD519400,card,CARD519400,,,,1.0,False,
C_CARD519401,card,CARD519401,,,,1.0,False,
C_CARD519404,card,CARD519404,,,,1.0,False,
C_CARD519407,card,CARD519407,,,,1.0,False,
C_CARD519410,card,CARD519410,,,,1.0,False,
C_CARD519411,card,CARD519411,,,,1.0,False,
C_CARD519414,card,CARD519414,,,,1.0,False,
C_CARD519419,card,CARD519419,,,,1.0,False,
C_CARD519420,card,CARD519420,,,,1.0,False,
C_CARD519423,card,CARD519423,,,,1.0,False,
C_CARD519426,card,CARD519426,,,,1.0,False,
C_CARD519427,card,CARD519427,,,,1.0,False,
C_CARD519444,card,CARD519444,,,,1.0,False,
C_CARD519446,card,CARD519446,,,,1.0,False,
C_CARD519447,card,CARD519447,,,,1.0,False,
C_CARD519459,card,CARD519459,,,,1.0,False,
C_CARD519462,card,CARD519462,,,,1.0,False,
C_CARD519471,card,CARD519471,,,,1.0,False,
C_CARD519472,card,CARD519472,,,,1.0,False,
C_CARD519473,card,CARD519473,,,,1.0,False,
C_CARD519478,card,CARD519478,,,,1.0,False,
C_CARD519481,card,CARD519481,,,,1.0,False,
C_CARD519482,card,CARD519482,,,,1.0,False,
C_CARD519483,card,CARD519483,,,,1.0,False,
C_CARD519486,card,CARD519486,,,,1.0,False,
C_CARD519488,card,CARD519488,,,,1.0,False,
C_CARD519489,card,CARD519489,,,,1.0,False,
C_CARD519490,card,CARD519490,,,,1.0,False,
C_CARD519491,card,CARD519491,,,,1.0,False,
C_CARD519494,card,CARD519494,,,,1.0,False,
C_CARD519497,card,CARD519497,,,,1.0,False,
C_CARD519507,card,CARD519507,,,,1.0,False,
C_CARD519508,card,CARD519508,,,,1.0,False,
C_CARD519512,card,CARD519512,,,,1.0,False,
C_CARD519515,card,CARD519515,,,,1.0,False,
C_CARD519516,card,CARD519516,,,,1.0,False,
C_CARD519517,card,CARD519517,,,,1.0,False,
C_CARD519519,card,CARD519519,,,,1.0,False,
C_CARD519521,card,CARD519521,,,,1.0,False,
C_CARD519528,card,CARD519528,,,,1.0,False,
C_CARD519534,card,CARD519534,,,,1.0,False,
C_CARD519542,card,CARD519542,,,,1.0,False,
C_CARD519546,card,CARD519546,,,,1.0,False,
C_CARD519550,card,CARD519550,,,,1.0,False,
C_CARD519552,card,CARD519552,,,,1.0,False,
C_CARD519553,card,CARD519553,,,,1.0,False,
C_CARD519556,card,CARD519556,,,,1.0,False,
C_CARD519564,card,CARD519564,,,,1.0,False,
C_CARD519568,card,CARD519568,,,,1.0,False,
C_CARD519572,card,CARD519572,,,,1.0,False,
C_CARD519580,card,CARD519580,,,,1.0,False,
C_CARD519584,card,CARD519584,,,,1.0,False,
C_CARD519593,card,CARD519593,,,,1.0,False,
C_CARD519594,card,CARD519594,,,,1.0,False,
C_CARD519604,card,CARD519604,,,,1.0,False,
C_CARD519614,card,CARD519614,,,,1.0,False,
C_CARD519616,card,CARD519616,,,,1.0,False,
C_CARD519618,card,CARD519618,,,,1.0,False,
C_CARD519631,card,CARD519631,,,,1.0,False,
C_CARD519641,card,CARD519641,,,,1.0,False,
C_CARD519644,card,CARD519644,,,,1.0,False,
C_CARD519645,card,CARD519645,,,,1.0,False,
C_CARD519650,card,CARD519650,,,,1.0,False,
C_CARD519654,card,CARD519654,,,,1.0,False,
C_CARD519656,card,CARD519656,,,,1.0,False,
C_CARD519660,card,CARD519660,,,,1.0,False,
C_CARD519661,card,CARD519661,,,,1.0,False,
C_CARD519663,card,CARD519663,,,,1.0,False,
C_CARD519668,card,CARD519668,,,,1.0,False,
C_CARD519669,card,CARD519669,,,,1.0,False,
C_CARD519670,card,CARD519670,,,,1.0,False,
C_CARD519682,card,CARD519682,,,,1.0,False,
C_CARD519683,card,CARD519683,,,,1.0,False,
C_CARD519689,card,CARD519689,,,,1.0,False,
C_CARD519691,card,CARD519691,,,,1.0,False,
C_CARD519695,card,CARD519695,,,,1.0,False,
C_CARD519703,card,CARD519703,,,,1.0,False,
C_CARD519707,card,CARD519707,,,,1.0,False,
C_CARD519710,card,CARD519710,,,,1.0,False,
C_CARD519715,card,CARD519715,,,,1.0,False,
C_CARD519717,card,CARD519717,,,,1.0,False,
C_CARD519719,card,CARD519719,,,,1.0,False,
C_CARD519727,card,CARD519727,,,,1.0,False,
C_CARD519729,card,CARD519729,,,,1.0,False,
C_CARD519730,card,CARD519730,,,,1.0,False,
C_CARD519732,card,CARD519732,,,,1.0,False,
C_CARD519742,card,CARD519742,,,,1.0,False,
C_CARD519744,card,CARD519744,,,,1.0,False,
C_CARD519747,card,CARD519747,,,,1.0,False,
C_CARD519756,card,CARD519756,,,,1.0,False,
C_CARD519757,card,CARD519757,,,,1.0,False,
C_CARD519759,card,CARD519759,,,,1.0,False,
C_CARD519763,card,CARD519763,,,,1.0,False,
C_CARD519768,card,CARD519768,,,,1.0,False,
C_CARD519770,card,CARD519770,,,,1.0,False,
C_CARD519771,card,CARD519771,,,,1.0,False,
C_CARD519775,card,CARD519775,,,,1.0,False,
C_CARD519776,card,CARD519776,,,,1.0,False,
C_CARD519782,card,CARD519782,,,,1.0,False,
C_CARD519789,card,CARD519789,,,,1.0,False,
C_CARD519790,card,CARD519790,,,,1.0,False,
C_CARD519791,card,CARD519791,,,,1.0,False,
C_CARD519796,card,CARD519796,,,,1.0,False,
C_CARD519801,card,CARD519801,,,,1.0,False,
C_CARD519805,card,CARD519805,,,,1.0,False,
C_CARD519812,card,CARD519812,,,,1.0,False,
C_CARD519813,card,CARD519813,,,,1.0,False,
C_CARD519832,card,CARD519832,,,,1.0,False,
C_CARD519837,card,CARD519837,,,,1.0,False,
C_CARD519839,card,CARD519839,,,,1.0,False,
C_CARD519842,card,CARD519842,,,,1.0,False,
C_CARD519845,card,CARD519845,,,,1.0,False,
C_CARD519847,card,CARD519847,,,,1.0,False,
C_CARD519848,card,CARD519848,,,,1.0,False,
C_CARD519850,card,CARD519850,,,,1.0,False,
C_CARD519858,card,CARD519858,,,,1.0,False,
C_CARD519860,card,CARD519860,,,,1.0,False,
C_CARD519861,card,CARD519861,,,,1.0,False,
C_CARD519862,card,CARD519862,,,,1.0,False,
C_CARD519871,card,CARD519871,,,,1.0,False,
C_CARD519873,card,CARD519873,,,,1.0,False,
C_CARD519874,card,CARD519874,,,,1.0,False,
C_CARD519881,card,CARD519881,,,,1.0,False,
C_CARD519884,card,CARD519884,,,,1.0,False,
C_CARD519885,card,CARD519885,,,,1.0,False,
C_CARD519887,card,CARD519887,,,,1.0,False,
C_CARD519889,card,CARD519889,,,,1.0,False,
C_CARD519890,card,CARD519890,,,,1.0,False,
C_CARD519891,card,CARD519891,,,,1.0,False,
C_CARD519895,card,CARD519895,,,,1.0,False,
C_CARD519899,card,CARD519899,,,,1.0,False,
C_CARD519903,card,CARD519903,,,,1.0,False,
C_CARD519910,card,CARD519910,,,,1.0,False,
C_CARD519911,card,CARD519911,,,,1.0,False,
C_CARD519912,card,CARD519912,,,,1.0,False,
C_CARD519914,card,CARD519914,,,,1.0,False,
C_CARD519933,card,CARD519933,,,,1.0,False,
C_CARD519934,card,CARD519934,,,,1.0,False,
C_CARD519944,card,CARD519944,,,,1.0,False,
C_CARD519947,card,CARD519947,,,,1.0,False,
C_CARD519954,card,CARD519954,,,,1.0,False,
C_CARD519960,card,CARD519960,,,,1.0,False,
C_CARD519965,card,CARD519965,,,,1.0,False,
C_CARD519967,card,CARD519967,,,,1.0,False,
C_CARD519971,card,CARD519971,,,,1.0,False,
C_CARD519972,card,CARD519972,,,,1.0,False,
C_CARD519978,card,CARD519978,,,,1.0,False,
C_CARD519986,card,CARD519986,,,,1.0,False,
C_CARD519995,card,CARD519995,,,,1.0,False,
C_CARD519996,card,CARD519996,,,,1.0,False,
C_CARD519998,card,CARD519998,,,,1.0,False,
C_CARD520006,card,CARD520006,,,,1.0,False,
C_CARD520009,card,CARD520009,,,,1.0,False,
C_CARD520011,card,CARD520011,,,,1.0,False,
C_CARD520012,card,CARD520012,,,,1.0,False,
C_CARD520014,card,CARD520014,,,,1.0,False,
C_CARD520017,card,CARD520017,,,,1.0,False,
C_CARD520018,card,CARD520018,,,,1.0,False,
C_CARD520024,card,CARD520024,,,,1.0,False,
C_CARD520030,card,CARD520030,,,,1.0,False,
C_CARD520034,card,CARD520034,,,,1.0,False,
C_CARD520035,card,CARD520035,,,,1.0,False,
C_CARD520039,card,CARD520039,,,,1.0,False,
C_CARD520043,card,CARD520043,,,,1.0,False,
C_CARD520044,card,CARD520044,,,,1.0,False,
C_CARD520053,card,CARD520053,,,,1.0,False,
C_CARD520054,card,CARD520054,,,,1.0,False,
C_CARD520059,card,CARD520059,,,,1.0,False,
C_CARD520063,card,CARD520063,,,,1.0,False,
C_CARD520064,card,CARD520064,,,,1.0,False,
C_CARD520065,card,CARD520065,,,,1.0,False,
C_CARD520068,card,CARD520068,,,,1.0,False,
C_CARD520076,card,CARD520076,,,,1.0,False,
C_CARD520078,card,CARD520078,,,,1.0,False,
C_CARD520079,card,CARD520079,,,,1.0,False,
C_CARD520082,card,CARD520082,,,,1.0,False,
C_CARD520086,card,CARD520086,,,,1.0,False,
C_CARD520088,card,CARD520088,,,,1.0,False,
C_CARD520092,card,CARD520092,,,,1.0,False,
C_CARD520093,card,CARD520093,,,,1.0,False,
C_CARD520096,card,CARD520096,,,,1.0,False,
C_CARD520098,card,CARD520098,,,,1.0,False,
C_CARD520101,card,CARD520101,,,,1.0,False,
C_CARD520103,card,CARD520103,,,,1.0,False,
C_CARD520104,card,CARD520104,,,,1.0,False,
C_CARD520115,card,CARD520115,,,,1.0,False,
C_CARD520117,card,CARD520117,,,,1.0,False,
C_CARD520121,card,CARD520121,,,,1.0,False,
C_CARD520122,card,CARD520122,,,,1.0,False,
C_CARD520138,card,CARD520138,,,,1.0,False,
C_CARD520139,card,CARD520139,,,,1.0,False,
C_CARD520146,card,CARD520146,,,,1.0,False,
C_CARD520147,card,CARD520147,,,,1.0,False,
C_CARD520152,card,CARD520152,,,,1.0,False,
C_CARD520159,card,CARD520159,,,,1.0,False,
C_CARD520161,card,CARD520161,,,,1.0,False,
C_CARD520163,card,CARD520163,,,,1.0,False,
C_CARD520167,card,CARD520167,,,,1.0,False,
C_CARD520168,card,CARD520168,,,,1.0,False,
C_CARD520169,card,CARD520169,,,,1.0,False,
C_CARD520180,card,CARD520180,,,,1.0,False,
C_CARD520184,card,CARD520184,,,,1.0,False,
C_CARD520193,card,CARD520193,,,,1.0,False,
C_CARD520198,card,CARD520198,,,,1.0,False,
C_CARD520203,card,CARD520203,,,,1.0,False,
C_CARD520206,card,CARD520206,,,,1.0,False,
C_CARD520207,card,CARD520207,,,,1.0,False,
C_CARD520210,card,CARD520210,,,,1.0,False,
C_CARD520211,card,CARD520211,,,,1.0,False,
C_CARD520213,card,CARD520213,,,,1.0,False,
C_CARD520214,card,CARD520214,,,,1.0,False,
C_CARD520225,card,CARD520225,,,,1.0,False,
C_CARD520227,card,CARD520227,,,,1.0,False,
C_CARD520230,card,CARD520230,,,,1.0,False,
C_CARD520232,card,CARD520232,,,,1.0,False,
C_CARD520234,card,CARD520234,,,,1.0,False,
C_CARD520238,card,CARD520238,,,,1.0,False,
C_CARD520240,card,CARD520240,,,,1.0,False,
C_CARD520251,card,CARD520251,,,,1.0,False,
C_CARD520258,card,CARD520258,,,,1.0,False,
C_CARD520261,card,CARD520261,,,,1.0,False,
C_CARD520268,card,CARD520268,,,,1.0,False,
C_CARD520269,card,CARD520269,,,,1.0,False,
C_CARD520272,card,CARD520272,,,,1.0,False,
C_CARD520275,card,CARD520275,,,,1.0,False,
C_CARD520279,card,CARD520279,,,,1.0,False,
C_CARD520284,card,CARD520284,,,,1.0,False,
C_CARD520293,card,CARD520293,,,,1.0,False,
C_CARD520296,card,CARD520296,,,,1.0,False,
C_CARD520297,card,CARD520297,,,,1.0,False,
C_CARD520302,card,CARD520302,,,,1.0,False,
C_CARD520305,card,CARD520305,,,,1.0,False,
C_CARD520312,card,CARD520312,,,,1.0,False,
C_CARD520320,card,CARD520320,,,,1.0,False,
C_CARD520328,card,CARD520328,,,,1.0,False,
C_CARD520345,card,CARD520345,,,,1.0,False,
C_CARD520353,card,CARD520353,,,,1.0,False,
C_CARD520358,card,CARD520358,,,,1.0,False,
C_CARD520359,card,CARD520359,,,,1.0,False,
C_CARD520364,card,CARD520364,,,,1.0,False,
C_CARD520368,card,CARD520368,,,,1.0,False,
C_CARD520370,card,CARD520370,,,,1.0,False,
C_CARD520380,card,CARD520380,,,,1.0,False,
C_CARD520382,card,CARD520382,,,,1.0,False,
C_CARD520388,card,CARD520388,,,,1.0,False,
C_CARD520390,card,CARD520390,,,,1.0,False,
C_CARD520391,card,CARD520391,,,,1.0,False,
C_CARD520393,card,CARD520393,,,,1.0,False,
C_CARD520394,card,CARD520394,,,,1.0,False,
C_CARD520395,card,CARD520395,,,,1.0,False,
C_CARD520406,card,CARD520406,,,,1.0,False,
C_CARD520411,card,CARD520411,,,,1.0,False,
C_CARD520417,card,CARD520417,,,,1.0,False,
C_CARD520419,card,CARD520419,,,,1.0,False,
C_CARD520421,card,CARD520421,,,,1.0,False,
C_CARD520427,card,CARD520427,,,,1.0,False,
C_CARD520434,card,CARD520434,,,,1.0,False,
C_CARD520443,card,CARD520443,,,,1.0,False,
C_CARD520446,card,CARD520446,,,,1.0,False,
C_CARD520448,card,CARD520448,,,,1.0,False,
C_CARD520452,card,CARD520452,,,,1.0,False,
C_CARD520456,card,CARD520456,,,,1.0,False,
C_CARD520458,card,CARD520458,,,,1.0,False,
C_CARD520477,card,CARD520477,,,,1.0,False,
C_CARD520478,card,CARD520478,,,,1.0,False,
C_CARD520485,card,CARD520485,,,,1.0,False,
C_CARD520487,card,CARD520487,,,,1.0,False,
C_CARD520490,card,CARD520490,,,,1.0,False,
C_CARD520492,card,CARD520492,,,,1.0,False,
C_CARD520497,card,CARD520497,,,,1.0,False,
C_CARD520500,card,CARD520500,,,,1.0,False,
C_CARD520515,card,CARD520515,,,,1.0,False,
C_CARD520519,card,CARD520519,,,,1.0,False,
C_CARD520520,card,CARD520520,,,,1.0,False,
C_CARD520521,card,CARD520521,,,,1.0,False,
C_CARD520528,card,CARD520528,,,,1.0,False,
C_CARD520529,card,CARD520529,,,,1.0,False,
C_CARD520530,card,CARD520530,,,,1.0,False,
C_CARD520531,card,CARD520531,,,,1.0,False,
C_CARD520533,card,CARD520533,,,,1.0,False,
C_CARD520536,card,CARD520536,,,,1.0,False,
C_CARD520537,card,CARD520537,,,,1.0,False,
C_CARD520539,card,CARD520539,,,,1.0,False,
C_CARD520544,card,CARD520544,,,,1.0,False,
C_CARD520548,card,CARD520548,,,,1.0,False,
C_CARD520549,card,CARD520549,,,,1.0,False,
C_CARD520551,card,CARD520551,,,,1.0,False,
C_CARD520553,card,CARD520553,,,,1.0,False,
C_CARD520555,card,CARD520555,,,,1.0,False,
C_CARD520559,card,CARD520559,,,,1.0,False,
C_CARD520562,card,CARD520562,,,,1.0,False,
C_CARD520565,card,CARD520565,,,,1.0,False,
C_CARD520566,card,CARD520566,,,,1.0,False,
C_CARD520570,card,CARD520570,,,,1.0,False,
C_CARD520572,card,CARD520572,,,,1.0,False,
C_CARD520577,card,CARD520577,,,,1.0,False,
C_CARD520581,card,CARD520581,,,,1.0,False,
C_CARD520582,card,CARD520582,,,,1.0,False,
C_CARD520584,card,CARD520584,,,,1.0,False,
C_CARD520588,card,CARD520588,,,,1.0,False,
C_CARD520597,card,CARD520597,,,,1.0,False,
C_CARD520601,card,CARD520601,,,,1.0,False,
C_CARD520603,card,CARD520603,,,,1.0,False,
C_CARD520608,card,CARD520608,,,,1.0,False,
C_CARD520611,card,CARD520611,,,,1.0,False,
C_CARD520613,card,CARD520613,,,,1.0,False,
C_CARD520616,card,CARD520616,,,,1.0,False,
C_CARD520618,card,CARD520618,,,,1.0,False,
C_CARD520620,card,CARD520620,,,,1.0,False,
C_CARD520623,card,CARD520623,,,,1.0,False,
C_CARD520626,card,CARD520626,,,,1.0,False,
C_CARD520637,card,CARD520637,,,,1.0,False,
C_CARD520641,card,CARD520641,,,,1.0,False,
C_CARD520642,card,CARD520642,,,,1.0,False,
C_CARD520643,card,CARD520643,,,,1.0,False,
C_CARD520651,card,CARD520651,,,,1.0,False,
C_CARD520655,card,CARD520655,,,,1.0,False,
C_CARD520656,card,CARD520656,,,,1.0,False,
C_CARD520657,card,CARD520657,,,,1.0,False,
C_CARD520662,card,CARD520662,,,,1.0,False,
C_CARD520672,card,CARD520672,,,,1.0,False,
C_CARD520673,card,CARD520673,,,,1.0,False,
C_CARD520674,card,CARD520674,,,,1.0,False,
C_CARD520675,card,CARD520675,,,,1.0,False,
C_CARD520677,card,CARD520677,,,,1.0,False,
C_CARD520679,card,CARD520679,,,,1.0,False,
C_CARD520681,card,CARD520681,,,,1.0,False,
C_CARD520688,card,CARD520688,,,,1.0,False,
C_CARD520692,card,CARD520692,,,,1.0,False,
C_CARD520694,card,CARD520694,,,,1.0,False,
C_CARD520695,card,CARD520695,,,,1.0,False,
C_CARD520706,card,CARD520706,,,,1.0,False,
C_CARD520711,card,CARD520711,,,,1.0,False,
C_CARD520715,card,CARD520715,,,,1.0,False,
C_CARD520717,card,CARD520717,,,,1.0,False,
C_CARD520726,card,CARD520726,,,,1.0,False,
C_CARD520730,card,CARD520730,,,,1.0,False,
C_CARD520735,card,CARD520735,,,,1.0,False,
C_CARD520737,card,CARD520737,,,,1.0,False,
C_CARD520740,card,CARD520740,,,,1.0,False,
C_CARD520741,card,CARD520741,,,,1.0,False,
C_CARD520754,card,CARD520754,,,,1.0,False,
C_CARD520757,card,CARD520757,,,,1.0,False,
C_CARD520763,card,CARD520763,,,,1.0,False,
C_CARD520770,card,CARD520770,,,,1.0,False,
C_CARD520771,card,CARD520771,,,,1.0,False,
C_CARD520775,card,CARD520775,,,,1.0,False,
C_CARD520778,card,CARD520778,,,,1.0,False,
C_CARD520779,card,CARD520779,,,,1.0,False,
C_CARD520789,card,CARD520789,,,,1.0,False,
C_CARD520798,card,CARD520798,,,,1.0,False,
C_CARD520799,card,CARD520799,,,,1.0,False,
C_CARD520809,card,CARD520809,,,,1.0,False,
C_CARD520820,card,CARD520820,,,,1.0,False,
C_CARD520824,card,CARD520824,,,,1.0,False,
C_CARD520826,card,CARD520826,,,,1.0,False,
C_CARD520829,card,CARD520829,,,,1.0,False,
C_CARD520834,card,CARD520834,,,,1.0,False,
C_CARD520838,card,CARD520838,,,,1.0,False,
C_CARD520844,card,CARD520844,,,,1.0,False,
C_CARD520845,card,CARD520845,,,,1.0,False,
C_CARD520847,card,CARD520847,,,,1.0,False,
C_CARD520852,card,CARD520852,,,,1.0,False,
C_CARD520853,card,CARD520853,,,,1.0,False,
C_CARD520859,card,CARD520859,,,,1.0,False,
C_CARD520871,card,CARD520871,,,,1.0,False,
C_CARD520876,card,CARD520876,,,,1.0,False,
C_CARD520877,card,CARD520877,,,,1.0,False,
C_CARD520878,card,CARD520878,,,,1.0,False,
C_CARD520880,card,CARD520880,,,,1.0,False,
C_CARD520883,card,CARD520883,,,,1.0,False,
C_CARD520884,card,CARD520884,,,,1.0,False,
C_CARD520886,card,CARD520886,,,,1.0,False,
C_CARD520899,card,CARD520899,,,,1.0,False,
C_CARD520901,card,CARD520901,,,,1.0,False,
C_CARD520908,card,CARD520908,,,,1.0,False,
C_CARD520911,card,CARD520911,,,,1.0,False,
C_CARD520915,card,CARD520915,,,,1.0,False,
C_CARD520921,card,CARD520921,,,,1.0,False,
C_CARD520930,card,CARD520930,,,,1.0,False,
C_CARD520937,card,CARD520937,,,,1.0,False,
C_CARD520945,card,CARD520945,,,,1.0,False,
C_CARD520947,card,CARD520947,,,,1.0,False,
C_CARD520951,card,CARD520951,,,,1.0,False,
C_CARD520952,card,CARD520952,,,,1.0,False,
C_CARD520953,card,CARD520953,,,,1.0,False,
C_CARD520954,card,CARD520954,,,,1.0,False,
C_CARD520957,card,CARD520957,,,,1.0,False,
C_CARD520959,card,CARD520959,,,,1.0,False,
C_CARD520960,card,CARD520960,,,,1.0,False,
C_CARD520962,card,CARD520962,,,,1.0,False,
C_CARD520972,card,CARD520972,,,,1.0,False,
C_CARD520973,card,CARD520973,,,,1.0,False,
C_CARD520976,card,CARD520976,,,,1.0,False,
C_CARD520978,card,CARD520978,,,,1.0,False,
C_CARD520987,card,CARD520987,,,,1.0,False,
C_CARD520991,card,CARD520991,,,,1.0,False,
C_CARD520992,card,CARD520992,,,,1.0,False,
C_CARD521002,card,CARD521002,,,,1.0,False,
C_CARD521011,card,CARD521011,,,,1.0,False,
C_CARD521013,card,CARD521013,,,,1.0,False,
C_CARD521016,card,CARD521016,,,,1.0,False,
C_CARD521017,card,CARD521017,,,,1.0,False,
C_CARD521018,card,CARD521018,,,,1.0,False,
C_CARD521032,card,CARD521032,,,,1.0,False,
C_CARD521036,card,CARD521036,,,,1.0,False,
C_CARD521040,card,CARD521040,,,,1.0,False,
C_CARD521042,card,CARD521042,,,,1.0,False,
C_CARD521045,card,CARD521045,,,,1.0,False,
C_CARD521047,card,CARD521047,,,,1.0,False,
C_CARD521051,card,CARD521051,,,,1.0,False,
C_CARD521053,card,CARD521053,,,,1.0,False,
C_CARD521055,card,CARD521055,,,,1.0,False,
C_CARD521059,card,CARD521059,,,,1.0,False,
C_CARD521064,card,CARD521064,,,,1.0,False,
C_CARD521075,card,CARD521075,,,,1.0,False,
C_CARD521088,card,CARD521088,,,,1.0,False,
C_CARD521097,card,CARD521097,,,,1.0,False,
C_CARD521102,card,CARD521102,,,,1.0,False,
C_CARD521105,card,CARD521105,,,,1.0,False,
C_CARD521107,card,CARD521107,,,,1.0,False,
C_CARD521108,card,CARD521108,,,,1.0,False,
C_CARD521109,card,CARD521109,,,,1.0,False,
C_CARD521111,card,CARD521111,,,,1.0,False,
C_CARD521120,card,CARD521120,,,,1.0,False,
C_CARD521121,card,CARD521121,,,,1.0,False,
C_CARD521129,card,CARD521129,,,,1.0,False,
C_CARD521132,card,CARD521132,,,,1.0,False,
C_CARD521135,card,CARD521135,,,,1.0,False,
C_CARD521138,card,CARD521138,,,,1.0,False,
C_CARD521139,card,CARD521139,,,,1.0,False,
C_CARD521140,card,CARD521140,,,,1.0,False,
C_CARD521145,card,CARD521145,,,,1.0,False,
C_CARD521149,card,CARD521149,,,,1.0,False,
C_CARD521152,card,CARD521152,,,,1.0,False,
C_CARD521154,card,CARD521154,,,,1.0,False,
C_CARD521155,card,CARD521155,,,,1.0,False,
C_CARD521160,card,CARD521160,,,,1.0,False,
C_CARD521162,card,CARD521162,,,,1.0,False,
C_CARD521165,card,CARD521165,,,,1.0,False,
C_CARD521182,card,CARD521182,,,,1.0,False,
C_CARD521186,card,CARD521186,,,,1.0,False,
C_CARD521201,card,CARD521201,,,,1.0,False,
C_CARD521207,card,CARD521207,,,,1.0,False,
C_CARD521208,card,CARD521208,,,,1.0,False,
C_CARD521210,card,CARD521210,,,,1.0,False,
C_CARD521211,card,CARD521211,,,,1.0,False,
C_CARD521217,card,CARD521217,,,,1.0,False,
C_CARD521225,card,CARD521225,,,,1.0,False,
C_CARD521227,card,CARD521227,,,,1.0,False,
C_CARD521229,card,CARD521229,,,,1.0,False,
C_CARD521231,card,CARD521231,,,,1.0,False,
C_CARD521238,card,CARD521238,,,,1.0,False,
C_CARD521239,card,CARD521239,,,,1.0,False,
C_CARD521240,card,CARD521240,,,,1.0,False,
C_CARD521241,card,CARD521241,,,,1.0,False,
C_CARD521243,card,CARD521243,,,,1.0,False,
C_CARD521245,card,CARD521245,,,,1.0,False,
C_CARD521246,card,CARD521246,,,,1.0,False,
C_CARD521252,card,CARD521252,,,,1.0,False,
C_CARD521254,card,CARD521254,,,,1.0,False,
C_CARD521255,card,CARD521255,,,,1.0,False,
C_CARD521258,card,CARD521258,,,,1.0,False,
C_CARD521266,card,CARD521266,,,,1.0,False,
C_CARD521269,card,CARD521269,,,,1.0,False,
C_CARD521272,card,CARD521272,,,,1.0,False,
C_CARD521273,card,CARD521273,,,,1.0,False,
C_CARD521283,card,CARD521283,,,,1.0,False,
C_CARD521287,card,CARD521287,,,,1.0,False,
C_CARD521291,card,CARD521291,,,,1.0,False,
C_CARD521292,card,CARD521292,,,,1.0,False,
C_CARD521294,card,CARD521294,,,,1.0,False,
C_CARD521298,card,CARD521298,,,,1.0,False,
C_CARD521299,card,CARD521299,,,,1.0,False,
C_CARD521300,card,CARD521300,,,,1.0,False,
C_CARD521303,card,CARD521303,,,,1.0,False,
C_CARD521307,card,CARD521307,,,,1.0,False,
C_CARD521311,card,CARD521311,,,,1.0,False,
C_CARD521313,card,CARD521313,,,,1.0,False,
C_CARD521319,card,CARD521319,,,,1.0,False,
C_CARD521325,card,CARD521325,,,,1.0,False,
C_CARD521327,card,CARD521327,,,,1.0,False,
C_CARD521328,card,CARD521328,,,,1.0,False,
C_CARD521329,card,CARD521329,,,,1.0,False,
C_CARD521330,card,CARD521330,,,,1.0,False,
C_CARD521334,card,CARD521334,,,,1.0,False,
C_CARD521342,card,CARD521342,,,,1.0,False,
C_CARD521362,card,CARD521362,,,,1.0,False,
C_CARD521363,card,CARD521363,,,,1.0,False,
C_CARD521365,card,CARD521365,,,,1.0,False,
C_CARD521367,card,CARD521367,,,,1.0,False,
C_CARD521369,card,CARD521369,,,,1.0,False,
C_CARD521370,card,CARD521370,,,,1.0,False,
C_CARD521375,card,CARD521375,,,,1.0,False,
C_CARD521385,card,CARD521385,,,,1.0,False,
C_CARD521386,card,CARD521386,,,,1.0,False,
C_CARD521387,card,CARD521387,,,,1.0,False,
C_CARD521388,card,CARD521388,,,,1.0,False,
C_CARD521390,card,CARD521390,,,,1.0,False,
C_CARD521400,card,CARD521400,,,,1.0,False,
C_CARD521401,card,CARD521401,,,,1.0,False,
C_CARD521404,card,CARD521404,,,,1.0,False,
C_CARD521410,card,CARD521410,,,,1.0,False,
C_CARD521416,card,CARD521416,,,,1.0,False,
C_CARD521417,card,CARD521417,,,,1.0,False,
C_CARD521419,card,CARD521419,,,,1.0,False,
C_CARD521424,card,CARD521424,,,,1.0,False,
C_CARD521432,card,CARD521432,,,,1.0,False,
C_CARD521436,card,CARD521436,,,,1.0,False,
C_CARD521437,card,CARD521437,,,,1.0,False,
C_CARD521441,card,CARD521441,,,,1.0,False,
C_CARD521444,card,CARD521444,,,,1.0,False,
C_CARD521445,card,CARD521445,,,,1.0,False,
C_CARD521446,card,CARD521446,,,,1.0,False,
C_CARD521452,card,CARD521452,,,,1.0,False,
C_CARD521457,card,CARD521457,,,,1.0,False,
C_CARD521458,card,CARD521458,,,,1.0,False,
C_CARD521461,card,CARD521461,,,,1.0,False,
C_CARD521469,card,CARD521469,,,,1.0,False,
C_CARD521478,card,CARD521478,,,,1.0,False,
C_CARD521482,card,CARD521482,,,,1.0,False,
C_CARD521484,card,CARD521484,,,,1.0,False,
C_CARD521485,card,CARD521485,,,,1.0,False,
C_CARD521492,card,CARD521492,,,,1.0,False,
C_CARD521493,card,CARD521493,,,,1.0,False,
C_CARD521494,card,CARD521494,,,,1.0,False,
C_CARD521495,card,CARD521495,,,,1.0,False,
C_CARD521496,card,CARD521496,,,,1.0,False,
C_CARD521498,card,CARD521498,,,,1.0,False,
C_CARD521499,card,CARD521499,,,,1.0,False,
C_CARD521515,card,CARD521515,,,,1.0,False,
C_CARD521523,card,CARD521523,,,,1.0,False,
C_CARD521525,card,CARD521525,,,,1.0,False,
C_CARD521526,card,CARD521526,,,,1.0,False,
C_CARD521529,card,CARD521529,,,,1.0,False,
C_CARD521530,card,CARD521530,,,,1.0,False,
C_CARD521534,card,CARD521534,,,,1.0,False,
C_CARD521540,card,CARD521540,,,,1.0,False,
C_CARD521541,card,CARD521541,,,,1.0,False,
C_CARD521549,card,CARD521549,,,,1.0,False,
C_CARD521550,card,CARD521550,,,,1.0,False,
C_CARD521552,card,CARD521552,,,,1.0,False,
C_CARD521560,card,CARD521560,,,,1.0,False,
C_CARD521563,card,CARD521563,,,,1.0,False,
C_CARD521567,card,CARD521567,,,,1.0,False,
C_CARD521568,card,CARD521568,,,,1.0,False,
C_CARD521571,card,CARD521571,,,,1.0,False,
C_CARD521577,card,CARD521577,,,,1.0,False,
C_CARD521585,card,CARD521585,,,,1.0,False,
C_CARD521593,card,CARD521593,,,,1.0,False,
C_CARD521601,card,CARD521601,,,,1.0,False,
C_CARD521617,card,CARD521617,,,,1.0,False,
C_CARD521635,card,CARD521635,,,,1.0,False,
C_CARD521636,card,CARD521636,,,,1.0,False,
C_CARD521638,card,CARD521638,,,,1.0,False,
C_CARD521640,card,CARD521640,,,,1.0,False,
C_CARD521641,card,CARD521641,,,,1.0,False,
C_CARD521642,card,CARD521642,,,,1.0,False,
C_CARD521645,card,CARD521645,,,,1.0,False,
C_CARD521648,card,CARD521648,,,,1.0,False,
C_CARD521666,card,CARD521666,,,,1.0,False,
C_CARD521667,card,CARD521667,,,,1.0,False,
C_CARD521668,card,CARD521668,,,,1.0,False,
C_CARD521670,card,CARD521670,,,,1.0,False,
C_CARD521673,card,CARD521673,,,,1.0,False,
C_CARD521675,card,CARD521675,,,,1.0,False,
C_CARD521679,card,CARD521679,,,,1.0,False,
C_CARD521680,card,CARD521680,,,,1.0,False,
C_CARD521681,card,CARD521681,,,,1.0,False,
C_CARD521688,card,CARD521688,,,,1.0,False,
C_CARD521689,card,CARD521689,,,,1.0,False,
C_CARD521705,card,CARD521705,,,,1.0,False,
C_CARD521711,card,CARD521711,,,,1.0,False,
C_CARD521712,card,CARD521712,,,,1.0,False,
C_CARD521714,card,CARD521714,,,,1.0,False,
C_CARD521717,card,CARD521717,,,,1.0,False,
C_CARD521723,card,CARD521723,,,,1.0,False,
C_CARD521727,card,CARD521727,,,,1.0,False,
C_CARD521738,card,CARD521738,,,,1.0,False,
C_CARD521739,card,CARD521739,,,,1.0,False,
C_CARD521745,card,CARD521745,,,,1.0,False,
C_CARD521748,card,CARD521748,,,,1.0,False,
C_CARD521753,card,CARD521753,,,,1.0,False,
C_CARD521758,card,CARD521758,,,,1.0,False,
C_CARD521761,card,CARD521761,,,,1.0,False,
C_CARD521764,card,CARD521764,,,,1.0,False,
C_CARD521769,card,CARD521769,,,,1.0,False,
C_CARD521772,card,CARD521772,,,,1.0,False,
C_CARD521778,card,CARD521778,,,,1.0,False,
C_CARD521780,card,CARD521780,,,,1.0,False,
C_CARD521781,card,CARD521781,,,,1.0,False,
C_CARD521782,card,CARD521782,,,,1.0,False,
C_CARD521790,card,CARD521790,,,,1.0,False,
C_CARD521791,card,CARD521791,,,,1.0,False,
C_CARD521795,card,CARD521795,,,,1.0,False,
C_CARD521802,card,CARD521802,,,,1.0,False,
C_CARD521809,card,CARD521809,,,,1.0,False,
C_CARD521815,card,CARD521815,,,,1.0,False,
C_CARD521819,card,CARD521819,,,,1.0,False,
C_CARD521833,card,CARD521833,,,,1.0,False,
C_CARD521835,card,CARD521835,,,,1.0,False,
C_CARD521839,card,CARD521839,,,,1.0,False,
C_CARD521846,card,CARD521846,,,,1.0,False,
C_CARD521847,card,CARD521847,,,,1.0,False,
C_CARD521856,card,CARD521856,,,,1.0,False,
C_CARD521864,card,CARD521864,,,,1.0,False,
C_CARD521865,card,CARD521865,,,,1.0,False,
C_CARD521874,card,CARD521874,,,,1.0,False,
C_CARD521877,card,CARD521877,,,,1.0,False,
C_CARD521878,card,CARD521878,,,,1.0,False,
C_CARD521882,card,CARD521882,,,,1.0,False,
C_CARD521883,card,CARD521883,,,,1.0,False,
C_CARD521893,card,CARD521893,,,,1.0,False,
C_CARD521904,card,CARD521904,,,,1.0,False,
C_CARD521913,card,CARD521913,,,,1.0,False,
C_CARD521914,card,CARD521914,,,,1.0,False,
C_CARD521918,card,CARD521918,,,,1.0,False,
C_CARD521919,card,CARD521919,,,,1.0,False,
C_CARD521922,card,CARD521922,,,,1.0,False,
C_CARD521924,card,CARD521924,,,,1.0,False,
C_CARD521928,card,CARD521928,,,,1.0,False,
C_CARD521945,card,CARD521945,,,,1.0,False,
C_CARD521946,card,CARD521946,,,,1.0,False,
C_CARD521952,card,CARD521952,,,,1.0,False,
C_CARD521953,card,CARD521953,,,,1.0,False,
C_CARD521960,card,CARD521960,,,,1.0,False,
C_CARD521962,card,CARD521962,,,,1.0,False,
C_CARD521963,card,CARD521963,,,,1.0,False,
C_CARD521964,card,CARD521964,,,,1.0,False,
C_CARD521966,card,CARD521966,,,,1.0,False,
C_CARD521967,card,CARD521967,,,,1.0,False,
C_CARD521970,card,CARD521970,,,,1.0,False,
C_CARD521972,card,CARD521972,,,,1.0,False,
C_CARD521974,card,CARD521974,,,,1.0,False,
C_CARD521980,card,CARD521980,,,,1.0,False,
C_CARD521984,card,CARD521984,,,,1.0,False,
C_CARD521993,card,CARD521993,,,,1.0,False,
C_CARD522004,card,CARD522004,,,,1.0,False,
C_CARD522005,card,CARD522005,,,,1.0,False,
C_CARD522008,card,CARD522008,,,,1.0,False,
C_CARD522014,card,CARD522014,,,,1.0,False,
C_CARD522015,card,CARD522015,,,,1.0,False,
C_CARD522023,card,CARD522023,,,,1.0,False,
C_CARD522025,card,CARD522025,,,,1.0,False,
C_CARD522026,card,CARD522026,,,,1.0,False,
C_CARD522041,card,CARD522041,,,,1.0,False,
C_CARD522049,card,CARD522049,,,,1.0,False,
C_CARD522050,card,CARD522050,,,,1.0,False,
C_CARD522054,card,CARD522054,,,,1.0,False,
C_CARD522057,card,CARD522057,,,,1.0,False,
C_CARD522061,card,CARD522061,,,,1.0,False,
C_CARD522066,card,CARD522066,,,,1.0,False,
C_CARD522067,card,CARD522067,,,,1.0,False,
C_CARD522069,card,CARD522069,,,,1.0,False,
C_CARD522072,card,CARD522072,,,,1.0,False,
C_CARD522073,card,CARD522073,,,,1.0,False,
C_CARD522074,card,CARD522074,,,,1.0,False,
C_CARD522076,card,CARD522076,,,,1.0,False,
C_CARD522080,card,CARD522080,,,,1.0,False,
C_CARD522083,card,CARD522083,,,,1.0,False,
C_CARD522085,card,CARD522085,,,,1.0,False,
C_CARD522089,card,CARD522089,,,,1.0,False,
C_CARD522091,card,CARD522091,,,,1.0,False,
C_CARD522094,card,CARD522094,,,,1.0,False,
C_CARD522097,card,CARD522097,,,,1.0,False,
C_CARD522098,card,CARD522098,,,,1.0,False,
C_CARD522101,card,CARD522101,,,,1.0,False,
C_CARD522106,card,CARD522106,,,,1.0,False,
C_CARD522117,card,CARD522117,,,,1.0,False,
C_CARD522118,card,CARD522118,,,,1.0,False,
C_CARD522123,card,CARD522123,,,,1.0,False,
C_CARD522127,card,CARD522127,,,,1.0,False,
C_CARD522128,card,CARD522128,,,,1.0,False,
C_CARD522130,card,CARD522130,,,,1.0,False,
C_CARD522141,card,CARD522141,,,,1.0,False,
C_CARD522144,card,CARD522144,,,,1.0,False,
C_CARD522151,card,CARD522151,,,,1.0,False,
C_CARD522159,card,CARD522159,,,,1.0,False,
C_CARD522161,card,CARD522161,,,,1.0,False,
C_CARD522162,card,CARD522162,,,,1.0,False,
C_CARD522163,card,CARD522163,,,,1.0,False,
C_CARD522166,card,CARD522166,,,,1.0,False,
C_CARD522171,card,CARD522171,,,,1.0,False,
C_CARD522172,card,CARD522172,,,,1.0,False,
C_CARD522178,card,CARD522178,,,,1.0,False,
C_CARD522179,card,CARD522179,,,,1.0,False,
C_CARD522185,card,CARD522185,,,,1.0,False,
C_CARD522186,card,CARD522186,,,,1.0,False,
C_CARD522190,card,CARD522190,,,,1.0,False,
C_CARD522192,card,CARD522192,,,,1.0,False,
C_CARD522195,card,CARD522195,,,,1.0,False,
C_CARD522197,card,CARD522197,,,,1.0,False,
C_CARD522202,card,CARD522202,,,,1.0,False,
C_CARD522207,card,CARD522207,,,,1.0,False,
C_CARD522214,card,CARD522214,,,,1.0,False,
C_CARD522215,card,CARD522215,,,,1.0,False,
C_CARD522217,card,CARD522217,,,,1.0,False,
C_CARD522219,card,CARD522219,,,,1.0,False,
C_CARD522221,card,CARD522221,,,,1.0,False,
C_CARD522223,card,CARD522223,,,,1.0,False,
C_CARD522235,card,CARD522235,,,,1.0,False,
C_CARD522240,card,CARD522240,,,,1.0,False,
C_CARD522242,card,CARD522242,,,,1.0,False,
C_CARD522247,card,CARD522247,,,,1.0,False,
C_CARD522251,card,CARD522251,,,,1.0,False,
C_CARD522257,card,CARD522257,,,,1.0,False,
C_CARD522259,card,CARD522259,,,,1.0,False,
C_CARD522260,card,CARD522260,,,,1.0,False,
C_CARD522266,card,CARD522266,,,,1.0,False,
C_CARD522268,card,CARD522268,,,,1.0,False,
C_CARD522272,card,CARD522272,,,,1.0,False,
C_CARD522273,card,CARD522273,,,,1.0,False,
C_CARD522275,card,CARD522275,,,,1.0,False,
C_CARD522279,card,CARD522279,,,,1.0,False,
C_CARD522281,card,CARD522281,,,,1.0,False,
C_CARD522282,card,CARD522282,,,,1.0,False,
C_CARD522285,card,CARD522285,,,,1.0,False,
C_CARD522286,card,CARD522286,,,,1.0,False,
C_CARD522292,card,CARD522292,,,,1.0,False,
C_CARD522299,card,CARD522299,,,,1.0,False,
C_CARD522302,card,CARD522302,,,,1.0,False,
C_CARD522308,card,CARD522308,,,,1.0,False,
C_CARD522309,card,CARD522309,,,,1.0,False,
C_CARD522320,card,CARD522320,,,,1.0,False,
C_CARD522323,card,CARD522323,,,,1.0,False,
C_CARD522324,card,CARD522324,,,,1.0,False,
C_CARD522329,card,CARD522329,,,,1.0,False,
C_CARD522330,card,CARD522330,,,,1.0,False,
C_CARD522331,card,CARD522331,,,,1.0,False,
C_CARD522333,card,CARD522333,,,,1.0,False,
C_CARD522339,card,CARD522339,,,,1.0,False,
C_CARD522342,card,CARD522342,,,,1.0,False,
C_CARD522344,card,CARD522344,,,,1.0,False,
C_CARD522347,card,CARD522347,,,,1.0,False,
C_CARD522348,card,CARD522348,,,,1.0,False,
C_CARD522349,card,CARD522349,,,,1.0,False,
C_CARD522350,card,CARD522350,,,,1.0,False,
C_CARD522351,card,CARD522351,,,,1.0,False,
C_CARD522353,card,CARD522353,,,,1.0,False,
C_CARD522356,card,CARD522356,,,,1.0,False,
C_CARD522369,card,CARD522369,,,,1.0,False,
C_CARD522372,card,CARD522372,,,,1.0,False,
C_CARD522376,card,CARD522376,,,,1.0,False,
C_CARD522379,card,CARD522379,,,,1.0,False,
C_CARD522381,card,CARD522381,,,,1.0,False,
C_CARD522382,card,CARD522382,,,,1.0,False,
C_CARD522383,card,CARD522383,,,,1.0,False,
C_CARD522384,card,CARD522384,,,,1.0,False,
C_CARD522386,card,CARD522386,,,,1.0,False,
C_CARD522388,card,CARD522388,,,,1.0,False,
C_CARD522389,card,CARD522389,,,,1.0,False,
C_CARD522398,card,CARD522398,,,,1.0,False,
C_CARD522409,card,CARD522409,,,,1.0,False,
C_CARD522414,card,CARD522414,,,,1.0,False,
C_CARD522417,card,CARD522417,,,,1.0,False,
C_CARD522420,card,CARD522420,,,,1.0,False,
C_CARD522424,card,CARD522424,,,,1.0,False,
C_CARD522429,card,CARD522429,,,,1.0,False,
C_CARD522431,card,CARD522431,,,,1.0,False,
C_CARD522434,card,CARD522434,,,,1.0,False,
C_CARD522436,card,CARD522436,,,,1.0,False,
C_CARD522438,card,CARD522438,,,,1.0,False,
C_CARD522440,card,CARD522440,,,,1.0,False,
C_CARD522442,card,CARD522442,,,,1.0,False,
C_CARD522447,card,CARD522447,,,,1.0,False,
C_CARD522460,card,CARD522460,,,,1.0,False,
C_CARD522469,card,CARD522469,,,,1.0,False,
C_CARD522470,card,CARD522470,,,,1.0,False,
C_CARD522474,card,CARD522474,,,,1.0,False,
C_CARD522475,card,CARD522475,,,,1.0,False,
C_CARD522476,card,CARD522476,,,,1.0,False,
C_CARD522484,card,CARD522484,,,,1.0,False,
C_CARD522486,card,CARD522486,,,,1.0,False,
C_CARD522488,card,CARD522488,,,,1.0,False,
C_CARD522497,card,CARD522497,,,,1.0,False,
C_CARD522498,card,CARD522498,,,,1.0,False,
C_CARD522502,card,CARD522502,,,,1.0,False,
C_CARD522524,card,CARD522524,,,,1.0,False,
C_CARD522525,card,CARD522525,,,,1.0,False,
C_CARD522526,card,CARD522526,,,,1.0,False,
C_CARD522527,card,CARD522527,,,,1.0,False,
C_CARD522528,card,CARD522528,,,,1.0,False,
C_CARD522531,card,CARD522531,,,,1.0,False,
C_CARD522533,card,CARD522533,,,,1.0,False,
C_CARD522534,card,CARD522534,,,,1.0,False,
C_CARD522542,card,CARD522542,,,,1.0,False,
C_CARD522547,card,CARD522547,,,,1.0,False,
C_CARD522552,card,CARD522552,,,,1.0,False,
C_CARD522556,card,CARD522556,,,,1.0,False,
C_CARD522560,card,CARD522560,,,,1.0,False,
C_CARD522564,card,CARD522564,,,,1.0,False,
C_CARD522565,card,CARD522565,,,,1.0,False,
C_CARD522567,card,CARD522567,,,,1.0,False,
C_CARD522573,card,CARD522573,,,,1.0,False,
C_CARD522575,card,CARD522575,,,,1.0,False,
C_CARD522580,card,CARD522580,,,,1.0,False,
C_CARD522584,card,CARD522584,,,,1.0,False,
C_CARD522585,card,CARD522585,,,,1.0,False,
C_CARD522586,card,CARD522586,,,,1.0,False,
C_CARD522589,card,CARD522589,,,,1.0,False,
C_CARD522597,card,CARD522597,,,,1.0,False,
C_CARD522599,card,CARD522599,,,,1.0,False,
C_CARD522603,card,CARD522603,,,,1.0,False,
C_CARD522606,card,CARD522606,,,,1.0,False,
C_CARD522611,card,CARD522611,,,,1.0,False,
C_CARD522614,card,CARD522614,,,,1.0,False,
C_CARD522623,card,CARD522623,,,,1.0,False,
C_CARD522626,card,CARD522626,,,,1.0,False,
C_CARD522632,card,CARD522632,,,,1.0,False,
C_CARD522633,card,CARD522633,,,,1.0,False,
C_CARD522634,card,CARD522634,,,,1.0,False,
C_CARD522638,card,CARD522638,,,,1.0,False,
C_CARD522639,card,CARD522639,,,,1.0,False,
C_CARD522641,card,CARD522641,,,,1.0,False,
C_CARD522648,card,CARD522648,,,,1.0,False,
C_CARD522649,card,CARD522649,,,,1.0,False,
C_CARD522654,card,CARD522654,,,,1.0,False,
C_CARD522656,card,CARD522656,,,,1.0,False,
C_CARD522660,card,CARD522660,,,,1.0,False,
C_CARD522661,card,CARD522661,,,,1.0,False,
C_CARD522663,card,CARD522663,,,,1.0,False,
C_CARD522668,card,CARD522668,,,,1.0,False,
C_CARD522669,card,CARD522669,,,,1.0,False,
C_CARD522670,card,CARD522670,,,,1.0,False,
C_CARD522672,card,CARD522672,,,,1.0,False,
C_CARD522673,card,CARD522673,,,,1.0,False,
C_CARD522676,card,CARD522676,,,,1.0,False,
C_CARD522678,card,CARD522678,,,,1.0,False,
C_CARD522684,card,CARD522684,,,,1.0,False,
C_CARD522685,card,CARD522685,,,,1.0,False,
C_CARD522687,card,CARD522687,,,,1.0,False,
C_CARD522689,card,CARD522689,,,,1.0,False,
C_CARD522691,card,CARD522691,,,,1.0,False,
C_CARD522694,card,CARD522694,,,,1.0,False,
C_CARD522708,card,CARD522708,,,,1.0,False,
C_CARD522711,card,CARD522711,,,,1.0,False,
C_CARD522715,card,CARD522715,,,,1.0,False,
C_CARD522723,card,CARD522723,,,,1.0,False,
C_CARD522726,card,CARD522726,,,,1.0,False,
C_CARD522728,card,CARD522728,,,,1.0,False,
C_CARD522736,card,CARD522736,,,,1.0,False,
C_CARD522739,card,CARD522739,,,,1.0,False,
C_CARD522741,card,CARD522741,,,,1.0,False,
C_CARD522742,card,CARD522742,,,,1.0,False,
C_CARD522743,card,CARD522743,,,,1.0,False,
C_CARD522749,card,CARD522749,,,,1.0,False,
C_CARD522751,card,CARD522751,,,,1.0,False,
C_CARD522752,card,CARD522752,,,,1.0,False,
C_CARD522753,card,CARD522753,,,,1.0,False,
C_CARD522756,card,CARD522756,,,,1.0,False,
C_CARD522761,card,CARD522761,,,,1.0,False,
C_CARD522764,card,CARD522764,,,,1.0,False,
C_CARD522766,card,CARD522766,,,,1.0,False,
C_CARD522767,card,CARD522767,,,,1.0,False,
C_CARD522770,card,CARD522770,,,,1.0,False,
C_CARD522771,card,CARD522771,,,,1.0,False,
C_CARD522777,card,CARD522777,,,,1.0,False,
C_CARD522778,card,CARD522778,,,,1.0,False,
C_CARD522784,card,CARD522784,,,,1.0,False,
C_CARD522787,card,CARD522787,,,,1.0,False,
C_CARD522796,card,CARD522796,,,,1.0,False,
C_CARD522801,card,CARD522801,,,,1.0,False,
C_CARD522804,card,CARD522804,,,,1.0,False,
C_CARD522821,card,CARD522821,,,,1.0,False,
C_CARD522822,card,CARD522822,,,,1.0,False,
C_CARD522824,card,CARD522824,,,,1.0,False,
C_CARD522828,card,CARD522828,,,,1.0,False,
C_CARD522831,card,CARD522831,,,,1.0,False,
C_CARD522837,card,CARD522837,,,,1.0,False,
C_CARD522839,card,CARD522839,,,,1.0,False,
C_CARD522844,card,CARD522844,,,,1.0,False,
C_CARD522849,card,CARD522849,,,,1.0,False,
C_CARD522853,card,CARD522853,,,,1.0,False,
C_CARD522856,card,CARD522856,,,,1.0,False,
C_CARD522862,card,CARD522862,,,,1.0,False,
C_CARD522864,card,CARD522864,,,,1.0,False,
C_CARD522867,card,CARD522867,,,,1.0,False,
C_CARD522877,card,CARD522877,,,,1.0,False,
C_CARD522878,card,CARD522878,,,,1.0,False,
C_CARD522881,card,CARD522881,,,,1.0,False,
C_CARD522883,card,CARD522883,,,,1.0,False,
C_CARD522886,card,CARD522886,,,,1.0,False,
C_CARD522888,card,CARD522888,,,,1.0,False,
C_CARD522890,card,CARD522890,,,,1.0,False,
C_CARD522893,card,CARD522893,,,,1.0,False,
C_CARD522898,card,CARD522898,,,,1.0,False,
C_CARD522904,card,CARD522904,,,,1.0,False,
C_CARD522914,card,CARD522914,,,,1.0,False,
C_CARD522915,card,CARD522915,,,,1.0,False,
C_CARD522920,card,CARD522920,,,,1.0,False,
C_CARD522932,card,CARD522932,,,,1.0,False,
C_CARD522936,card,CARD522936,,,,1.0,False,
C_CARD522937,card,CARD522937,,,,1.0,False,
C_CARD522938,card,CARD522938,,,,1.0,False,
C_CARD522939,card,CARD522939,,,,1.0,False,
C_CARD522945,card,CARD522945,,,,1.0,False,
C_CARD522948,card,CARD522948,,,,1.0,False,
C_CARD522952,card,CARD522952,,,,1.0,False,
C_CARD522959,card,CARD522959,,,,1.0,False,
C_CARD522963,card,CARD522963,,,,1.0,False,
C_CARD522964,card,CARD522964,,,,1.0,False,
C_CARD522969,card,CARD522969,,,,1.0,False,
C_CARD522972,card,CARD522972,,,,1.0,False,
C_CARD522974,card,CARD522974,,,,1.0,False,
C_CARD522978,card,CARD522978,,,,1.0,False,
C_CARD522981,card,CARD522981,,,,1.0,False,
C_CARD522984,card,CARD522984,,,,1.0,False,
C_CARD522988,card,CARD522988,,,,1.0,False,
C_CARD522990,card,CARD522990,,,,1.0,False,
C_CARD522994,card,CARD522994,,,,1.0,False,
C_CARD522999,card,CARD522999,,,,1.0,False,
C_CARD523007,card,CARD523007,,,,1.0,False,
C_CARD523009,card,CARD523009,,,,1.0,False,
C_CARD523010,card,CARD523010,,,,1.0,False,
C_CARD523011,card,CARD523011,,,,1.0,False,
C_CARD523020,card,CARD523020,,,,1.0,False,
C_CARD523021,card,CARD523021,,,,1.0,False,
C_CARD523022,card,CARD523022,,,,1.0,False,
C_CARD523025,card,CARD523025,,,,1.0,False,
C_CARD523027,card,CARD523027,,,,1.0,False,
C_CARD523028,card,CARD523028,,,,1.0,False,
C_CARD523030,card,CARD523030,,,,1.0,False,
C_CARD523031,card,CARD523031,,,,1.0,False,
C_CARD523032,card,CARD523032,,,,1.0,False,
C_CARD523035,card,CARD523035,,,,1.0,False,
C_CARD523037,card,CARD523037,,,,1.0,False,
C_CARD523040,card,CARD523040,,,,1.0,False,
C_CARD523041,card,CARD523041,,,,1.0,False,
C_CARD523047,card,CARD523047,,,,1.0,False,
C_CARD523054,card,CARD523054,,,,1.0,False,
C_CARD523060,card,CARD523060,,,,1.0,False,
C_CARD523065,card,CARD523065,,,,1.0,False,
C_CARD523066,card,CARD523066,,,,1.0,False,
C_CARD523068,card,CARD523068,,,,1.0,False,
C_CARD523072,card,CARD523072,,,,1.0,False,
C_CARD523078,card,CARD523078,,,,1.0,False,
C_CARD523079,card,CARD523079,,,,1.0,False,
C_CARD523080,card,CARD523080,,,,1.0,False,
C_CARD523085,card,CARD523085,,,,1.0,False,
C_CARD523088,card,CARD523088,,,,1.0,False,
C_CARD523091,card,CARD523091,,,,1.0,False,
C_CARD523096,card,CARD523096,,,,1.0,False,
C_CARD523098,card,CARD523098,,,,1.0,False,
C_CARD523099,card,CARD523099,,,,1.0,False,
C_CARD523100,card,CARD523100,,,,1.0,False,
C_CARD523102,card,CARD523102,,,,1.0,False,
C_CARD523107,card,CARD523107,,,,1.0,False,
C_CARD523112,card,CARD523112,,,,1.0,False,
C_CARD523113,card,CARD523113,,,,1.0,False,
C_CARD523117,card,CARD523117,,,,1.0,False,
C_CARD523121,card,CARD523121,,,,1.0,False,
C_CARD523125,card,CARD523125,,,,1.0,False,
C_CARD523133,card,CARD523133,,,,1.0,False,
C_CARD523136,card,CARD523136,,,,1.0,False,
C_CARD523137,card,CARD523137,,,,1.0,False,
C_CARD523144,card,CARD523144,,,,1.0,False,
C_CARD523150,card,CARD523150,,,,1.0,False,
C_CARD523151,card,CARD523151,,,,1.0,False,
C_CARD523152,card,CARD523152,,,,1.0,False,
C_CARD523153,card,CARD523153,,,,1.0,False,
C_CARD523155,card,CARD523155,,,,1.0,False,
C_CARD523171,card,CARD523171,,,,1.0,False,
C_CARD523179,card,CARD523179,,,,1.0,False,
C_CARD523180,card,CARD523180,,,,1.0,False,
C_CARD523183,card,CARD523183,,,,1.0,False,
C_CARD523188,card,CARD523188,,,,1.0,False,
C_CARD523190,card,CARD523190,,,,1.0,False,
C_CARD523191,card,CARD523191,,,,1.0,False,
C_CARD523197,card,CARD523197,,,,1.0,False,
C_CARD523198,card,CARD523198,,,,1.0,False,
C_CARD523205,card,CARD523205,,,,1.0,False,
C_CARD523208,card,CARD523208,,,,1.0,False,
C_CARD523214,card,CARD523214,,,,1.0,False,
C_CARD523219,card,CARD523219,,,,1.0,False,
C_CARD523223,card,CARD523223,,,,1.0,False,
C_CARD523225,card,CARD523225,,,,1.0,False,
C_CARD523227,card,CARD523227,,,,1.0,False,
C_CARD523233,card,CARD523233,,,,1.0,False,
C_CARD523234,card,CARD523234,,,,1.0,False,
C_CARD523236,card,CARD523236,,,,1.0,False,
C_CARD523237,card,CARD523237,,,,1.0,False,
C_CARD523238,card,CARD523238,,,,1.0,False,
C_CARD523243,card,CARD523243,,,,1.0,False,
C_CARD523244,card,CARD523244,,,,1.0,False,
C_CARD523246,card,CARD523246,,,,1.0,False,
C_CARD523247,card,CARD523247,,,,1.0,False,
C_CARD523248,card,CARD523248,,,,1.0,False,
C_CARD523255,card,CARD523255,,,,1.0,False,
C_CARD523267,card,CARD523267,,,,1.0,False,
C_CARD523268,card,CARD523268,,,,1.0,False,
C_CARD523274,card,CARD523274,,,,1.0,False,
C_CARD523285,card,CARD523285,,,,1.0,False,
C_CARD523287,card,CARD523287,,,,1.0,False,
C_CARD523297,card,CARD523297,,,,1.0,False,
C_CARD523300,card,CARD523300,,,,1.0,False,
C_CARD523310,card,CARD523310,,,,1.0,False,
C_CARD523312,card,CARD523312,,,,1.0,False,
C_CARD523324,card,CARD523324,,,,1.0,False,
C_CARD523327,card,CARD523327,,,,1.0,False,
C_CARD523329,card,CARD523329,,,,1.0,False,
C_CARD523330,card,CARD523330,,,,1.0,False,
C_CARD523335,card,CARD523335,,,,1.0,False,
C_CARD523337,card,CARD523337,,,,1.0,False,
C_CARD523346,card,CARD523346,,,,1.0,False,
C_CARD523347,card,CARD523347,,,,1.0,False,
C_CARD523350,card,CARD523350,,,,1.0,False,
C_CARD523358,card,CARD523358,,,,1.0,False,
C_CARD523359,card,CARD523359,,,,1.0,False,
C_CARD523379,card,CARD523379,,,,1.0,False,
C_CARD523381,card,CARD523381,,,,1.0,False,
C_CARD523383,card,CARD523383,,,,1.0,False,
C_CARD523387,card,CARD523387,,,,1.0,False,
C_CARD523393,card,CARD523393,,,,1.0,False,
C_CARD523406,card,CARD523406,,,,1.0,False,
C_CARD523410,card,CARD523410,,,,1.0,False,
C_CARD523412,card,CARD523412,,,,1.0,False,
C_CARD523419,card,CARD523419,,,,1.0,False,
C_CARD523420,card,CARD523420,,,,1.0,False,
C_CARD523421,card,CARD523421,,,,1.0,False,
C_CARD523425,card,CARD523425,,,,1.0,False,
C_CARD523428,card,CARD523428,,,,1.0,False,
C_CARD523430,card,CARD523430,,,,1.0,False,
C_CARD523439,card,CARD523439,,,,1.0,False,
C_CARD523440,card,CARD523440,,,,1.0,False,
C_CARD523457,card,CARD523457,,,,1.0,False,
C_CARD523462,card,CARD523462,,,,1.0,False,
C_CARD523463,card,CARD523463,,,,1.0,False,
C_CARD523470,card,CARD523470,,,,1.0,False,
C_CARD523471,card,CARD523471,,,,1.0,False,
C_CARD523477,card,CARD523477,,,,1.0,False,
C_CARD523480,card,CARD523480,,,,1.0,False,
C_CARD523485,card,CARD523485,,,,1.0,False,
C_CARD523488,card,CARD523488,,,,1.0,False,
C_CARD523496,card,CARD523496,,,,1.0,False,
C_CARD523497,card,CARD523497,,,,1.0,False,
C_CARD523499,card,CARD523499,,,,1.0,False,
C_CARD523500,card,CARD523500,,,,1.0,False,
C_CARD523504,card,CARD523504,,,,1.0,False,
C_CARD523505,card,CARD523505,,,,1.0,False,
C_CARD523510,card,CARD523510,,,,1.0,False,
C_CARD523511,card,CARD523511,,,,1.0,False,
C_CARD523518,card,CARD523518,,,,1.0,False,
C_CARD523533,card,CARD523533,,,,1.0,False,
C_CARD523536,card,CARD523536,,,,1.0,False,
C_CARD523537,card,CARD523537,,,,1.0,False,
C_CARD523540,card,CARD523540,,,,1.0,False,
C_CARD523543,card,CARD523543,,,,1.0,False,
C_CARD523546,card,CARD523546,,,,1.0,False,
C_CARD523552,card,CARD523552,,,,1.0,False,
C_CARD523553,card,CARD523553,,,,1.0,False,
C_CARD523556,card,CARD523556,,,,1.0,False,
C_CARD523559,card,CARD523559,,,,1.0,False,
C_CARD523567,card,CARD523567,,,,1.0,False,
C_CARD523569,card,CARD523569,,,,1.0,False,
C_CARD523571,card,CARD523571,,,,1.0,False,
C_CARD523576,card,CARD523576,,,,1.0,False,
C_CARD523577,card,CARD523577,,,,1.0,False,
C_CARD523578,card,CARD523578,,,,1.0,False,
C_CARD523579,card,CARD523579,,,,1.0,False,
C_CARD523582,card,CARD523582,,,,1.0,False,
C_CARD523590,card,CARD523590,,,,1.0,False,
C_CARD523591,card,CARD523591,,,,1.0,False,
C_CARD523595,card,CARD523595,,,,1.0,False,
C_CARD523597,card,CARD523597,,,,1.0,False,
C_CARD523607,card,CARD523607,,,,1.0,False,
C_CARD523619,card,CARD523619,,,,1.0,False,
C_CARD523631,card,CARD523631,,,,1.0,False,
C_CARD523633,card,CARD523633,,,,1.0,False,
C_CARD523634,card,CARD523634,,,,1.0,False,
C_CARD523635,card,CARD523635,,,,1.0,False,
C_CARD523637,card,CARD523637,,,,1.0,False,
C_CARD523640,card,CARD523640,,,,1.0,False,
C_CARD523644,card,CARD523644,,,,1.0,False,
C_CARD523653,card,CARD523653,,,,1.0,False,
C_CARD523660,card,CARD523660,,,,1.0,False,
C_CARD523662,card,CARD523662,,,,1.0,False,
C_CARD523665,card,CARD523665,,,,1.0,False,
C_CARD523668,card,CARD523668,,,,1.0,False,
C_CARD523674,card,CARD523674,,,,1.0,False,
C_CARD523676,card,CARD523676,,,,1.0,False,
C_CARD523678,card,CARD523678,,,,1.0,False,
C_CARD523685,card,CARD523685,,,,1.0,False,
C_CARD523687,card,CARD523687,,,,1.0,False,
C_CARD523693,card,CARD523693,,,,1.0,False,
C_CARD523699,card,CARD523699,,,,1.0,False,
C_CARD523700,card,CARD523700,,,,1.0,False,
C_CARD523701,card,CARD523701,,,,1.0,False,
C_CARD523703,card,CARD523703,,,,1.0,False,
C_CARD523704,card,CARD523704,,,,1.0,False,
C_CARD523716,card,CARD523716,,,,1.0,False,
C_CARD523720,card,CARD523720,,,,1.0,False,
C_CARD523724,card,CARD523724,,,,1.0,False,
C_CARD523725,card,CARD523725,,,,1.0,False,
C_CARD523727,card,CARD523727,,,,1.0,False,
C_CARD523728,card,CARD523728,,,,1.0,False,
C_CARD523729,card,CARD523729,,,,1.0,False,
C_CARD523730,card,CARD523730,,,,1.0,False,
C_CARD523731,card,CARD523731,,,,1.0,False,
C_CARD523732,card,CARD523732,,,,1.0,False,
C_CARD523737,card,CARD523737,,,,1.0,False,
C_CARD523746,card,CARD523746,,,,1.0,False,
C_CARD523751,card,CARD523751,,,,1.0,False,
C_CARD523756,card,CARD523756,,,,1.0,False,
C_CARD523760,card,CARD523760,,,,1.0,False,
C_CARD523765,card,CARD523765,,,,1.0,False,
C_CARD523768,card,CARD523768,,,,1.0,False,
C_CARD523770,card,CARD523770,,,,1.0,False,
C_CARD523771,card,CARD523771,,,,1.0,False,
C_CARD523772,card,CARD523772,,,,1.0,False,
C_CARD523774,card,CARD523774,,,,1.0,False,
C_CARD523776,card,CARD523776,,,,1.0,False,
C_CARD523777,card,CARD523777,,,,1.0,False,
C_CARD523788,card,CARD523788,,,,1.0,False,
C_CARD523789,card,CARD523789,,,,1.0,False,
C_CARD523790,card,CARD523790,,,,1.0,False,
C_CARD523801,card,CARD523801,,,,1.0,False,
C_CARD523803,card,CARD523803,,,,1.0,False,
C_CARD523808,card,CARD523808,,,,1.0,False,
C_CARD523817,card,CARD523817,,,,1.0,False,
C_CARD523823,card,CARD523823,,,,1.0,False,
C_CARD523836,card,CARD523836,,,,1.0,False,
C_CARD523839,card,CARD523839,,,,1.0,False,
C_CARD523840,card,CARD523840,,,,1.0,False,
C_CARD523842,card,CARD523842,,,,1.0,False,
C_CARD523843,card,CARD523843,,,,1.0,False,
C_CARD523844,card,CARD523844,,,,1.0,False,
C_CARD523850,card,CARD523850,,,,1.0,False,
C_CARD523855,card,CARD523855,,,,1.0,False,
C_CARD523856,card,CARD523856,,,,1.0,False,
C_CARD523859,card,CARD523859,,,,1.0,False,
C_CARD523861,card,CARD523861,,,,1.0,False,
C_CARD523863,card,CARD523863,,,,1.0,False,
C_CARD523865,card,CARD523865,,,,1.0,False,
C_CARD523866,card,CARD523866,,,,1.0,False,
C_CARD523867,card,CARD523867,,,,1.0,False,
C_CARD523880,card,CARD523880,,,,1.0,False,
C_CARD523884,card,CARD523884,,,,1.0,False,
C_CARD523887,card,CARD523887,,,,1.0,False,
C_CARD523888,card,CARD523888,,,,1.0,False,
C_CARD523894,card,CARD523894,,,,1.0,False,
C_CARD523896,card,CARD523896,,,,1.0,False,
C_CARD523899,card,CARD523899,,,,1.0,False,
C_CARD523900,card,CARD523900,,,,1.0,False,
C_CARD523905,card,CARD523905,,,,1.0,False,
C_CARD523907,card,CARD523907,,,,1.0,False,
C_CARD523916,card,CARD523916,,,,1.0,False,
C_CARD523919,card,CARD523919,,,,1.0,False,
C_CARD523920,card,CARD523920,,,,1.0,False,
C_CARD523924,card,CARD523924,,,,1.0,False,
C_CARD523925,card,CARD523925,,,,1.0,False,
C_CARD523930,card,CARD523930,,,,1.0,False,
C_CARD523931,card,CARD523931,,,,1.0,False,
C_CARD523933,card,CARD523933,,,,1.0,False,
C_CARD523935,card,CARD523935,,,,1.0,False,
C_CARD523938,card,CARD523938,,,,1.0,False,
C_CARD523939,card,CARD523939,,,,1.0,False,
C_CARD523943,card,CARD523943,,,,1.0,False,
C_CARD523946,card,CARD523946,,,,1.0,False,
C_CARD523947,card,CARD523947,,,,1.0,False,
C_CARD523962,card,CARD523962,,,,1.0,False,
C_CARD523963,card,CARD523963,,,,1.0,False,
C_CARD523990,card,CARD523990,,,,1.0,False,
C_CARD523995,card,CARD523995,,,,1.0,False,
C_CARD523996,card,CARD523996,,,,1.0,False,
C_CARD524000,card,CARD524000,,,,1.0,False,
C_CARD524002,card,CARD524002,,,,1.0,False,
C_CARD524003,card,CARD524003,,,,1.0,False,
C_CARD524005,card,CARD524005,,,,1.0,False,
C_CARD524016,card,CARD524016,,,,1.0,False,
C_CARD524026,card,CARD524026,,,,1.0,False,
C_CARD524034,card,CARD524034,,,,1.0,False,
C_CARD524037,card,CARD524037,,,,1.0,False,
C_CARD524039,card,CARD524039,,,,1.0,False,
C_CARD524041,card,CARD524041,,,,1.0,False,
C_CARD524042,card,CARD524042,,,,1.0,False,
C_CARD524048,card,CARD524048,,,,1.0,False,
C_CARD524049,card,CARD524049,,,,1.0,False,
C_CARD524052,card,CARD524052,,,,1.0,False,
C_CARD524060,card,CARD524060,,,,1.0,False,
C_CARD524062,card,CARD524062,,,,1.0,False,
C_CARD524064,card,CARD524064,,,,1.0,False,
C_CARD524067,card,CARD524067,,,,1.0,False,
C_CARD524069,card,CARD524069,,,,1.0,False,
C_CARD524082,card,CARD524082,,,,1.0,False,
C_CARD524087,card,CARD524087,,,,1.0,False,
C_CARD524094,card,CARD524094,,,,1.0,False,
C_CARD524097,card,CARD524097,,,,1.0,False,
C_CARD524118,card,CARD524118,,,,1.0,False,
C_CARD524119,card,CARD524119,,,,1.0,False,
C_CARD524122,card,CARD524122,,,,1.0,False,
C_CARD524131,card,CARD524131,,,,1.0,False,
C_CARD524133,card,CARD524133,,,,1.0,False,
C_CARD524135,card,CARD524135,,,,1.0,False,
C_CARD524139,card,CARD524139,,,,1.0,False,
C_CARD524143,card,CARD524143,,,,1.0,False,
C_CARD524147,card,CARD524147,,,,1.0,False,
C_CARD524151,card,CARD524151,,,,1.0,False,
C_CARD524157,card,CARD524157,,,,1.0,False,
C_CARD524159,card,CARD524159,,,,1.0,False,
C_CARD524161,card,CARD524161,,,,1.0,False,
C_CARD524164,card,CARD524164,,,,1.0,False,
C_CARD524169,card,CARD524169,,,,1.0,False,
C_CARD524175,card,CARD524175,,,,1.0,False,
C_CARD524176,card,CARD524176,,,,1.0,False,
C_CARD524177,card,CARD524177,,,,1.0,False,
C_CARD524184,card,CARD524184,,,,1.0,False,
C_CARD524185,card,CARD524185,,,,1.0,False,
C_CARD524188,card,CARD524188,,,,1.0,False,
C_CARD524199,card,CARD524199,,,,1.0,False,
C_CARD524200,card,CARD524200,,,,1.0,False,
C_CARD524203,card,CARD524203,,,,1.0,False,
C_CARD524207,card,CARD524207,,,,1.0,False,
C_CARD524211,card,CARD524211,,,,1.0,False,
C_CARD524219,card,CARD524219,,,,1.0,False,
C_CARD524220,card,CARD524220,,,,1.0,False,
C_CARD524226,card,CARD524226,,,,1.0,False,
C_CARD524227,card,CARD524227,,,,1.0,False,
C_CARD524229,card,CARD524229,,,,1.0,False,
C_CARD524231,card,CARD524231,,,,1.0,False,
C_CARD524233,card,CARD524233,,,,1.0,False,
C_CARD524234,card,CARD524234,,,,1.0,False,
C_CARD524240,card,CARD524240,,,,1.0,False,
C_CARD524245,card,CARD524245,,,,1.0,False,
C_CARD524247,card,CARD524247,,,,1.0,False,
C_CARD524254,card,CARD524254,,,,1.0,False,
C_CARD524256,card,CARD524256,,,,1.0,False,
C_CARD524258,card,CARD524258,,,,1.0,False,
C_CARD524266,card,CARD524266,,,,1.0,False,
C_CARD524268,card,CARD524268,,,,1.0,False,
C_CARD524269,card,CARD524269,,,,1.0,False,
C_CARD524280,card,CARD524280,,,,1.0,False,
C_CARD524281,card,CARD524281,,,,1.0,False,
C_CARD524287,card,CARD524287,,,,1.0,False,
C_CARD524288,card,CARD524288,,,,1.0,False,
C_CARD524293,card,CARD524293,,,,1.0,False,
C_CARD524295,card,CARD524295,,,,1.0,False,
C_CARD524305,card,CARD524305,,,,1.0,False,
C_CARD524306,card,CARD524306,,,,1.0,False,
C_CARD524308,card,CARD524308,,,,1.0,False,
C_CARD524325,card,CARD524325,,,,1.0,False,
C_CARD524330,card,CARD524330,,,,1.0,False,
C_CARD524334,card,CARD524334,,,,1.0,False,
C_CARD524335,card,CARD524335,,,,1.0,False,
C_CARD524341,card,CARD524341,,,,1.0,False,
C_CARD524342,card,CARD524342,,,,1.0,False,
C_CARD524343,card,CARD524343,,,,1.0,False,
C_CARD524345,card,CARD524345,,,,1.0,False,
C_CARD524360,card,CARD524360,,,,1.0,False,
C_CARD524372,card,CARD524372,,,,1.0,False,
C_CARD524377,card,CARD524377,,,,1.0,False,
C_CARD524380,card,CARD524380,,,,1.0,False,
C_CARD524382,card,CARD524382,,,,1.0,False,
C_CARD524386,card,CARD524386,,,,1.0,False,
C_CARD524393,card,CARD524393,,,,1.0,False,
C_CARD524395,card,CARD524395,,,,1.0,False,
C_CARD524402,card,CARD524402,,,,1.0,False,
C_CARD524406,card,CARD524406,,,,1.0,False,
C_CARD524409,card,CARD524409,,,,1.0,False,
C_CARD524412,card,CARD524412,,,,1.0,False,
C_CARD524418,card,CARD524418,,,,1.0,False,
C_CARD524422,card,CARD524422,,,,1.0,False,
C_CARD524426,card,CARD524426,,,,1.0,False,
C_CARD524431,card,CARD524431,,,,1.0,False,
C_CARD524432,card,CARD524432,,,,1.0,False,
C_CARD524435,card,CARD524435,,,,1.0,False,
C_CARD524440,card,CARD524440,,,,1.0,False,
C_CARD524455,card,CARD524455,,,,1.0,False,
C_CARD524456,card,CARD524456,,,,1.0,False,
C_CARD524463,card,CARD524463,,,,1.0,False,
C_CARD524467,card,CARD524467,,,,1.0,False,
C_CARD524468,card,CARD524468,,,,1.0,False,
C_CARD524473,card,CARD524473,,,,1.0,False,
C_CARD524491,card,CARD524491,,,,1.0,False,
C_CARD524495,card,CARD524495,,,,1.0,False,
C_CARD524500,card,CARD524500,,,,1.0,False,
C_CARD524501,card,CARD524501,,,,1.0,False,
C_CARD524506,card,CARD524506,,,,1.0,False,
C_CARD524507,card,CARD524507,,,,1.0,False,
C_CARD524509,card,CARD524509,,,,1.0,False,
C_CARD524514,card,CARD524514,,,,1.0,False,
C_CARD524521,card,CARD524521,,,,1.0,False,
C_CARD524527,card,CARD524527,,,,1.0,False,
C_CARD524528,card,CARD524528,,,,1.0,False,
C_CARD524532,card,CARD524532,,,,1.0,False,
C_CARD524534,card,CARD524534,,,,1.0,False,
C_CARD524536,card,CARD524536,,,,1.0,False,
C_CARD524539,card,CARD524539,,,,1.0,False,
C_CARD524548,card,CARD524548,,,,1.0,False,
C_CARD524551,card,CARD524551,,,,1.0,False,
C_CARD524556,card,CARD524556,,,,1.0,False,
C_CARD524557,card,CARD524557,,,,1.0,False,
C_CARD524564,card,CARD524564,,,,1.0,False,
C_CARD524567,card,CARD524567,,,,1.0,False,
C_CARD524568,card,CARD524568,,,,1.0,False,
C_CARD524571,card,CARD524571,,,,1.0,False,
C_CARD524572,card,CARD524572,,,,1.0,False,
C_CARD524573,card,CARD524573,,,,1.0,False,
C_CARD524577,card,CARD524577,,,,1.0,False,
C_CARD524580,card,CARD524580,,,,1.0,False,
C_CARD524583,card,CARD524583,,,,1.0,False,
C_CARD524586,card,CARD524586,,,,1.0,False,
C_CARD524593,card,CARD524593,,,,1.0,False,
C_CARD524594,card,CARD524594,,,,1.0,False,
C_CARD524598,card,CARD524598,,,,1.0,False,
C_CARD524599,card,CARD524599,,,,1.0,False,
C_CARD524605,card,CARD524605,,,,1.0,False,
C_CARD524613,card,CARD524613,,,,1.0,False,
C_CARD524614,card,CARD524614,,,,1.0,False,
C_CARD524618,card,CARD524618,,,,1.0,False,
C_CARD524619,card,CARD524619,,,,1.0,False,
C_CARD524621,card,CARD524621,,,,1.0,False,
C_CARD524625,card,CARD524625,,,,1.0,False,
C_CARD524627,card,CARD524627,,,,1.0,False,
C_CARD524630,card,CARD524630,,,,1.0,False,
C_CARD524632,card,CARD524632,,,,1.0,False,
C_CARD524636,card,CARD524636,,,,1.0,False,
C_CARD524643,card,CARD524643,,,,1.0,False,
C_CARD524644,card,CARD524644,,,,1.0,False,
C_CARD524645,card,CARD524645,,,,1.0,False,
C_CARD524646,card,CARD524646,,,,1.0,False,
C_CARD524652,card,CARD524652,,,,1.0,False,
C_CARD524656,card,CARD524656,,,,1.0,False,
C_CARD524658,card,CARD524658,,,,1.0,False,
C_CARD524659,card,CARD524659,,,,1.0,False,
C_CARD524663,card,CARD524663,,,,1.0,False,
C_CARD524667,card,CARD524667,,,,1.0,False,
C_CARD524668,card,CARD524668,,,,1.0,False,
C_CARD524669,card,CARD524669,,,,1.0,False,
C_CARD524670,card,CARD524670,,,,1.0,False,
C_CARD524671,card,CARD524671,,,,1.0,False,
C_CARD524679,card,CARD524679,,,,1.0,False,
C_CARD524692,card,CARD524692,,,,1.0,False,
C_CARD524705,card,CARD524705,,,,1.0,False,
C_CARD524706,card,CARD524706,,,,1.0,False,
C_CARD524711,card,CARD524711,,,,1.0,False,
C_CARD524722,card,CARD524722,,,,1.0,False,
C_CARD524723,card,CARD524723,,,,1.0,False,
C_CARD524725,card,CARD524725,,,,1.0,False,
C_CARD524731,card,CARD524731,,,,1.0,False,
C_CARD524734,card,CARD524734,,,,1.0,False,
C_CARD524747,card,CARD524747,,,,1.0,False,
C_CARD524750,card,CARD524750,,,,1.0,False,
C_CARD524751,card,CARD524751,,,,1.0,False,
C_CARD524752,card,CARD524752,,,,1.0,False,
C_CARD524753,card,CARD524753,,,,1.0,False,
C_CARD524756,card,CARD524756,,,,1.0,False,
C_CARD524759,card,CARD524759,,,,1.0,False,
C_CARD524761,card,CARD524761,,,,1.0,False,
C_CARD524762,card,CARD524762,,,,1.0,False,
C_CARD524766,card,CARD524766,,,,1.0,False,
C_CARD524768,card,CARD524768,,,,1.0,False,
C_CARD524781,card,CARD524781,,,,1.0,False,
C_CARD524782,card,CARD524782,,,,1.0,False,
C_CARD524784,card,CARD524784,,,,1.0,False,
C_CARD524786,card,CARD524786,,,,1.0,False,
C_CARD524787,card,CARD524787,,,,1.0,False,
C_CARD524792,card,CARD524792,,,,1.0,False,
C_CARD524793,card,CARD524793,,,,1.0,False,
C_CARD524796,card,CARD524796,,,,1.0,False,
C_CARD524799,card,CARD524799,,,,1.0,False,
C_CARD524800,card,CARD524800,,,,1.0,False,
C_CARD524802,card,CARD524802,,,,1.0,False,
C_CARD524807,card,CARD524807,,,,1.0,False,
C_CARD524813,card,CARD524813,,,,1.0,False,
C_CARD524815,card,CARD524815,,,,1.0,False,
C_CARD524821,card,CARD524821,,,,1.0,False,
C_CARD524827,card,CARD524827,,,,1.0,False,
C_CARD524829,card,CARD524829,,,,1.0,False,
C_CARD524830,card,CARD524830,,,,1.0,False,
C_CARD524832,card,CARD524832,,,,1.0,False,
C_CARD524835,card,CARD524835,,,,1.0,False,
C_CARD524837,card,CARD524837,,,,1.0,False,
C_CARD524843,card,CARD524843,,,,1.0,False,
C_CARD524850,card,CARD524850,,,,1.0,False,
C_CARD524853,card,CARD524853,,,,1.0,False,
C_CARD524854,card,CARD524854,,,,1.0,False,
C_CARD524861,card,CARD524861,,,,1.0,False,
C_CARD524865,card,CARD524865,,,,1.0,False,
C_CARD524871,card,CARD524871,,,,1.0,False,
C_CARD524872,card,CARD524872,,,,1.0,False,
C_CARD524876,card,CARD524876,,,,1.0,False,
C_CARD524878,card,CARD524878,,,,1.0,False,
C_CARD524879,card,CARD524879,,,,1.0,False,
C_CARD524880,card,CARD524880,,,,1.0,False,
C_CARD524881,card,CARD524881,,,,1.0,False,
C_CARD524882,card,CARD524882,,,,1.0,False,
C_CARD524885,card,CARD524885,,,,1.0,False,
C_CARD524892,card,CARD524892,,,,1.0,False,
C_CARD524895,card,CARD524895,,,,1.0,False,
C_CARD524896,card,CARD524896,,,,1.0,False,
C_CARD524897,card,CARD524897,,,,1.0,False,
C_CARD524899,card,CARD524899,,,,1.0,False,
C_CARD524900,card,CARD524900,,,,1.0,False,
C_CARD524901,card,CARD524901,,,,1.0,False,
C_CARD524902,card,CARD524902,,,,1.0,False,
C_CARD524914,card,CARD524914,,,,1.0,False,
C_CARD524919,card,CARD524919,,,,1.0,False,
C_CARD524920,card,CARD524920,,,,1.0,False,
C_CARD524929,card,CARD524929,,,,1.0,False,
C_CARD524934,card,CARD524934,,,,1.0,False,
C_CARD524939,card,CARD524939,,,,1.0,False,
C_CARD524941,card,CARD524941,,,,1.0,False,
C_CARD524944,card,CARD524944,,,,1.0,False,
C_CARD524946,card,CARD524946,,,,1.0,False,
C_CARD524950,card,CARD524950,,,,1.0,False,
C_CARD524953,card,CARD524953,,,,1.0,False,
C_CARD524964,card,CARD524964,,,,1.0,False,
C_CARD524966,card,CARD524966,,,,1.0,False,
C_CARD524976,card,CARD524976,,,,1.0,False,
C_CARD524979,card,CARD524979,,,,1.0,False,
C_CARD524984,card,CARD524984,,,,1.0,False,
C_CARD524987,card,CARD524987,,,,1.0,False,
C_CARD524989,card,CARD524989,,,,1.0,False,
C_CARD524997,card,CARD524997,,,,1.0,False,
C_CARD525002,card,CARD525002,,,,1.0,False,
C_CARD525012,card,CARD525012,,,,1.0,False,
C_CARD525015,card,CARD525015,,,,1.0,False,
C_CARD525016,card,CARD525016,,,,1.0,False,
C_CARD525029,card,CARD525029,,,,1.0,False,
C_CARD525030,card,CARD525030,,,,1.0,False,
C_CARD525038,card,CARD525038,,,,1.0,False,
C_CARD525039,card,CARD525039,,,,1.0,False,
C_CARD525042,card,CARD525042,,,,1.0,False,
C_CARD525044,card,CARD525044,,,,1.0,False,
C_CARD525051,card,CARD525051,,,,1.0,False,
C_CARD525053,card,CARD525053,,,,1.0,False,
C_CARD525055,card,CARD525055,,,,1.0,False,
C_CARD525056,card,CARD525056,,,,1.0,False,
C_CARD525064,card,CARD525064,,,,1.0,False,
C_CARD525078,card,CARD525078,,,,1.0,False,
C_CARD525079,card,CARD525079,,,,1.0,False,
C_CARD525087,card,CARD525087,,,,1.0,False,
C_CARD525089,card,CARD525089,,,,1.0,False,
C_CARD525090,card,CARD525090,,,,1.0,False,
C_CARD525095,card,CARD525095,,,,1.0,False,
C_CARD525100,card,CARD525100,,,,1.0,False,
C_CARD525110,card,CARD525110,,,,1.0,False,
C_CARD525121,card,CARD525121,,,,1.0,False,
C_CARD525125,card,CARD525125,,,,1.0,False,
C_CARD525127,card,CARD525127,,,,1.0,False,
C_CARD525134,card,CARD525134,,,,1.0,False,
C_CARD525136,card,CARD525136,,,,1.0,False,
C_CARD525139,card,CARD525139,,,,1.0,False,
C_CARD525140,card,CARD525140,,,,1.0,False,
C_CARD525146,card,CARD525146,,,,1.0,False,
C_CARD525149,card,CARD525149,,,,1.0,False,
C_CARD525151,card,CARD525151,,,,1.0,False,
C_CARD525156,card,CARD525156,,,,1.0,False,
C_CARD525158,card,CARD525158,,,,1.0,False,
C_CARD525160,card,CARD525160,,,,1.0,False,
C_CARD525171,card,CARD525171,,,,1.0,False,
C_CARD525177,card,CARD525177,,,,1.0,False,
C_CARD525179,card,CARD525179,,,,1.0,False,
C_CARD525181,card,CARD525181,,,,1.0,False,
C_CARD525186,card,CARD525186,,,,1.0,False,
C_CARD525192,card,CARD525192,,,,1.0,False,
C_CARD525195,card,CARD525195,,,,1.0,False,
C_CARD525198,card,CARD525198,,,,1.0,False,
C_CARD525199,card,CARD525199,,,,1.0,False,
C_CARD525200,card,CARD525200,,,,1.0,False,
C_CARD525203,card,CARD525203,,,,1.0,False,
C_CARD525206,card,CARD525206,,,,1.0,False,
C_CARD525219,card,CARD525219,,,,1.0,False,
C_CARD525238,card,CARD525238,,,,1.0,False,
C_CARD525239,card,CARD525239,,,,1.0,False,
C_CARD525241,card,CARD525241,,,,1.0,False,
C_CARD525243,card,CARD525243,,,,1.0,False,
C_CARD525249,card,CARD525249,,,,1.0,False,
C_CARD525250,card,CARD525250,,,,1.0,False,
C_CARD525256,card,CARD525256,,,,1.0,False,
C_CARD525258,card,CARD525258,,,,1.0,False,
C_CARD525262,card,CARD525262,,,,1.0,False,
C_CARD525264,card,CARD525264,,,,1.0,False,
C_CARD525266,card,CARD525266,,,,1.0,False,
C_CARD525267,card,CARD525267,,,,1.0,False,
C_CARD525271,card,CARD525271,,,,1.0,False,
C_CARD525276,card,CARD525276,,,,1.0,False,
C_CARD525279,card,CARD525279,,,,1.0,False,
C_CARD525287,card,CARD525287,,,,1.0,False,
C_CARD525289,card,CARD525289,,,,1.0,False,
C_CARD525293,card,CARD525293,,,,1.0,False,
C_CARD525298,card,CARD525298,,,,1.0,False,
C_CARD525299,card,CARD525299,,,,1.0,False,
C_CARD525300,card,CARD525300,,,,1.0,False,
C_CARD525302,card,CARD525302,,,,1.0,False,
C_CARD525304,card,CARD525304,,,,1.0,False,
C_CARD525306,card,CARD525306,,,,1.0,False,
C_CARD525309,card,CARD525309,,,,1.0,False,
C_CARD525313,card,CARD525313,,,,1.0,False,
C_CARD525315,card,CARD525315,,,,1.0,False,
C_CARD525316,card,CARD525316,,,,1.0,False,
C_CARD525322,card,CARD525322,,,,1.0,False,
C_CARD525327,card,CARD525327,,,,1.0,False,
C_CARD525328,card,CARD525328,,,,1.0,False,
C_CARD525329,card,CARD525329,,,,1.0,False,
C_CARD525334,card,CARD525334,,,,1.0,False,
C_CARD525337,card,CARD525337,,,,1.0,False,
C_CARD525340,card,CARD525340,,,,1.0,False,
C_CARD525343,card,CARD525343,,,,1.0,False,
C_CARD525345,card,CARD525345,,,,1.0,False,
C_CARD525347,card,CARD525347,,,,1.0,False,
C_CARD525348,card,CARD525348,,,,1.0,False,
C_CARD525351,card,CARD525351,,,,1.0,False,
C_CARD525353,card,CARD525353,,,,1.0,False,
C_CARD525355,card,CARD525355,,,,1.0,False,
C_CARD525357,card,CARD525357,,,,1.0,False,
C_CARD525359,card,CARD525359,,,,1.0,False,
C_CARD525363,card,CARD525363,,,,1.0,False,
C_CARD525369,card,CARD525369,,,,1.0,False,
C_CARD525377,card,CARD525377,,,,1.0,False,
C_CARD525379,card,CARD525379,,,,1.0,False,
C_CARD525380,card,CARD525380,,,,1.0,False,
C_CARD525385,card,CARD525385,,,,1.0,False,
C_CARD525388,card,CARD525388,,,,1.0,False,
C_CARD525389,card,CARD525389,,,,1.0,False,
C_CARD525394,card,CARD525394,,,,1.0,False,
C_CARD525395,card,CARD525395,,,,1.0,False,
C_CARD525400,card,CARD525400,,,,1.0,False,
C_CARD525401,card,CARD525401,,,,1.0,False,
C_CARD525405,card,CARD525405,,,,1.0,False,
C_CARD525410,card,CARD525410,,,,1.0,False,
C_CARD525412,card,CARD525412,,,,1.0,False,
C_CARD525431,card,CARD525431,,,,1.0,False,
C_CARD525437,card,CARD525437,,,,1.0,False,
C_CARD525438,card,CARD525438,,,,1.0,False,
C_CARD525440,card,CARD525440,,,,1.0,False,
C_CARD525442,card,CARD525442,,,,1.0,False,
C_CARD525443,card,CARD525443,,,,1.0,False,
C_CARD525444,card,CARD525444,,,,1.0,False,
C_CARD525446,card,CARD525446,,,,1.0,False,
C_CARD525450,card,CARD525450,,,,1.0,False,
C_CARD525453,card,CARD525453,,,,1.0,False,
C_CARD525455,card,CARD525455,,,,1.0,False,
C_CARD525456,card,CARD525456,,,,1.0,False,
C_CARD525457,card,CARD525457,,,,1.0,False,
C_CARD525458,card,CARD525458,,,,1.0,False,
C_CARD525463,card,CARD525463,,,,1.0,False,
C_CARD525472,card,CARD525472,,,,1.0,False,
C_CARD525474,card,CARD525474,,,,1.0,False,
C_CARD525477,card,CARD525477,,,,1.0,False,
C_CARD525478,card,CARD525478,,,,1.0,False,
C_CARD525481,card,CARD525481,,,,1.0,False,
C_CARD525483,card,CARD525483,,,,1.0,False,
C_CARD525486,card,CARD525486,,,,1.0,False,
C_CARD525489,card,CARD525489,,,,1.0,False,
C_CARD525493,card,CARD525493,,,,1.0,False,
C_CARD525505,card,CARD525505,,,,1.0,False,
C_CARD525518,card,CARD525518,,,,1.0,False,
C_CARD525520,card,CARD525520,,,,1.0,False,
C_CARD525522,card,CARD525522,,,,1.0,False,
C_CARD525523,card,CARD525523,,,,1.0,False,
C_CARD525528,card,CARD525528,,,,1.0,False,
C_CARD525531,card,CARD525531,,,,1.0,False,
C_CARD525532,card,CARD525532,,,,1.0,False,
C_CARD525538,card,CARD525538,,,,1.0,False,
C_CARD525540,card,CARD525540,,,,1.0,False,
C_CARD525543,card,CARD525543,,,,1.0,False,
C_CARD525544,card,CARD525544,,,,1.0,False,
C_CARD525548,card,CARD525548,,,,1.0,False,
C_CARD525552,card,CARD525552,,,,1.0,False,
C_CARD525554,card,CARD525554,,,,1.0,False,
C_CARD525561,card,CARD525561,,,,1.0,False,
C_CARD525562,card,CARD525562,,,,1.0,False,
C_CARD525564,card,CARD525564,,,,1.0,False,
C_CARD525566,card,CARD525566,,,,1.0,False,
C_CARD525572,card,CARD525572,,,,1.0,False,
C_CARD525573,card,CARD525573,,,,1.0,False,
C_CARD525577,card,CARD525577,,,,1.0,False,
C_CARD525586,card,CARD525586,,,,1.0,False,
C_CARD525587,card,CARD525587,,,,1.0,False,
C_CARD525588,card,CARD525588,,,,1.0,False,
C_CARD525589,card,CARD525589,,,,1.0,False,
C_CARD525593,card,CARD525593,,,,1.0,False,
C_CARD525594,card,CARD525594,,,,1.0,False,
C_CARD525617,card,CARD525617,,,,1.0,False,
C_CARD525618,card,CARD525618,,,,1.0,False,
C_CARD525621,card,CARD525621,,,,1.0,False,
C_CARD525625,card,CARD525625,,,,1.0,False,
C_CARD525631,card,CARD525631,,,,1.0,False,
C_CARD525632,card,CARD525632,,,,1.0,False,
C_CARD525634,card,CARD525634,,,,1.0,False,
C_CARD525635,card,CARD525635,,,,1.0,False,
C_CARD525636,card,CARD525636,,,,1.0,False,
C_CARD525644,card,CARD525644,,,,1.0,False,
C_CARD525646,card,CARD525646,,,,1.0,False,
C_CARD525647,card,CARD525647,,,,1.0,False,
C_CARD525648,card,CARD525648,,,,1.0,False,
C_CARD525655,card,CARD525655,,,,1.0,False,
C_CARD525659,card,CARD525659,,,,1.0,False,
C_CARD525660,card,CARD525660,,,,1.0,False,
C_CARD525663,card,CARD525663,,,,1.0,False,
C_CARD525666,card,CARD525666,,,,1.0,False,
C_CARD525670,card,CARD525670,,,,1.0,False,
C_CARD525674,card,CARD525674,,,,1.0,False,
C_CARD525679,card,CARD525679,,,,1.0,False,
C_CARD525686,card,CARD525686,,,,1.0,False,
C_CARD525688,card,CARD525688,,,,1.0,False,
C_CARD525693,card,CARD525693,,,,1.0,False,
C_CARD525698,card,CARD525698,,,,1.0,False,
C_CARD525704,card,CARD525704,,,,1.0,False,
C_CARD525705,card,CARD525705,,,,1.0,False,
C_CARD525707,card,CARD525707,,,,1.0,False,
C_CARD525712,card,CARD525712,,,,1.0,False,
C_CARD525716,card,CARD525716,,,,1.0,False,
C_CARD525718,card,CARD525718,,,,1.0,False,
C_CARD525722,card,CARD525722,,,,1.0,False,
C_CARD525726,card,CARD525726,,,,1.0,False,
C_CARD525727,card,CARD525727,,,,1.0,False,
C_CARD525729,card,CARD525729,,,,1.0,False,
C_CARD525731,card,CARD525731,,,,1.0,False,
C_CARD525734,card,CARD525734,,,,1.0,False,
C_CARD525736,card,CARD525736,,,,1.0,False,
C_CARD525744,card,CARD525744,,,,1.0,False,
C_CARD525747,card,CARD525747,,,,1.0,False,
C_CARD525749,card,CARD525749,,,,1.0,False,
C_CARD525754,card,CARD525754,,,,1.0,False,
C_CARD525756,card,CARD525756,,,,1.0,False,
C_CARD525761,card,CARD525761,,,,1.0,False,
C_CARD525762,card,CARD525762,,,,1.0,False,
C_CARD525764,card,CARD525764,,,,1.0,False,
C_CARD525765,card,CARD525765,,,,1.0,False,
C_CARD525766,card,CARD525766,,,,1.0,False,
C_CARD525772,card,CARD525772,,,,1.0,False,
C_CARD525774,card,CARD525774,,,,1.0,False,
C_CARD525775,card,CARD525775,,,,1.0,False,
C_CARD525780,card,CARD525780,,,,1.0,False,
C_CARD525783,card,CARD525783,,,,1.0,False,
C_CARD525784,card,CARD525784,,,,1.0,False,
C_CARD525787,card,CARD525787,,,,1.0,False,
C_CARD525794,card,CARD525794,,,,1.0,False,
C_CARD525821,card,CARD525821,,,,1.0,False,
C_CARD525825,card,CARD525825,,,,1.0,False,
C_CARD525827,card,CARD525827,,,,1.0,False,
C_CARD525832,card,CARD525832,,,,1.0,False,
C_CARD525834,card,CARD525834,,,,1.0,False,
C_CARD525842,card,CARD525842,,,,1.0,False,
C_CARD525843,card,CARD525843,,,,1.0,False,
C_CARD525846,card,CARD525846,,,,1.0,False,
C_CARD525847,card,CARD525847,,,,1.0,False,
C_CARD525849,card,CARD525849,,,,1.0,False,
C_CARD525851,card,CARD525851,,,,1.0,False,
C_CARD525854,card,CARD525854,,,,1.0,False,
C_CARD525855,card,CARD525855,,,,1.0,False,
C_CARD525858,card,CARD525858,,,,1.0,False,
C_CARD525859,card,CARD525859,,,,1.0,False,
C_CARD525860,card,CARD525860,,,,1.0,False,
C_CARD525869,card,CARD525869,,,,1.0,False,
C_CARD525871,card,CARD525871,,,,1.0,False,
C_CARD525875,card,CARD525875,,,,1.0,False,
C_CARD525879,card,CARD525879,,,,1.0,False,
C_CARD525880,card,CARD525880,,,,1.0,False,
C_CARD525884,card,CARD525884,,,,1.0,False,
C_CARD525888,card,CARD525888,,,,1.0,False,
C_CARD525897,card,CARD525897,,,,1.0,False,
C_CARD525898,card,CARD525898,,,,1.0,False,
C_CARD525899,card,CARD525899,,,,1.0,False,
C_CARD525907,card,CARD525907,,,,1.0,False,
C_CARD525911,card,CARD525911,,,,1.0,False,
C_CARD525919,card,CARD525919,,,,1.0,False,
C_CARD525922,card,CARD525922,,,,1.0,False,
C_CARD525926,card,CARD525926,,,,1.0,False,
C_CARD525936,card,CARD525936,,,,1.0,False,
C_CARD525937,card,CARD525937,,,,1.0,False,
C_CARD525942,card,CARD525942,,,,1.0,False,
C_CARD525943,card,CARD525943,,,,1.0,False,
C_CARD525944,card,CARD525944,,,,1.0,False,
C_CARD525955,card,CARD525955,,,,1.0,False,
C_CARD525960,card,CARD525960,,,,1.0,False,
C_CARD525967,card,CARD525967,,,,1.0,False,
C_CARD525969,card,CARD525969,,,,1.0,False,
C_CARD525971,card,CARD525971,,,,1.0,False,
C_CARD525974,card,CARD525974,,,,1.0,False,
C_CARD525977,card,CARD525977,,,,1.0,False,
C_CARD525982,card,CARD525982,,,,1.0,False,
C_CARD525985,card,CARD525985,,,,1.0,False,
C_CARD525993,card,CARD525993,,,,1.0,False,
C_CARD525994,card,CARD525994,,,,1.0,False,
C_CARD525999,card,CARD525999,,,,1.0,False,
C_CARD526002,card,CARD526002,,,,1.0,False,
C_CARD526004,card,CARD526004,,,,1.0,False,
C_CARD526005,card,CARD526005,,,,1.0,False,
C_CARD526007,card,CARD526007,,,,1.0,False,
C_CARD526014,card,CARD526014,,,,1.0,False,
C_CARD526016,card,CARD526016,,,,1.0,False,
C_CARD526017,card,CARD526017,,,,1.0,False,
C_CARD526029,card,CARD526029,,,,1.0,False,
C_CARD526034,card,CARD526034,,,,1.0,False,
C_CARD526035,card,CARD526035,,,,1.0,False,
C_CARD526037,card,CARD526037,,,,1.0,False,
C_CARD526047,card,CARD526047,,,,1.0,False,
C_CARD526048,card,CARD526048,,,,1.0,False,
C_CARD526050,card,CARD526050,,,,1.0,False,
C_CARD526053,card,CARD526053,,,,1.0,False,
C_CARD526061,card,CARD526061,,,,1.0,False,
C_CARD526062,card,CARD526062,,,,1.0,False,
C_CARD526066,card,CARD526066,,,,1.0,False,
C_CARD526076,card,CARD526076,,,,1.0,False,
C_CARD526078,card,CARD526078,,,,1.0,False,
C_CARD526079,card,CARD526079,,,,1.0,False,
C_CARD526089,card,CARD526089,,,,1.0,False,
C_CARD526104,card,CARD526104,,,,1.0,False,
C_CARD526106,card,CARD526106,,,,1.0,False,
C_CARD526116,card,CARD526116,,,,1.0,False,
C_CARD526117,card,CARD526117,,,,1.0,False,
C_CARD526120,card,CARD526120,,,,1.0,False,
C_CARD526123,card,CARD526123,,,,1.0,False,
C_CARD526135,card,CARD526135,,,,1.0,False,
C_CARD526136,card,CARD526136,,,,1.0,False,
C_CARD526139,card,CARD526139,,,,1.0,False,
C_CARD526142,card,CARD526142,,,,1.0,False,
C_CARD526143,card,CARD526143,,,,1.0,False,
C_CARD526144,card,CARD526144,,,,1.0,False,
C_CARD526148,card,CARD526148,,,,1.0,False,
C_CARD526158,card,CARD526158,,,,1.0,False,
C_CARD526163,card,CARD526163,,,,1.0,False,
C_CARD526176,card,CARD526176,,,,1.0,False,
C_CARD526177,card,CARD526177,,,,1.0,False,
C_CARD526179,card,CARD526179,,,,1.0,False,
C_CARD526182,card,CARD526182,,,,1.0,False,
C_CARD526185,card,CARD526185,,,,1.0,False,
C_CARD526188,card,CARD526188,,,,1.0,False,
C_CARD526195,card,CARD526195,,,,1.0,False,
C_CARD526197,card,CARD526197,,,,1.0,False,
C_CARD526204,card,CARD526204,,,,1.0,False,
C_CARD526205,card,CARD526205,,,,1.0,False,
C_CARD526206,card,CARD526206,,,,1.0,False,
C_CARD526208,card,CARD526208,,,,1.0,False,
C_CARD526211,card,CARD526211,,,,1.0,False,
C_CARD526223,card,CARD526223,,,,1.0,False,
C_CARD526224,card,CARD526224,,,,1.0,False,
C_CARD526226,card,CARD526226,,,,1.0,False,
C_CARD526227,card,CARD526227,,,,1.0,False,
C_CARD526247,card,CARD526247,,,,1.0,False,
C_CARD526248,card,CARD526248,,,,1.0,False,
C_CARD526251,card,CARD526251,,,,1.0,False,
C_CARD526257,card,CARD526257,,,,1.0,False,
C_CARD526263,card,CARD526263,,,,1.0,False,
C_CARD526265,card,CARD526265,,,,1.0,False,
C_CARD526266,card,CARD526266,,,,1.0,False,
C_CARD526267,card,CARD526267,,,,1.0,False,
C_CARD526270,card,CARD526270,,,,1.0,False,
C_CARD526272,card,CARD526272,,,,1.0,False,
C_CARD526273,card,CARD526273,,,,1.0,False,
C_CARD526288,card,CARD526288,,,,1.0,False,
C_CARD526290,card,CARD526290,,,,1.0,False,
C_CARD526291,card,CARD526291,,,,1.0,False,
C_CARD526296,card,CARD526296,,,,1.0,False,
C_CARD526300,card,CARD526300,,,,1.0,False,
C_CARD526303,card,CARD526303,,,,1.0,False,
C_CARD526307,card,CARD526307,,,,1.0,False,
C_CARD526310,card,CARD526310,,,,1.0,False,
C_CARD526312,card,CARD526312,,,,1.0,False,
C_CARD526313,card,CARD526313,,,,1.0,False,
C_CARD526314,card,CARD526314,,,,1.0,False,
C_CARD526316,card,CARD526316,,,,1.0,False,
C_CARD526328,card,CARD526328,,,,1.0,False,
C_CARD526332,card,CARD526332,,,,1.0,False,
C_CARD526339,card,CARD526339,,,,1.0,False,
C_CARD526342,card,CARD526342,,,,1.0,False,
C_CARD526343,card,CARD526343,,,,1.0,False,
C_CARD526346,card,CARD526346,,,,1.0,False,
C_CARD526347,card,CARD526347,,,,1.0,False,
C_CARD526351,card,CARD526351,,,,1.0,False,
C_CARD526352,card,CARD526352,,,,1.0,False,
C_CARD526357,card,CARD526357,,,,1.0,False,
C_CARD526358,card,CARD526358,,,,1.0,False,
C_CARD526359,card,CARD526359,,,,1.0,False,
C_CARD526361,card,CARD526361,,,,1.0,False,
C_CARD526362,card,CARD526362,,,,1.0,False,
C_CARD526364,card,CARD526364,,,,1.0,False,
C_CARD526368,card,CARD526368,,,,1.0,False,
C_CARD526372,card,CARD526372,,,,1.0,False,
C_CARD526374,card,CARD526374,,,,1.0,False,
C_CARD526383,card,CARD526383,,,,1.0,False,
C_CARD526384,card,CARD526384,,,,1.0,False,
C_CARD526386,card,CARD526386,,,,1.0,False,
C_CARD526388,card,CARD526388,,,,1.0,False,
C_CARD526400,card,CARD526400,,,,1.0,False,
C_CARD526401,card,CARD526401,,,,1.0,False,
C_CARD526403,card,CARD526403,,,,1.0,False,
C_CARD526404,card,CARD526404,,,,1.0,False,
C_CARD526413,card,CARD526413,,,,1.0,False,
C_CARD526416,card,CARD526416,,,,1.0,False,
C_CARD526424,card,CARD526424,,,,1.0,False,
C_CARD526426,card,CARD526426,,,,1.0,False,
C_CARD526427,card,CARD526427,,,,1.0,False,
C_CARD526431,card,CARD526431,,,,1.0,False,
C_CARD526432,card,CARD526432,,,,1.0,False,
C_CARD526440,card,CARD526440,,,,1.0,False,
C_CARD526448,card,CARD526448,,,,1.0,False,
C_CARD526449,card,CARD526449,,,,1.0,False,
C_CARD526450,card,CARD526450,,,,1.0,False,
C_CARD526451,card,CARD526451,,,,1.0,False,
C_CARD526453,card,CARD526453,,,,1.0,False,
C_CARD526459,card,CARD526459,,,,1.0,False,
C_CARD526464,card,CARD526464,,,,1.0,False,
C_CARD526470,card,CARD526470,,,,1.0,False,
C_CARD526492,card,CARD526492,,,,1.0,False,
C_CARD526495,card,CARD526495,,,,1.0,False,
C_CARD526506,card,CARD526506,,,,1.0,False,
C_CARD526511,card,CARD526511,,,,1.0,False,
C_CARD526521,card,CARD526521,,,,1.0,False,
C_CARD526524,card,CARD526524,,,,1.0,False,
C_CARD526532,card,CARD526532,,,,1.0,False,
C_CARD526539,card,CARD526539,,,,1.0,False,
C_CARD526548,card,CARD526548,,,,1.0,False,
C_CARD526553,card,CARD526553,,,,1.0,False,
C_CARD526556,card,CARD526556,,,,1.0,False,
C_CARD526560,card,CARD526560,,,,1.0,False,
C_CARD526562,card,CARD526562,,,,1.0,False,
C_CARD526568,card,CARD526568,,,,1.0,False,
C_CARD526569,card,CARD526569,,,,1.0,False,
C_CARD526572,card,CARD526572,,,,1.0,False,
C_CARD526574,card,CARD526574,,,,1.0,False,
C_CARD526576,card,CARD526576,,,,1.0,False,
C_CARD526580,card,CARD526580,,,,1.0,False,
C_CARD526581,card,CARD526581,,,,1.0,False,
C_CARD526582,card,CARD526582,,,,1.0,False,
C_CARD526585,card,CARD526585,,,,1.0,False,
C_CARD526587,card,CARD526587,,,,1.0,False,
C_CARD526593,card,CARD526593,,,,1.0,False,
C_CARD526601,card,CARD526601,,,,1.0,False,
C_CARD526602,card,CARD526602,,,,1.0,False,
C_CARD526604,card,CARD526604,,,,1.0,False,
C_CARD526609,card,CARD526609,,,,1.0,False,
C_CARD526615,card,CARD526615,,,,1.0,False,
C_CARD526616,card,CARD526616,,,,1.0,False,
C_CARD526626,card,CARD526626,,,,1.0,False,
C_CARD526627,card,CARD526627,,,,1.0,False,
C_CARD526633,card,CARD526633,,,,1.0,False,
C_CARD526640,card,CARD526640,,,,1.0,False,
C_CARD526641,card,CARD526641,,,,1.0,False,
C_CARD526648,card,CARD526648,,,,1.0,False,
C_CARD526649,card,CARD526649,,,,1.0,False,
C_CARD526664,card,CARD526664,,,,1.0,False,
C_CARD526675,card,CARD526675,,,,1.0,False,
C_CARD526676,card,CARD526676,,,,1.0,False,
C_CARD526680,card,CARD526680,,,,1.0,False,
C_CARD526684,card,CARD526684,,,,1.0,False,
C_CARD526687,card,CARD526687,,,,1.0,False,
C_CARD526688,card,CARD526688,,,,1.0,False,
C_CARD526690,card,CARD526690,,,,1.0,False,
C_CARD526697,card,CARD526697,,,,1.0,False,
C_CARD526698,card,CARD526698,,,,1.0,False,
C_CARD526699,card,CARD526699,,,,1.0,False,
C_CARD526703,card,CARD526703,,,,1.0,False,
C_CARD526704,card,CARD526704,,,,1.0,False,
C_CARD526711,card,CARD526711,,,,1.0,False,
C_CARD526714,card,CARD526714,,,,1.0,False,
C_CARD526716,card,CARD526716,,,,1.0,False,
C_CARD526719,card,CARD526719,,,,1.0,False,
C_CARD526720,card,CARD526720,,,,1.0,False,
C_CARD526721,card,CARD526721,,,,1.0,False,
C_CARD526723,card,CARD526723,,,,1.0,False,
C_CARD526728,card,CARD526728,,,,1.0,False,
C_CARD526733,card,CARD526733,,,,1.0,False,
C_CARD526734,card,CARD526734,,,,1.0,False,
C_CARD526754,card,CARD526754,,,,1.0,False,
C_CARD526758,card,CARD526758,,,,1.0,False,
C_CARD526762,card,CARD526762,,,,1.0,False,
C_CARD526774,card,CARD526774,,,,1.0,False,
C_CARD526783,card,CARD526783,,,,1.0,False,
C_CARD526786,card,CARD526786,,,,1.0,False,
C_CARD526790,card,CARD526790,,,,1.0,False,
C_CARD526796,card,CARD526796,,,,1.0,False,
C_CARD526797,card,CARD526797,,,,1.0,False,
C_CARD526798,card,CARD526798,,,,1.0,False,
C_CARD526799,card,CARD526799,,,,1.0,False,
C_CARD526804,card,CARD526804,,,,1.0,False,
C_CARD526806,card,CARD526806,,,,1.0,False,
C_CARD526809,card,CARD526809,,,,1.0,False,
C_CARD526816,card,CARD526816,,,,1.0,False,
C_CARD526817,card,CARD526817,,,,1.0,False,
C_CARD526826,card,CARD526826,,,,1.0,False,
C_CARD526830,card,CARD526830,,,,1.0,False,
C_CARD526832,card,CARD526832,,,,1.0,False,
C_CARD526833,card,CARD526833,,,,1.0,False,
C_CARD526838,card,CARD526838,,,,1.0,False,
C_CARD526839,card,CARD526839,,,,1.0,False,
C_CARD526840,card,CARD526840,,,,1.0,False,
C_CARD526842,card,CARD526842,,,,1.0,False,
C_CARD526851,card,CARD526851,,,,1.0,False,
C_CARD526852,card,CARD526852,,,,1.0,False,
C_CARD526858,card,CARD526858,,,,1.0,False,
C_CARD526861,card,CARD526861,,,,1.0,False,
C_CARD526863,card,CARD526863,,,,1.0,False,
C_CARD526868,card,CARD526868,,,,1.0,False,
C_CARD526869,card,CARD526869,,,,1.0,False,
C_CARD526870,card,CARD526870,,,,1.0,False,
C_CARD526893,card,CARD526893,,,,1.0,False,
C_CARD526897,card,CARD526897,,,,1.0,False,
C_CARD526904,card,CARD526904,,,,1.0,False,
C_CARD526906,card,CARD526906,,,,1.0,False,
C_CARD526910,card,CARD526910,,,,1.0,False,
C_CARD526914,card,CARD526914,,,,1.0,False,
C_CARD526917,card,CARD526917,,,,1.0,False,
C_CARD526920,card,CARD526920,,,,1.0,False,
C_CARD526923,card,CARD526923,,,,1.0,False,
C_CARD526938,card,CARD526938,,,,1.0,False,
C_CARD526940,card,CARD526940,,,,1.0,False,
C_CARD526941,card,CARD526941,,,,1.0,False,
C_CARD526942,card,CARD526942,,,,1.0,False,
C_CARD526944,card,CARD526944,,,,1.0,False,
C_CARD526949,card,CARD526949,,,,1.0,False,
C_CARD526954,card,CARD526954,,,,1.0,False,
C_CARD526955,card,CARD526955,,,,1.0,False,
C_CARD526964,card,CARD526964,,,,1.0,False,
C_CARD526966,card,CARD526966,,,,1.0,False,
C_CARD526967,card,CARD526967,,,,1.0,False,
C_CARD526981,card,CARD526981,,,,1.0,False,
C_CARD526985,card,CARD526985,,,,1.0,False,
C_CARD526992,card,CARD526992,,,,1.0,False,
C_CARD526994,card,CARD526994,,,,1.0,False,
C_CARD526995,card,CARD526995,,,,1.0,False,
C_CARD526999,card,CARD526999,,,,1.0,False,
C_CARD527004,card,CARD527004,,,,1.0,False,
C_CARD527015,card,CARD527015,,,,1.0,False,
C_CARD527018,card,CARD527018,,,,1.0,False,
C_CARD527019,card,CARD527019,,,,1.0,False,
C_CARD527021,card,CARD527021,,,,1.0,False,
C_CARD527028,card,CARD527028,,,,1.0,False,
C_CARD527029,card,CARD527029,,,,1.0,False,
C_CARD527043,card,CARD527043,,,,1.0,False,
C_CARD527050,card,CARD527050,,,,1.0,False,
C_CARD527051,card,CARD527051,,,,1.0,False,
C_CARD527058,card,CARD527058,,,,1.0,False,
C_CARD527060,card,CARD527060,,,,1.0,False,
C_CARD527064,card,CARD527064,,,,1.0,False,
C_CARD527065,card,CARD527065,,,,1.0,False,
C_CARD527066,card,CARD527066,,,,1.0,False,
C_CARD527067,card,CARD527067,,,,1.0,False,
C_CARD527071,card,CARD527071,,,,1.0,False,
C_CARD527075,card,CARD527075,,,,1.0,False,
C_CARD527077,card,CARD527077,,,,1.0,False,
C_CARD527083,card,CARD527083,,,,1.0,False,
C_CARD527085,card,CARD527085,,,,1.0,False,
C_CARD527092,card,CARD527092,,,,1.0,False,
C_CARD527107,card,CARD527107,,,,1.0,False,
C_CARD527108,card,CARD527108,,,,1.0,False,
C_CARD527112,card,CARD527112,,,,1.0,False,
C_CARD527120,card,CARD527120,,,,1.0,False,
C_CARD527121,card,CARD527121,,,,1.0,False,
C_CARD527122,card,CARD527122,,,,1.0,False,
C_CARD527138,card,CARD527138,,,,1.0,False,
C_CARD527147,card,CARD527147,,,,1.0,False,
C_CARD527149,card,CARD527149,,,,1.0,False,
C_CARD527151,card,CARD527151,,,,1.0,False,
C_CARD527153,card,CARD527153,,,,1.0,False,
C_CARD527155,card,CARD527155,,,,1.0,False,
C_CARD527156,card,CARD527156,,,,1.0,False,
C_CARD527166,card,CARD527166,,,,1.0,False,
C_CARD527168,card,CARD527168,,,,1.0,False,
C_CARD527171,card,CARD527171,,,,1.0,False,
C_CARD527172,card,CARD527172,,,,1.0,False,
C_CARD527175,card,CARD527175,,,,1.0,False,
C_CARD527186,card,CARD527186,,,,1.0,False,
C_CARD527188,card,CARD527188,,,,1.0,False,
C_CARD527189,card,CARD527189,,,,1.0,False,
C_CARD527195,card,CARD527195,,,,1.0,False,
C_CARD527197,card,CARD527197,,,,1.0,False,
C_CARD527200,card,CARD527200,,,,1.0,False,
C_CARD527206,card,CARD527206,,,,1.0,False,
C_CARD527207,card,CARD527207,,,,1.0,False,
C_CARD527209,card,CARD527209,,,,1.0,False,
C_CARD527210,card,CARD527210,,,,1.0,False,
C_CARD527217,card,CARD527217,,,,1.0,False,
C_CARD527223,card,CARD527223,,,,1.0,False,
C_CARD527224,card,CARD527224,,,,1.0,False,
C_CARD527228,card,CARD527228,,,,1.0,False,
C_CARD527233,card,CARD527233,,,,1.0,False,
C_CARD527243,card,CARD527243,,,,1.0,False,
C_CARD527247,card,CARD527247,,,,1.0,False,
C_CARD527250,card,CARD527250,,,,1.0,False,
C_CARD527257,card,CARD527257,,,,1.0,False,
C_CARD527265,card,CARD527265,,,,1.0,False,
C_CARD527267,card,CARD527267,,,,1.0,False,
C_CARD527268,card,CARD527268,,,,1.0,False,
C_CARD527269,card,CARD527269,,,,1.0,False,
C_CARD527277,card,CARD527277,,,,1.0,False,
C_CARD527280,card,CARD527280,,,,1.0,False,
C_CARD527282,card,CARD527282,,,,1.0,False,
C_CARD527284,card,CARD527284,,,,1.0,False,
C_CARD527285,card,CARD527285,,,,1.0,False,
C_CARD527286,card,CARD527286,,,,1.0,False,
C_CARD527289,card,CARD527289,,,,1.0,False,
C_CARD527291,card,CARD527291,,,,1.0,False,
C_CARD527292,card,CARD527292,,,,1.0,False,
C_CARD527311,card,CARD527311,,,,1.0,False,
C_CARD527313,card,CARD527313,,,,1.0,False,
C_CARD527319,card,CARD527319,,,,1.0,False,
C_CARD527321,card,CARD527321,,,,1.0,False,
C_CARD527324,card,CARD527324,,,,1.0,False,
C_CARD527338,card,CARD527338,,,,1.0,False,
C_CARD527341,card,CARD527341,,,,1.0,False,
C_CARD527351,card,CARD527351,,,,1.0,False,
C_CARD527365,card,CARD527365,,,,1.0,False,
C_CARD527366,card,CARD527366,,,,1.0,False,
C_CARD527368,card,CARD527368,,,,1.0,False,
C_CARD527372,card,CARD527372,,,,1.0,False,
C_CARD527382,card,CARD527382,,,,1.0,False,
C_CARD527386,card,CARD527386,,,,1.0,False,
C_CARD527391,card,CARD527391,,,,1.0,False,
C_CARD527398,card,CARD527398,,,,1.0,False,
C_CARD527400,card,CARD527400,,,,1.0,False,
C_CARD527403,card,CARD527403,,,,1.0,False,
C_CARD527421,card,CARD527421,,,,1.0,False,
C_CARD527422,card,CARD527422,,,,1.0,False,
C_CARD527423,card,CARD527423,,,,1.0,False,
C_CARD527428,card,CARD527428,,,,1.0,False,
C_CARD527432,card,CARD527432,,,,1.0,False,
C_CARD527433,card,CARD527433,,,,1.0,False,
C_CARD527437,card,CARD527437,,,,1.0,False,
C_CARD527439,card,CARD527439,,,,1.0,False,
C_CARD527441,card,CARD527441,,,,1.0,False,
C_CARD527442,card,CARD527442,,,,1.0,False,
C_CARD527447,card,CARD527447,,,,1.0,False,
C_CARD527459,card,CARD527459,,,,1.0,False,
C_CARD527460,card,CARD527460,,,,1.0,False,
C_CARD527464,card,CARD527464,,,,1.0,False,
C_CARD527466,card,CARD527466,,,,1.0,False,
C_CARD527476,card,CARD527476,,,,1.0,False,
C_CARD527490,card,CARD527490,,,,1.0,False,
C_CARD527491,card,CARD527491,,,,1.0,False,
C_CARD527498,card,CARD527498,,,,1.0,False,
C_CARD527499,card,CARD527499,,,,1.0,False,
C_CARD527501,card,CARD527501,,,,1.0,False,
C_CARD527509,card,CARD527509,,,,1.0,False,
C_CARD527514,card,CARD527514,,,,1.0,False,
C_CARD527522,card,CARD527522,,,,1.0,False,
C_CARD527523,card,CARD527523,,,,1.0,False,
C_CARD527529,card,CARD527529,,,,1.0,False,
C_CARD527536,card,CARD527536,,,,1.0,False,
C_CARD527547,card,CARD527547,,,,1.0,False,
C_CARD527551,card,CARD527551,,,,1.0,False,
C_CARD527557,card,CARD527557,,,,1.0,False,
C_CARD527564,card,CARD527564,,,,1.0,False,
C_CARD527567,card,CARD527567,,,,1.0,False,
C_CARD527574,card,CARD527574,,,,1.0,False,
C_CARD527576,card,CARD527576,,,,1.0,False,
C_CARD527579,card,CARD527579,,,,1.0,False,
C_CARD527580,card,CARD527580,,,,1.0,False,
C_CARD527583,card,CARD527583,,,,1.0,False,
C_CARD527588,card,CARD527588,,,,1.0,False,
C_CARD527593,card,CARD527593,,,,1.0,False,
C_CARD527598,card,CARD527598,,,,1.0,False,
C_CARD527608,card,CARD527608,,,,1.0,False,
C_CARD527616,card,CARD527616,,,,1.0,False,
C_CARD527620,card,CARD527620,,,,1.0,False,
C_CARD527624,card,CARD527624,,,,1.0,False,
C_CARD527625,card,CARD527625,,,,1.0,False,
C_CARD527629,card,CARD527629,,,,1.0,False,
C_CARD527630,card,CARD527630,,,,1.0,False,
C_CARD527634,card,CARD527634,,,,1.0,False,
C_CARD527637,card,CARD527637,,,,1.0,False,
C_CARD527639,card,CARD527639,,,,1.0,False,
C_CARD527641,card,CARD527641,,,,1.0,False,
C_CARD527643,card,CARD527643,,,,1.0,False,
C_CARD527644,card,CARD527644,,,,1.0,False,
C_CARD527645,card,CARD527645,,,,1.0,False,
C_CARD527646,card,CARD527646,,,,1.0,False,
C_CARD527647,card,CARD527647,,,,1.0,False,
C_CARD527650,card,CARD527650,,,,1.0,False,
C_CARD527653,card,CARD527653,,,,1.0,False,
C_CARD527654,card,CARD527654,,,,1.0,False,
C_CARD527655,card,CARD527655,,,,1.0,False,
C_CARD527656,card,CARD527656,,,,1.0,False,
C_CARD527661,card,CARD527661,,,,1.0,False,
C_CARD527663,card,CARD527663,,,,1.0,False,
C_CARD527664,card,CARD527664,,,,1.0,False,
C_CARD527670,card,CARD527670,,,,1.0,False,
C_CARD527675,card,CARD527675,,,,1.0,False,
C_CARD527677,card,CARD527677,,,,1.0,False,
C_CARD527682,card,CARD527682,,,,1.0,False,
C_CARD527687,card,CARD527687,,,,1.0,False,
C_CARD527689,card,CARD527689,,,,1.0,False,
C_CARD527692,card,CARD527692,,,,1.0,False,
C_CARD527697,card,CARD527697,,,,1.0,False,
C_CARD527700,card,CARD527700,,,,1.0,False,
C_CARD527701,card,CARD527701,,,,1.0,False,
C_CARD527702,card,CARD527702,,,,1.0,False,
C_CARD527703,card,CARD527703,,,,1.0,False,
C_CARD527705,card,CARD527705,,,,1.0,False,
C_CARD527706,card,CARD527706,,,,1.0,False,
C_CARD527707,card,CARD527707,,,,1.0,False,
C_CARD527708,card,CARD527708,,,,1.0,False,
C_CARD527711,card,CARD527711,,,,1.0,False,
C_CARD527713,card,CARD527713,,,,1.0,False,
C_CARD527721,card,CARD527721,,,,1.0,False,
C_CARD527727,card,CARD527727,,,,1.0,False,
C_CARD527729,card,CARD527729,,,,1.0,False,
C_CARD527732,card,CARD527732,,,,1.0,False,
C_CARD527738,card,CARD527738,,,,1.0,False,
C_CARD527745,card,CARD527745,,,,1.0,False,
C_CARD527753,card,CARD527753,,,,1.0,False,
C_CARD527755,card,CARD527755,,,,1.0,False,
C_CARD527757,card,CARD527757,,,,1.0,False,
C_CARD527758,card,CARD527758,,,,1.0,False,
C_CARD527760,card,CARD527760,,,,1.0,False,
C_CARD527766,card,CARD527766,,,,1.0,False,
C_CARD527774,card,CARD527774,,,,1.0,False,
C_CARD527786,card,CARD527786,,,,1.0,False,
C_CARD527788,card,CARD527788,,,,1.0,False,
C_CARD527790,card,CARD527790,,,,1.0,False,
C_CARD527796,card,CARD527796,,,,1.0,False,
C_CARD527799,card,CARD527799,,,,1.0,False,
C_CARD527803,card,CARD527803,,,,1.0,False,
C_CARD527805,card,CARD527805,,,,1.0,False,
C_CARD527813,card,CARD527813,,,,1.0,False,
C_CARD527814,card,CARD527814,,,,1.0,False,
C_CARD527820,card,CARD527820,,,,1.0,False,
C_CARD527825,card,CARD527825,,,,1.0,False,
C_CARD527830,card,CARD527830,,,,1.0,False,
C_CARD527842,card,CARD527842,,,,1.0,False,
C_CARD527843,card,CARD527843,,,,1.0,False,
C_CARD527846,card,CARD527846,,,,1.0,False,
C_CARD527853,card,CARD527853,,,,1.0,False,
C_CARD527854,card,CARD527854,,,,1.0,False,
C_CARD527861,card,CARD527861,,,,1.0,False,
C_CARD527870,card,CARD527870,,,,1.0,False,
C_CARD527871,card,CARD527871,,,,1.0,False,
C_CARD527873,card,CARD527873,,,,1.0,False,
C_CARD527878,card,CARD527878,,,,1.0,False,
C_CARD527879,card,CARD527879,,,,1.0,False,
C_CARD527885,card,CARD527885,,,,1.0,False,
C_CARD527890,card,CARD527890,,,,1.0,False,
C_CARD527891,card,CARD527891,,,,1.0,False,
C_CARD527897,card,CARD527897,,,,1.0,False,
C_CARD527898,card,CARD527898,,,,1.0,False,
C_CARD527905,card,CARD527905,,,,1.0,False,
C_CARD527910,card,CARD527910,,,,1.0,False,
C_CARD527915,card,CARD527915,,,,1.0,False,
C_CARD527916,card,CARD527916,,,,1.0,False,
C_CARD527920,card,CARD527920,,,,1.0,False,
C_CARD527924,card,CARD527924,,,,1.0,False,
C_CARD527939,card,CARD527939,,,,1.0,False,
C_CARD527941,card,CARD527941,,,,1.0,False,
C_CARD527946,card,CARD527946,,,,1.0,False,
C_CARD527950,card,CARD527950,,,,1.0,False,
C_CARD527954,card,CARD527954,,,,1.0,False,
C_CARD527961,card,CARD527961,,,,1.0,False,
C_CARD527962,card,CARD527962,,,,1.0,False,
C_CARD527963,card,CARD527963,,,,1.0,False,
C_CARD527965,card,CARD527965,,,,1.0,False,
C_CARD527975,card,CARD527975,,,,1.0,False,
C_CARD527979,card,CARD527979,,,,1.0,False,
C_CARD527981,card,CARD527981,,,,1.0,False,
C_CARD527983,card,CARD527983,,,,1.0,False,
C_CARD527991,card,CARD527991,,,,1.0,False,
C_CARD527995,card,CARD527995,,,,1.0,False,
C_CARD527998,card,CARD527998,,,,1.0,False,
C_CARD528001,card,CARD528001,,,,1.0,False,
C_CARD528005,card,CARD528005,,,,1.0,False,
C_CARD528011,card,CARD528011,,,,1.0,False,
C_CARD528019,card,CARD528019,,,,1.0,False,
C_CARD528020,card,CARD528020,,,,1.0,False,
C_CARD528028,card,CARD528028,,,,1.0,False,
C_CARD528031,card,CARD528031,,,,1.0,False,
C_CARD528032,card,CARD528032,,,,1.0,False,
C_CARD528033,card,CARD528033,,,,1.0,False,
C_CARD528035,card,CARD528035,,,,1.0,False,
C_CARD528039,card,CARD528039,,,,1.0,False,
C_CARD528040,card,CARD528040,,,,1.0,False,
C_CARD528041,card,CARD528041,,,,1.0,False,
C_CARD528042,card,CARD528042,,,,1.0,False,
C_CARD528048,card,CARD528048,,,,1.0,False,
C_CARD528049,card,CARD528049,,,,1.0,False,
C_CARD528053,card,CARD528053,,,,1.0,False,
C_CARD528054,card,CARD528054,,,,1.0,False,
C_CARD528067,card,CARD528067,,,,1.0,False,
C_CARD528070,card,CARD528070,,,,1.0,False,
C_CARD528072,card,CARD528072,,,,1.0,False,
C_CARD528081,card,CARD528081,,,,1.0,False,
C_CARD528091,card,CARD528091,,,,1.0,False,
C_CARD528104,card,CARD528104,,,,1.0,False,
C_CARD528106,card,CARD528106,,,,1.0,False,
C_CARD528114,card,CARD528114,,,,1.0,False,
C_CARD528115,card,CARD528115,,,,1.0,False,
C_CARD528117,card,CARD528117,,,,1.0,False,
C_CARD528119,card,CARD528119,,,,1.0,False,
C_CARD528121,card,CARD528121,,,,1.0,False,
C_CARD528122,card,CARD528122,,,,1.0,False,
C_CARD528124,card,CARD528124,,,,1.0,False,
C_CARD528127,card,CARD528127,,,,1.0,False,
C_CARD528133,card,CARD528133,,,,1.0,False,
C_CARD528142,card,CARD528142,,,,1.0,False,
C_CARD528143,card,CARD528143,,,,1.0,False,
C_CARD528159,card,CARD528159,,,,1.0,False,
C_CARD528161,card,CARD528161,,,,1.0,False,
C_CARD528164,card,CARD528164,,,,1.0,False,
C_CARD528165,card,CARD528165,,,,1.0,False,
C_CARD528172,card,CARD528172,,,,1.0,False,
C_CARD528173,card,CARD528173,,,,1.0,False,
C_CARD528176,card,CARD528176,,,,1.0,False,
C_CARD528182,card,CARD528182,,,,1.0,False,
C_CARD528184,card,CARD528184,,,,1.0,False,
C_CARD528191,card,CARD528191,,,,1.0,False,
C_CARD528199,card,CARD528199,,,,1.0,False,
C_CARD528200,card,CARD528200,,,,1.0,False,
C_CARD528216,card,CARD528216,,,,1.0,False,
C_CARD528218,card,CARD528218,,,,1.0,False,
C_CARD528233,card,CARD528233,,,,1.0,False,
C_CARD528234,card,CARD528234,,,,1.0,False,
C_CARD528237,card,CARD528237,,,,1.0,False,
C_CARD528240,card,CARD528240,,,,1.0,False,
C_CARD528246,card,CARD528246,,,,1.0,False,
C_CARD528249,card,CARD528249,,,,1.0,False,
C_CARD528251,card,CARD528251,,,,1.0,False,
C_CARD528258,card,CARD528258,,,,1.0,False,
C_CARD528264,card,CARD528264,,,,1.0,False,
C_CARD528266,card,CARD528266,,,,1.0,False,
C_CARD528273,card,CARD528273,,,,1.0,False,
C_CARD528274,card,CARD528274,,,,1.0,False,
C_CARD528275,card,CARD528275,,,,1.0,False,
C_CARD528286,card,CARD528286,,,,1.0,False,
C_CARD528287,card,CARD528287,,,,1.0,False,
C_CARD528292,card,CARD528292,,,,1.0,False,
C_CARD528315,card,CARD528315,,,,1.0,False,
C_CARD528316,card,CARD528316,,,,1.0,False,
C_CARD528319,card,CARD528319,,,,1.0,False,
C_CARD528322,card,CARD528322,,,,1.0,False,
C_CARD528326,card,CARD528326,,,,1.0,False,
C_CARD528328,card,CARD528328,,,,1.0,False,
C_CARD528330,card,CARD528330,,,,1.0,False,
C_CARD528334,card,CARD528334,,,,1.0,False,
C_CARD528345,card,CARD528345,,,,1.0,False,
C_CARD528357,card,CARD528357,,,,1.0,False,
C_CARD528361,card,CARD528361,,,,1.0,False,
C_CARD528374,card,CARD528374,,,,1.0,False,
C_CARD528378,card,CARD528378,,,,1.0,False,
C_CARD528385,card,CARD528385,,,,1.0,False,
C_CARD528389,card,CARD528389,,,,1.0,False,
C_CARD528391,card,CARD528391,,,,1.0,False,
C_CARD528393,card,CARD528393,,,,1.0,False,
C_CARD528396,card,CARD528396,,,,1.0,False,
C_CARD528411,card,CARD528411,,,,1.0,False,
C_CARD528416,card,CARD528416,,,,1.0,False,
C_CARD528421,card,CARD528421,,,,1.0,False,
C_CARD528429,card,CARD528429,,,,1.0,False,
C_CARD528436,card,CARD528436,,,,1.0,False,
C_CARD528437,card,CARD528437,,,,1.0,False,
C_CARD528447,card,CARD528447,,,,1.0,False,
C_CARD528453,card,CARD528453,,,,1.0,False,
C_CARD528457,card,CARD528457,,,,1.0,False,
C_CARD528462,card,CARD528462,,,,1.0,False,
C_CARD528470,card,CARD528470,,,,1.0,False,
C_CARD528471,card,CARD528471,,,,1.0,False,
C_CARD528472,card,CARD528472,,,,1.0,False,
C_CARD528481,card,CARD528481,,,,1.0,False,
C_CARD528484,card,CARD528484,,,,1.0,False,
C_CARD528485,card,CARD528485,,,,1.0,False,
C_CARD528486,card,CARD528486,,,,1.0,False,
C_CARD528488,card,CARD528488,,,,1.0,False,
C_CARD528493,card,CARD528493,,,,1.0,False,
C_CARD528500,card,CARD528500,,,,1.0,False,
C_CARD528501,card,CARD528501,,,,1.0,False,
C_CARD528504,card,CARD528504,,,,1.0,False,
C_CARD528505,card,CARD528505,,,,1.0,False,
C_CARD528507,card,CARD528507,,,,1.0,False,
C_CARD528509,card,CARD528509,,,,1.0,False,
C_CARD528519,card,CARD528519,,,,1.0,False,
C_CARD528523,card,CARD528523,,,,1.0,False,
C_CARD528525,card,CARD528525,,,,1.0,False,
C_CARD528526,card,CARD528526,,,,1.0,False,
C_CARD528528,card,CARD528528,,,,1.0,False,
C_CARD528536,card,CARD528536,,,,1.0,False,
C_CARD528543,card,CARD528543,,,,1.0,False,
C_CARD528544,card,CARD528544,,,,1.0,False,
C_CARD528546,card,CARD528546,,,,1.0,False,
C_CARD528549,card,CARD528549,,,,1.0,False,
C_CARD528550,card,CARD528550,,,,1.0,False,
C_CARD528553,card,CARD528553,,,,1.0,False,
C_CARD528559,card,CARD528559,,,,1.0,False,
C_CARD528560,card,CARD528560,,,,1.0,False,
C_CARD528561,card,CARD528561,,,,1.0,False,
C_CARD528570,card,CARD528570,,,,1.0,False,
C_CARD528573,card,CARD528573,,,,1.0,False,
C_CARD528577,card,CARD528577,,,,1.0,False,
C_CARD528579,card,CARD528579,,,,1.0,False,
C_CARD528584,card,CARD528584,,,,1.0,False,
C_CARD528586,card,CARD528586,,,,1.0,False,
C_CARD528587,card,CARD528587,,,,1.0,False,
C_CARD528595,card,CARD528595,,,,1.0,False,
C_CARD528598,card,CARD528598,,,,1.0,False,
C_CARD528599,card,CARD528599,,,,1.0,False,
C_CARD528600,card,CARD528600,,,,1.0,False,
C_CARD528602,card,CARD528602,,,,1.0,False,
C_CARD528613,card,CARD528613,,,,1.0,False,
C_CARD528615,card,CARD528615,,,,1.0,False,
C_CARD528620,card,CARD528620,,,,1.0,False,
C_CARD528622,card,CARD528622,,,,1.0,False,
C_CARD528623,card,CARD528623,,,,1.0,False,
C_CARD528624,card,CARD528624,,,,1.0,False,
C_CARD528627,card,CARD528627,,,,1.0,False,
C_CARD528643,card,CARD528643,,,,1.0,False,
C_CARD528649,card,CARD528649,,,,1.0,False,
C_CARD528655,card,CARD528655,,,,1.0,False,
C_CARD528657,card,CARD528657,,,,1.0,False,
C_CARD528663,card,CARD528663,,,,1.0,False,
C_CARD528668,card,CARD528668,,,,1.0,False,
C_CARD528671,card,CARD528671,,,,1.0,False,
C_CARD528674,card,CARD528674,,,,1.0,False,
C_CARD528675,card,CARD528675,,,,1.0,False,
C_CARD528679,card,CARD528679,,,,1.0,False,
C_CARD528683,card,CARD528683,,,,1.0,False,
C_CARD528687,card,CARD528687,,,,1.0,False,
C_CARD528690,card,CARD528690,,,,1.0,False,
C_CARD528694,card,CARD528694,,,,1.0,False,
C_CARD528702,card,CARD528702,,,,1.0,False,
C_CARD528704,card,CARD528704,,,,1.0,False,
C_CARD528707,card,CARD528707,,,,1.0,False,
C_CARD528709,card,CARD528709,,,,1.0,False,
C_CARD528713,card,CARD528713,,,,1.0,False,
C_CARD528717,card,CARD528717,,,,1.0,False,
C_CARD528724,card,CARD528724,,,,1.0,False,
C_CARD528726,card,CARD528726,,,,1.0,False,
C_CARD528732,card,CARD528732,,,,1.0,False,
C_CARD528735,card,CARD528735,,,,1.0,False,
C_CARD528736,card,CARD528736,,,,1.0,False,
C_CARD528741,card,CARD528741,,,,1.0,False,
C_CARD528753,card,CARD528753,,,,1.0,False,
C_CARD528755,card,CARD528755,,,,1.0,False,
C_CARD528767,card,CARD528767,,,,1.0,False,
C_CARD528775,card,CARD528775,,,,1.0,False,
C_CARD528780,card,CARD528780,,,,1.0,False,
C_CARD528786,card,CARD528786,,,,1.0,False,
C_CARD528788,card,CARD528788,,,,1.0,False,
C_CARD528789,card,CARD528789,,,,1.0,False,
C_CARD528799,card,CARD528799,,,,1.0,False,
C_CARD528801,card,CARD528801,,,,1.0,False,
C_CARD528806,card,CARD528806,,,,1.0,False,
C_CARD528808,card,CARD528808,,,,1.0,False,
C_CARD528823,card,CARD528823,,,,1.0,False,
C_CARD528828,card,CARD528828,,,,1.0,False,
C_CARD528830,card,CARD528830,,,,1.0,False,
C_CARD528833,card,CARD528833,,,,1.0,False,
C_CARD528834,card,CARD528834,,,,1.0,False,
C_CARD528839,card,CARD528839,,,,1.0,False,
C_CARD528841,card,CARD528841,,,,1.0,False,
C_CARD528848,card,CARD528848,,,,1.0,False,
C_CARD528850,card,CARD528850,,,,1.0,False,
C_CARD528851,card,CARD528851,,,,1.0,False,
C_CARD528853,card,CARD528853,,,,1.0,False,
C_CARD528857,card,CARD528857,,,,1.0,False,
C_CARD528867,card,CARD528867,,,,1.0,False,
C_CARD528874,card,CARD528874,,,,1.0,False,
C_CARD528875,card,CARD528875,,,,1.0,False,
C_CARD528895,card,CARD528895,,,,1.0,False,
C_CARD528900,card,CARD528900,,,,1.0,False,
C_CARD528901,card,CARD528901,,,,1.0,False,
C_CARD528904,card,CARD528904,,,,1.0,False,
C_CARD528905,card,CARD528905,,,,1.0,False,
C_CARD528907,card,CARD528907,,,,1.0,False,
C_CARD528910,card,CARD528910,,,,1.0,False,
C_CARD528920,card,CARD528920,,,,1.0,False,
C_CARD528925,card,CARD528925,,,,1.0,False,
C_CARD528927,card,CARD528927,,,,1.0,False,
C_CARD528931,card,CARD528931,,,,1.0,False,
C_CARD528934,card,CARD528934,,,,1.0,False,
C_CARD528943,card,CARD528943,,,,1.0,False,
C_CARD528949,card,CARD528949,,,,1.0,False,
C_CARD528952,card,CARD528952,,,,1.0,False,
C_CARD528953,card,CARD528953,,,,1.0,False,
C_CARD528957,card,CARD528957,,,,1.0,False,
C_CARD528963,card,CARD528963,,,,1.0,False,
C_CARD528964,card,CARD528964,,,,1.0,False,
C_CARD528966,card,CARD528966,,,,1.0,False,
C_CARD528971,card,CARD528971,,,,1.0,False,
C_CARD528975,card,CARD528975,,,,1.0,False,
C_CARD528976,card,CARD528976,,,,1.0,False,
C_CARD528978,card,CARD528978,,,,1.0,False,
C_CARD528979,card,CARD528979,,,,1.0,False,
C_CARD528983,card,CARD528983,,,,1.0,False,
C_CARD528985,card,CARD528985,,,,1.0,False,
C_CARD528992,card,CARD528992,,,,1.0,False,
C_CARD528996,card,CARD528996,,,,1.0,False,
C_CARD529001,card,CARD529001,,,,1.0,False,
C_CARD529002,card,CARD529002,,,,1.0,False,
C_CARD529013,card,CARD529013,,,,1.0,False,
C_CARD529014,card,CARD529014,,,,1.0,False,
C_CARD529015,card,CARD529015,,,,1.0,False,
C_CARD529020,card,CARD529020,,,,1.0,False,
C_CARD529026,card,CARD529026,,,,1.0,False,
C_CARD529033,card,CARD529033,,,,1.0,False,
C_CARD529040,card,CARD529040,,,,1.0,False,
C_CARD529043,card,CARD529043,,,,1.0,False,
C_CARD529044,card,CARD529044,,,,1.0,False,
C_CARD529046,card,CARD529046,,,,1.0,False,
C_CARD529047,card,CARD529047,,,,1.0,False,
C_CARD529048,card,CARD529048,,,,1.0,False,
C_CARD529059,card,CARD529059,,,,1.0,False,
C_CARD529060,card,CARD529060,,,,1.0,False,
C_CARD529063,card,CARD529063,,,,1.0,False,
C_CARD529066,card,CARD529066,,,,1.0,False,
C_CARD529067,card,CARD529067,,,,1.0,False,
C_CARD529070,card,CARD529070,,,,1.0,False,
C_CARD529071,card,CARD529071,,,,1.0,False,
C_CARD529075,card,CARD529075,,,,1.0,False,
C_CARD529076,card,CARD529076,,,,1.0,False,
C_CARD529079,card,CARD529079,,,,1.0,False,
C_CARD529080,card,CARD529080,,,,1.0,False,
C_CARD529082,card,CARD529082,,,,1.0,False,
C_CARD529089,card,CARD529089,,,,1.0,False,
C_CARD529093,card,CARD529093,,,,1.0,False,
C_CARD529094,card,CARD529094,,,,1.0,False,
C_CARD529099,card,CARD529099,,,,1.0,False,
C_CARD529100,card,CARD529100,,,,1.0,False,
C_CARD529101,card,CARD529101,,,,1.0,False,
C_CARD529103,card,CARD529103,,,,1.0,False,
C_CARD529104,card,CARD529104,,,,1.0,False,
C_CARD529110,card,CARD529110,,,,1.0,False,
C_CARD529113,card,CARD529113,,,,1.0,False,
C_CARD529114,card,CARD529114,,,,1.0,False,
C_CARD529118,card,CARD529118,,,,1.0,False,
C_CARD529126,card,CARD529126,,,,1.0,False,
C_CARD529131,card,CARD529131,,,,1.0,False,
C_CARD529132,card,CARD529132,,,,1.0,False,
C_CARD529134,card,CARD529134,,,,1.0,False,
C_CARD529143,card,CARD529143,,,,1.0,False,
C_CARD529156,card,CARD529156,,,,1.0,False,
C_CARD529158,card,CARD529158,,,,1.0,False,
C_CARD529159,card,CARD529159,,,,1.0,False,
C_CARD529161,card,CARD529161,,,,1.0,False,
C_CARD529172,card,CARD529172,,,,1.0,False,
C_CARD529173,card,CARD529173,,,,1.0,False,
C_CARD529177,card,CARD529177,,,,1.0,False,
C_CARD529180,card,CARD529180,,,,1.0,False,
C_CARD529181,card,CARD529181,,,,1.0,False,
C_CARD529188,card,CARD529188,,,,1.0,False,
C_CARD529197,card,CARD529197,,,,1.0,False,
C_CARD529200,card,CARD529200,,,,1.0,False,
C_CARD529202,card,CARD529202,,,,1.0,False,
C_CARD529204,card,CARD529204,,,,1.0,False,
C_CARD529207,card,CARD529207,,,,1.0,False,
C_CARD529208,card,CARD529208,,,,1.0,False,
C_CARD529209,card,CARD529209,,,,1.0,False,
C_CARD529210,card,CARD529210,,,,1.0,False,
C_CARD529214,card,CARD529214,,,,1.0,False,
C_CARD529216,card,CARD529216,,,,1.0,False,
C_CARD529221,card,CARD529221,,,,1.0,False,
C_CARD529232,card,CARD529232,,,,1.0,False,
C_CARD529233,card,CARD529233,,,,1.0,False,
C_CARD529237,card,CARD529237,,,,1.0,False,
C_CARD529240,card,CARD529240,,,,1.0,False,
C_CARD529246,card,CARD529246,,,,1.0,False,
C_CARD529251,card,CARD529251,,,,1.0,False,
C_CARD529252,card,CARD529252,,,,1.0,False,
C_CARD529253,card,CARD529253,,,,1.0,False,
C_CARD529254,card,CARD529254,,,,1.0,False,
C_CARD529264,card,CARD529264,,,,1.0,False,
C_CARD529269,card,CARD529269,,,,1.0,False,
C_CARD529271,card,CARD529271,,,,1.0,False,
C_CARD529273,card,CARD529273,,,,1.0,False,
C_CARD529276,card,CARD529276,,,,1.0,False,
C_CARD529278,card,CARD529278,,,,1.0,False,
C_CARD529289,card,CARD529289,,,,1.0,False,
C_CARD529292,card,CARD529292,,,,1.0,False,
C_CARD529293,card,CARD529293,,,,1.0,False,
C_CARD529298,card,CARD529298,,,,1.0,False,
C_CARD529300,card,CARD529300,,,,1.0,False,
C_CARD529303,card,CARD529303,,,,1.0,False,
C_CARD529304,card,CARD529304,,,,1.0,False,
C_CARD529306,card,CARD529306,,,,1.0,False,
C_CARD529310,card,CARD529310,,,,1.0,False,
C_CARD529313,card,CARD529313,,,,1.0,False,
C_CARD529315,card,CARD529315,,,,1.0,False,
C_CARD529316,card,CARD529316,,,,1.0,False,
C_CARD529319,card,CARD529319,,,,1.0,False,
C_CARD529320,card,CARD529320,,,,1.0,False,
C_CARD529322,card,CARD529322,,,,1.0,False,
C_CARD529326,card,CARD529326,,,,1.0,False,
C_CARD529330,card,CARD529330,,,,1.0,False,
C_CARD529332,card,CARD529332,,,,1.0,False,
C_CARD529338,card,CARD529338,,,,1.0,False,
C_CARD529340,card,CARD529340,,,,1.0,False,
C_CARD529347,card,CARD529347,,,,1.0,False,
C_CARD529348,card,CARD529348,,,,1.0,False,
C_CARD529349,card,CARD529349,,,,1.0,False,
C_CARD529352,card,CARD529352,,,,1.0,False,
C_CARD529355,card,CARD529355,,,,1.0,False,
C_CARD529361,card,CARD529361,,,,1.0,False,
C_CARD529366,card,CARD529366,,,,1.0,False,
C_CARD529372,card,CARD529372,,,,1.0,False,
C_CARD529381,card,CARD529381,,,,1.0,False,
C_CARD529387,card,CARD529387,,,,1.0,False,
C_CARD529391,card,CARD529391,,,,1.0,False,
C_CARD529399,card,CARD529399,,,,1.0,False,
C_CARD529402,card,CARD529402,,,,1.0,False,
C_CARD529403,card,CARD529403,,,,1.0,False,
C_CARD529404,card,CARD529404,,,,1.0,False,
C_CARD529405,card,CARD529405,,,,1.0,False,
C_CARD529407,card,CARD529407,,,,1.0,False,
C_CARD529408,card,CARD529408,,,,1.0,False,
C_CARD529410,card,CARD529410,,,,1.0,False,
C_CARD529411,card,CARD529411,,,,1.0,False,
C_CARD529416,card,CARD529416,,,,1.0,False,
C_CARD529420,card,CARD529420,,,,1.0,False,
C_CARD529422,card,CARD529422,,,,1.0,False,
C_CARD529423,card,CARD529423,,,,1.0,False,
C_CARD529430,card,CARD529430,,,,1.0,False,
C_CARD529431,card,CARD529431,,,,1.0,False,
C_CARD529435,card,CARD529435,,,,1.0,False,
C_CARD529436,card,CARD529436,,,,1.0,False,
C_CARD529437,card,CARD529437,,,,1.0,False,
C_CARD529439,card,CARD529439,,,,1.0,False,
C_CARD529444,card,CARD529444,,,,1.0,False,
C_CARD529446,card,CARD529446,,,,1.0,False,
C_CARD529448,card,CARD529448,,,,1.0,False,
C_CARD529458,card,CARD529458,,,,1.0,False,
C_CARD529459,card,CARD529459,,,,1.0,False,
C_CARD529461,card,CARD529461,,,,1.0,False,
C_CARD529462,card,CARD529462,,,,1.0,False,
C_CARD529463,card,CARD529463,,,,1.0,False,
C_CARD529468,card,CARD529468,,,,1.0,False,
C_CARD529474,card,CARD529474,,,,1.0,False,
C_CARD529479,card,CARD529479,,,,1.0,False,
C_CARD529483,card,CARD529483,,,,1.0,False,
C_CARD529484,card,CARD529484,,,,1.0,False,
C_CARD529485,card,CARD529485,,,,1.0,False,
C_CARD529496,card,CARD529496,,,,1.0,False,
C_CARD529497,card,CARD529497,,,,1.0,False,
C_CARD529499,card,CARD529499,,,,1.0,False,
C_CARD529500,card,CARD529500,,,,1.0,False,
C_CARD529501,card,CARD529501,,,,1.0,False,
C_CARD529502,card,CARD529502,,,,1.0,False,
C_CARD529505,card,CARD529505,,,,1.0,False,
C_CARD529509,card,CARD529509,,,,1.0,False,
C_CARD529513,card,CARD529513,,,,1.0,False,
C_CARD529517,card,CARD529517,,,,1.0,False,
C_CARD529519,card,CARD529519,,,,1.0,False,
C_CARD529523,card,CARD529523,,,,1.0,False,
C_CARD529527,card,CARD529527,,,,1.0,False,
C_CARD529531,card,CARD529531,,,,1.0,False,
C_CARD529533,card,CARD529533,,,,1.0,False,
C_CARD529537,card,CARD529537,,,,1.0,False,
C_CARD529541,card,CARD529541,,,,1.0,False,
C_CARD529556,card,CARD529556,,,,1.0,False,
C_CARD529563,card,CARD529563,,,,1.0,False,
C_CARD529568,card,CARD529568,,,,1.0,False,
C_CARD529573,card,CARD529573,,,,1.0,False,
C_CARD529579,card,CARD529579,,,,1.0,False,
C_CARD529582,card,CARD529582,,,,1.0,False,
C_CARD529585,card,CARD529585,,,,1.0,False,
C_CARD529591,card,CARD529591,,,,1.0,False,
C_CARD529592,card,CARD529592,,,,1.0,False,
C_CARD529593,card,CARD529593,,,,1.0,False,
C_CARD529594,card,CARD529594,,,,1.0,False,
C_CARD529598,card,CARD529598,,,,1.0,False,
C_CARD529600,card,CARD529600,,,,1.0,False,
C_CARD529603,card,CARD529603,,,,1.0,False,
C_CARD529606,card,CARD529606,,,,1.0,False,
C_CARD529607,card,CARD529607,,,,1.0,False,
C_CARD529619,card,CARD529619,,,,1.0,False,
C_CARD529621,card,CARD529621,,,,1.0,False,
C_CARD529623,card,CARD529623,,,,1.0,False,
C_CARD529625,card,CARD529625,,,,1.0,False,
C_CARD529633,card,CARD529633,,,,1.0,False,
C_CARD529634,card,CARD529634,,,,1.0,False,
C_CARD529636,card,CARD529636,,,,1.0,False,
C_CARD529641,card,CARD529641,,,,1.0,False,
C_CARD529642,card,CARD529642,,,,1.0,False,
C_CARD529647,card,CARD529647,,,,1.0,False,
C_CARD529648,card,CARD529648,,,,1.0,False,
C_CARD529652,card,CARD529652,,,,1.0,False,
C_CARD529654,card,CARD529654,,,,1.0,False,
C_CARD529655,card,CARD529655,,,,1.0,False,
C_CARD529666,card,CARD529666,,,,1.0,False,
C_CARD529671,card,CARD529671,,,,1.0,False,
C_CARD529682,card,CARD529682,,,,1.0,False,
C_CARD529685,card,CARD529685,,,,1.0,False,
C_CARD529691,card,CARD529691,,,,1.0,False,
C_CARD529692,card,CARD529692,,,,1.0,False,
C_CARD529699,card,CARD529699,,,,1.0,False,
C_CARD529703,card,CARD529703,,,,1.0,False,
C_CARD529710,card,CARD529710,,,,1.0,False,
C_CARD529712,card,CARD529712,,,,1.0,False,
C_CARD529713,card,CARD529713,,,,1.0,False,
C_CARD529717,card,CARD529717,,,,1.0,False,
C_CARD529720,card,CARD529720,,,,1.0,False,
C_CARD529725,card,CARD529725,,,,1.0,False,
C_CARD529726,card,CARD529726,,,,1.0,False,
C_CARD529728,card,CARD529728,,,,1.0,False,
C_CARD529731,card,CARD529731,,,,1.0,False,
C_CARD529733,card,CARD529733,,,,1.0,False,
C_CARD529737,card,CARD529737,,,,1.0,False,
C_CARD529739,card,CARD529739,,,,1.0,False,
C_CARD529741,card,CARD529741,,,,1.0,False,
C_CARD529759,card,CARD529759,,,,1.0,False,
C_CARD529764,card,CARD529764,,,,1.0,False,
C_CARD529765,card,CARD529765,,,,1.0,False,
C_CARD529767,card,CARD529767,,,,1.0,False,
C_CARD529779,card,CARD529779,,,,1.0,False,
C_CARD529780,card,CARD529780,,,,1.0,False,
C_CARD529781,card,CARD529781,,,,1.0,False,
C_CARD529782,card,CARD529782,,,,1.0,False,
C_CARD529783,card,CARD529783,,,,1.0,False,
C_CARD529786,card,CARD529786,,,,1.0,False,
C_CARD529789,card,CARD529789,,,,1.0,False,
C_CARD529790,card,CARD529790,,,,1.0,False,
C_CARD529795,card,CARD529795,,,,1.0,False,
C_CARD529796,card,CARD529796,,,,1.0,False,
C_CARD529798,card,CARD529798,,,,1.0,False,
C_CARD529799,card,CARD529799,,,,1.0,False,
C_CARD529803,card,CARD529803,,,,1.0,False,
C_CARD529804,card,CARD529804,,,,1.0,False,
C_CARD529807,card,CARD529807,,,,1.0,False,
C_CARD529815,card,CARD529815,,,,1.0,False,
C_CARD529848,card,CARD529848,,,,1.0,False,
C_CARD529849,card,CARD529849,,,,1.0,False,
C_CARD529850,card,CARD529850,,,,1.0,False,
C_CARD529860,card,CARD529860,,,,1.0,False,
C_CARD529867,card,CARD529867,,,,1.0,False,
C_CARD529868,card,CARD529868,,,,1.0,False,
C_CARD529875,card,CARD529875,,,,1.0,False,
C_CARD529879,card,CARD529879,,,,1.0,False,
C_CARD529895,card,CARD529895,,,,1.0,False,
C_CARD529902,card,CARD529902,,,,1.0,False,
C_CARD529908,card,CARD529908,,,,1.0,False,
C_CARD529910,card,CARD529910,,,,1.0,False,
C_CARD529911,card,CARD529911,,,,1.0,False,
C_CARD529928,card,CARD529928,,,,1.0,False,
C_CARD529929,card,CARD529929,,,,1.0,False,
C_CARD529935,card,CARD529935,,,,1.0,False,
C_CARD529937,card,CARD529937,,,,1.0,False,
C_CARD529946,card,CARD529946,,,,1.0,False,
C_CARD529958,card,CARD529958,,,,1.0,False,
C_CARD529960,card,CARD529960,,,,1.0,False,
C_CARD529961,card,CARD529961,,,,1.0,False,
C_CARD529962,card,CARD529962,,,,1.0,False,
C_CARD529963,card,CARD529963,,,,1.0,False,
C_CARD529964,card,CARD529964,,,,1.0,False,
C_CARD529966,card,CARD529966,,,,1.0,False,
C_CARD529969,card,CARD529969,,,,1.0,False,
C_CARD529975,card,CARD529975,,,,1.0,False,
C_CARD529976,card,CARD529976,,,,1.0,False,
C_CARD529985,card,CARD529985,,,,1.0,False,
C_CARD529986,card,CARD529986,,,,1.0,False,
C_CARD529987,card,CARD529987,,,,1.0,False,
C_CARD529988,card,CARD529988,,,,1.0,False,
C_CARD529990,card,CARD529990,,,,1.0,False,
C_CARD529995,card,CARD529995,,,,1.0,False,
C_CARD529997,card,CARD529997,,,,1.0,False,
C_CARD530003,card,CARD530003,,,,1.0,False,
C_CARD530006,card,CARD530006,,,,1.0,False,
C_CARD530015,card,CARD530015,,,,1.0,False,
C_CARD530020,card,CARD530020,,,,1.0,False,
C_CARD530023,card,CARD530023,,,,1.0,False,
C_CARD530036,card,CARD530036,,,,1.0,False,
C_CARD530038,card,CARD530038,,,,1.0,False,
C_CARD530041,card,CARD530041,,,,1.0,False,
C_CARD530045,card,CARD530045,,,,1.0,False,
C_CARD530047,card,CARD530047,,,,1.0,False,
C_CARD530049,card,CARD530049,,,,1.0,False,
C_CARD530052,card,CARD530052,,,,1.0,False,
C_CARD530053,card,CARD530053,,,,1.0,False,
C_CARD530061,card,CARD530061,,,,1.0,False,
C_CARD530064,card,CARD530064,,,,1.0,False,
C_CARD530065,card,CARD530065,,,,1.0,False,
C_CARD530070,card,CARD530070,,,,1.0,False,
C_CARD530074,card,CARD530074,,,,1.0,False,
C_CARD530076,card,CARD530076,,,,1.0,False,
C_CARD530078,card,CARD530078,,,,1.0,False,
C_CARD530082,card,CARD530082,,,,1.0,False,
C_CARD530087,card,CARD530087,,,,1.0,False,
C_CARD530088,card,CARD530088,,,,1.0,False,
C_CARD530096,card,CARD530096,,,,1.0,False,
C_CARD530098,card,CARD530098,,,,1.0,False,
C_CARD530106,card,CARD530106,,,,1.0,False,
C_CARD530112,card,CARD530112,,,,1.0,False,
C_CARD530114,card,CARD530114,,,,1.0,False,
C_CARD530126,card,CARD530126,,,,1.0,False,
C_CARD530127,card,CARD530127,,,,1.0,False,
C_CARD530132,card,CARD530132,,,,1.0,False,
C_CARD530134,card,CARD530134,,,,1.0,False,
C_CARD530135,card,CARD530135,,,,1.0,False,
C_CARD530136,card,CARD530136,,,,1.0,False,
C_CARD530142,card,CARD530142,,,,1.0,False,
C_CARD530143,card,CARD530143,,,,1.0,False,
C_CARD530158,card,CARD530158,,,,1.0,False,
C_CARD530167,card,CARD530167,,,,1.0,False,
C_CARD530171,card,CARD530171,,,,1.0,False,
C_CARD530180,card,CARD530180,,,,1.0,False,
C_CARD530183,card,CARD530183,,,,1.0,False,
C_CARD530184,card,CARD530184,,,,1.0,False,
C_CARD530185,card,CARD530185,,,,1.0,False,
C_CARD530192,card,CARD530192,,,,1.0,False,
C_CARD530196,card,CARD530196,,,,1.0,False,
C_CARD530207,card,CARD530207,,,,1.0,False,
C_CARD530208,card,CARD530208,,,,1.0,False,
C_CARD530210,card,CARD530210,,,,1.0,False,
C_CARD530214,card,CARD530214,,,,1.0,False,
C_CARD530215,card,CARD530215,,,,1.0,False,
C_CARD530219,card,CARD530219,,,,1.0,False,
C_CARD530224,card,CARD530224,,,,1.0,False,
C_CARD530229,card,CARD530229,,,,1.0,False,
C_CARD530235,card,CARD530235,,,,1.0,False,
C_CARD530236,card,CARD530236,,,,1.0,False,
C_CARD530242,card,CARD530242,,,,1.0,False,
C_CARD530244,card,CARD530244,,,,1.0,False,
C_CARD530246,card,CARD530246,,,,1.0,False,
C_CARD530255,card,CARD530255,,,,1.0,False,
C_CARD530260,card,CARD530260,,,,1.0,False,
C_CARD530261,card,CARD530261,,,,1.0,False,
C_CARD530265,card,CARD530265,,,,1.0,False,
C_CARD530266,card,CARD530266,,,,1.0,False,
C_CARD530267,card,CARD530267,,,,1.0,False,
C_CARD530271,card,CARD530271,,,,1.0,False,
C_CARD530272,card,CARD530272,,,,1.0,False,
C_CARD530273,card,CARD530273,,,,1.0,False,
C_CARD530274,card,CARD530274,,,,1.0,False,
C_CARD530279,card,CARD530279,,,,1.0,False,
C_CARD530284,card,CARD530284,,,,1.0,False,
C_CARD530287,card,CARD530287,,,,1.0,False,
C_CARD530290,card,CARD530290,,,,1.0,False,
C_CARD530295,card,CARD530295,,,,1.0,False,
C_CARD530299,card,CARD530299,,,,1.0,False,
C_CARD530305,card,CARD530305,,,,1.0,False,
C_CARD530306,card,CARD530306,,,,1.0,False,
C_CARD530311,card,CARD530311,,,,1.0,False,
C_CARD530313,card,CARD530313,,,,1.0,False,
C_CARD530314,card,CARD530314,,,,1.0,False,
C_CARD530315,card,CARD530315,,,,1.0,False,
C_CARD530320,card,CARD530320,,,,1.0,False,
C_CARD530323,card,CARD530323,,,,1.0,False,
C_CARD530326,card,CARD530326,,,,1.0,False,
C_CARD530330,card,CARD530330,,,,1.0,False,
C_CARD530342,card,CARD530342,,,,1.0,False,
C_CARD530343,card,CARD530343,,,,1.0,False,
C_CARD530348,card,CARD530348,,,,1.0,False,
C_CARD530355,card,CARD530355,,,,1.0,False,
C_CARD530360,card,CARD530360,,,,1.0,False,
C_CARD530364,card,CARD530364,,,,1.0,False,
C_CARD530371,card,CARD530371,,,,1.0,False,
C_CARD530373,card,CARD530373,,,,1.0,False,
C_CARD530389,card,CARD530389,,,,1.0,False,
C_CARD530402,card,CARD530402,,,,1.0,False,
C_CARD530403,card,CARD530403,,,,1.0,False,
C_CARD530404,card,CARD530404,,,,1.0,False,
C_CARD530405,card,CARD530405,,,,1.0,False,
C_CARD530407,card,CARD530407,,,,1.0,False,
C_CARD530409,card,CARD530409,,,,1.0,False,
C_CARD530411,card,CARD530411,,,,1.0,False,
C_CARD530412,card,CARD530412,,,,1.0,False,
C_CARD530414,card,CARD530414,,,,1.0,False,
C_CARD530416,card,CARD530416,,,,1.0,False,
C_CARD530421,card,CARD530421,,,,1.0,False,
C_CARD530428,card,CARD530428,,,,1.0,False,
C_CARD530442,card,CARD530442,,,,1.0,False,
C_CARD530444,card,CARD530444,,,,1.0,False,
C_CARD530446,card,CARD530446,,,,1.0,False,
C_CARD530447,card,CARD530447,,,,1.0,False,
C_CARD530450,card,CARD530450,,,,1.0,False,
C_CARD530451,card,CARD530451,,,,1.0,False,
C_CARD530462,card,CARD530462,,,,1.0,False,
C_CARD530465,card,CARD530465,,,,1.0,False,
C_CARD530467,card,CARD530467,,,,1.0,False,
C_CARD530471,card,CARD530471,,,,1.0,False,
C_CARD530477,card,CARD530477,,,,1.0,False,
C_CARD530480,card,CARD530480,,,,1.0,False,
C_CARD530485,card,CARD530485,,,,1.0,False,
C_CARD530493,card,CARD530493,,,,1.0,False,
C_CARD530494,card,CARD530494,,,,1.0,False,
C_CARD530497,card,CARD530497,,,,1.0,False,
C_CARD530502,card,CARD530502,,,,1.0,False,
C_CARD530510,card,CARD530510,,,,1.0,False,
C_CARD530511,card,CARD530511,,,,1.0,False,
C_CARD530519,card,CARD530519,,,,1.0,False,
C_CARD530526,card,CARD530526,,,,1.0,False,
C_CARD530528,card,CARD530528,,,,1.0,False,
C_CARD530529,card,CARD530529,,,,1.0,False,
C_CARD530533,card,CARD530533,,,,1.0,False,
C_CARD530538,card,CARD530538,,,,1.0,False,
C_CARD530555,card,CARD530555,,,,1.0,False,
C_CARD530557,card,CARD530557,,,,1.0,False,
C_CARD530558,card,CARD530558,,,,1.0,False,
C_CARD530559,card,CARD530559,,,,1.0,False,
C_CARD530566,card,CARD530566,,,,1.0,False,
C_CARD530568,card,CARD530568,,,,1.0,False,
C_CARD530569,card,CARD530569,,,,1.0,False,
C_CARD530575,card,CARD530575,,,,1.0,False,
C_CARD530576,card,CARD530576,,,,1.0,False,
C_CARD530577,card,CARD530577,,,,1.0,False,
C_CARD530578,card,CARD530578,,,,1.0,False,
C_CARD530585,card,CARD530585,,,,1.0,False,
C_CARD530596,card,CARD530596,,,,1.0,False,
C_CARD530609,card,CARD530609,,,,1.0,False,
C_CARD530611,card,CARD530611,,,,1.0,False,
C_CARD530620,card,CARD530620,,,,1.0,False,
C_CARD530623,card,CARD530623,,,,1.0,False,
C_CARD530625,card,CARD530625,,,,1.0,False,
C_CARD530630,card,CARD530630,,,,1.0,False,
C_CARD530637,card,CARD530637,,,,1.0,False,
C_CARD530647,card,CARD530647,,,,1.0,False,
C_CARD530650,card,CARD530650,,,,1.0,False,
C_CARD530659,card,CARD530659,,,,1.0,False,
C_CARD530663,card,CARD530663,,,,1.0,False,
C_CARD530668,card,CARD530668,,,,1.0,False,
C_CARD530678,card,CARD530678,,,,1.0,False,
C_CARD530681,card,CARD530681,,,,1.0,False,
C_CARD530684,card,CARD530684,,,,1.0,False,
C_CARD530685,card,CARD530685,,,,1.0,False,
C_CARD530687,card,CARD530687,,,,1.0,False,
C_CARD530691,card,CARD530691,,,,1.0,False,
C_CARD530694,card,CARD530694,,,,1.0,False,
C_CARD530700,card,CARD530700,,,,1.0,False,
C_CARD530708,card,CARD530708,,,,1.0,False,
C_CARD530720,card,CARD530720,,,,1.0,False,
C_CARD530722,card,CARD530722,,,,1.0,False,
C_CARD530724,card,CARD530724,,,,1.0,False,
C_CARD530726,card,CARD530726,,,,1.0,False,
C_CARD530733,card,CARD530733,,,,1.0,False,
C_CARD530742,card,CARD530742,,,,1.0,False,
C_CARD530749,card,CARD530749,,,,1.0,False,
C_CARD530754,card,CARD530754,,,,1.0,False,
C_CARD530755,card,CARD530755,,,,1.0,False,
C_CARD530765,card,CARD530765,,,,1.0,False,
C_CARD530767,card,CARD530767,,,,1.0,False,
C_CARD530770,card,CARD530770,,,,1.0,False,
C_CARD530773,card,CARD530773,,,,1.0,False,
C_CARD530774,card,CARD530774,,,,1.0,False,
C_CARD530780,card,CARD530780,,,,1.0,False,
C_CARD530781,card,CARD530781,,,,1.0,False,
C_CARD530782,card,CARD530782,,,,1.0,False,
C_CARD530785,card,CARD530785,,,,1.0,False,
C_CARD530789,card,CARD530789,,,,1.0,False,
C_CARD530791,card,CARD530791,,,,1.0,False,
C_CARD530792,card,CARD530792,,,,1.0,False,
C_CARD530799,card,CARD530799,,,,1.0,False,
C_CARD530803,card,CARD530803,,,,1.0,False,
C_CARD530810,card,CARD530810,,,,1.0,False,
C_CARD530812,card,CARD530812,,,,1.0,False,
C_CARD530815,card,CARD530815,,,,1.0,False,
C_CARD530821,card,CARD530821,,,,1.0,False,
C_CARD530822,card,CARD530822,,,,1.0,False,
C_CARD530823,card,CARD530823,,,,1.0,False,
C_CARD530825,card,CARD530825,,,,1.0,False,
C_CARD530832,card,CARD530832,,,,1.0,False,
C_CARD530845,card,CARD530845,,,,1.0,False,
C_CARD530846,card,CARD530846,,,,1.0,False,
C_CARD530851,card,CARD530851,,,,1.0,False,
C_CARD530855,card,CARD530855,,,,1.0,False,
C_CARD530860,card,CARD530860,,,,1.0,False,
C_CARD530862,card,CARD530862,,,,1.0,False,
C_CARD530868,card,CARD530868,,,,1.0,False,
C_CARD530873,card,CARD530873,,,,1.0,False,
C_CARD530877,card,CARD530877,,,,1.0,False,
C_CARD530883,card,CARD530883,,,,1.0,False,
C_CARD530888,card,CARD530888,,,,1.0,False,
C_CARD530893,card,CARD530893,,,,1.0,False,
C_CARD530894,card,CARD530894,,,,1.0,False,
C_CARD530895,card,CARD530895,,,,1.0,False,
C_CARD530898,card,CARD530898,,,,1.0,False,
C_CARD530906,card,CARD530906,,,,1.0,False,
C_CARD530920,card,CARD530920,,,,1.0,False,
C_CARD530935,card,CARD530935,,,,1.0,False,
C_CARD530937,card,CARD530937,,,,1.0,False,
C_CARD530938,card,CARD530938,,,,1.0,False,
C_CARD530939,card,CARD530939,,,,1.0,False,
C_CARD530940,card,CARD530940,,,,1.0,False,
C_CARD530941,card,CARD530941,,,,1.0,False,
C_CARD530943,card,CARD530943,,,,1.0,False,
C_CARD530951,card,CARD530951,,,,1.0,False,
C_CARD530958,card,CARD530958,,,,1.0,False,
C_CARD530961,card,CARD530961,,,,1.0,False,
C_CARD530963,card,CARD530963,,,,1.0,False,
C_CARD530965,card,CARD530965,,,,1.0,False,
C_CARD530987,card,CARD530987,,,,1.0,False,
C_CARD530994,card,CARD530994,,,,1.0,False,
C_CARD531001,card,CARD531001,,,,1.0,False,
C_CARD531003,card,CARD531003,,,,1.0,False,
C_CARD531006,card,CARD531006,,,,1.0,False,
C_CARD531007,card,CARD531007,,,,1.0,False,
C_CARD531027,card,CARD531027,,,,1.0,False,
C_CARD531031,card,CARD531031,,,,1.0,False,
C_CARD531035,card,CARD531035,,,,1.0,False,
C_CARD531036,card,CARD531036,,,,1.0,False,
C_CARD531038,card,CARD531038,,,,1.0,False,
C_CARD531041,card,CARD531041,,,,1.0,False,
C_CARD531049,card,CARD531049,,,,1.0,False,
C_CARD531050,card,CARD531050,,,,1.0,False,
C_CARD531058,card,CARD531058,,,,1.0,False,
C_CARD531061,card,CARD531061,,,,1.0,False,
C_CARD531067,card,CARD531067,,,,1.0,False,
C_CARD531068,card,CARD531068,,,,1.0,False,
C_CARD531096,card,CARD531096,,,,1.0,False,
C_CARD531106,card,CARD531106,,,,1.0,False,
C_CARD531110,card,CARD531110,,,,1.0,False,
C_CARD531112,card,CARD531112,,,,1.0,False,
C_CARD531119,card,CARD531119,,,,1.0,False,
C_CARD531121,card,CARD531121,,,,1.0,False,
C_CARD531122,card,CARD531122,,,,1.0,False,
C_CARD531130,card,CARD531130,,,,1.0,False,
C_CARD531133,card,CARD531133,,,,1.0,False,
C_CARD531134,card,CARD531134,,,,1.0,False,
C_CARD531136,card,CARD531136,,,,1.0,False,
C_CARD531140,card,CARD531140,,,,1.0,False,
C_CARD531141,card,CARD531141,,,,1.0,False,
C_CARD531144,card,CARD531144,,,,1.0,False,
C_CARD531147,card,CARD531147,,,,1.0,False,
C_CARD531150,card,CARD531150,,,,1.0,False,
C_CARD531151,card,CARD531151,,,,1.0,False,
C_CARD531155,card,CARD531155,,,,1.0,False,
C_CARD531158,card,CARD531158,,,,1.0,False,
C_CARD531161,card,CARD531161,,,,1.0,False,
C_CARD531162,card,CARD531162,,,,1.0,False,
C_CARD531174,card,CARD531174,,,,1.0,False,
C_CARD531190,card,CARD531190,,,,1.0,False,
C_CARD531197,card,CARD531197,,,,1.0,False,
C_CARD531212,card,CARD531212,,,,1.0,False,
C_CARD531213,card,CARD531213,,,,1.0,False,
C_CARD531218,card,CARD531218,,,,1.0,False,
C_CARD531220,card,CARD531220,,,,1.0,False,
C_CARD531221,card,CARD531221,,,,1.0,False,
C_CARD531227,card,CARD531227,,,,1.0,False,
C_CARD531237,card,CARD531237,,,,1.0,False,
C_CARD531238,card,CARD531238,,,,1.0,False,
C_CARD531240,card,CARD531240,,,,1.0,False,
C_CARD531241,card,CARD531241,,,,1.0,False,
C_CARD531247,card,CARD531247,,,,1.0,False,
C_CARD531253,card,CARD531253,,,,1.0,False,
C_CARD531255,card,CARD531255,,,,1.0,False,
C_CARD531257,card,CARD531257,,,,1.0,False,
C_CARD531262,card,CARD531262,,,,1.0,False,
C_CARD531266,card,CARD531266,,,,1.0,False,
C_CARD531273,card,CARD531273,,,,1.0,False,
C_CARD531275,card,CARD531275,,,,1.0,False,
C_CARD531279,card,CARD531279,,,,1.0,False,
C_CARD531280,card,CARD531280,,,,1.0,False,
C_CARD531282,card,CARD531282,,,,1.0,False,
C_CARD531286,card,CARD531286,,,,1.0,False,
C_CARD531289,card,CARD531289,,,,1.0,False,
C_CARD531290,card,CARD531290,,,,1.0,False,
C_CARD531300,card,CARD531300,,,,1.0,False,
C_CARD531301,card,CARD531301,,,,1.0,False,
C_CARD531310,card,CARD531310,,,,1.0,False,
C_CARD531312,card,CARD531312,,,,1.0,False,
C_CARD531319,card,CARD531319,,,,1.0,False,
C_CARD531320,card,CARD531320,,,,1.0,False,
C_CARD531324,card,CARD531324,,,,1.0,False,
C_CARD531333,card,CARD531333,,,,1.0,False,
C_CARD531335,card,CARD531335,,,,1.0,False,
C_CARD531337,card,CARD531337,,,,1.0,False,
C_CARD531338,card,CARD531338,,,,1.0,False,
C_CARD531339,card,CARD531339,,,,1.0,False,
C_CARD531347,card,CARD531347,,,,1.0,False,
C_CARD531348,card,CARD531348,,,,1.0,False,
C_CARD531355,card,CARD531355,,,,1.0,False,
C_CARD531356,card,CARD531356,,,,1.0,False,
C_CARD531359,card,CARD531359,,,,1.0,False,
C_CARD531361,card,CARD531361,,,,1.0,False,
C_CARD531363,card,CARD531363,,,,1.0,False,
C_CARD531364,card,CARD531364,,,,1.0,False,
C_CARD531365,card,CARD531365,,,,1.0,False,
C_CARD531369,card,CARD531369,,,,1.0,False,
C_CARD531374,card,CARD531374,,,,1.0,False,
C_CARD531376,card,CARD531376,,,,1.0,False,
C_CARD531379,card,CARD531379,,,,1.0,False,
C_CARD531382,card,CARD531382,,,,1.0,False,
C_CARD531383,card,CARD531383,,,,1.0,False,
C_CARD531386,card,CARD531386,,,,1.0,False,
C_CARD531390,card,CARD531390,,,,1.0,False,
C_CARD531401,card,CARD531401,,,,1.0,False,
C_CARD531405,card,CARD531405,,,,1.0,False,
C_CARD531414,card,CARD531414,,,,1.0,False,
C_CARD531416,card,CARD531416,,,,1.0,False,
C_CARD531423,card,CARD531423,,,,1.0,False,
C_CARD531426,card,CARD531426,,,,1.0,False,
C_CARD531430,card,CARD531430,,,,1.0,False,
C_CARD531432,card,CARD531432,,,,1.0,False,
C_CARD531433,card,CARD531433,,,,1.0,False,
C_CARD531436,card,CARD531436,,,,1.0,False,
C_CARD531437,card,CARD531437,,,,1.0,False,
C_CARD531438,card,CARD531438,,,,1.0,False,
C_CARD531444,card,CARD531444,,,,1.0,False,
C_CARD531450,card,CARD531450,,,,1.0,False,
C_CARD531452,card,CARD531452,,,,1.0,False,
C_CARD531453,card,CARD531453,,,,1.0,False,
C_CARD531454,card,CARD531454,,,,1.0,False,
C_CARD531457,card,CARD531457,,,,1.0,False,
C_CARD531463,card,CARD531463,,,,1.0,False,
C_CARD531467,card,CARD531467,,,,1.0,False,
C_CARD531470,card,CARD531470,,,,1.0,False,
C_CARD531471,card,CARD531471,,,,1.0,False,
C_CARD531472,card,CARD531472,,,,1.0,False,
C_CARD531476,card,CARD531476,,,,1.0,False,
C_CARD531479,card,CARD531479,,,,1.0,False,
C_CARD531480,card,CARD531480,,,,1.0,False,
C_CARD531501,card,CARD531501,,,,1.0,False,
C_CARD531504,card,CARD531504,,,,1.0,False,
C_CARD531506,card,CARD531506,,,,1.0,False,
C_CARD531507,card,CARD531507,,,,1.0,False,
C_CARD531511,card,CARD531511,,,,1.0,False,
C_CARD531515,card,CARD531515,,,,1.0,False,
C_CARD531524,card,CARD531524,,,,1.0,False,
C_CARD531531,card,CARD531531,,,,1.0,False,
C_CARD531539,card,CARD531539,,,,1.0,False,
C_CARD531540,card,CARD531540,,,,1.0,False,
C_CARD531541,card,CARD531541,,,,1.0,False,
C_CARD531549,card,CARD531549,,,,1.0,False,
C_CARD531565,card,CARD531565,,,,1.0,False,
C_CARD531568,card,CARD531568,,,,1.0,False,
C_CARD531573,card,CARD531573,,,,1.0,False,
C_CARD531577,card,CARD531577,,,,1.0,False,
C_CARD531578,card,CARD531578,,,,1.0,False,
C_CARD531579,card,CARD531579,,,,1.0,False,
C_CARD531582,card,CARD531582,,,,1.0,False,
C_CARD531584,card,CARD531584,,,,1.0,False,
C_CARD531596,card,CARD531596,,,,1.0,False,
C_CARD531600,card,CARD531600,,,,1.0,False,
C_CARD531604,card,CARD531604,,,,1.0,False,
C_CARD531608,card,CARD531608,,,,1.0,False,
C_CARD531613,card,CARD531613,,,,1.0,False,
C_CARD531616,card,CARD531616,,,,1.0,False,
C_CARD531620,card,CARD531620,,,,1.0,False,
C_CARD531623,card,CARD531623,,,,1.0,False,
C_CARD531626,card,CARD531626,,,,1.0,False,
C_CARD531634,card,CARD531634,,,,1.0,False,
C_CARD531635,card,CARD531635,,,,1.0,False,
C_CARD531644,card,CARD531644,,,,1.0,False,
C_CARD531645,card,CARD531645,,,,1.0,False,
C_CARD531647,card,CARD531647,,,,1.0,False,
C_CARD531661,card,CARD531661,,,,1.0,False,
C_CARD531666,card,CARD531666,,,,1.0,False,
C_CARD531678,card,CARD531678,,,,1.0,False,
C_CARD531679,card,CARD531679,,,,1.0,False,
C_CARD531681,card,CARD531681,,,,1.0,False,
C_CARD531683,card,CARD531683,,,,1.0,False,
C_CARD531685,card,CARD531685,,,,1.0,False,
C_CARD531690,card,CARD531690,,,,1.0,False,
C_CARD531696,card,CARD531696,,,,1.0,False,
C_CARD531697,card,CARD531697,,,,1.0,False,
C_CARD531698,card,CARD531698,,,,1.0,False,
C_CARD531706,card,CARD531706,,,,1.0,False,
C_CARD531707,card,CARD531707,,,,1.0,False,
C_CARD531710,card,CARD531710,,,,1.0,False,
C_CARD531713,card,CARD531713,,,,1.0,False,
C_CARD531720,card,CARD531720,,,,1.0,False,
C_CARD531722,card,CARD531722,,,,1.0,False,
C_CARD531723,card,CARD531723,,,,1.0,False,
C_CARD531724,card,CARD531724,,,,1.0,False,
C_CARD531727,card,CARD531727,,,,1.0,False,
C_CARD531729,card,CARD531729,,,,1.0,False,
C_CARD531733,card,CARD531733,,,,1.0,False,
C_CARD531735,card,CARD531735,,,,1.0,False,
C_CARD531741,card,CARD531741,,,,1.0,False,
C_CARD531747,card,CARD531747,,,,1.0,False,
C_CARD531748,card,CARD531748,,,,1.0,False,
C_CARD531750,card,CARD531750,,,,1.0,False,
C_CARD531755,card,CARD531755,,,,1.0,False,
C_CARD531756,card,CARD531756,,,,1.0,False,
C_CARD531763,card,CARD531763,,,,1.0,False,
C_CARD531766,card,CARD531766,,,,1.0,False,
C_CARD531767,card,CARD531767,,,,1.0,False,
C_CARD531775,card,CARD531775,,,,1.0,False,
C_CARD531785,card,CARD531785,,,,1.0,False,
C_CARD531786,card,CARD531786,,,,1.0,False,
C_CARD531789,card,CARD531789,,,,1.0,False,
C_CARD531797,card,CARD531797,,,,1.0,False,
C_CARD531804,card,CARD531804,,,,1.0,False,
C_CARD531818,card,CARD531818,,,,1.0,False,
C_CARD531819,card,CARD531819,,,,1.0,False,
C_CARD531821,card,CARD531821,,,,1.0,False,
C_CARD531829,card,CARD531829,,,,1.0,False,
C_CARD531830,card,CARD531830,,,,1.0,False,
C_CARD531831,card,CARD531831,,,,1.0,False,
C_CARD531834,card,CARD531834,,,,1.0,False,
C_CARD531835,card,CARD531835,,,,1.0,False,
C_CARD531837,card,CARD531837,,,,1.0,False,
C_CARD531841,card,CARD531841,,,,1.0,False,
C_CARD531847,card,CARD531847,,,,1.0,False,
C_CARD531849,card,CARD531849,,,,1.0,False,
C_CARD531851,card,CARD531851,,,,1.0,False,
C_CARD531853,card,CARD531853,,,,1.0,False,
C_CARD531866,card,CARD531866,,,,1.0,False,
C_CARD531867,card,CARD531867,,,,1.0,False,
C_CARD531869,card,CARD531869,,,,1.0,False,
C_CARD531870,card,CARD531870,,,,1.0,False,
C_CARD531875,card,CARD531875,,,,1.0,False,
C_CARD531879,card,CARD531879,,,,1.0,False,
C_CARD531883,card,CARD531883,,,,1.0,False,
C_CARD531892,card,CARD531892,,,,1.0,False,
C_CARD531894,card,CARD531894,,,,1.0,False,
C_CARD531899,card,CARD531899,,,,1.0,False,
C_CARD531908,card,CARD531908,,,,1.0,False,
C_CARD531910,card,CARD531910,,,,1.0,False,
C_CARD531915,card,CARD531915,,,,1.0,False,
C_CARD531916,card,CARD531916,,,,1.0,False,
C_CARD531918,card,CARD531918,,,,1.0,False,
C_CARD531919,card,CARD531919,,,,1.0,False,
C_CARD531921,card,CARD531921,,,,1.0,False,
C_CARD531926,card,CARD531926,,,,1.0,False,
C_CARD531932,card,CARD531932,,,,1.0,False,
C_CARD531935,card,CARD531935,,,,1.0,False,
C_CARD531941,card,CARD531941,,,,1.0,False,
C_CARD531942,card,CARD531942,,,,1.0,False,
C_CARD531943,card,CARD531943,,,,1.0,False,
C_CARD531945,card,CARD531945,,,,1.0,False,
C_CARD531961,card,CARD531961,,,,1.0,False,
C_CARD531963,card,CARD531963,,,,1.0,False,
C_CARD531965,card,CARD531965,,,,1.0,False,
C_CARD531966,card,CARD531966,,,,1.0,False,
C_CARD531967,card,CARD531967,,,,1.0,False,
C_CARD531980,card,CARD531980,,,,1.0,False,
C_CARD531981,card,CARD531981,,,,1.0,False,
C_CARD531982,card,CARD531982,,,,1.0,False,
C_CARD531983,card,CARD531983,,,,1.0,False,
C_CARD531984,card,CARD531984,,,,1.0,False,
C_CARD531987,card,CARD531987,,,,1.0,False,
C_CARD531990,card,CARD531990,,,,1.0,False,
C_CARD531992,card,CARD531992,,,,1.0,False,
C_CARD532003,card,CARD532003,,,,1.0,False,
C_CARD532007,card,CARD532007,,,,1.0,False,
C_CARD532014,card,CARD532014,,,,1.0,False,
C_CARD532021,card,CARD532021,,,,1.0,False,
C_CARD532027,card,CARD532027,,,,1.0,False,
C_CARD532032,card,CARD532032,,,,1.0,False,
C_CARD532036,card,CARD532036,,,,1.0,False,
C_CARD532039,card,CARD532039,,,,1.0,False,
C_CARD532047,card,CARD532047,,,,1.0,False,
C_CARD532049,card,CARD532049,,,,1.0,False,
C_CARD532052,card,CARD532052,,,,1.0,False,
C_CARD532053,card,CARD532053,,,,1.0,False,
C_CARD532056,card,CARD532056,,,,1.0,False,
C_CARD532057,card,CARD532057,,,,1.0,False,
C_CARD532059,card,CARD532059,,,,1.0,False,
C_CARD532064,card,CARD532064,,,,1.0,False,
C_CARD532065,card,CARD532065,,,,1.0,False,
C_CARD532071,card,CARD532071,,,,1.0,False,
C_CARD532080,card,CARD532080,,,,1.0,False,
C_CARD532087,card,CARD532087,,,,1.0,False,
C_CARD532095,card,CARD532095,,,,1.0,False,
C_CARD532096,card,CARD532096,,,,1.0,False,
C_CARD532097,card,CARD532097,,,,1.0,False,
C_CARD532100,card,CARD532100,,,,1.0,False,
C_CARD532111,card,CARD532111,,,,1.0,False,
C_CARD532115,card,CARD532115,,,,1.0,False,
C_CARD532117,card,CARD532117,,,,1.0,False,
C_CARD532121,card,CARD532121,,,,1.0,False,
C_CARD532129,card,CARD532129,,,,1.0,False,
C_CARD532130,card,CARD532130,,,,1.0,False,
C_CARD532133,card,CARD532133,,,,1.0,False,
C_CARD532144,card,CARD532144,,,,1.0,False,
C_CARD532145,card,CARD532145,,,,1.0,False,
C_CARD532148,card,CARD532148,,,,1.0,False,
C_CARD532152,card,CARD532152,,,,1.0,False,
C_CARD532157,card,CARD532157,,,,1.0,False,
C_CARD532164,card,CARD532164,,,,1.0,False,
C_CARD532174,card,CARD532174,,,,1.0,False,
C_CARD532180,card,CARD532180,,,,1.0,False,
C_CARD532182,card,CARD532182,,,,1.0,False,
C_CARD532183,card,CARD532183,,,,1.0,False,
C_CARD532186,card,CARD532186,,,,1.0,False,
C_CARD532189,card,CARD532189,,,,1.0,False,
C_CARD532190,card,CARD532190,,,,1.0,False,
C_CARD532192,card,CARD532192,,,,1.0,False,
C_CARD532203,card,CARD532203,,,,1.0,False,
C_CARD532206,card,CARD532206,,,,1.0,False,
C_CARD532207,card,CARD532207,,,,1.0,False,
C_CARD532211,card,CARD532211,,,,1.0,False,
C_CARD532212,card,CARD532212,,,,1.0,False,
C_CARD532213,card,CARD532213,,,,1.0,False,
C_CARD532214,card,CARD532214,,,,1.0,False,
C_CARD532217,card,CARD532217,,,,1.0,False,
C_CARD532221,card,CARD532221,,,,1.0,False,
C_CARD532226,card,CARD532226,,,,1.0,False,
C_CARD532229,card,CARD532229,,,,1.0,False,
C_CARD532231,card,CARD532231,,,,1.0,False,
C_CARD532234,card,CARD532234,,,,1.0,False,
C_CARD532239,card,CARD532239,,,,1.0,False,
C_CARD532254,card,CARD532254,,,,1.0,False,
C_CARD532258,card,CARD532258,,,,1.0,False,
C_CARD532265,card,CARD532265,,,,1.0,False,
C_CARD532266,card,CARD532266,,,,1.0,False,
C_CARD532267,card,CARD532267,,,,1.0,False,
C_CARD532268,card,CARD532268,,,,1.0,False,
C_CARD532270,card,CARD532270,,,,1.0,False,
C_CARD532276,card,CARD532276,,,,1.0,False,
C_CARD532284,card,CARD532284,,,,1.0,False,
C_CARD532286,card,CARD532286,,,,1.0,False,
C_CARD532289,card,CARD532289,,,,1.0,False,
C_CARD532294,card,CARD532294,,,,1.0,False,
C_CARD532297,card,CARD532297,,,,1.0,False,
C_CARD532300,card,CARD532300,,,,1.0,False,
C_CARD532302,card,CARD532302,,,,1.0,False,
C_CARD532303,card,CARD532303,,,,1.0,False,
C_CARD532304,card,CARD532304,,,,1.0,False,
C_CARD532313,card,CARD532313,,,,1.0,False,
C_CARD532321,card,CARD532321,,,,1.0,False,
C_CARD532322,card,CARD532322,,,,1.0,False,
C_CARD532323,card,CARD532323,,,,1.0,False,
C_CARD532324,card,CARD532324,,,,1.0,False,
C_CARD532326,card,CARD532326,,,,1.0,False,
C_CARD532335,card,CARD532335,,,,1.0,False,
C_CARD532341,card,CARD532341,,,,1.0,False,
C_CARD532346,card,CARD532346,,,,1.0,False,
C_CARD532351,card,CARD532351,,,,1.0,False,
C_CARD532363,card,CARD532363,,,,1.0,False,
C_CARD532366,card,CARD532366,,,,1.0,False,
C_CARD532368,card,CARD532368,,,,1.0,False,
C_CARD532369,card,CARD532369,,,,1.0,False,
C_CARD532376,card,CARD532376,,,,1.0,False,
C_CARD532377,card,CARD532377,,,,1.0,False,
C_CARD532380,card,CARD532380,,,,1.0,False,
C_CARD532382,card,CARD532382,,,,1.0,False,
C_CARD532383,card,CARD532383,,,,1.0,False,
C_CARD532384,card,CARD532384,,,,1.0,False,
C_CARD532389,card,CARD532389,,,,1.0,False,
C_CARD532395,card,CARD532395,,,,1.0,False,
C_CARD532397,card,CARD532397,,,,1.0,False,
C_CARD532400,card,CARD532400,,,,1.0,False,
C_CARD532411,card,CARD532411,,,,1.0,False,
C_CARD532414,card,CARD532414,,,,1.0,False,
C_CARD532421,card,CARD532421,,,,1.0,False,
C_CARD532422,card,CARD532422,,,,1.0,False,
C_CARD532423,card,CARD532423,,,,1.0,False,
C_CARD532424,card,CARD532424,,,,1.0,False,
C_CARD532428,card,CARD532428,,,,1.0,False,
C_CARD532429,card,CARD532429,,,,1.0,False,
C_CARD532433,card,CARD532433,,,,1.0,False,
C_CARD532436,card,CARD532436,,,,1.0,False,
C_CARD532438,card,CARD532438,,,,1.0,False,
C_CARD532440,card,CARD532440,,,,1.0,False,
C_CARD532441,card,CARD532441,,,,1.0,False,
C_CARD532444,card,CARD532444,,,,1.0,False,
C_CARD532445,card,CARD532445,,,,1.0,False,
C_CARD532453,card,CARD532453,,,,1.0,False,
C_CARD532454,card,CARD532454,,,,1.0,False,
C_CARD_INJECTED_01,card,CARD_INJECTED_01,,,,5.0,True,
M_MER100001,merchant,MER100001,,,,5.0,,Medium
M_MER100002,merchant,MER100002,,,,27.0,,Low
M_MER100003,merchant,MER100003,,,,19.0,,Low
M_MER100004,merchant,MER100004,,,,27.0,,Low
M_MER100005,merchant,MER100005,,,,25.0,,Medium
M_MER100006,merchant,MER100006,,,,12.0,,Low
M_MER100007,merchant,MER100007,,,,7.0,,Low
M_MER100008,merchant,MER100008,,,,16.0,,Low
M_MER100009,merchant,MER100009,,,,20.0,,Low
M_MER100010,merchant,MER100010,,,,18.0,,Low
M_MER100011,merchant,MER100011,,,,15.0,,Medium
M_MER100012,merchant,MER100012,,,,21.0,,Medium
M_MER100013,merchant,MER100013,,,,17.0,,Low
M_MER100014,merchant,MER100014,,,,83.0,,High
M_MER100015,merchant,MER100015,,,,18.0,,Low
M_MER100016,merchant,MER100016,,,,27.0,,Low
M_MER100017,merchant,MER100017,,,,24.0,,Low
M_MER100018,merchant,MER100018,,,,23.0,,Medium
M_MER100019,merchant,MER100019,,,,6.0,,Low
M_MER100020,merchant,MER100020,,,,6.0,,Low
M_MER100021,merchant,MER100021,,,,34.0,,Low
M_MER100022,merchant,MER100022,,,,97.0,,High
M_MER100023,merchant,MER100023,,,,9.0,,Medium
M_MER100024,merchant,MER100024,,,,9.0,,Low
M_MER100025,merchant,MER100025,,,,18.0,,Low
M_MER100026,merchant,MER100026,,,,9.0,,Medium
M_MER100027,merchant,MER100027,,,,10.0,,Low
M_MER100028,merchant,MER100028,,,,22.0,,Low
M_MER100029,merchant,MER100029,,,,19.0,,Low
M_MER100030,merchant,MER100030,,,,20.0,,Low
M_MER100031,merchant,MER100031,,,,24.0,,Low
M_MER100032,merchant,MER100032,,,,7.0,,Low
M_MER100033,merchant,MER100033,,,,15.0,,Medium
M_MER100034,merchant,MER100034,,,,20.0,,Medium
M_MER100035,merchant,MER100035,,,,25.0,,Medium
M_MER100036,merchant,MER100036,,,,21.0,,Medium
M_MER100037,merchant,MER100037,,,,30.0,,Low
M_MER100038,merchant,MER100038,,,,10.0,,Low
M_MER100039,merchant,MER100039,,,,18.0,,Medium
M_MER100040,merchant,MER100040,,,,57.0,,High
M_MER100041,merchant,MER100041,,,,19.0,,Medium
M_MER100042,merchant,MER100042,,,,20.0,,Low
M_MER100043,merchant,MER100043,,,,41.0,,High
M_MER100044,merchant,MER100044,,,,6.0,,Low
M_MER100045,merchant,MER100045,,,,7.0,,Low
M_MER100046,merchant,MER100046,,,,53.0,,High
M_MER100047,merchant,MER100047,,,,82.0,,High
M_MER100048,merchant,MER100048,,,,20.0,,Medium
M_MER100049,merchant,MER100049,,,,6.0,,Low
M_MER100050,merchant,MER100050,,,,13.0,,Medium
M_MER100051,merchant,MER100051,,,,23.0,,Medium
M_MER100052,merchant,MER100052,,,,13.0,,Low
M_MER100053,merchant,MER100053,,,,10.0,,Low
M_MER100054,merchant,MER100054,,,,10.0,,Low
M_MER100055,merchant,MER100055,,,,29.0,,Low
M_MER100056,merchant,MER100056,,,,7.0,,Low
M_MER100057,merchant,MER100057,,,,23.0,,Medium
M_MER100058,merchant,MER100058,,,,15.0,,Low
M_MER100059,merchant,MER100059,,,,97.0,,High
M_MER100060,merchant,MER100060,,,,25.0,,Low
M_MER100061,merchant,MER100061,,,,8.0,,Low
M_MER100062,merchant,MER100062,,,,79.0,,High
M_MER100063,merchant,MER100063,,,,20.0,,Low
M_MER100064,merchant,MER100064,,,,6.0,,Low
M_MER100065,merchant,MER100065,,,,27.0,,High
M_MER100066,merchant,MER100066,,,,12.0,,Low
M_MER100067,merchant,MER100067,,,,7.0,,Low
M_MER100068,merchant,MER100068,,,,10.0,,Low
M_MER100069,merchant,MER100069,,,,26.0,,Low
M_MER100070,merchant,MER100070,,,,26.0,,Low
M_MER100071,merchant,MER100071,,,,27.0,,Medium
M_MER100072,merchant,MER100072,,,,25.0,,Medium
M_MER100073,merchant,MER100073,,,,13.0,,Low
M_MER100074,merchant,MER100074,,,,13.0,,Low
M_MER100075,merchant,MER100075,,,,6.0,,Low
M_MER100076,merchant,MER100076,,,,17.0,,Low
M_MER100077,merchant,MER100077,,,,19.0,,Low
M_MER100078,merchant,MER100078,,,,9.0,,Low
M_MER100079,merchant,MER100079,,,,9.0,,Low
M_MER100080,merchant,MER100080,,,,13.0,,Medium
M_MER100081,merchant,MER100081,,,,32.0,,Low
M_MER100082,merchant,MER100082,,,,11.0,,Low
M_MER100083,merchant,MER100083,,,,21.0,,Medium
M_MER100084,merchant,MER100084,,,,12.0,,Low
M_MER100085,merchant,MER100085,,,,18.0,,Medium
M_MER100086,merchant,MER100086,,,,21.0,,Medium
M_MER100087,merchant,MER100087,,,,28.0,,Medium
M_MER100088,merchant,MER100088,,,,13.0,,Low
M_MER100089,merchant,MER100089,,,,36.0,,High
M_MER100090,merchant,MER100090,,,,32.0,,Low
M_MER100091,merchant,MER100091,,,,5.0,,Low
M_MER100092,merchant,MER100092,,,,96.0,,High
M_MER100093,merchant,MER100093,,,,9.0,,Low
M_MER100094,merchant,MER100094,,,,22.0,,Medium
M_MER100095,merchant,MER100095,,,,6.0,,Low
M_MER100096,merchant,MER100096,,,,11.0,,High
M_MER100097,merchant,MER100097,,,,24.0,,Low
M_MER100098,merchant,MER100098,,,,6.0,,Low
M_MER100099,merchant,MER100099,,,,24.0,,Low
M_MER100100,merchant,MER100100,,,,5.0,,Low
M_MER100101,merchant,MER100101,,,,10.0,,Medium
M_MER100102,merchant,MER100102,,,,70.0,,High
M_MER100103,merchant,MER100103,,,,7.0,,Low
M_MER100104,merchant,MER100104,,,,11.0,,Medium
M_MER100105,merchant,MER100105,,,,59.0,,High
M_MER100106,merchant,MER100106,,,,33.0,,Low
M_MER100107,merchant,MER100107,,,,14.0,,Low
M_MER100108,merchant,MER100108,,,,23.0,,High
M_MER100109,merchant,MER100109,,,,23.0,,Low
M_MER100110,merchant,MER100110,,,,20.0,,Low
M_MER100111,merchant,MER100111,,,,10.0,,High
M_MER100112,merchant,MER100112,,,,24.0,,Medium
M_MER100113,merchant,MER100113,,,,35.0,,Low
M_MER100114,merchant,MER100114,,,,17.0,,Low
M_MER100115,merchant,MER100115,,,,26.0,,High
M_MER100116,merchant,MER100116,,,,29.0,,Low
M_MER100117,merchant,MER100117,,,,17.0,,Low
M_MER100118,merchant,MER100118,,,,5.0,,Low
M_MER100119,merchant,MER100119,,,,5.0,,Low
M_MER100120,merchant,MER100120,,,,22.0,,Low
M_MER100121,merchant,MER100121,,,,18.0,,Low
M_MER100122,merchant,MER100122,,,,6.0,,Low
M_MER100123,merchant,MER100123,,,,8.0,,Low
M_MER100124,merchant,MER100124,,,,26.0,,Low
M_MER100125,merchant,MER100125,,,,10.0,,Medium
M_MER100126,merchant,MER100126,,,,11.0,,Low
M_MER100127,merchant,MER100127,,,,16.0,,Low
M_MER100128,merchant,MER100128,,,,6.0,,Low
M_MER100129,merchant,MER100129,,,,22.0,,Low
M_MER100130,merchant,MER100130,,,,31.0,,Low
M_MER100131,merchant,MER100131,,,,30.0,,Medium
M_MER100132,merchant,MER100132,,,,29.0,,Low
M_MER100133,merchant,MER100133,,,,10.0,,Medium
M_MER100134,merchant,MER100134,,,,7.0,,Low
M_MER100135,merchant,MER100135,,,,22.0,,Medium
M_MER100136,merchant,MER100136,,,,18.0,,Medium
M_MER100137,merchant,MER100137,,,,13.0,,Low
M_MER100138,merchant,MER100138,,,,101.0,,High
M_MER100139,merchant,MER100139,,,,6.0,,Medium
M_MER100140,merchant,MER100140,,,,55.0,,High
M_MER100141,merchant,MER100141,,,,91.0,,High
M_MER100142,merchant,MER100142,,,,13.0,,Low
M_MER100143,merchant,MER100143,,,,7.0,,Low
M_MER100144,merchant,MER100144,,,,20.0,,Low
M_MER100145,merchant,MER100145,,,,12.0,,Medium
M_MER100146,merchant,MER100146,,,,36.0,,High
M_MER100147,merchant,MER100147,,,,11.0,,Low
M_MER100148,merchant,MER100148,,,,26.0,,Low
M_MER100149,merchant,MER100149,,,,11.0,,Low
M_MER100150,merchant,MER100150,,,,21.0,,Medium
M_MER100151,merchant,MER100151,,,,11.0,,Low
M_MER100152,merchant,MER100152,,,,69.0,,High
M_MER100153,merchant,MER100153,,,,10.0,,Low
M_MER100154,merchant,MER100154,,,,10.0,,Medium
M_MER100155,merchant,MER100155,,,,7.0,,Low
M_MER100156,merchant,MER100156,,,,22.0,,High
M_MER100157,merchant,MER100157,,,,15.0,,Medium
M_MER100158,merchant,MER100158,,,,27.0,,Low
M_MER100159,merchant,MER100159,,,,18.0,,Low
M_MER100160,merchant,MER100160,,,,8.0,,Low
M_MER100161,merchant,MER100161,,,,6.0,,Low
M_MER100162,merchant,MER100162,,,,39.0,,High
M_MER100163,merchant,MER100163,,,,24.0,,High
M_MER100164,merchant,MER100164,,,,6.0,,Medium
M_MER100165,merchant,MER100165,,,,6.0,,Low
M_MER100166,merchant,MER100166,,,,30.0,,Low
M_MER100167,merchant,MER100167,,,,18.0,,Low
M_MER100168,merchant,MER100168,,,,10.0,,Low
M_MER100169,merchant,MER100169,,,,20.0,,Low
M_MER100170,merchant,MER100170,,,,10.0,,Low
M_MER100171,merchant,MER100171,,,,19.0,,Medium
M_MER100172,merchant,MER100172,,,,6.0,,Low
M_MER100173,merchant,MER100173,,,,24.0,,Low
M_MER100174,merchant,MER100174,,,,16.0,,Low
M_MER100175,merchant,MER100175,,,,62.0,,High
M_MER100176,merchant,MER100176,,,,7.0,,Low
M_MER100177,merchant,MER100177,,,,7.0,,Low
M_MER100178,merchant,MER100178,,,,21.0,,Low
M_MER100179,merchant,MER100179,,,,102.0,,High
M_MER100180,merchant,MER100180,,,,20.0,,Medium
M_MER100181,merchant,MER100181,,,,21.0,,Low
M_MER100182,merchant,MER100182,,,,26.0,,Medium
M_MER100183,merchant,MER100183,,,,39.0,,Low
M_MER100184,merchant,MER100184,,,,11.0,,Low
M_MER100185,merchant,MER100185,,,,21.0,,Low
M_MER100186,merchant,MER100186,,,,13.0,,Low
M_MER100187,merchant,MER100187,,,,11.0,,Medium
M_MER100188,merchant,MER100188,,,,24.0,,Low
M_MER100189,merchant,MER100189,,,,20.0,,Low
M_MER100190,merchant,MER100190,,,,15.0,,Low
M_MER100191,merchant,MER100191,,,,30.0,,High
M_MER100192,merchant,MER100192,,,,15.0,,Low
M_MER100193,merchant,MER100193,,,,9.0,,Low
M_MER100194,merchant,MER100194,,,,13.0,,Medium
M_MER100195,merchant,MER100195,,,,14.0,,Medium
M_MER100196,merchant,MER100196,,,,25.0,,Low
M_MER100197,merchant,MER100197,,,,8.0,,Low
M_MER100198,merchant,MER100198,,,,23.0,,Low
M_MER100199,merchant,MER100199,,,,39.0,,Low
M_MER100200,merchant,MER100200,,,,22.0,,Low
M_MER100201,merchant,MER100201,,,,9.0,,Medium
M_MER100202,merchant,MER100202,,,,10.0,,Medium
M_MER100203,merchant,MER100203,,,,9.0,,Low
M_MER100204,merchant,MER100204,,,,27.0,,High
M_MER100205,merchant,MER100205,,,,20.0,,Low
M_MER100206,merchant,MER100206,,,,16.0,,Low
M_MER100207,merchant,MER100207,,,,15.0,,Medium
M_MER100208,merchant,MER100208,,,,9.0,,Medium
M_MER100209,merchant,MER100209,,,,25.0,,Low
M_MER100210,merchant,MER100210,,,,26.0,,Low
M_MER100211,merchant,MER100211,,,,10.0,,Low
M_MER100212,merchant,MER100212,,,,10.0,,Low
M_MER100213,merchant,MER100213,,,,19.0,,Low
M_MER100214,merchant,MER100214,,,,16.0,,Low
M_MER100215,merchant,MER100215,,,,11.0,,Low
M_MER100216,merchant,MER100216,,,,26.0,,Low
M_MER100217,merchant,MER100217,,,,17.0,,Low
M_MER100218,merchant,MER100218,,,,48.0,,High
M_MER100219,merchant,MER100219,,,,18.0,,Low
M_MER100220,merchant,MER100220,,,,26.0,,Low
M_MER100221,merchant,MER100221,,,,8.0,,Low
M_MER100222,merchant,MER100222,,,,17.0,,Medium
M_MER100223,merchant,MER100223,,,,6.0,,Low
M_MER100224,merchant,MER100224,,,,24.0,,Low
M_MER100225,merchant,MER100225,,,,15.0,,Medium
M_MER100226,merchant,MER100226,,,,80.0,,High
M_MER100227,merchant,MER100227,,,,18.0,,Low
M_MER100228,merchant,MER100228,,,,17.0,,Medium
M_MER100229,merchant,MER100229,,,,19.0,,Low
M_MER100230,merchant,MER100230,,,,14.0,,Low
M_MER100231,merchant,MER100231,,,,13.0,,Medium
M_MER100232,merchant,MER100232,,,,5.0,,Low
M_MER100233,merchant,MER100233,,,,8.0,,Medium
M_MER100234,merchant,MER100234,,,,35.0,,Low
M_MER100235,merchant,MER100235,,,,98.0,,High
M_MER100236,merchant,MER100236,,,,26.0,,Low
M_MER100237,merchant,MER100237,,,,54.0,,High
M_MER100238,merchant,MER100238,,,,18.0,,Low
M_MER100239,merchant,MER100239,,,,12.0,,Low
M_MER100240,merchant,MER100240,,,,24.0,,Low
M_MER100241,merchant,MER100241,,,,8.0,,Medium
M_MER100242,merchant,MER100242,,,,15.0,,Low
M_MER100243,merchant,MER100243,,,,21.0,,Low
M_MER100244,merchant,MER100244,,,,29.0,,Low
M_MER100245,merchant,MER100245,,,,11.0,,Medium
M_MER100246,merchant,MER100246,,,,9.0,,Low
M_MER100247,merchant,MER100247,,,,5.0,,Medium
M_MER100248,merchant,MER100248,,,,4.0,,Medium
M_MER100249,merchant,MER100249,,,,82.0,,High
M_MER100250,merchant,MER100250,,,,32.0,,Low
M_MER100251,merchant,MER100251,,,,26.0,,Low
M_MER100252,merchant,MER100252,,,,48.0,,High
M_MER100253,merchant,MER100253,,,,23.0,,Medium
M_MER100254,merchant,MER100254,,,,79.0,,High
M_MER100255,merchant,MER100255,,,,17.0,,Medium
M_MER100256,merchant,MER100256,,,,19.0,,Medium
M_MER100257,merchant,MER100257,,,,16.0,,Low
M_MER100258,merchant,MER100258,,,,6.0,,Medium
M_MER100259,merchant,MER100259,,,,10.0,,Low
M_MER100260,merchant,MER100260,,,,9.0,,Low
M_MER100261,merchant,MER100261,,,,23.0,,Low
M_MER100262,merchant,MER100262,,,,20.0,,Medium
M_MER100263,merchant,MER100263,,,,7.0,,Medium
M_MER100264,merchant,MER100264,,,,18.0,,Low
M_MER100265,merchant,MER100265,,,,4.0,,Low
M_MER100266,merchant,MER100266,,,,21.0,,Low
M_MER100267,merchant,MER100267,,,,24.0,,Low
M_MER100268,merchant,MER100268,,,,6.0,,Low
M_MER100269,merchant,MER100269,,,,15.0,,Low
M_MER100270,merchant,MER100270,,,,2.0,,Low
M_MER100271,merchant,MER100271,,,,26.0,,Low
M_MER100272,merchant,MER100272,,,,10.0,,Medium
M_MER100273,merchant,MER100273,,,,13.0,,Low
M_MER100274,merchant,MER100274,,,,17.0,,Medium
M_MER100275,merchant,MER100275,,,,24.0,,Medium
M_MER100276,merchant,MER100276,,,,21.0,,Medium
M_MER100277,merchant,MER100277,,,,10.0,,Medium
M_MER100278,merchant,MER100278,,,,40.0,,High
M_MER100279,merchant,MER100279,,,,8.0,,Low
M_MER100280,merchant,MER100280,,,,19.0,,Low
M_MER100281,merchant,MER100281,,,,7.0,,Low
M_MER100282,merchant,MER100282,,,,21.0,,Medium
M_MER100283,merchant,MER100283,,,,4.0,,Low
M_MER100284,merchant,MER100284,,,,9.0,,Medium
M_MER100285,merchant,MER100285,,,,7.0,,Medium
M_MER100286,merchant,MER100286,,,,51.0,,High
M_MER100287,merchant,MER100287,,,,21.0,,Low
M_MER100288,merchant,MER100288,,,,43.0,,High
M_MER100289,merchant,MER100289,,,,4.0,,Low
M_MER100290,merchant,MER100290,,,,9.0,,Low
M_MER100291,merchant,MER100291,,,,50.0,,High
M_MER100292,merchant,MER100292,,,,30.0,,Low
M_MER100293,merchant,MER100293,,,,18.0,,Low
M_MER100294,merchant,MER100294,,,,26.0,,Medium
M_MER100295,merchant,MER100295,,,,18.0,,Low
M_MER100296,merchant,MER100296,,,,4.0,,Medium
M_MER100297,merchant,MER100297,,,,9.0,,Low
M_MER100298,merchant,MER100298,,,,10.0,,Low
M_MER100299,merchant,MER100299,,,,10.0,,Low
M_MER100300,merchant,MER100300,,,,7.0,,Low
M_MER100301,merchant,MER100301,,,,13.0,,Medium
M_MER100302,merchant,MER100302,,,,27.0,,Medium
M_MER100303,merchant,MER100303,,,,15.0,,Medium
M_MER100304,merchant,MER100304,,,,17.0,,Low
M_MER100305,merchant,MER100305,,,,56.0,,High
M_MER100306,merchant,MER100306,,,,6.0,,Low
M_MER100307,merchant,MER100307,,,,18.0,,Low
M_MER100308,merchant,MER100308,,,,21.0,,Low
M_MER100309,merchant,MER100309,,,,6.0,,Low
M_MER100310,merchant,MER100310,,,,13.0,,Low
M_MER100311,merchant,MER100311,,,,12.0,,Low
M_MER100312,merchant,MER100312,,,,20.0,,Low
M_MER100313,merchant,MER100313,,,,23.0,,Low
M_MER100314,merchant,MER100314,,,,6.0,,Medium
M_MER100315,merchant,MER100315,,,,12.0,,Low
M_MER100316,merchant,MER100316,,,,4.0,,Low
M_MER100317,merchant,MER100317,,,,9.0,,Low
M_MER100318,merchant,MER100318,,,,24.0,,Low
M_MER100319,merchant,MER100319,,,,25.0,,Medium
M_MER100320,merchant,MER100320,,,,14.0,,Low
M_MER100321,merchant,MER100321,,,,7.0,,Low
M_MER100322,merchant,MER100322,,,,20.0,,Low
M_MER100323,merchant,MER100323,,,,30.0,,Low
M_MER100324,merchant,MER100324,,,,7.0,,Medium
M_MER100325,merchant,MER100325,,,,22.0,,Low
M_MER100326,merchant,MER100326,,,,78.0,,High
M_MER100327,merchant,MER100327,,,,4.0,,Medium
M_MER100328,merchant,MER100328,,,,26.0,,High
M_MER100329,merchant,MER100329,,,,16.0,,Low
M_MER100330,merchant,MER100330,,,,24.0,,Low
M_MER100331,merchant,MER100331,,,,57.0,,High
M_MER100332,merchant,MER100332,,,,19.0,,High
M_MER100333,merchant,MER100333,,,,28.0,,Medium
M_MER100334,merchant,MER100334,,,,25.0,,Low
M_MER100335,merchant,MER100335,,,,17.0,,Low
M_MER100336,merchant,MER100336,,,,15.0,,Medium
M_MER100337,merchant,MER100337,,,,12.0,,Low
M_MER100338,merchant,MER100338,,,,7.0,,Low
M_MER100339,merchant,MER100339,,,,26.0,,Medium
M_MER100340,merchant,MER100340,,,,11.0,,Medium
M_MER100341,merchant,MER100341,,,,6.0,,Low
M_MER100342,merchant,MER100342,,,,19.0,,Low
M_MER100343,merchant,MER100343,,,,3.0,,Low
M_MER100344,merchant,MER100344,,,,8.0,,Medium
M_MER100345,merchant,MER100345,,,,35.0,,Low
M_MER100346,merchant,MER100346,,,,23.0,,Low
M_MER100347,merchant,MER100347,,,,31.0,,Medium
M_MER100348,merchant,MER100348,,,,20.0,,Medium
M_MER100349,merchant,MER100349,,,,16.0,,Low
M_MER100350,merchant,MER100350,,,,7.0,,Low
M_MER100351,merchant,MER100351,,,,20.0,,Medium
M_MER100352,merchant,MER100352,,,,43.0,,High
M_MER100353,merchant,MER100353,,,,25.0,,High
M_MER100354,merchant,MER100354,,,,9.0,,Low
M_MER100355,merchant,MER100355,,,,8.0,,Low
M_MER100356,merchant,MER100356,,,,17.0,,Low
M_MER100357,merchant,MER100357,,,,25.0,,Low
M_MER100358,merchant,MER100358,,,,80.0,,High
M_MER100359,merchant,MER100359,,,,29.0,,Low
M_MER100360,merchant,MER100360,,,,31.0,,Low
M_MER100361,merchant,MER100361,,,,8.0,,Medium
M_MER100362,merchant,MER100362,,,,8.0,,Low
M_MER100363,merchant,MER100363,,,,13.0,,Low
M_MER100364,merchant,MER100364,,,,18.0,,Medium
M_MER100365,merchant,MER100365,,,,72.0,,High
M_MER100366,merchant,MER100366,,,,11.0,,Medium
M_MER100367,merchant,MER100367,,,,29.0,,Low
M_MER100368,merchant,MER100368,,,,26.0,,High
M_MER100369,merchant,MER100369,,,,66.0,,High
M_MER100370,merchant,MER100370,,,,3.0,,Low
M_MER100371,merchant,MER100371,,,,7.0,,Low
M_MER100372,merchant,MER100372,,,,16.0,,Low
M_MER100373,merchant,MER100373,,,,5.0,,Low
M_MER100374,merchant,MER100374,,,,9.0,,Low
M_MER100375,merchant,MER100375,,,,19.0,,Medium
M_MER100376,merchant,MER100376,,,,16.0,,Low
M_MER100377,merchant,MER100377,,,,15.0,,Low
M_MER100378,merchant,MER100378,,,,29.0,,Medium
M_MER100379,merchant,MER100379,,,,17.0,,Medium
M_MER100380,merchant,MER100380,,,,24.0,,Low
M_MER100381,merchant,MER100381,,,,13.0,,Low
M_MER100382,merchant,MER100382,,,,83.0,,High
M_MER100383,merchant,MER100383,,,,34.0,,Low
M_MER100384,merchant,MER100384,,,,15.0,,Medium
M_MER100385,merchant,MER100385,,,,8.0,,Low
M_MER100386,merchant,MER100386,,,,11.0,,Low
M_MER100387,merchant,MER100387,,,,13.0,,Low
M_MER100388,merchant,MER100388,,,,5.0,,Low
M_MER100389,merchant,MER100389,,,,14.0,,Low
M_MER100390,merchant,MER100390,,,,29.0,,Low
M_MER100391,merchant,MER100391,,,,26.0,,Low
M_MER100392,merchant,MER100392,,,,14.0,,Low
M_MER100393,merchant,MER100393,,,,5.0,,Low
M_MER100394,merchant,MER100394,,,,24.0,,Medium
M_MER100395,merchant,MER100395,,,,9.0,,Low
M_MER100396,merchant,MER100396,,,,16.0,,Low
M_MER100397,merchant,MER100397,,,,36.0,,Medium
M_MER100398,merchant,MER100398,,,,24.0,,Low
M_MER100399,merchant,MER100399,,,,26.0,,High
M_MER100400,merchant,MER100400,,,,7.0,,Low
M_MER100401,merchant,MER100401,,,,9.0,,Medium
M_MER100402,merchant,MER100402,,,,10.0,,Low
M_MER100403,merchant,MER100403,,,,17.0,,Low
M_MER100404,merchant,MER100404,,,,39.0,,Medium
M_MER100405,merchant,MER100405,,,,31.0,,Low
M_MER100406,merchant,MER100406,,,,28.0,,Medium
M_MER100407,merchant,MER100407,,,,14.0,,Low
M_MER100408,merchant,MER100408,,,,24.0,,Low
M_MER100409,merchant,MER100409,,,,22.0,,Low
M_MER100410,merchant,MER100410,,,,22.0,,High
M_MER100411,merchant,MER100411,,,,22.0,,Low
M_MER100412,merchant,MER100412,,,,20.0,,Medium
M_MER100413,merchant,MER100413,,,,15.0,,Medium
M_MER100414,merchant,MER100414,,,,7.0,,Low
M_MER100415,merchant,MER100415,,,,18.0,,Low
M_MER100416,merchant,MER100416,,,,9.0,,Low
M_MER100417,merchant,MER100417,,,,12.0,,Low
M_MER100418,merchant,MER100418,,,,12.0,,Medium
M_MER100419,merchant,MER100419,,,,7.0,,Medium
M_MER100420,merchant,MER100420,,,,8.0,,Medium
M_MER100421,merchant,MER100421,,,,26.0,,Low
M_MER100422,merchant,MER100422,,,,18.0,,Low
M_MER100423,merchant,MER100423,,,,16.0,,Low
M_MER100424,merchant,MER100424,,,,75.0,,High
M_MER100425,merchant,MER100425,,,,25.0,,Low
M_MER100426,merchant,MER100426,,,,26.0,,Low
M_MER100427,merchant,MER100427,,,,23.0,,Low
M_MER100428,merchant,MER100428,,,,28.0,,Low
M_MER100429,merchant,MER100429,,,,16.0,,Medium
M_MER100430,merchant,MER100430,,,,24.0,,Low
M_MER100431,merchant,MER100431,,,,22.0,,Low
M_MER100432,merchant,MER100432,,,,23.0,,Medium
M_MER100433,merchant,MER100433,,,,11.0,,Medium
M_MER100434,merchant,MER100434,,,,12.0,,Medium
M_MER100435,merchant,MER100435,,,,5.0,,Low
M_MER100436,merchant,MER100436,,,,8.0,,Medium
M_MER100437,merchant,MER100437,,,,18.0,,High
M_MER100438,merchant,MER100438,,,,22.0,,Medium
M_MER100439,merchant,MER100439,,,,20.0,,Low
M_MER100440,merchant,MER100440,,,,24.0,,Low
M_MER100441,merchant,MER100441,,,,12.0,,Medium
M_MER100442,merchant,MER100442,,,,31.0,,Medium
M_MER100443,merchant,MER100443,,,,32.0,,Low
M_MER100444,merchant,MER100444,,,,69.0,,High
M_MER100445,merchant,MER100445,,,,12.0,,Medium
M_MER100446,merchant,MER100446,,,,33.0,,Low
M_MER100447,merchant,MER100447,,,,12.0,,Medium
M_MER100448,merchant,MER100448,,,,41.0,,High
M_MER100449,merchant,MER100449,,,,6.0,,Low
M_MER100450,merchant,MER100450,,,,12.0,,Medium
M_MER100451,merchant,MER100451,,,,24.0,,Low
M_MER100452,merchant,MER100452,,,,17.0,,Medium
M_MER100453,merchant,MER100453,,,,18.0,,Low
M_MER100454,merchant,MER100454,,,,21.0,,Medium
M_MER100455,merchant,MER100455,,,,12.0,,Low
M_MER100456,merchant,MER100456,,,,15.0,,Low
M_MER100457,merchant,MER100457,,,,24.0,,Medium
M_MER100458,merchant,MER100458,,,,9.0,,Low
M_MER100459,merchant,MER100459,,,,25.0,,Medium
M_MER100460,merchant,MER100460,,,,2.0,,Medium
M_MER100461,merchant,MER100461,,,,12.0,,Low
M_MER100462,merchant,MER100462,,,,9.0,,Low
M_MER100463,merchant,MER100463,,,,9.0,,Medium
M_MER100464,merchant,MER100464,,,,23.0,,Low
M_MER100465,merchant,MER100465,,,,22.0,,Medium
M_MER100466,merchant,MER100466,,,,27.0,,Low
M_MER100467,merchant,MER100467,,,,26.0,,Low
M_MER100468,merchant,MER100468,,,,15.0,,Low
M_MER100469,merchant,MER100469,,,,17.0,,Medium
M_MER100470,merchant,MER100470,,,,20.0,,Low
M_MER100471,merchant,MER100471,,,,9.0,,Low
M_MER100472,merchant,MER100472,,,,14.0,,Low
M_MER100473,merchant,MER100473,,,,8.0,,Low
M_MER100474,merchant,MER100474,,,,24.0,,Low
M_MER100475,merchant,MER100475,,,,12.0,,Low
M_MER100476,merchant,MER100476,,,,38.0,,Low
M_MER100477,merchant,MER100477,,,,12.0,,Low
M_MER100478,merchant,MER100478,,,,6.0,,Low
M_MER100479,merchant,MER100479,,,,25.0,,Low
M_MER100480,merchant,MER100480,,,,13.0,,Medium
M_MER100481,merchant,MER100481,,,,31.0,,Low
M_MER100482,merchant,MER100482,,,,11.0,,Low
M_MER100483,merchant,MER100483,,,,13.0,,Low
M_MER100484,merchant,MER100484,,,,10.0,,Low
M_MER100485,merchant,MER100485,,,,15.0,,Low
M_MER100486,merchant,MER100486,,,,11.0,,Low
M_MER100487,merchant,MER100487,,,,11.0,,Low
M_MER100488,merchant,MER100488,,,,11.0,,Low
M_MER100489,merchant,MER100489,,,,7.0,,Low
M_MER100490,merchant,MER100490,,,,27.0,,Medium
M_MER100491,merchant,MER100491,,,,19.0,,Low
M_MER100492,merchant,MER100492,,,,72.0,,High
M_MER100493,merchant,MER100493,,,,26.0,,High
M_MER100494,merchant,MER100494,,,,24.0,,Low
M_MER100495,merchant,MER100495,,,,89.0,,High
M_MER100496,merchant,MER100496,,,,22.0,,Low
M_MER100497,merchant,MER100497,,,,13.0,,Low
M_MER100498,merchant,MER100498,,,,9.0,,Low
M_MER100499,merchant,MER100499,,,,32.0,,High
M_MER100500,merchant,MER100500,,,,30.0,,Medium
L_Assam,location,Assam,,,,446.0,,
L_Bihar,location,Bihar,,,,470.0,,
L_Gujarat,location,Gujarat,,,,442.0,,
L_Haryana,location,Haryana,,,,457.0,,
L_Karnataka,location,Karnataka,,,,476.0,,
L_Kerala,location,Kerala,,,,465.0,,
L_Lakshadweep,location,Lakshadweep,,,,5.0,,
L_Madhya Pradesh,location,Madhya Pradesh,,,,431.0,,
L_Maharashtra,location,Maharashtra,,,,432.0,,
L_Odisha,location,Odisha,,,,445.0,,
L_Punjab,location,Punjab,,,,438.0,,
L_Rajasthan,location,Rajasthan,,,,464.0,,
L_Tamil Nadu,location,Tamil Nadu,,,,452.0,,
L_Telangana,location,Telangana,,,,463.0,,
L_Uttar Pradesh,location,Uttar Pradesh,,,,466.0,,
L_West Bengal,location,West Bengal,,,,470.0,,
