txn_id,timestamp,account,device,merchant,amount,location
T01550,2025-01-01 06:11:00,A155,D024,M_retail,10.98,TX
T01796,2025-01-01 06:14:00,A182,D018,M_fuel,4.28,IL
T00726,2025-01-01 06:14:00,A072,D005,M_fuel,22.5,NY
T01437,2025-01-01 06:30:00,A143,D012,M_retail,18.33,FL
T00293,2025-01-01 06:31:00,A029,D062,M_online,3.58,CA
T01253,2025-01-01 06:33:00,A127,D099,M_fuel,34.48,FL
T01189,2025-01-01 06:37:00,A119,D096,M_fuel,23.16,NY
T00597,2025-01-01 06:39:00,A059,D072,M_retail,20.25,NY
T00860,2025-01-01 06:43:00,A085,D063,M_fuel,21.91,IL
T00072,2025-01-01 06:50:00,A006,D032,M_online,28.54,FL
T01523,2025-01-01 07:23:00,A152,D068,M_fuel,5.67,IL
T00774,2025-01-01 08:31:00,A076,D102,M_fuel,4.91,NY
T00824,2025-01-01 08:59:00,A080,D106,M_restaurant,51.09,IL
T00316,2025-01-01 09:02:00,A031,D063,M_grocery,11.95,CA
T01325,2025-01-01 09:02:00,A133,D106,M_restaurant,4.07,IL
T00972,2025-01-01 09:09:00,A097,D015,M_grocery,12.04,IL
T00970,2025-01-01 09:20:00,A096,D105,M_retail,18.66,FL
T00148,2025-01-01 09:29:00,A012,D078,M_online,43.64,NY
T01434,2025-01-01 09:31:00,A142,D143,M_fuel,10.26,CA
T00043,2025-01-01 09:32:00,A003,D127,M_online,33.96,FL
T00752,2025-01-01 09:37:00,A075,D086,M_fuel,37.5,FL
T00962,2025-01-01 09:45:00,A096,D105,M_fuel,25.3,FL
T01276,2025-01-01 09:56:00,A129,D045,M_fuel,7.51,CA
T01383,2025-01-01 10:07:00,A137,D147,M_retail,20.91,IL
T00677,2025-01-01 10:21:00,A068,D027,M_restaurant,38.59,IL
T00132,2025-01-01 10:21:00,A011,D046,M_online,38.02,CA
T01145,2025-01-01 10:51:00,A115,D071,M_grocery,46.67,TX
T01840,2025-01-01 11:04:00,A186,D041,M_online,20.79,TX
T01762,2025-01-01 11:43:00,A178,D097,M_restaurant,27.68,NY
T01635,2025-01-01 12:30:00,A163,D075,M_online,55.68,TX
T00356,2025-01-01 12:36:00,A036,D051,M_restaurant,48.16,NY
T00325,2025-01-01 12:49:00,A033,D141,M_grocery,144.4,FL
T01074,2025-01-01 12:57:00,A107,D068,M_online,1.81,CA
T01728,2025-01-01 13:19:00,A175,D003,M_restaurant,5.14,TX
T01564,2025-01-01 13:31:00,A156,D080,M_retail,77.41,IL
T01424,2025-01-01 13:35:00,A141,D050,M_fuel,36.84,NY
T00442,2025-01-01 13:51:00,A044,D029,M_restaurant,33.94,IL
T00253,2025-01-01 14:12:00,A025,D129,M_online,3.92,IL
T01543,2025-01-01 14:21:00,A155,D024,M_online,14.02,TX
T00288,2025-01-01 14:24:00,A029,D062,M_grocery,16.29,CA
T00025,2025-01-01 14:26:00,A001,D032,M_online,16.37,TX
T01813,2025-01-01 14:43:00,A183,D022,M_retail,11.75,NY
T01890,2025-01-01 14:52:00,A191,D136,M_restaurant,15.64,NY
T01582,2025-01-01 14:55:00,A159,D059,M_restaurant,22.53,TX
T01715,2025-01-01 15:52:00,A173,D126,M_retail,24.47,NY
T00522,2025-01-01 16:18:00,A051,D053,M_fuel,45.69,FL
T01846,2025-01-01 16:25:00,A186,D041,M_retail,31.08,TX
T00813,2025-01-01 16:54:00,A080,D106,M_fuel,20.26,CA
T01045,2025-01-01 17:08:00,A103,D076,M_online,9.78,CA
T01784,2025-01-01 17:19:00,A181,D111,M_online,14.38,FL
T01760,2025-01-01 17:41:00,A178,D097,M_online,8.19,NY
T01069,2025-01-01 17:48:00,A107,D068,M_retail,89.61,CA
T01004,2025-01-01 18:13:00,A099,D107,M_fuel,22.42,TX
T01693,2025-01-01 18:51:00,A170,D113,M_grocery,24.91,NY
T01350,2025-01-01 19:32:00,A135,D115,M_online,6.9,IL
T01032,2025-01-01 20:12:00,A102,D017,M_online,28.96,NY
T00589,2025-01-01 20:24:00,A058,D008,M_grocery,24.54,TX
T01273,2025-01-01 20:45:00,A129,D045,M_retail,25.85,CA
T00692,2025-01-01 21:06:00,A069,D013,M_online,21.64,FL
T00500,2025-01-01 21:07:00,A049,D046,M_restaurant,35.81,TX
T01481,2025-01-01 21:10:00,A147,D011,M_retail,7.93,NY
T00613,2025-01-01 21:47:00,A060,D132,M_restaurant,8.02,TX
T01626,2025-01-01 21:57:00,A162,D121,M_online,37.3,TX
T00967,2025-01-02 06:30:00,A096,D105,M_fuel,18.75,FL
T01943,2025-01-02 06:36:00,A196,D080,M_fuel,19.32,CA
T01616,2025-01-02 07:02:00,A162,D121,M_online,45.84,TX
T00056,2025-01-02 07:31:00,A005,D012,M_restaurant,127.96,CA
T00561,2025-01-02 07:54:00,A055,D002,M_fuel,31.74,IL
T01322,2025-01-02 08:03:00,A133,D106,M_grocery,4.28,IL
T01757,2025-01-02 08:06:00,A178,D097,M_fuel,8.16,NY
T00432,2025-01-02 08:39:00,A042,D068,M_online,32.12,NY
T01226,2025-01-02 09:24:00,A123,D006,M_fuel,15.32,CA
T00335,2025-01-02 09:24:00,A034,D094,M_retail,17.3,NY
T01789,2025-01-02 09:29:00,A181,D111,M_online,12.49,CA
T01780,2025-01-02 09:46:00,A181,D111,M_fuel,71.61,FL
T01122,2025-01-02 10:14:00,A112,D069,M_restaurant,9.76,TX
T00378,2025-01-02 10:56:00,A038,D021,M_restaurant,18.45,IL
T00407,2025-01-02 11:47:00,A040,D069,M_fuel,19.18,CA
T00740,2025-01-02 11:54:00,A074,D114,M_online,9.86,CA
T01298,2025-01-02 11:55:00,A131,D111,M_retail,32.71,FL
T00607,2025-01-02 11:57:00,A060,D132,M_grocery,19.42,TX
T00418,2025-01-02 12:15:00,A041,D142,M_restaurant,153.69,FL
T00749,2025-01-02 12:30:00,A074,D114,M_online,81.28,CA
T01547,2025-01-02 12:36:00,A155,D024,M_grocery,12.56,TX
T01348,2025-01-02 13:00:00,A135,D115,M_retail,29.05,IL
T01201,2025-01-02 13:22:00,A120,D066,M_restaurant,24.4,TX
T00448,2025-01-02 13:31:00,A044,D029,M_retail,13.27,IL
T00002,2025-01-02 13:43:00,A000,D092,M_fuel,13.86,FL
T01753,2025-01-02 14:03:00,A178,D097,M_fuel,6.38,NY
T00214,2025-01-02 14:06:00,A020,D067,M_restaurant,49.93,CA
T01141,2025-01-02 14:08:00,A115,D071,M_grocery,8.35,TX
T01230,2025-01-02 14:27:00,A124,D015,M_restaurant,4.61,CA
T00104,2025-01-02 14:34:00,A009,D100,M_retail,20.17,FL
T00908,2025-01-02 14:57:00,A090,D145,M_grocery,15.62,TX
T01569,2025-01-02 15:00:00,A157,D106,M_online,11.23,TX
T01094,2025-01-02 15:14:00,A109,D064,M_fuel,14.04,FL
T01744,2025-01-02 15:18:00,A177,D073,M_online,21.27,NY
T01849,2025-01-02 15:19:00,A186,D041,M_retail,31.03,TX
T01016,2025-01-02 15:20:00,A101,D118,M_online,9.03,TX
T01590,2025-01-02 15:47:00,A160,D129,M_grocery,16.75,TX
T00974,2025-01-02 15:49:00,A097,D015,M_retail,29.44,IL
T00255,2025-01-02 15:54:00,A025,D129,M_restaurant,33.07,IL
T01241,2025-01-02 16:07:00,A125,D107,M_retail,131.96,CA
T00220,2025-01-02 16:40:00,A021,D008,M_restaurant,31.03,NY
T00453,2025-01-02 16:54:00,A044,D029,M_grocery,22.53,IL
T01118,2025-01-02 17:01:00,A112,D069,M_grocery,28.04,TX
T01692,2025-01-02 17:37:00,A170,D113,M_grocery,9.93,NY
T01007,2025-01-02 17:45:00,A100,D077,M_fuel,18.95,FL
T00405,2025-01-02 17:57:00,A040,D069,M_grocery,21.1,CA
T01632,2025-01-02 18:22:00,A163,D075,M_fuel,61.08,TX
T00468,2025-01-02 18:37:00,A047,D142,M_fuel,19.56,TX
T01545,2025-01-02 19:02:00,A155,D024,M_restaurant,16.12,TX
T01735,2025-01-02 19:02:00,A176,D003,M_restaurant,10.62,CA
T00671,2025-01-02 19:29:00,A066,D115,M_online,7.52,FL
T01430,2025-01-02 19:45:00,A142,D143,M_fuel,15.42,CA
T01113,2025-01-02 21:21:00,A112,D069,M_online,17.61,TX
T00914,2025-01-02 21:43:00,A091,D146,M_fuel,30.51,CA
T01981,2025-01-02 21:44:00,A199,D130,M_online,17.94,NY
T00408,2025-01-02 21:47:00,A040,D069,M_online,20.42,CA
T00423,2025-01-03 06:03:00,A042,D068,M_fuel,16.38,TX
T01477,2025-01-03 06:18:00,A147,D011,M_retail,83.56,NY
T00431,2025-01-03 06:19:00,A042,D068,M_fuel,19.7,TX
T00910,2025-01-03 06:23:00,A090,D145,M_online,31.93,NY
T00018,2025-01-03 06:34:00,A001,D032,M_restaurant,26.82,TX
T01726,2025-01-03 06:42:00,A175,D003,M_grocery,15.69,TX
T01666,2025-01-03 06:49:00,A166,D025,M_fuel,4.97,FL
T01604,2025-01-03 06:49:00,A161,D092,M_grocery,24.83,NY
T01509,2025-01-03 06:51:00,A150,D128,M_restaurant,13.1,CA
T01861,2025-01-03 06:52:00,A187,D074,M_restaurant,142.86,FL
T01090,2025-01-03 07:04:00,A109,D064,M_online,13.63,FL
T00332,2025-01-03 07:13:00,A033,D141,M_fuel,16.77,FL
T00218,2025-01-03 07:17:00,A021,D008,M_restaurant,12.91,NY
T00320,2025-01-03 07:22:00,A032,D101,M_online,57.34,CA
T00996,2025-01-03 07:32:00,A099,D107,M_grocery,12.4,TX
T01310,2025-01-03 07:52:00,A132,D061,M_restaurant,19.18,TX
T01749,2025-01-03 08:09:00,A177,D073,M_restaurant,12.36,NY
T00772,2025-01-03 08:19:00,A076,D102,M_fuel,27.73,NY
T00473,2025-01-03 08:27:00,A047,D142,M_grocery,29.14,TX
T01739,2025-01-03 08:27:00,A176,D003,M_retail,62.46,FL
T01863,2025-01-03 08:31:00,A187,D074,M_restaurant,24.72,FL
T01504,2025-01-03 08:36:00,A150,D128,M_grocery,11.91,CA
T00334,2025-01-03 08:40:00,A034,D094,M_retail,12.33,NY
T00635,2025-01-03 09:04:00,A063,D120,M_online,43.58,FL
T01723,2025-01-03 09:14:00,A174,D121,M_restaurant,2.53,IL
T01428,2025-01-03 09:31:00,A141,D050,M_grocery,46.7,NY
T01132,2025-01-03 09:46:00,A114,D071,M_restaurant,24.08,CA
T00577,2025-01-03 10:00:00,A057,D098,M_restaurant,9.54,IL
T01246,2025-01-03 10:20:00,A126,D120,M_grocery,4.91,NY
T00922,2025-01-03 10:41:00,A092,D051,M_retail,8.12,NY
T00706,2025-01-03 10:56:00,A070,D093,M_online,40.43,CA
T00502,2025-01-03 11:09:00,A049,D046,M_retail,50.21,IL
T00661,2025-01-03 11:13:00,A066,D115,M_restaurant,12.72,FL
T01609,2025-01-03 11:15:00,A161,D092,M_online,22.46,NY
T01097,2025-01-03 11:21:00,A110,D118,M_restaurant,11.05,NY
T01085,2025-01-03 11:26:00,A108,D054,M_online,17.42,IL
T00755,2025-01-03 11:39:00,A075,D086,M_restaurant,23.35,FL
T00484,2025-01-03 12:05:00,A048,D125,M_online,10.08,TX
T01173,2025-01-03 12:22:00,A118,D029,M_retail,25.04,CA
T00829,2025-01-03 12:31:00,A081,D028,M_restaurant,22.61,CA
T01528,2025-01-03 12:50:00,A153,D069,M_online,21.76,CA
T00178,2025-01-03 12:54:00,A016,D050,M_retail,51.84,TX
T00961,2025-01-03 12:55:00,A096,D105,M_fuel,66.91,FL
T00508,2025-01-03 13:02:00,A050,D029,M_retail,20.58,TX
T00455,2025-01-03 13:13:00,A045,D092,M_retail,11.54,NY
T00357,2025-01-03 13:16:00,A036,D051,M_retail,31.83,IL
T00051,2025-01-03 13:45:00,A004,D060,M_restaurant,15.36,CA
T00998,2025-01-03 13:51:00,A099,D107,M_online,28.32,TX
T01331,2025-01-03 14:18:00,A133,D106,M_online,17.2,IL
T01737,2025-01-03 14:35:00,A176,D003,M_grocery,14.12,CA
T01365,2025-01-03 14:38:00,A136,D105,M_grocery,34.15,CA
T01663,2025-01-03 14:41:00,A166,D025,M_restaurant,36.7,FL
T00784,2025-01-03 15:10:00,A077,D039,M_online,8.2,FL
T00594,2025-01-03 15:14:00,A059,D072,M_online,15.88,NY
T01764,2025-01-03 15:18:00,A179,D100,M_grocery,50.64,TX
T00367,2025-01-03 15:31:00,A037,D080,M_grocery,38.57,FL
T01889,2025-01-03 15:47:00,A191,D136,M_online,97.31,NY
T01417,2025-01-03 15:48:00,A140,D044,M_grocery,39.93,NY
T00469,2025-01-03 16:00:00,A047,D142,M_retail,17.0,CA
T01930,2025-01-03 16:17:00,A195,D118,M_fuel,36.01,IL
T01613,2025-01-03 16:26:00,A162,D121,M_online,53.46,TX
T01207,2025-01-03 16:48:00,A121,D028,M_grocery,19.49,CA
T01578,2025-01-03 16:51:00,A158,D020,M_online,10.82,IL
T00427,2025-01-03 17:27:00,A042,D068,M_retail,3.35,TX
T00049,2025-01-03 17:32:00,A004,D060,M_retail,4.24,IL
T00558,2025-01-03 17:47:00,A055,D002,M_restaurant,20.87,IL
T01852,2025-01-03 18:41:00,A187,D074,M_restaurant,9.9,FL
T00490,2025-01-03 18:46:00,A048,D125,M_online,25.37,TX
T00472,2025-01-03 18:54:00,A047,D142,M_fuel,6.5,TX
T00535,2025-01-03 18:56:00,A052,D144,M_fuel,32.54,TX
T01515,2025-01-03 18:59:00,A152,D068,M_retail,14.24,IL
T00945,2025-01-03 19:46:00,A094,D060,M_fuel,37.89,IL
T01171,2025-01-03 19:49:00,A117,D053,M_restaurant,17.99,IL
T00624,2025-01-03 19:57:00,A061,D067,M_fuel,6.16,IL
T01869,2025-01-03 20:21:00,A188,D069,M_fuel,8.63,TX
T01741,2025-01-03 20:25:00,A176,D003,M_fuel,3.59,CA
T01333,2025-01-03 20:50:00,A134,D120,M_restaurant,44.93,IL
T01448,2025-01-03 20:55:00,A144,D100,M_retail,16.79,FL
T00883,2025-01-03 21:08:00,A087,D084,M_retail,181.38,NY
T00716,2025-01-03 21:17:00,A071,D056,M_online,28.42,CA
T00041,2025-01-03 21:24:00,A003,D127,M_retail,39.56,FL
T01945,2025-01-03 21:34:00,A196,D080,M_grocery,11.84,CA
T00921,2025-01-03 21:45:00,A092,D051,M_restaurant,15.6,IL
T00242,2025-01-03 21:48:00,A024,D124,M_online,7.92,FL
T01200,2025-01-03 21:53:00,A120,D066,M_grocery,18.8,CA
T01913,2025-01-04 06:03:00,A193,D117,M_online,12.62,FL
T00170,2025-01-04 06:07:00,A015,D024,M_restaurant,6.51,TX
T01399,2025-01-04 06:13:00,A138,D069,M_retail,54.59,TX
T00189,2025-01-04 06:58:00,A018,D030,M_restaurant,52.78,NY
T01057,2025-01-04 06:58:00,A105,D104,M_fuel,12.41,CA
T00533,2025-01-04 07:02:00,A052,D144,M_online,17.61,TX
T00234,2025-01-04 07:03:00,A023,D103,M_grocery,36.65,NY
T00645,2025-01-04 07:08:00,A064,D109,M_restaurant,15.95,FL
T00267,2025-01-04 07:14:00,A026,D086,M_fuel,13.91,FL
T00803,2025-01-04 07:21:00,A079,D024,M_fuel,28.93,FL
T01072,2025-01-04 07:32:00,A107,D068,M_grocery,61.17,CA
T00489,2025-01-04 08:00:00,A048,D125,M_retail,13.37,TX
T01081,2025-01-04 08:16:00,A108,D054,M_fuel,5.4,IL
T01644,2025-01-04 08:33:00,A164,D111,M_fuel,8.56,NY
T00047,2025-01-04 08:48:00,A004,D060,M_online,6.86,FL
T01328,2025-01-04 09:05:00,A133,D106,M_retail,7.19,IL
T00380,2025-01-04 09:09:00,A038,D021,M_restaurant,27.53,IL
T01137,2025-01-04 09:44:00,A114,D071,M_grocery,42.02,CA
T00952,2025-01-04 10:38:00,A095,D081,M_grocery,20.04,CA
T00496,2025-01-04 11:10:00,A049,D046,M_restaurant,3.64,IL
T00394,2025-01-04 11:25:00,A039,D093,M_restaurant,75.87,CA
T01530,2025-01-04 11:25:00,A153,D069,M_restaurant,6.31,CA
T01586,2025-01-04 11:37:00,A159,D059,M_grocery,18.46,TX
T01649,2025-01-04 11:42:00,A165,D062,M_restaurant,10.09,TX
T00745,2025-01-04 11:43:00,A074,D114,M_online,7.97,CA
T01965,2025-01-04 12:35:00,A198,D076,M_online,19.99,TX
T01853,2025-01-04 12:45:00,A187,D074,M_online,15.01,FL
T00828,2025-01-04 13:24:00,A081,D028,M_retail,26.95,CA
T01684,2025-01-04 13:38:00,A169,D122,M_retail,15.76,CA
T01469,2025-01-04 13:46:00,A146,D119,M_retail,4.38,NY
T00618,2025-01-04 14:44:00,A061,D067,M_grocery,78.23,IL
T01585,2025-01-04 14:47:00,A159,D059,M_fuel,7.09,TX
T00097,2025-01-04 15:07:00,A008,D006,M_fuel,13.56,NY
T01073,2025-01-04 15:43:00,A107,D068,M_grocery,26.08,CA
T01953,2025-01-04 16:02:00,A197,D005,M_fuel,5.92,NY
T01732,2025-01-04 16:22:00,A175,D003,M_retail,29.26,TX
T01498,2025-01-04 16:35:00,A149,D018,M_grocery,6.26,IL
T00614,2025-01-04 16:59:00,A060,D132,M_grocery,18.05,FL
T01968,2025-01-04 17:10:00,A198,D076,M_online,40.89,TX
T00599,2025-01-04 17:22:00,A059,D072,M_restaurant,24.14,NY
T00265,2025-01-04 17:43:00,A026,D086,M_online,70.75,FL
T00151,2025-01-04 17:44:00,A013,D085,M_restaurant,217.23,NY
T01387,2025-01-04 18:05:00,A137,D147,M_grocery,7.1,CA
T00544,2025-01-04 18:06:00,A053,D130,M_restaurant,34.34,NY
T00782,2025-01-04 18:22:00,A077,D039,M_fuel,19.2,FL
T00532,2025-01-04 18:22:00,A052,D144,M_fuel,34.41,TX
T00317,2025-01-04 18:48:00,A031,D063,M_online,7.54,CA
T01371,2025-01-04 19:15:00,A136,D105,M_restaurant,4.59,CA
T00866,2025-01-04 19:29:00,A085,D063,M_fuel,48.24,IL
T00463,2025-01-04 19:32:00,A046,D076,M_fuel,31.84,TX
T01797,2025-01-04 19:33:00,A182,D018,M_online,6.73,IL
T00098,2025-01-04 21:26:00,A009,D100,M_grocery,11.99,FL
T01472,2025-01-04 21:33:00,A146,D119,M_fuel,45.53,NY
T01148,2025-01-04 21:39:00,A115,D071,M_grocery,28.84,TX
T00588,2025-01-04 21:51:00,A058,D008,M_restaurant,14.77,TX
T00347,2025-01-05 06:12:00,A035,D129,M_retail,31.93,CA
T00526,2025-01-05 06:23:00,A052,D144,M_grocery,27.61,TX
T01197,2025-01-05 06:26:00,A120,D066,M_fuel,9.3,IL
T01885,2025-01-05 07:02:00,A190,D062,M_grocery,138.74,TX
T01972,2025-01-05 07:03:00,A199,D130,M_fuel,11.2,NY
T01161,2025-01-05 07:15:00,A117,D053,M_retail,15.76,IL
T00608,2025-01-05 07:25:00,A060,D132,M_grocery,8.28,TX
T00869,2025-01-05 07:30:00,A086,D089,M_grocery,13.54,CA
T01083,2025-01-05 07:41:00,A108,D054,M_online,15.82,IL
T01046,2025-01-05 07:45:00,A104,D055,M_fuel,59.93,FL
T01907,2025-01-05 07:59:00,A192,D112,M_grocery,21.6,TX
T00402,2025-01-05 08:22:00,A040,D069,M_grocery,29.17,CA
T01667,2025-01-05 08:36:00,A166,D025,M_restaurant,9.61,FL
T00464,2025-01-05 08:46:00,A046,D076,M_online,17.04,TX
T00143,2025-01-05 08:58:00,A012,D078,M_online,15.56,NY
T00177,2025-01-05 09:10:00,A016,D050,M_fuel,24.77,TX
T01363,2025-01-05 09:12:00,A136,D105,M_fuel,16.12,CA
T00830,2025-01-05 09:20:00,A081,D028,M_online,51.01,CA
T00093,2025-01-05 09:34:00,A008,D006,M_grocery,20.29,NY
T00323,2025-01-05 09:39:00,A032,D101,M_grocery,15.59,CA
T00393,2025-01-05 09:48:00,A039,D093,M_retail,7.09,FL
T01501,2025-01-05 09:57:00,A149,D018,M_online,33.18,IL
T01559,2025-01-05 10:13:00,A156,D080,M_online,8.97,IL
T01239,2025-01-05 10:14:00,A124,D015,M_restaurant,10.95,CA
T00669,2025-01-05 10:21:00,A066,D115,M_online,25.75,FL
T00105,2025-01-05 10:36:00,A009,D100,M_restaurant,20.85,FL
T01209,2025-01-05 10:57:00,A122,D001,M_retail,16.14,IL
T01170,2025-01-05 11:04:00,A117,D053,M_grocery,21.3,IL
T00542,2025-01-05 11:06:00,A053,D130,M_grocery,21.79,IL
T01467,2025-01-05 11:29:00,A145,D012,M_fuel,38.89,IL
T01518,2025-01-05 11:33:00,A152,D068,M_grocery,4.94,IL
T00804,2025-01-05 11:35:00,A079,D024,M_restaurant,9.43,FL
T00754,2025-01-05 11:48:00,A075,D086,M_online,9.68,FL
T00907,2025-01-05 11:52:00,A090,D145,M_grocery,19.52,FL
T00066,2025-01-05 11:56:00,A005,D012,M_online,28.65,CA
T00476,2025-01-05 12:03:00,A047,D142,M_grocery,17.75,NY
T00138,2025-01-05 12:09:00,A012,D078,M_retail,12.6,NY
T01875,2025-01-05 12:15:00,A188,D069,M_retail,8.22,TX
T01115,2025-01-05 12:17:00,A112,D069,M_retail,12.26,TX
T01538,2025-01-05 12:39:00,A155,D024,M_fuel,40.08,TX
T01575,2025-01-05 12:45:00,A157,D106,M_retail,10.47,TX
T00155,2025-01-05 13:36:00,A014,D099,M_fuel,20.85,FL
T01128,2025-01-05 14:01:00,A113,D038,M_retail,34.46,IL
T01804,2025-01-05 14:15:00,A182,D018,M_restaurant,73.5,IL
T00139,2025-01-05 14:16:00,A012,D078,M_restaurant,24.75,NY
T01263,2025-01-05 14:17:00,A128,D146,M_fuel,2.39,FL
T01429,2025-01-05 14:34:00,A141,D050,M_grocery,19.51,IL
T01776,2025-01-05 14:45:00,A180,D034,M_online,48.31,FL
T00486,2025-01-05 14:48:00,A048,D125,M_retail,33.46,TX
T00941,2025-01-05 14:58:00,A093,D081,M_restaurant,77.91,TX
T00571,2025-01-05 15:00:00,A056,D120,M_fuel,33.99,IL
T00528,2025-01-05 15:16:00,A052,D144,M_online,18.95,TX
T00898,2025-01-05 15:34:00,A089,D125,M_restaurant,97.01,TX
T00483,2025-01-05 15:36:00,A048,D125,M_retail,15.12,TX
T00015,2025-01-05 15:38:00,A001,D032,M_online,9.72,TX
T00757,2025-01-05 15:44:00,A075,D086,M_restaurant,15.72,IL
T01039,2025-01-05 16:09:00,A103,D076,M_grocery,16.62,CA
T01611,2025-01-05 16:29:00,A161,D092,M_restaurant,22.72,NY
T01507,2025-01-05 16:30:00,A150,D128,M_grocery,30.18,CA
T01734,2025-01-05 16:40:00,A176,D003,M_grocery,5.99,CA
T00221,2025-01-05 16:58:00,A021,D008,M_online,47.79,NY
T00318,2025-01-05 17:26:00,A031,D063,M_fuel,8.36,CA
T00583,2025-01-05 18:22:00,A057,D098,M_retail,38.72,IL
T00372,2025-01-05 18:32:00,A038,D021,M_restaurant,44.77,IL
T01529,2025-01-05 18:56:00,A153,D069,M_retail,50.68,CA
T01676,2025-01-05 18:59:00,A168,D133,M_restaurant,21.04,TX
T01130,2025-01-05 19:25:00,A113,D038,M_retail,8.56,IL
T01116,2025-01-05 19:50:00,A112,D069,M_fuel,13.79,TX
T00373,2025-01-05 20:07:00,A038,D021,M_grocery,23.67,IL
T00580,2025-01-05 20:52:00,A057,D098,M_grocery,11.94,IL
T01751,2025-01-05 21:06:00,A178,D097,M_fuel,87.27,NY
T01100,2025-01-05 21:09:00,A110,D118,M_restaurant,16.79,IL
T01542,2025-01-05 21:26:00,A155,D024,M_retail,24.59,TX
T00987,2025-01-05 21:42:00,A098,D126,M_retail,17.8,NY
T01155,2025-01-05 21:50:00,A116,D038,M_restaurant,170.59,TX
T00383,2025-01-05 21:57:00,A038,D021,M_online,21.43,IL
T00120,2025-01-06 06:04:00,A010,D102,M_fuel,7.58,TX
T00479,2025-01-06 06:30:00,A048,D125,M_retail,50.73,TX
T00848,2025-01-06 06:41:00,A083,D107,M_restaurant,26.47,TX
T01656,2025-01-06 06:49:00,A165,D062,M_fuel,6.02,TX
T00392,2025-01-06 06:58:00,A039,D093,M_retail,12.59,FL
T01324,2025-01-06 07:09:00,A133,D106,M_grocery,17.42,IL
T00262,2025-01-06 07:18:00,A026,D086,M_grocery,10.23,FL
T01338,2025-01-06 07:21:00,A134,D120,M_grocery,20.59,IL
T01095,2025-01-06 07:37:00,A110,D118,M_restaurant,59.13,NY
T00847,2025-01-06 07:42:00,A083,D107,M_online,29.37,TX
T00290,2025-01-06 08:05:00,A029,D062,M_retail,15.83,CA
T00718,2025-01-06 08:12:00,A071,D056,M_fuel,16.26,CA
T00674,2025-01-06 08:29:00,A067,D079,M_retail,17.87,TX
T01922,2025-01-06 08:36:00,A194,D068,M_retail,14.21,TX
T00639,2025-01-06 08:44:00,A064,D109,M_grocery,15.97,FL
T00766,2025-01-06 08:45:00,A076,D102,M_retail,66.38,NY
T01970,2025-01-06 09:11:00,A199,D130,M_grocery,29.47,NY
T01664,2025-01-06 09:14:00,A166,D025,M_grocery,11.25,FL
T00282,2025-01-06 09:22:00,A028,D055,M_online,9.48,IL
T00592,2025-01-06 09:51:00,A059,D072,M_grocery,46.83,NY
T01143,2025-01-06 10:01:00,A115,D071,M_fuel,56.1,CA
T01809,2025-01-06 10:03:00,A183,D022,M_fuel,11.95,IL
T01489,2025-01-06 10:08:00,A148,D074,M_retail,52.11,NY
T01369,2025-01-06 10:30:00,A136,D105,M_retail,13.49,CA
T00284,2025-01-06 10:46:00,A028,D055,M_fuel,18.5,FL
T00581,2025-01-06 10:56:00,A057,D098,M_retail,22.36,IL
T00915,2025-01-06 10:57:00,A091,D146,M_restaurant,4.63,NY
T01880,2025-01-06 11:02:00,A189,D131,M_online,10.46,NY
T00633,2025-01-06 11:20:00,A063,D120,M_retail,63.75,CA
T01177,2025-01-06 11:54:00,A118,D029,M_restaurant,75.28,CA
T01308,2025-01-06 11:58:00,A132,D061,M_fuel,33.97,TX
T00982,2025-01-06 12:09:00,A097,D015,M_fuel,30.29,IL
T01203,2025-01-06 12:20:00,A121,D028,M_retail,24.79,CA
T01701,2025-01-06 12:36:00,A171,D071,M_online,14.01,TX
T00902,2025-01-06 12:50:00,A089,D125,M_restaurant,36.18,TX
T00414,2025-01-06 12:51:00,A041,D142,M_restaurant,57.26,FL
T00705,2025-01-06 13:09:00,A070,D093,M_online,5.82,IL
T00840,2025-01-06 13:28:00,A082,D030,M_grocery,9.65,NY
T01024,2025-01-06 13:50:00,A101,D118,M_retail,15.27,IL
T00552,2025-01-06 13:53:00,A054,D055,M_grocery,48.99,IL
T01598,2025-01-06 14:11:00,A160,D129,M_online,5.14,TX
T01552,2025-01-06 14:18:00,A156,D080,M_fuel,15.84,IL
T01111,2025-01-06 14:31:00,A111,D100,M_fuel,14.0,FL
T00395,2025-01-06 14:53:00,A039,D093,M_online,13.93,FL
T01211,2025-01-06 14:56:00,A122,D001,M_grocery,20.4,TX
T00294,2025-01-06 15:10:00,A029,D062,M_fuel,20.13,CA
T01404,2025-01-06 15:12:00,A139,D072,M_fuel,4.12,IL
T01451,2025-01-06 15:17:00,A144,D100,M_restaurant,9.8,FL
T01190,2025-01-06 15:23:00,A119,D096,M_grocery,6.59,NY
T01625,2025-01-06 15:26:00,A162,D121,M_grocery,40.54,TX
T01297,2025-01-06 15:43:00,A131,D111,M_restaurant,33.86,FL
T01133,2025-01-06 15:57:00,A114,D071,M_grocery,12.82,CA
T01089,2025-01-06 16:08:00,A109,D064,M_restaurant,16.61,FL
T01658,2025-01-06 16:34:00,A165,D062,M_retail,67.36,TX
T00023,2025-01-06 17:27:00,A001,D032,M_online,50.73,TX
T01756,2025-01-06 18:14:00,A178,D097,M_fuel,19.97,NY
T00060,2025-01-06 18:31:00,A005,D012,M_restaurant,59.78,CA
T01948,2025-01-06 18:41:00,A196,D080,M_fuel,12.52,CA
T01125,2025-01-06 19:01:00,A113,D038,M_fuel,6.59,TX
T00437,2025-01-06 19:35:00,A043,D076,M_restaurant,9.21,TX
T01347,2025-01-06 19:41:00,A135,D115,M_grocery,13.43,IL
T01344,2025-01-06 20:02:00,A134,D120,M_restaurant,20.0,IL
T01049,2025-01-06 20:04:00,A104,D055,M_restaurant,12.53,FL
T00720,2025-01-06 20:37:00,A071,D056,M_retail,9.71,CA
T01345,2025-01-06 20:56:00,A135,D115,M_fuel,9.83,IL
T01839,2025-01-06 21:01:00,A186,D041,M_retail,69.56,TX
T01866,2025-01-06 21:11:00,A188,D069,M_grocery,8.64,TX
T01964,2025-01-06 21:39:00,A198,D076,M_fuel,6.05,TX
T00513,2025-01-07 06:16:00,A050,D029,M_retail,15.28,TX
T01088,2025-01-07 06:28:00,A109,D064,M_fuel,10.96,FL
T01719,2025-01-07 06:40:00,A174,D121,M_restaurant,22.53,IL
T01655,2025-01-07 06:57:00,A165,D062,M_online,13.89,TX
T00162,2025-01-07 07:26:00,A014,D099,M_grocery,14.09,FL
T00465,2025-01-07 07:28:00,A047,D142,M_fuel,39.9,TX
T01798,2025-01-07 09:08:00,A182,D018,M_grocery,35.58,IL
T00810,2025-01-07 09:18:00,A079,D024,M_restaurant,46.63,FL
T01560,2025-01-07 09:18:00,A156,D080,M_online,15.14,IL
T01373,2025-01-07 10:00:00,A136,D105,M_online,13.6,CA
T00676,2025-01-07 10:14:00,A067,D079,M_online,36.29,TX
T00313,2025-01-07 10:17:00,A031,D063,M_retail,158.19,CA
T01961,2025-01-07 10:51:00,A198,D076,M_restaurant,14.09,TX
T00703,2025-01-07 10:54:00,A069,D013,M_grocery,13.63,FL
T01906,2025-01-07 10:55:00,A192,D112,M_grocery,11.65,TX
T00796,2025-01-07 11:01:00,A078,D111,M_restaurant,70.2,TX
T01651,2025-01-07 11:54:00,A165,D062,M_restaurant,15.08,TX
T01629,2025-01-07 12:03:00,A163,D075,M_restaurant,50.19,TX
T01261,2025-01-07 12:14:00,A127,D099,M_fuel,10.02,FL
T00792,2025-01-07 12:16:00,A078,D111,M_fuel,17.97,CA
T01445,2025-01-07 12:31:00,A144,D100,M_grocery,13.95,TX
T00459,2025-01-07 12:40:00,A045,D092,M_restaurant,10.62,TX
T01316,2025-01-07 13:15:00,A132,D061,M_fuel,20.75,TX
T00342,2025-01-07 13:16:00,A035,D129,M_online,42.93,TX
T01099,2025-01-07 13:16:00,A110,D118,M_restaurant,22.22,NY
T01814,2025-01-07 13:27:00,A183,D022,M_grocery,56.41,NY
T01028,2025-01-07 13:32:00,A102,D017,M_fuel,16.78,NY
T01048,2025-01-07 13:40:00,A104,D055,M_restaurant,32.34,FL
T00981,2025-01-07 14:00:00,A097,D015,M_online,29.51,IL
T01359,2025-01-07 14:05:00,A136,D105,M_grocery,18.76,IL
T00016,2025-01-07 14:07:00,A001,D032,M_grocery,17.42,TX
T00127,2025-01-07 14:16:00,A011,D046,M_fuel,31.85,CA
T00054,2025-01-07 14:35:00,A005,D012,M_grocery,17.6,CA
T00087,2025-01-07 14:44:00,A008,D006,M_online,13.71,NY
T00314,2025-01-07 14:48:00,A031,D063,M_restaurant,5.37,FL
T01196,2025-01-07 14:51:00,A120,D066,M_restaurant,38.79,TX
T01314,2025-01-07 15:23:00,A132,D061,M_restaurant,32.16,FL
T01185,2025-01-07 15:31:00,A119,D096,M_retail,39.54,NY
T01439,2025-01-07 15:40:00,A143,D012,M_retail,9.2,FL
T01160,2025-01-07 15:46:00,A117,D053,M_fuel,23.89,IL
T01296,2025-01-07 15:47:00,A131,D111,M_grocery,38.86,FL
T00652,2025-01-07 15:48:00,A065,D048,M_grocery,19.36,CA
T00549,2025-01-07 15:56:00,A054,D055,M_fuel,10.04,IL
T00939,2025-01-07 16:00:00,A093,D081,M_online,44.93,TX
T00258,2025-01-07 16:19:00,A025,D129,M_fuel,18.53,IL
T00735,2025-01-07 16:30:00,A074,D114,M_fuel,8.13,CA
T01775,2025-01-07 16:53:00,A180,D034,M_fuel,21.47,IL
T01206,2025-01-07 17:01:00,A121,D028,M_retail,21.43,CA
T01000,2025-01-07 17:05:00,A099,D107,M_grocery,15.29,TX
T00008,2025-01-07 17:07:00,A000,D092,M_online,31.59,NY
T00082,2025-01-07 17:13:00,A007,D137,M_online,92.75,IL
T01440,2025-01-07 17:29:00,A143,D012,M_restaurant,7.27,FL
T01192,2025-01-07 17:34:00,A119,D096,M_restaurant,15.61,NY
T00264,2025-01-07 17:48:00,A026,D086,M_fuel,13.65,FL
T00867,2025-01-07 18:00:00,A086,D089,M_fuel,28.41,CA
T01672,2025-01-07 18:09:00,A167,D123,M_online,21.21,TX
T01785,2025-01-07 18:23:00,A181,D111,M_fuel,4.32,FL
T01843,2025-01-07 18:31:00,A186,D041,M_retail,4.3,TX
T00053,2025-01-07 18:41:00,A004,D060,M_restaurant,11.22,NY
T00960,2025-01-07 18:41:00,A096,D105,M_fuel,16.95,FL
T00315,2025-01-07 18:45:00,A031,D063,M_retail,46.37,CA
T01612,2025-01-07 18:48:00,A162,D121,M_retail,29.11,TX
T01950,2025-01-07 18:52:00,A197,D005,M_grocery,13.53,CA
T00948,2025-01-07 18:54:00,A095,D081,M_retail,11.74,CA
T01768,2025-01-07 19:27:00,A179,D100,M_restaurant,23.2,TX
T01249,2025-01-07 19:27:00,A126,D120,M_grocery,84.44,NY
T01540,2025-01-07 19:42:00,A155,D024,M_grocery,18.57,TX
T01610,2025-01-07 19:42:00,A161,D092,M_retail,33.62,FL
T01208,2025-01-07 19:45:00,A121,D028,M_online,20.7,FL
T01162,2025-01-07 19:54:00,A117,D053,M_grocery,18.32,IL
T01243,2025-01-07 19:55:00,A125,D107,M_grocery,30.31,CA
T01841,2025-01-07 20:02:00,A186,D041,M_online,34.8,TX
T00229,2025-01-07 20:17:00,A022,D061,M_retail,33.49,IL
T00916,2025-01-07 20:41:00,A091,D146,M_grocery,11.51,CA
T01928,2025-01-07 21:02:00,A194,D068,M_online,3.9,FL
T00312,2025-01-07 21:10:00,A030,D034,M_retail,18.72,TX
T00341,2025-01-07 21:15:00,A035,D129,M_online,39.79,FL
T01524,2025-01-07 21:20:00,A152,D068,M_restaurant,13.1,IL
T01925,2025-01-07 21:26:00,A194,D068,M_fuel,5.65,FL
T00859,2025-01-07 21:49:00,A085,D063,M_online,7.72,IL
T01788,2025-01-07 21:54:00,A181,D111,M_retail,21.7,FL
T01103,2025-01-08 06:34:00,A111,D100,M_fuel,8.7,FL
T01942,2025-01-08 06:44:00,A196,D080,M_online,28.88,CA
T01279,2025-01-08 06:55:00,A129,D045,M_retail,10.19,CA
T01432,2025-01-08 07:01:00,A142,D143,M_restaurant,15.51,CA
T00756,2025-01-08 07:09:00,A075,D086,M_grocery,17.38,FL
T00417,2025-01-08 07:41:00,A041,D142,M_online,17.23,FL
T01183,2025-01-08 08:22:00,A118,D029,M_fuel,56.22,CA
T01555,2025-01-08 08:28:00,A156,D080,M_fuel,32.55,IL
T00714,2025-01-08 09:25:00,A071,D056,M_fuel,108.27,CA
T00117,2025-01-08 09:55:00,A010,D102,M_restaurant,9.47,TX
T00411,2025-01-08 10:14:00,A041,D142,M_online,25.02,FL
T00574,2025-01-08 10:20:00,A057,D098,M_fuel,21.98,IL
T00799,2025-01-08 10:25:00,A078,D111,M_retail,10.11,FL
T01309,2025-01-08 11:11:00,A132,D061,M_restaurant,59.9,TX
T01108,2025-01-08 11:15:00,A111,D100,M_restaurant,3.85,FL
T01372,2025-01-08 11:41:00,A136,D105,M_fuel,17.69,CA
T01781,2025-01-08 11:43:00,A181,D111,M_online,17.94,FL
T00512,2025-01-08 12:13:00,A050,D029,M_restaurant,21.07,TX
T00622,2025-01-08 12:48:00,A061,D067,M_online,11.49,IL
T00778,2025-01-08 12:55:00,A077,D039,M_fuel,8.01,FL
T00938,2025-01-08 13:53:00,A093,D081,M_restaurant,6.54,TX
T00743,2025-01-08 13:58:00,A074,D114,M_fuel,7.22,CA
T00954,2025-01-08 14:04:00,A095,D081,M_fuel,29.46,CA
T00360,2025-01-08 14:08:00,A037,D080,M_fuel,16.96,FL
T00918,2025-01-08 14:44:00,A091,D146,M_online,10.06,CA
T01767,2025-01-08 15:07:00,A179,D100,M_grocery,12.88,TX
T00358,2025-01-08 15:30:00,A036,D051,M_restaurant,12.32,IL
T00134,2025-01-08 15:50:00,A012,D078,M_retail,12.79,NY
T00248,2025-01-08 16:12:00,A025,D129,M_retail,17.49,IL
T01884,2025-01-08 16:44:00,A190,D062,M_fuel,19.71,TX
T01036,2025-01-08 16:57:00,A102,D017,M_online,24.33,NY
T00492,2025-01-08 17:04:00,A048,D125,M_online,76.06,TX
T01398,2025-01-08 17:07:00,A138,D069,M_restaurant,11.68,TX
T00460,2025-01-08 17:18:00,A046,D076,M_retail,37.25,TX
T00601,2025-01-08 17:32:00,A059,D072,M_retail,34.66,NY
T00413,2025-01-08 17:32:00,A041,D142,M_restaurant,11.15,FL
T00273,2025-01-08 17:55:00,A027,D004,M_restaurant,5.47,TX
T01138,2025-01-08 18:15:00,A114,D071,M_retail,7.96,CA
T01267,2025-01-08 18:18:00,A128,D146,M_grocery,26.1,FL
T00000,2025-01-08 18:20:00,A000,D092,M_restaurant,18.62,FL
T00545,2025-01-08 18:21:00,A053,D130,M_restaurant,34.52,NY
T00679,2025-01-08 18:37:00,A068,D027,M_grocery,15.9,TX
T00698,2025-01-08 18:39:00,A069,D013,M_grocery,42.32,FL
T00717,2025-01-08 18:44:00,A071,D056,M_retail,2.46,CA
T00011,2025-01-08 19:22:00,A000,D092,M_retail,23.04,FL
T01802,2025-01-08 19:30:00,A182,D018,M_retail,16.93,IL
T00562,2025-01-08 19:31:00,A055,D002,M_grocery,65.94,IL
T01978,2025-01-08 19:38:00,A199,D130,M_restaurant,18.83,FL
T00578,2025-01-08 20:35:00,A057,D098,M_fuel,21.13,IL
T00890,2025-01-08 21:19:00,A088,D120,M_online,21.94,NY
T01079,2025-01-09 06:01:00,A108,D054,M_fuel,7.3,IL
T00275,2025-01-09 06:04:00,A027,D004,M_restaurant,12.53,TX
T01274,2025-01-09 06:59:00,A129,D045,M_retail,88.8,CA
T01492,2025-01-09 08:44:00,A149,D018,M_fuel,24.95,IL
T00701,2025-01-09 08:50:00,A069,D013,M_grocery,23.45,CA
T00975,2025-01-09 09:00:00,A097,D015,M_retail,45.38,IL
T01570,2025-01-09 09:40:00,A157,D106,M_grocery,90.29,TX
T00564,2025-01-09 10:09:00,A055,D002,M_online,7.39,IL
T00783,2025-01-09 10:09:00,A077,D039,M_restaurant,53.26,FL
T01561,2025-01-09 10:12:00,A156,D080,M_online,19.85,IL
T00527,2025-01-09 10:19:00,A052,D144,M_online,22.79,TX
T01485,2025-01-09 11:21:00,A148,D074,M_restaurant,7.95,NY
T01229,2025-01-09 11:23:00,A124,D015,M_grocery,9.55,CA
T01856,2025-01-09 11:25:00,A187,D074,M_fuel,24.12,FL
T00247,2025-01-09 11:47:00,A024,D124,M_retail,32.62,FL
T01367,2025-01-09 12:06:00,A136,D105,M_online,26.33,CA
T01287,2025-01-09 12:07:00,A130,D051,M_restaurant,44.3,FL
T00006,2025-01-09 12:17:00,A000,D092,M_online,3.97,FL
T00181,2025-01-09 13:01:00,A017,D052,M_grocery,2.17,NY
T01077,2025-01-09 13:02:00,A107,D068,M_retail,12.17,CA
T00077,2025-01-09 13:34:00,A007,D137,M_online,13.4,IL
T00458,2025-01-09 13:36:00,A045,D092,M_grocery,15.56,NY
T01217,2025-01-09 13:49:00,A122,D001,M_retail,14.94,CA
T00499,2025-01-09 13:51:00,A049,D046,M_grocery,61.09,NY
T01544,2025-01-09 14:17:00,A155,D024,M_restaurant,147.49,TX
T01526,2025-01-09 14:24:00,A152,D068,M_restaurant,22.4,IL
T00193,2025-01-09 14:39:00,A018,D030,M_grocery,126.31,NY
T01761,2025-01-09 15:21:00,A178,D097,M_grocery,3.1,NY
T01393,2025-01-09 15:54:00,A138,D069,M_fuel,10.85,TX
T01558,2025-01-09 16:50:00,A156,D080,M_online,41.4,IL
T00787,2025-01-09 17:11:00,A077,D039,M_grocery,16.55,FL
T00664,2025-01-09 17:30:00,A066,D115,M_retail,5.32,FL
T00259,2025-01-09 17:41:00,A025,D129,M_fuel,66.61,IL
T00835,2025-01-09 18:05:00,A082,D030,M_fuel,31.29,NY
T00129,2025-01-09 18:17:00,A011,D046,M_grocery,14.69,CA
T01646,2025-01-09 18:21:00,A164,D111,M_fuel,4.92,NY
T00862,2025-01-09 18:34:00,A085,D063,M_restaurant,24.98,IL
T01052,2025-01-09 18:52:00,A104,D055,M_restaurant,104.44,FL
T01587,2025-01-09 19:34:00,A159,D059,M_restaurant,54.1,TX
T01475,2025-01-09 19:56:00,A146,D119,M_grocery,45.97,NY
T00331,2025-01-09 20:20:00,A033,D141,M_fuel,44.42,TX
T01743,2025-01-09 20:22:00,A177,D073,M_grocery,10.4,NY
T00590,2025-01-09 20:23:00,A058,D008,M_restaurant,16.13,TX
T00667,2025-01-09 20:27:00,A066,D115,M_fuel,30.66,FL
T01392,2025-01-09 21:01:00,A138,D069,M_fuel,40.55,TX
T01260,2025-01-09 21:44:00,A127,D099,M_online,22.12,FL
T01452,2025-01-09 21:58:00,A144,D100,M_restaurant,5.23,FL
T00870,2025-01-10 06:09:00,A086,D089,M_restaurant,39.36,CA
T01313,2025-01-10 06:28:00,A132,D061,M_grocery,19.0,TX
T01340,2025-01-10 06:59:00,A134,D120,M_fuel,32.47,IL
T00391,2025-01-10 07:02:00,A039,D093,M_retail,6.68,NY
T01576,2025-01-10 07:05:00,A157,D106,M_online,3.63,NY
T01269,2025-01-10 07:08:00,A128,D146,M_restaurant,9.42,FL
T01356,2025-01-10 07:16:00,A135,D115,M_online,13.66,IL
T01332,2025-01-10 07:21:00,A133,D106,M_restaurant,9.18,IL
T00052,2025-01-10 07:25:00,A004,D060,M_grocery,28.08,NY
T01341,2025-01-10 07:38:00,A134,D120,M_online,43.22,IL
T00440,2025-01-10 08:08:00,A043,D076,M_retail,40.89,TX
T01823,2025-01-10 08:18:00,A184,D069,M_online,36.81,CA
T00482,2025-01-10 08:49:00,A048,D125,M_retail,4.74,TX
T01251,2025-01-10 08:51:00,A126,D120,M_online,43.7,NY
T00274,2025-01-10 08:53:00,A027,D004,M_fuel,95.66,TX
T00722,2025-01-10 08:58:00,A072,D005,M_restaurant,27.69,NY
T01110,2025-01-10 09:33:00,A111,D100,M_restaurant,4.73,FL
T00184,2025-01-10 09:40:00,A017,D052,M_grocery,19.01,NY
T01675,2025-01-10 09:49:00,A168,D133,M_retail,10.57,TX
T01366,2025-01-10 10:08:00,A136,D105,M_grocery,12.62,TX
T00711,2025-01-10 10:55:00,A071,D056,M_retail,19.49,CA
T00149,2025-01-10 10:58:00,A013,D085,M_retail,35.75,NY
T00763,2025-01-10 11:41:00,A076,D102,M_grocery,33.87,NY
T01647,2025-01-10 11:48:00,A164,D111,M_restaurant,5.92,NY
T01275,2025-01-10 11:55:00,A129,D045,M_retail,43.67,CA
T01093,2025-01-10 11:59:00,A109,D064,M_fuel,22.96,FL
T00203,2025-01-10 12:16:00,A019,D043,M_restaurant,40.82,IL
T00858,2025-01-10 12:21:00,A085,D063,M_grocery,18.88,IL
T00708,2025-01-10 12:27:00,A070,D093,M_retail,39.68,CA
T01312,2025-01-10 12:45:00,A132,D061,M_grocery,16.34,TX
T01810,2025-01-10 12:53:00,A183,D022,M_restaurant,16.18,NY
T00307,2025-01-10 13:23:00,A030,D034,M_fuel,8.46,TX
T00153,2025-01-10 13:37:00,A013,D085,M_fuel,13.33,NY
T00404,2025-01-10 14:06:00,A040,D069,M_grocery,8.91,CA
T00086,2025-01-10 14:49:00,A008,D006,M_fuel,50.58,NY
T00075,2025-01-10 15:33:00,A006,D032,M_online,70.53,FL
T01847,2025-01-10 15:41:00,A186,D041,M_fuel,17.47,TX
T01080,2025-01-10 16:19:00,A108,D054,M_restaurant,15.31,IL
T01354,2025-01-10 16:41:00,A135,D115,M_fuel,25.07,IL
T00073,2025-01-10 16:43:00,A006,D032,M_online,18.42,FL
T00541,2025-01-10 16:46:00,A053,D130,M_fuel,48.34,NY
T00020,2025-01-10 17:12:00,A001,D032,M_grocery,21.62,TX
T00510,2025-01-10 17:15:00,A050,D029,M_fuel,17.65,TX
T00477,2025-01-10 17:17:00,A047,D142,M_restaurant,28.35,TX
T00027,2025-01-10 17:23:00,A001,D032,M_grocery,17.77,TX
T01353,2025-01-10 17:28:00,A135,D115,M_online,35.67,IL
T00880,2025-01-10 17:28:00,A087,D084,M_online,25.25,NY
T00731,2025-01-10 17:30:00,A073,D095,M_online,23.86,IL
T01186,2025-01-10 17:52:00,A119,D096,M_fuel,66.98,NY
T01050,2025-01-10 17:53:00,A104,D055,M_fuel,18.06,FL
T00670,2025-01-10 18:12:00,A066,D115,M_restaurant,27.43,FL
T01165,2025-01-10 18:14:00,A117,D053,M_fuel,8.4,IL
T01614,2025-01-10 18:28:00,A162,D121,M_retail,27.93,TX
T00351,2025-01-10 18:48:00,A036,D051,M_grocery,45.65,IL
T00790,2025-01-10 19:41:00,A078,D111,M_grocery,12.64,CA
T00180,2025-01-10 19:55:00,A017,D052,M_grocery,124.31,NY
T00364,2025-01-10 20:16:00,A037,D080,M_grocery,8.71,FL
T01951,2025-01-10 20:52:00,A197,D005,M_fuel,11.78,CA
T01054,2025-01-10 21:11:00,A105,D104,M_fuel,7.26,CA
T01234,2025-01-10 21:16:00,A124,D015,M_online,34.61,CA
T00992,2025-01-10 21:19:00,A098,D126,M_fuel,23.73,CA
T01067,2025-01-10 21:41:00,A107,D068,M_retail,11.74,CA
T01176,2025-01-10 21:55:00,A118,D029,M_grocery,20.09,CA
T01163,2025-01-11 06:04:00,A117,D053,M_grocery,9.69,IL
T00291,2025-01-11 06:23:00,A029,D062,M_grocery,60.37,CA
T01883,2025-01-11 06:24:00,A189,D131,M_retail,7.17,NY
T01124,2025-01-11 06:37:00,A113,D038,M_restaurant,13.87,IL
T00339,2025-01-11 07:30:00,A035,D129,M_grocery,19.1,TX
T01318,2025-01-11 07:38:00,A132,D061,M_retail,12.69,TX
T00426,2025-01-11 07:46:00,A042,D068,M_grocery,18.67,TX
T00216,2025-01-11 07:56:00,A020,D067,M_grocery,30.33,CA
T00299,2025-01-11 08:14:00,A029,D062,M_retail,27.49,CA
T00850,2025-01-11 08:52:00,A084,D102,M_retail,14.89,TX
T01268,2025-01-11 09:32:00,A128,D146,M_retail,21.49,FL
T00289,2025-01-11 09:33:00,A029,D062,M_online,13.38,CA
T00741,2025-01-11 09:57:00,A074,D114,M_fuel,43.13,CA
T01937,2025-01-11 10:12:00,A195,D118,M_online,9.07,IL
T00559,2025-01-11 10:24:00,A055,D002,M_fuel,26.19,IL
T01010,2025-01-11 10:47:00,A100,D077,M_retail,16.05,FL
T01013,2025-01-11 11:07:00,A100,D077,M_retail,16.58,FL
T00632,2025-01-11 11:23:00,A062,D027,M_grocery,13.54,FL
T00887,2025-01-11 11:46:00,A088,D120,M_grocery,8.6,NY
T01833,2025-01-11 11:50:00,A185,D025,M_fuel,5.0,IL
T00896,2025-01-11 12:21:00,A088,D120,M_restaurant,53.34,NY
T01027,2025-01-11 12:33:00,A102,D017,M_retail,11.71,NY
T00354,2025-01-11 12:33:00,A036,D051,M_grocery,12.03,IL
T00837,2025-01-11 12:46:00,A082,D030,M_restaurant,15.95,NY
T01311,2025-01-11 12:48:00,A132,D061,M_retail,4.94,TX
T01920,2025-01-11 12:53:00,A194,D068,M_retail,20.66,FL
T01258,2025-01-11 13:02:00,A127,D099,M_retail,11.78,FL
T01134,2025-01-11 13:07:00,A114,D071,M_retail,35.73,CA
T00375,2025-01-11 14:09:00,A038,D021,M_restaurant,14.32,IL
T00519,2025-01-11 14:11:00,A051,D053,M_grocery,9.41,FL
T01480,2025-01-11 14:49:00,A147,D011,M_fuel,17.2,NY
T00238,2025-01-11 15:22:00,A024,D124,M_fuel,7.51,FL
T01047,2025-01-11 15:37:00,A104,D055,M_grocery,19.27,FL
T01844,2025-01-11 15:47:00,A186,D041,M_online,24.14,TX
T00631,2025-01-11 15:56:00,A062,D027,M_retail,2.31,FL
T01975,2025-01-11 16:07:00,A199,D130,M_retail,39.71,NY
T00791,2025-01-11 16:20:00,A078,D111,M_retail,16.78,CA
T00863,2025-01-11 16:31:00,A085,D063,M_fuel,4.54,IL
T01556,2025-01-11 16:48:00,A156,D080,M_grocery,72.61,IL
T01277,2025-01-11 17:09:00,A129,D045,M_grocery,49.33,NY
T01042,2025-01-11 17:25:00,A103,D076,M_retail,5.49,CA
T01464,2025-01-11 17:44:00,A145,D012,M_online,17.64,IL
T00689,2025-01-11 18:17:00,A069,D013,M_fuel,31.17,FL
T00845,2025-01-11 18:27:00,A083,D107,M_restaurant,9.15,TX
T01395,2025-01-11 18:40:00,A138,D069,M_fuel,53.69,TX
T00909,2025-01-11 19:01:00,A090,D145,M_retail,17.14,IL
T01109,2025-01-11 19:06:00,A111,D100,M_fuel,15.58,FL
T01278,2025-01-11 19:53:00,A129,D045,M_retail,38.34,CA
T00777,2025-01-11 20:08:00,A077,D039,M_fuel,5.69,FL
T01815,2025-01-11 20:11:00,A183,D022,M_restaurant,61.38,NY
T00033,2025-01-11 20:47:00,A002,D001,M_grocery,61.18,NY
T01271,2025-01-11 21:07:00,A129,D045,M_grocery,46.0,TX
T01427,2025-01-11 21:08:00,A141,D050,M_grocery,5.82,IL
T00587,2025-01-11 21:09:00,A058,D008,M_grocery,13.41,TX
T01868,2025-01-11 21:59:00,A188,D069,M_online,54.59,TX
T00602,2025-01-12 06:05:00,A060,D132,M_grocery,24.82,TX
T00885,2025-01-12 06:09:00,A087,D084,M_grocery,42.07,NY
T01017,2025-01-12 06:09:00,A101,D118,M_retail,23.95,TX
T01765,2025-01-12 06:29:00,A179,D100,M_online,46.6,TX
T01179,2025-01-12 06:35:00,A118,D029,M_fuel,16.49,CA
T01521,2025-01-12 06:41:00,A152,D068,M_online,39.51,IL
T00276,2025-01-12 06:56:00,A027,D004,M_online,61.78,TX
T01117,2025-01-12 07:22:00,A112,D069,M_restaurant,5.47,TX
T01303,2025-01-12 07:49:00,A131,D111,M_grocery,12.86,FL
T01624,2025-01-12 07:50:00,A162,D121,M_retail,11.19,TX
T01973,2025-01-12 08:09:00,A199,D130,M_grocery,35.27,NY
T00445,2025-01-12 08:10:00,A044,D029,M_fuel,37.94,IL
T01453,2025-01-12 08:18:00,A145,D012,M_fuel,15.86,IL
T00612,2025-01-12 08:19:00,A060,D132,M_retail,38.44,CA
T00816,2025-01-12 08:25:00,A080,D106,M_fuel,41.28,IL
T00195,2025-01-12 08:29:00,A018,D030,M_restaurant,30.76,FL
T00141,2025-01-12 08:34:00,A012,D078,M_online,21.57,NY
T00130,2025-01-12 08:41:00,A011,D046,M_online,42.14,CA
T00817,2025-01-12 08:41:00,A080,D106,M_fuel,28.82,IL
T01697,2025-01-12 08:45:00,A171,D071,M_restaurant,45.66,TX
T01248,2025-01-12 09:11:00,A126,D120,M_fuel,21.11,NY
T00297,2025-01-12 09:14:00,A029,D062,M_fuel,4.67,CA
T00495,2025-01-12 09:31:00,A049,D046,M_fuel,19.62,IL
T01441,2025-01-12 09:46:00,A144,D100,M_retail,14.84,CA
T01008,2025-01-12 09:58:00,A100,D077,M_retail,12.46,FL
T00374,2025-01-12 10:02:00,A038,D021,M_restaurant,56.28,IL
T01752,2025-01-12 10:10:00,A178,D097,M_fuel,28.6,NY
T01688,2025-01-12 10:13:00,A170,D113,M_online,22.81,NY
T00245,2025-01-12 10:23:00,A024,D124,M_restaurant,58.17,FL
T00534,2025-01-12 10:27:00,A052,D144,M_grocery,15.44,TX
T01300,2025-01-12 10:27:00,A131,D111,M_online,9.07,FL
T01400,2025-01-12 10:31:00,A138,D069,M_restaurant,7.48,TX
T01621,2025-01-12 10:41:00,A162,D121,M_restaurant,39.33,TX
T01771,2025-01-12 10:53:00,A180,D034,M_online,27.07,FL
T01264,2025-01-12 11:05:00,A128,D146,M_retail,23.03,FL
T01882,2025-01-12 11:16:00,A189,D131,M_online,10.4,NY
T01144,2025-01-12 11:36:00,A115,D071,M_online,6.58,TX
T00873,2025-01-12 11:36:00,A086,D089,M_online,23.72,CA
T01266,2025-01-12 12:07:00,A128,D146,M_online,47.31,FL
T00205,2025-01-12 12:14:00,A019,D043,M_online,9.82,IL
T00760,2025-01-12 12:25:00,A075,D086,M_retail,13.91,FL
T00871,2025-01-12 12:28:00,A086,D089,M_retail,15.11,CA
T00930,2025-01-12 12:34:00,A093,D081,M_grocery,54.06,TX
T01151,2025-01-12 12:48:00,A116,D038,M_retail,6.81,TX
T00185,2025-01-12 12:52:00,A017,D052,M_restaurant,2.55,IL
T01896,2025-01-12 13:14:00,A191,D136,M_restaurant,32.76,NY
T01034,2025-01-12 13:33:00,A102,D017,M_grocery,7.47,CA
T01403,2025-01-12 14:12:00,A139,D072,M_fuel,45.92,IL
T00521,2025-01-12 14:28:00,A051,D053,M_grocery,14.25,FL
T00403,2025-01-12 14:40:00,A040,D069,M_online,19.52,IL
T00368,2025-01-12 14:46:00,A037,D080,M_retail,27.06,FL
T00547,2025-01-12 15:03:00,A053,D130,M_grocery,19.41,NY
T00003,2025-01-12 15:21:00,A000,D092,M_grocery,13.84,NY
T01592,2025-01-12 15:49:00,A160,D129,M_grocery,21.55,TX
T00286,2025-01-12 16:07:00,A028,D055,M_online,8.49,FL
T00278,2025-01-12 16:19:00,A028,D055,M_fuel,15.53,FL
T00298,2025-01-12 16:42:00,A029,D062,M_retail,16.41,TX
T01295,2025-01-12 17:11:00,A131,D111,M_grocery,10.23,FL
T01763,2025-01-12 17:33:00,A179,D100,M_retail,39.25,TX
T00715,2025-01-12 17:37:00,A071,D056,M_grocery,14.67,CA
T00204,2025-01-12 17:44:00,A019,D043,M_restaurant,54.85,IL
T01805,2025-01-12 18:35:00,A183,D022,M_fuel,74.24,NY
T00081,2025-01-12 18:40:00,A007,D137,M_grocery,39.77,IL
T01198,2025-01-12 18:40:00,A120,D066,M_retail,6.65,TX
T00798,2025-01-12 18:42:00,A078,D111,M_retail,8.12,CA
T00566,2025-01-12 18:44:00,A056,D120,M_grocery,19.97,IL
T01107,2025-01-12 18:55:00,A111,D100,M_grocery,7.98,FL
T01003,2025-01-12 19:48:00,A099,D107,M_online,6.19,TX
T01724,2025-01-12 19:54:00,A174,D121,M_fuel,93.39,IL
T00386,2025-01-12 19:57:00,A038,D021,M_online,2.18,IL
T00814,2025-01-12 20:16:00,A080,D106,M_online,31.25,IL
T01794,2025-01-12 20:49:00,A182,D018,M_fuel,8.16,TX
T01832,2025-01-12 20:58:00,A185,D025,M_fuel,21.9,IL
T01689,2025-01-12 21:05:00,A170,D113,M_grocery,50.64,NY
T00067,2025-01-12 21:25:00,A005,D012,M_retail,37.33,CA
T01816,2025-01-12 21:49:00,A183,D022,M_restaurant,10.77,NY
T00710,2025-01-12 21:59:00,A070,D093,M_grocery,25.8,CA
T00767,2025-01-13 06:30:00,A076,D102,M_restaurant,28.48,NY
T01835,2025-01-13 07:34:00,A185,D025,M_fuel,39.82,IL
T00061,2025-01-13 07:59:00,A005,D012,M_restaurant,38.98,CA
T01905,2025-01-13 08:01:00,A192,D112,M_retail,15.67,TX
T01958,2025-01-13 08:25:00,A198,D076,M_restaurant,25.78,TX
T00260,2025-01-13 08:57:00,A026,D086,M_online,31.72,FL
T00841,2025-01-13 09:08:00,A083,D107,M_restaurant,26.08,TX
T00070,2025-01-13 09:15:00,A006,D032,M_grocery,26.45,CA
T01620,2025-01-13 09:34:00,A162,D121,M_fuel,12.12,TX
T01156,2025-01-13 09:36:00,A116,D038,M_online,58.99,FL
T01897,2025-01-13 09:48:00,A191,D136,M_grocery,24.0,NY
T00398,2025-01-13 09:55:00,A040,D069,M_fuel,4.23,CA
T01319,2025-01-13 10:16:00,A132,D061,M_online,30.85,TX
T00514,2025-01-13 10:18:00,A050,D029,M_grocery,11.46,TX
T00892,2025-01-13 10:24:00,A088,D120,M_fuel,30.24,CA
T01857,2025-01-13 10:40:00,A187,D074,M_grocery,19.78,FL
T01836,2025-01-13 10:56:00,A185,D025,M_retail,14.78,IL
T00836,2025-01-13 10:59:00,A082,D030,M_grocery,12.16,NY
T00758,2025-01-13 11:28:00,A075,D086,M_restaurant,67.57,FL
T00721,2025-01-13 11:33:00,A071,D056,M_retail,11.34,CA
T01595,2025-01-13 11:34:00,A160,D129,M_restaurant,22.21,TX
T01947,2025-01-13 12:09:00,A196,D080,M_restaurant,45.96,CA
T01939,2025-01-13 12:45:00,A196,D080,M_retail,20.57,CA
T01520,2025-01-13 12:55:00,A152,D068,M_fuel,12.76,IL
T00820,2025-01-13 13:40:00,A080,D106,M_retail,7.91,IL
T00026,2025-01-13 14:02:00,A001,D032,M_grocery,95.21,TX
T01470,2025-01-13 14:10:00,A146,D119,M_grocery,14.04,NY
T01491,2025-01-13 14:16:00,A148,D074,M_online,5.12,TX
T01708,2025-01-13 14:27:00,A172,D128,M_retail,5.84,TX
T00013,2025-01-13 14:28:00,A000,D092,M_grocery,28.09,FL
T01446,2025-01-13 14:30:00,A144,D100,M_retail,34.37,FL
T00250,2025-01-13 14:32:00,A025,D129,M_grocery,19.7,IL
T00271,2025-01-13 14:53:00,A026,D086,M_grocery,15.91,FL
T01899,2025-01-13 15:49:00,A191,D136,M_retail,23.62,NY
T00137,2025-01-13 16:02:00,A012,D078,M_fuel,20.26,CA
T01628,2025-01-13 17:00:00,A163,D075,M_online,6.65,TX
T01425,2025-01-13 17:10:00,A141,D050,M_fuel,6.88,IL
T00904,2025-01-13 17:17:00,A090,D145,M_fuel,12.48,TX
T00895,2025-01-13 17:23:00,A088,D120,M_restaurant,20.83,NY
T01954,2025-01-13 17:26:00,A197,D005,M_retail,30.38,CA
T00099,2025-01-13 17:47:00,A009,D100,M_restaurant,5.58,FL
T01808,2025-01-13 17:57:00,A183,D022,M_retail,30.33,NY
T00575,2025-01-13 18:07:00,A057,D098,M_restaurant,44.1,IL
T00168,2025-01-13 18:29:00,A015,D024,M_restaurant,61.0,TX
T01553,2025-01-13 18:31:00,A156,D080,M_restaurant,51.42,IL
T01284,2025-01-13 18:54:00,A130,D051,M_grocery,5.61,FL
T01175,2025-01-13 19:04:00,A118,D029,M_online,37.02,CA
T01377,2025-01-13 19:10:00,A137,D147,M_restaurant,9.56,IL
T01822,2025-01-13 19:26:00,A184,D069,M_grocery,5.62,CA
T00116,2025-01-13 19:42:00,A010,D102,M_restaurant,26.93,TX
T01795,2025-01-13 19:48:00,A182,D018,M_grocery,6.11,IL
T00657,2025-01-13 20:02:00,A065,D048,M_fuel,15.83,NY
T01580,2025-01-13 20:11:00,A158,D020,M_online,20.78,IL
T00994,2025-01-13 20:26:00,A099,D107,M_retail,95.84,TX
T01285,2025-01-13 20:28:00,A130,D051,M_online,16.98,FL
T01423,2025-01-13 20:42:00,A141,D050,M_online,56.87,IL
T01910,2025-01-13 20:43:00,A193,D117,M_fuel,24.97,FL
T01706,2025-01-13 20:53:00,A172,D128,M_grocery,15.62,TX
T01918,2025-01-13 21:34:00,A193,D117,M_grocery,123.52,FL
T01659,2025-01-14 06:00:00,A165,D062,M_fuel,8.12,CA
T01357,2025-01-14 06:00:00,A135,D115,M_retail,6.54,IL
T01860,2025-01-14 06:09:00,A187,D074,M_online,12.58,FL
T00074,2025-01-14 07:50:00,A006,D032,M_grocery,7.97,FL
T00596,2025-01-14 07:54:00,A059,D072,M_restaurant,90.54,NY
T00171,2025-01-14 07:59:00,A015,D024,M_online,10.78,TX
T01851,2025-01-14 08:13:00,A187,D074,M_online,22.45,FL
T00936,2025-01-14 08:25:00,A093,D081,M_restaurant,17.93,TX
T00855,2025-01-14 08:29:00,A084,D102,M_restaurant,3.66,TX
T01878,2025-01-14 09:43:00,A189,D131,M_online,144.82,NY
T01727,2025-01-14 09:52:00,A175,D003,M_online,15.4,TX
T01745,2025-01-14 10:00:00,A177,D073,M_online,73.36,NY
T00146,2025-01-14 10:39:00,A012,D078,M_restaurant,4.51,NY
T01255,2025-01-14 10:49:00,A127,D099,M_fuel,52.12,FL
T01272,2025-01-14 11:07:00,A129,D045,M_restaurant,47.93,CA
T01562,2025-01-14 11:09:00,A156,D080,M_restaurant,10.65,IL
T01921,2025-01-14 11:14:00,A194,D068,M_grocery,27.12,CA
T01250,2025-01-14 11:50:00,A126,D120,M_fuel,20.96,TX
T00421,2025-01-14 12:15:00,A041,D142,M_retail,24.36,FL
T00019,2025-01-14 12:26:00,A001,D032,M_fuel,68.75,TX
T01001,2025-01-14 12:32:00,A099,D107,M_retail,16.48,TX
T00646,2025-01-14 12:54:00,A064,D109,M_restaurant,52.41,FL
T01709,2025-01-14 13:47:00,A172,D128,M_fuel,31.62,TX
T01567,2025-01-14 13:47:00,A157,D106,M_fuel,8.32,TX
T00753,2025-01-14 14:20:00,A075,D086,M_fuel,5.47,FL
T01414,2025-01-14 14:33:00,A140,D044,M_retail,8.66,NY
T00401,2025-01-14 14:36:00,A040,D069,M_fuel,12.39,CA
T00734,2025-01-14 14:56:00,A073,D095,M_restaurant,14.4,IL
T00963,2025-01-14 14:58:00,A096,D105,M_fuel,12.81,FL
T01014,2025-01-14 15:11:00,A101,D118,M_fuel,14.97,TX
T01640,2025-01-14 15:15:00,A163,D075,M_fuel,9.24,TX
T01056,2025-01-14 15:53:00,A105,D104,M_grocery,48.6,CA
T01608,2025-01-14 15:54:00,A161,D092,M_fuel,12.42,NY
T00154,2025-01-14 16:11:00,A013,D085,M_fuel,17.08,NY
T00704,2025-01-14 16:33:00,A070,D093,M_fuel,17.44,FL
T00412,2025-01-14 16:40:00,A041,D142,M_online,19.13,FL
T01704,2025-01-14 17:31:00,A172,D128,M_restaurant,11.41,TX
T00995,2025-01-14 17:48:00,A099,D107,M_retail,18.12,TX
T00055,2025-01-14 17:50:00,A005,D012,M_online,11.59,CA
T01495,2025-01-14 17:52:00,A149,D018,M_grocery,7.42,TX
T00831,2025-01-14 18:06:00,A081,D028,M_online,7.42,CA
T00675,2025-01-14 18:26:00,A067,D079,M_fuel,56.39,TX
T01966,2025-01-14 18:28:00,A198,D076,M_retail,11.37,TX
T01593,2025-01-14 18:49:00,A160,D129,M_online,43.78,TX
T01769,2025-01-14 19:14:00,A180,D034,M_online,10.47,TX
T01030,2025-01-14 19:23:00,A102,D017,M_online,13.43,NY
T01800,2025-01-14 19:28:00,A182,D018,M_grocery,16.71,IL
T01065,2025-01-14 19:35:00,A106,D085,M_online,70.27,NY
T00826,2025-01-14 19:36:00,A081,D028,M_fuel,17.49,CA
T01159,2025-01-14 19:58:00,A117,D053,M_fuel,9.95,IL
T00212,2025-01-14 20:08:00,A020,D067,M_grocery,8.53,CA
T00249,2025-01-14 20:30:00,A025,D129,M_restaurant,11.58,IL
T00188,2025-01-14 21:01:00,A018,D030,M_restaurant,16.78,NY
T00707,2025-01-14 21:07:00,A070,D093,M_online,11.94,CA
T01087,2025-01-14 21:26:00,A109,D064,M_restaurant,32.24,FL
T01471,2025-01-14 21:46:00,A146,D119,M_fuel,7.6,NY
T00333,2025-01-14 21:53:00,A034,D094,M_online,23.52,NY
T01409,2025-01-14 21:58:00,A139,D072,M_restaurant,18.81,IL
T01601,2025-01-15 06:06:00,A161,D092,M_retail,40.47,NY
T00839,2025-01-15 06:16:00,A082,D030,M_online,45.23,NY
T00903,2025-01-15 06:20:00,A090,D145,M_restaurant,75.7,IL
T01416,2025-01-15 06:21:00,A140,D044,M_online,84.72,NY
T00145,2025-01-15 06:24:00,A012,D078,M_fuel,117.54,NY
T00136,2025-01-15 06:25:00,A012,D078,M_retail,37.02,NY
T01474,2025-01-15 06:37:00,A146,D119,M_restaurant,21.32,IL
T01959,2025-01-15 07:13:00,A198,D076,M_restaurant,10.92,TX
T01265,2025-01-15 07:28:00,A128,D146,M_fuel,28.58,FL
T01694,2025-01-15 07:34:00,A170,D113,M_fuel,13.42,NY
T00973,2025-01-15 07:45:00,A097,D015,M_restaurant,9.85,IL
T00872,2025-01-15 07:51:00,A086,D089,M_fuel,39.35,FL
T00523,2025-01-15 08:12:00,A051,D053,M_online,11.81,FL
T01917,2025-01-15 08:23:00,A193,D117,M_grocery,15.65,FL
T01012,2025-01-15 08:28:00,A100,D077,M_fuel,18.65,FL
T00771,2025-01-15 08:42:00,A076,D102,M_grocery,10.92,TX
T01146,2025-01-15 08:45:00,A115,D071,M_online,19.72,TX
T00191,2025-01-15 09:18:00,A018,D030,M_restaurant,18.19,NY
T00789,2025-01-15 09:22:00,A077,D039,M_online,31.75,FL
T01858,2025-01-15 09:35:00,A187,D074,M_fuel,28.49,FL
T01411,2025-01-15 09:41:00,A140,D044,M_grocery,11.37,NY
T00150,2025-01-15 09:44:00,A013,D085,M_retail,8.89,NY
T00201,2025-01-15 10:06:00,A019,D043,M_fuel,16.06,IL
T00277,2025-01-15 10:11:00,A027,D004,M_grocery,5.56,TX
T00505,2025-01-15 10:12:00,A050,D029,M_retail,6.35,TX
T01850,2025-01-15 10:24:00,A187,D074,M_retail,9.35,FL
T00769,2025-01-15 10:25:00,A076,D102,M_restaurant,6.39,NY
T01384,2025-01-15 10:43:00,A137,D147,M_retail,14.59,IL
T00678,2025-01-15 10:59:00,A068,D027,M_grocery,34.35,CA
T00222,2025-01-15 11:07:00,A021,D008,M_fuel,31.21,NY
T00434,2025-01-15 11:14:00,A042,D068,M_restaurant,13.43,TX
T00517,2025-01-15 11:29:00,A051,D053,M_retail,8.78,FL
T00390,2025-01-15 11:46:00,A039,D093,M_restaurant,25.61,FL
T01129,2025-01-15 11:47:00,A113,D038,M_fuel,17.68,IL
T00133,2025-01-15 11:53:00,A011,D046,M_restaurant,22.56,CA
T00605,2025-01-15 12:13:00,A060,D132,M_retail,50.26,TX
T00965,2025-01-15 12:18:00,A096,D105,M_grocery,10.94,FL
T00525,2025-01-15 12:20:00,A052,D144,M_retail,41.38,TX
T00879,2025-01-15 12:28:00,A087,D084,M_restaurant,8.06,TX
T00797,2025-01-15 12:45:00,A078,D111,M_online,27.91,CA
T01778,2025-01-15 13:22:00,A180,D034,M_restaurant,18.8,FL
T00210,2025-01-15 14:09:00,A019,D043,M_retail,4.53,FL
T00854,2025-01-15 14:25:00,A084,D102,M_retail,21.39,TX
T01149,2025-01-15 14:33:00,A115,D071,M_fuel,16.03,TX
T01182,2025-01-15 14:50:00,A118,D029,M_grocery,7.53,CA
T01633,2025-01-15 15:28:00,A163,D075,M_restaurant,83.92,TX
T01257,2025-01-15 15:57:00,A127,D099,M_online,17.42,FL
T01750,2025-01-15 15:58:00,A177,D073,M_retail,108.35,NY
T01060,2025-01-15 16:03:00,A105,D104,M_online,73.35,CA
T00305,2025-01-15 16:12:00,A030,D034,M_retail,3.25,TX
T01394,2025-01-15 16:13:00,A138,D069,M_retail,19.12,TX
T01105,2025-01-15 16:54:00,A111,D100,M_online,36.9,FL
T00085,2025-01-15 17:08:00,A007,D137,M_online,27.76,IL
T01431,2025-01-15 17:15:00,A142,D143,M_restaurant,19.65,CA
T01956,2025-01-15 17:29:00,A198,D076,M_online,21.77,TX
T00113,2025-01-15 17:29:00,A010,D102,M_restaurant,96.45,TX
T00800,2025-01-15 17:36:00,A078,D111,M_retail,26.86,CA
T01589,2025-01-15 17:39:00,A160,D129,M_retail,8.49,TX
T01588,2025-01-15 18:50:00,A160,D129,M_fuel,47.77,TX
T00653,2025-01-15 18:52:00,A065,D048,M_fuel,10.89,CA
T00593,2025-01-15 18:54:00,A059,D072,M_grocery,42.52,NY
T01450,2025-01-15 19:18:00,A144,D100,M_online,44.76,FL
T00240,2025-01-15 19:19:00,A024,D124,M_restaurant,4.58,FL
T01731,2025-01-15 19:41:00,A175,D003,M_fuel,17.29,TX
T01232,2025-01-15 20:44:00,A124,D015,M_fuel,15.28,CA
T01720,2025-01-15 20:53:00,A174,D121,M_retail,45.27,IL
T00702,2025-01-15 20:54:00,A069,D013,M_retail,17.36,FL
T00123,2025-01-15 20:55:00,A011,D046,M_fuel,20.67,CA
T00807,2025-01-15 20:56:00,A079,D024,M_online,13.45,FL
T00511,2025-01-15 20:59:00,A050,D029,M_restaurant,11.39,TX
T00682,2025-01-15 21:12:00,A068,D027,M_online,17.24,NY
T00461,2025-01-16 06:44:00,A046,D076,M_online,68.38,TX
T01927,2025-01-16 06:50:00,A194,D068,M_grocery,14.55,FL
T00750,2025-01-16 06:53:00,A075,D086,M_restaurant,10.29,FL
T01820,2025-01-16 06:56:00,A184,D069,M_restaurant,25.87,CA
T00529,2025-01-16 07:13:00,A052,D144,M_grocery,48.88,TX
T01924,2025-01-16 07:16:00,A194,D068,M_online,44.18,FL
T00509,2025-01-16 07:39:00,A050,D029,M_fuel,32.68,TX
T00623,2025-01-16 07:39:00,A061,D067,M_fuel,10.01,IL
T00610,2025-01-16 07:59:00,A060,D132,M_fuel,11.28,TX
T01713,2025-01-16 08:05:00,A173,D126,M_fuel,2.3,FL
T01009,2025-01-16 08:05:00,A100,D077,M_retail,2.97,FL
T01534,2025-01-16 08:20:00,A154,D085,M_grocery,21.66,FL
T00687,2025-01-16 08:22:00,A068,D027,M_fuel,8.52,NY
T00900,2025-01-16 08:59:00,A089,D125,M_online,30.17,TX
T01729,2025-01-16 09:14:00,A175,D003,M_online,44.05,TX
T01041,2025-01-16 09:20:00,A103,D076,M_online,46.67,CA
T01541,2025-01-16 09:28:00,A155,D024,M_grocery,53.74,TX
T01005,2025-01-16 09:39:00,A099,D107,M_retail,106.86,NY
T00942,2025-01-16 10:47:00,A093,D081,M_online,17.81,TX
T01101,2025-01-16 11:34:00,A111,D100,M_online,45.46,FL
T01915,2025-01-16 11:36:00,A193,D117,M_grocery,13.3,FL
T01415,2025-01-16 11:47:00,A140,D044,M_retail,2.65,NY
T01886,2025-01-16 11:50:00,A190,D062,M_grocery,80.03,TX
T00200,2025-01-16 12:16:00,A019,D043,M_retail,4.21,IL
T01783,2025-01-16 12:26:00,A181,D111,M_grocery,15.58,FL
T01238,2025-01-16 12:35:00,A124,D015,M_restaurant,13.81,CA
T01895,2025-01-16 12:39:00,A191,D136,M_retail,59.88,NY
T00576,2025-01-16 12:45:00,A057,D098,M_grocery,6.52,IL
T00846,2025-01-16 12:50:00,A083,D107,M_restaurant,48.57,TX
T00095,2025-01-16 12:56:00,A008,D006,M_fuel,85.87,NY
T01855,2025-01-16 13:12:00,A187,D074,M_grocery,50.31,NY
T01876,2025-01-16 13:16:00,A189,D131,M_online,21.55,IL
T01292,2025-01-16 13:22:00,A131,D111,M_retail,35.99,FL
T01711,2025-01-16 13:28:00,A173,D126,M_grocery,14.65,NY
T01020,2025-01-16 13:35:00,A101,D118,M_retail,10.93,FL
T00096,2025-01-16 13:37:00,A008,D006,M_online,9.12,NY
T01831,2025-01-16 13:38:00,A185,D025,M_retail,59.29,IL
T00891,2025-01-16 13:47:00,A088,D120,M_retail,30.14,NY
T01703,2025-01-16 14:02:00,A172,D128,M_online,64.35,TX
T01671,2025-01-16 14:06:00,A167,D123,M_restaurant,62.78,CA
T00531,2025-01-16 14:08:00,A052,D144,M_grocery,25.54,TX
T01219,2025-01-16 14:09:00,A122,D001,M_grocery,13.59,TX
T00439,2025-01-16 14:18:00,A043,D076,M_restaurant,28.14,TX
T00733,2025-01-16 14:31:00,A073,D095,M_retail,36.82,NY
T01600,2025-01-16 14:54:00,A161,D092,M_restaurant,52.58,NY
T00795,2025-01-16 15:11:00,A078,D111,M_online,44.87,CA
T01227,2025-01-16 15:29:00,A123,D006,M_restaurant,24.24,CA
T00301,2025-01-16 15:35:00,A030,D034,M_fuel,9.14,TX
T01283,2025-01-16 15:39:00,A130,D051,M_fuel,22.28,FL
T01754,2025-01-16 15:44:00,A178,D097,M_restaurant,13.83,NY
T01591,2025-01-16 15:55:00,A160,D129,M_online,43.2,TX
T01786,2025-01-16 16:31:00,A181,D111,M_grocery,11.83,FL
T00420,2025-01-16 16:36:00,A041,D142,M_restaurant,23.41,FL
T00775,2025-01-16 17:15:00,A077,D039,M_fuel,25.53,IL
T01714,2025-01-16 17:19:00,A173,D126,M_restaurant,13.47,NY
T01834,2025-01-16 17:22:00,A185,D025,M_grocery,45.55,NY
T00012,2025-01-16 18:17:00,A000,D092,M_fuel,21.7,FL
T00176,2025-01-16 18:18:00,A016,D050,M_online,30.63,TX
T00223,2025-01-16 18:27:00,A021,D008,M_fuel,20.72,NY
T01044,2025-01-16 19:03:00,A103,D076,M_retail,5.99,CA
T00270,2025-01-16 19:22:00,A026,D086,M_fuel,26.02,FL
T01388,2025-01-16 19:24:00,A138,D069,M_fuel,28.78,TX
T00979,2025-01-16 19:28:00,A097,D015,M_restaurant,22.85,IL
T00856,2025-01-16 19:29:00,A084,D102,M_retail,4.78,TX
T00699,2025-01-16 19:42:00,A069,D013,M_retail,24.75,FL
T00287,2025-01-16 19:52:00,A028,D055,M_grocery,34.29,FL
T01154,2025-01-16 19:53:00,A116,D038,M_grocery,136.84,TX
T01152,2025-01-16 20:01:00,A116,D038,M_online,92.7,TX
T01566,2025-01-16 20:05:00,A157,D106,M_fuel,33.1,TX
T00650,2025-01-16 20:12:00,A064,D109,M_retail,15.35,FL
T01334,2025-01-16 20:13:00,A134,D120,M_retail,18.23,FL
T00540,2025-01-16 20:16:00,A053,D130,M_fuel,24.17,NY
T01579,2025-01-16 20:23:00,A158,D020,M_fuel,10.01,IL
T01670,2025-01-16 20:43:00,A167,D123,M_fuel,7.55,TX
T01572,2025-01-16 20:47:00,A157,D106,M_online,65.24,TX
T01376,2025-01-16 20:48:00,A137,D147,M_retail,21.1,IL
T01879,2025-01-16 20:53:00,A189,D131,M_retail,8.35,NY
T01402,2025-01-16 21:26:00,A138,D069,M_online,22.38,TX
T00363,2025-01-16 21:31:00,A037,D080,M_restaurant,84.73,FL
T01909,2025-01-16 21:45:00,A193,D117,M_online,34.37,FL
T01490,2025-01-16 21:58:00,A148,D074,M_online,11.89,NY
T01923,2025-01-17 06:10:00,A194,D068,M_retail,10.65,FL
T01164,2025-01-17 06:35:00,A117,D053,M_grocery,6.9,NY
T00478,2025-01-17 06:37:00,A048,D125,M_fuel,24.97,TX
T01607,2025-01-17 06:55:00,A161,D092,M_online,32.29,NY
T00406,2025-01-17 07:05:00,A040,D069,M_fuel,7.29,CA
T00569,2025-01-17 07:44:00,A056,D120,M_online,14.32,IL
T01225,2025-01-17 08:26:00,A123,D006,M_retail,3.77,CA
T01410,2025-01-17 08:53:00,A139,D072,M_restaurant,80.82,IL
T00751,2025-01-17 09:21:00,A075,D086,M_retail,4.45,FL
T01307,2025-01-17 09:22:00,A132,D061,M_restaurant,28.9,TX
T00165,2025-01-17 09:40:00,A015,D024,M_online,6.12,TX
T01455,2025-01-17 09:43:00,A145,D012,M_restaurant,6.15,IL
T01957,2025-01-17 09:56:00,A198,D076,M_online,3.84,TX
T00106,2025-01-17 10:13:00,A009,D100,M_grocery,22.11,FL
T00114,2025-01-17 10:28:00,A010,D102,M_grocery,5.14,TX
T00029,2025-01-17 10:48:00,A001,D032,M_restaurant,5.27,TX
T00990,2025-01-17 10:49:00,A098,D126,M_fuel,25.94,CA
T01722,2025-01-17 10:50:00,A174,D121,M_fuel,13.46,IL
T01721,2025-01-17 10:59:00,A174,D121,M_retail,34.48,IL
T00389,2025-01-17 11:03:00,A039,D093,M_restaurant,31.86,FL
T01791,2025-01-17 11:12:00,A181,D111,M_online,23.17,NY
T00765,2025-01-17 11:16:00,A076,D102,M_retail,12.07,NY
T01457,2025-01-17 11:25:00,A145,D012,M_restaurant,58.39,IL
T01422,2025-01-17 11:35:00,A141,D050,M_restaurant,29.05,IL
T00387,2025-01-17 12:32:00,A039,D093,M_grocery,38.12,FL
T01326,2025-01-17 12:45:00,A133,D106,M_retail,24.23,IL
T00865,2025-01-17 12:47:00,A085,D063,M_grocery,6.63,IL
T00579,2025-01-17 12:52:00,A057,D098,M_retail,57.3,IL
T00504,2025-01-17 13:06:00,A050,D029,M_grocery,52.85,TX
T00062,2025-01-17 13:18:00,A005,D012,M_fuel,30.08,CA
T00494,2025-01-17 13:19:00,A049,D046,M_fuel,27.16,IL
T01058,2025-01-17 13:39:00,A105,D104,M_restaurant,50.77,CA
T00627,2025-01-17 14:05:00,A061,D067,M_grocery,11.0,IL
T01914,2025-01-17 14:29:00,A193,D117,M_online,37.9,FL
T00617,2025-01-17 14:35:00,A061,D067,M_fuel,13.45,IL
T00742,2025-01-17 14:35:00,A074,D114,M_restaurant,8.41,CA
T01673,2025-01-17 14:44:00,A167,D123,M_grocery,78.28,IL
T00832,2025-01-17 14:53:00,A081,D028,M_fuel,34.68,CA
T00877,2025-01-17 14:57:00,A087,D084,M_retail,19.44,NY
T00187,2025-01-17 15:20:00,A018,D030,M_fuel,16.9,NY
T00634,2025-01-17 15:27:00,A063,D120,M_restaurant,31.71,CA
T00520,2025-01-17 15:28:00,A051,D053,M_fuel,3.82,NY
T00122,2025-01-17 15:35:00,A011,D046,M_grocery,23.16,CA
T00329,2025-01-17 15:37:00,A033,D141,M_restaurant,2.79,FL
T01618,2025-01-17 15:55:00,A162,D121,M_online,10.5,TX
T00638,2025-01-17 15:57:00,A064,D109,M_grocery,33.46,FL
T01031,2025-01-17 16:01:00,A102,D017,M_online,6.49,NY
T00951,2025-01-17 16:16:00,A095,D081,M_fuel,47.27,CA
T01247,2025-01-17 16:30:00,A126,D120,M_restaurant,15.55,NY
T01043,2025-01-17 16:38:00,A103,D076,M_restaurant,15.48,CA
T01352,2025-01-17 16:50:00,A135,D115,M_retail,2.93,IL
T01634,2025-01-17 17:08:00,A163,D075,M_grocery,49.16,TX
T00834,2025-01-17 17:18:00,A082,D030,M_retail,21.41,NY
T00728,2025-01-17 17:24:00,A072,D005,M_fuel,21.41,NY
T01059,2025-01-17 17:25:00,A105,D104,M_retail,20.86,CA
T00156,2025-01-17 17:30:00,A014,D099,M_restaurant,23.27,FL
T00538,2025-01-17 17:53:00,A053,D130,M_retail,30.89,NY
T01479,2025-01-17 17:59:00,A147,D011,M_restaurant,6.29,NY
T01086,2025-01-17 18:00:00,A109,D064,M_restaurant,1.97,FL
T00302,2025-01-17 18:03:00,A030,D034,M_restaurant,13.04,TX
T01114,2025-01-17 18:07:00,A112,D069,M_online,38.34,TX
T00659,2025-01-17 18:17:00,A066,D115,M_retail,11.03,FL
T00693,2025-01-17 18:45:00,A069,D013,M_online,13.1,FL
T00080,2025-01-17 19:19:00,A007,D137,M_retail,16.59,IL
T01696,2025-01-17 19:30:00,A171,D071,M_online,8.64,TX
T00192,2025-01-17 19:58:00,A018,D030,M_fuel,13.68,NY
T01738,2025-01-17 20:54:00,A176,D003,M_grocery,23.21,CA
T00818,2025-01-17 21:01:00,A080,D106,M_online,41.86,IL
T00322,2025-01-17 21:11:00,A032,D101,M_restaurant,8.38,CA
T00668,2025-01-17 21:22:00,A066,D115,M_retail,37.61,FL
T00410,2025-01-17 21:31:00,A040,D069,M_online,71.25,CA
T00684,2025-01-17 21:35:00,A068,D027,M_fuel,100.47,TX
T00673,2025-01-17 21:37:00,A067,D079,M_restaurant,19.13,TX
T00457,2025-01-17 21:41:00,A045,D092,M_grocery,12.65,NY
T01408,2025-01-17 21:42:00,A139,D072,M_restaurant,44.68,IL
T00454,2025-01-18 06:11:00,A044,D029,M_restaurant,14.25,IL
T01537,2025-01-18 06:17:00,A154,D085,M_retail,36.71,FL
T00285,2025-01-18 06:25:00,A028,D055,M_grocery,19.66,FL
T00399,2025-01-18 06:26:00,A040,D069,M_fuel,37.6,CA
T01084,2025-01-18 06:29:00,A108,D054,M_restaurant,19.11,IL
T01583,2025-01-18 06:33:00,A159,D059,M_fuel,40.33,TX
T00078,2025-01-18 06:38:00,A007,D137,M_retail,37.02,IL
T00497,2025-01-18 06:50:00,A049,D046,M_restaurant,247.2,IL
T00788,2025-01-18 06:58:00,A077,D039,M_fuel,7.14,FL
T00770,2025-01-18 07:03:00,A076,D102,M_retail,11.29,NY
T00808,2025-01-18 07:04:00,A079,D024,M_restaurant,61.63,FL
T01478,2025-01-18 07:08:00,A147,D011,M_online,9.88,NY
T00236,2025-01-18 07:13:00,A023,D103,M_retail,101.12,NY
T01827,2025-01-18 07:47:00,A185,D025,M_restaurant,8.43,IL
T01188,2025-01-18 07:52:00,A119,D096,M_retail,19.97,NY
T00619,2025-01-18 08:51:00,A061,D067,M_grocery,19.87,IL
T00794,2025-01-18 08:52:00,A078,D111,M_grocery,11.69,CA
T01346,2025-01-18 09:40:00,A135,D115,M_online,5.92,IL
T01941,2025-01-18 09:50:00,A196,D080,M_fuel,34.25,CA
T01790,2025-01-18 10:18:00,A181,D111,M_grocery,13.33,FL
T00553,2025-01-18 10:19:00,A054,D055,M_restaurant,48.97,IL
T00480,2025-01-18 10:29:00,A048,D125,M_restaurant,18.51,TX
T00959,2025-01-18 11:12:00,A096,D105,M_restaurant,13.97,FL
T00625,2025-01-18 11:18:00,A061,D067,M_retail,8.12,IL
T00425,2025-01-18 11:18:00,A042,D068,M_grocery,25.62,TX
T00956,2025-01-18 12:00:00,A095,D081,M_grocery,20.64,CA
T00175,2025-01-18 12:09:00,A016,D050,M_restaurant,9.77,IL
T01245,2025-01-18 12:12:00,A125,D107,M_online,10.37,CA
T00986,2025-01-18 12:12:00,A098,D126,M_online,14.99,CA
T01270,2025-01-18 12:14:00,A128,D146,M_online,8.49,FL
T00172,2025-01-18 12:28:00,A015,D024,M_grocery,11.43,TX
T01224,2025-01-18 12:45:00,A123,D006,M_grocery,18.52,CA
T01242,2025-01-18 12:49:00,A125,D107,M_restaurant,9.22,CA
T00036,2025-01-18 13:00:00,A003,D127,M_grocery,15.1,FL
T00350,2025-01-18 13:34:00,A036,D051,M_online,15.71,IL
T01554,2025-01-18 13:35:00,A156,D080,M_grocery,128.61,IL
T01193,2025-01-18 14:12:00,A119,D096,M_fuel,9.46,NY
T01677,2025-01-18 14:44:00,A168,D133,M_grocery,22.35,TX
T01166,2025-01-18 14:48:00,A117,D053,M_restaurant,8.53,IL
T00126,2025-01-18 15:37:00,A011,D046,M_grocery,10.84,CA
T00010,2025-01-18 15:43:00,A000,D092,M_online,36.26,FL
T00353,2025-01-18 15:59:00,A036,D051,M_online,14.82,IL
T00548,2025-01-18 16:14:00,A054,D055,M_grocery,34.12,IL
T01493,2025-01-18 16:30:00,A149,D018,M_grocery,50.83,TX
T00957,2025-01-18 16:42:00,A095,D081,M_grocery,8.73,CA
T00109,2025-01-18 17:00:00,A009,D100,M_retail,18.67,FL
T00257,2025-01-18 17:19:00,A025,D129,M_restaurant,27.52,IL
T00119,2025-01-18 17:41:00,A010,D102,M_retail,13.16,TX
T00630,2025-01-18 17:42:00,A062,D027,M_online,20.13,FL
T01256,2025-01-18 17:47:00,A127,D099,M_online,20.09,FL
T00498,2025-01-18 17:50:00,A049,D046,M_online,18.44,IL
T01685,2025-01-18 18:03:00,A169,D122,M_restaurant,58.96,CA
T01695,2025-01-18 18:44:00,A171,D071,M_online,12.35,TX
T01539,2025-01-18 18:56:00,A155,D024,M_grocery,23.04,TX
T00337,2025-01-18 18:59:00,A034,D094,M_retail,4.14,NY
T00888,2025-01-18 19:12:00,A088,D120,M_fuel,9.3,FL
T01235,2025-01-18 19:17:00,A124,D015,M_grocery,17.13,CA
T00643,2025-01-18 19:21:00,A064,D109,M_grocery,41.88,FL
T01397,2025-01-18 19:24:00,A138,D069,M_restaurant,16.61,TX
T01076,2025-01-18 20:05:00,A107,D068,M_restaurant,21.94,CA
T01819,2025-01-18 20:11:00,A183,D022,M_grocery,21.45,NY
T00893,2025-01-18 20:11:00,A088,D120,M_grocery,94.45,CA
T01596,2025-01-18 20:36:00,A160,D129,M_grocery,62.63,TX
T00094,2025-01-18 20:40:00,A008,D006,M_grocery,52.47,NY
T00501,2025-01-18 21:21:00,A049,D046,M_restaurant,10.08,IL
T01112,2025-01-18 21:24:00,A111,D100,M_grocery,7.49,FL
T00694,2025-01-18 21:32:00,A069,D013,M_restaurant,4.08,FL
T00744,2025-01-18 21:39:00,A074,D114,M_online,13.81,CA
T00042,2025-01-18 21:45:00,A003,D127,M_restaurant,7.74,FL
T01826,2025-01-18 21:53:00,A185,D025,M_retail,16.97,IL
T00436,2025-01-19 06:05:00,A043,D076,M_restaurant,18.06,TX
T01015,2025-01-19 06:11:00,A101,D118,M_retail,11.43,CA
T01449,2025-01-19 06:27:00,A144,D100,M_fuel,13.59,FL
T00385,2025-01-19 06:45:00,A038,D021,M_retail,21.17,IL
T01969,2025-01-19 07:15:00,A198,D076,M_retail,13.58,TX
T01127,2025-01-19 07:17:00,A113,D038,M_fuel,18.97,IL
T01413,2025-01-19 07:21:00,A140,D044,M_grocery,15.08,NY
T01641,2025-01-19 07:38:00,A163,D075,M_restaurant,80.0,TX
T00881,2025-01-19 08:07:00,A087,D084,M_fuel,2.72,NY
T01679,2025-01-19 08:15:00,A168,D133,M_restaurant,29.38,TX
T00747,2025-01-19 08:23:00,A074,D114,M_fuel,39.77,CA
T00263,2025-01-19 08:28:00,A026,D086,M_grocery,19.87,FL
T01557,2025-01-19 08:35:00,A156,D080,M_grocery,29.22,IL
T00487,2025-01-19 08:41:00,A048,D125,M_retail,29.98,TX
T00573,2025-01-19 08:44:00,A057,D098,M_fuel,78.39,IL
T00268,2025-01-19 08:57:00,A026,D086,M_online,11.73,FL
T01532,2025-01-19 09:19:00,A154,D085,M_grocery,25.39,FL
T01759,2025-01-19 09:21:00,A178,D097,M_fuel,9.74,IL
T00135,2025-01-19 09:32:00,A012,D078,M_online,9.01,NY
T00152,2025-01-19 09:35:00,A013,D085,M_restaurant,8.61,NY
T01150,2025-01-19 09:42:00,A115,D071,M_retail,9.33,TX
T01698,2025-01-19 09:50:00,A171,D071,M_restaurant,4.52,TX
T01358,2025-01-19 09:59:00,A135,D115,M_online,1.98,IL
T01502,2025-01-19 10:03:00,A149,D018,M_online,47.75,IL
T01212,2025-01-19 10:12:00,A122,D001,M_grocery,24.19,TX
T01683,2025-01-19 10:15:00,A169,D122,M_retail,18.59,CA
T00785,2025-01-19 10:31:00,A077,D039,M_restaurant,11.12,FL
T01360,2025-01-19 10:38:00,A136,D105,M_retail,21.38,CA
T00925,2025-01-19 10:54:00,A092,D051,M_fuel,27.57,NY
T00379,2025-01-19 10:57:00,A038,D021,M_retail,53.39,IL
T00604,2025-01-19 11:04:00,A060,D132,M_grocery,60.93,FL
T00046,2025-01-19 11:07:00,A003,D127,M_fuel,56.84,FL
T00737,2025-01-19 11:07:00,A074,D114,M_restaurant,10.44,CA
T00656,2025-01-19 11:40:00,A065,D048,M_retail,26.23,CA
T01599,2025-01-19 12:22:00,A160,D129,M_online,9.82,TX
T01320,2025-01-19 12:37:00,A132,D061,M_retail,41.53,TX
T01960,2025-01-19 13:03:00,A198,D076,M_restaurant,7.03,TX
T00159,2025-01-19 13:14:00,A014,D099,M_grocery,8.34,FL
T01454,2025-01-19 13:25:00,A145,D012,M_fuel,20.2,IL
T00147,2025-01-19 13:41:00,A012,D078,M_retail,10.89,NY
T01339,2025-01-19 13:47:00,A134,D120,M_restaurant,3.12,IL
T00964,2025-01-19 13:50:00,A096,D105,M_restaurant,10.74,FL
T00844,2025-01-19 13:51:00,A083,D107,M_fuel,19.24,TX
T01573,2025-01-19 14:12:00,A157,D106,M_retail,22.51,TX
T01893,2025-01-19 14:37:00,A191,D136,M_online,96.93,NY
T01766,2025-01-19 14:48:00,A179,D100,M_fuel,10.32,TX
T00035,2025-01-19 15:02:00,A002,D001,M_online,40.4,NY
T01259,2025-01-19 15:08:00,A127,D099,M_fuel,11.65,FL
T01522,2025-01-19 15:08:00,A152,D068,M_fuel,53.6,IL
T00488,2025-01-19 15:48:00,A048,D125,M_online,33.38,TX
T00450,2025-01-19 15:51:00,A044,D029,M_retail,53.38,IL
T01842,2025-01-19 16:07:00,A186,D041,M_fuel,6.8,TX
T01674,2025-01-19 16:11:00,A168,D133,M_fuel,20.4,TX
T00466,2025-01-19 16:12:00,A047,D142,M_restaurant,23.7,CA
T01654,2025-01-19 16:20:00,A165,D062,M_restaurant,10.88,NY
T00738,2025-01-19 16:23:00,A074,D114,M_fuel,30.09,TX
T01874,2025-01-19 16:47:00,A188,D069,M_fuel,8.97,TX
T00415,2025-01-19 16:55:00,A041,D142,M_online,12.75,FL
T01018,2025-01-19 16:56:00,A101,D118,M_grocery,5.65,TX
T01758,2025-01-19 17:16:00,A178,D097,M_retail,72.43,NY
T01702,2025-01-19 17:46:00,A172,D128,M_restaurant,27.08,TX
T01803,2025-01-19 17:47:00,A182,D018,M_restaurant,54.71,IL
T00802,2025-01-19 18:41:00,A078,D111,M_retail,12.36,CA
T00088,2025-01-19 18:43:00,A008,D006,M_restaurant,10.66,NY
T01066,2025-01-19 18:43:00,A106,D085,M_online,17.17,NY
T00649,2025-01-19 18:53:00,A064,D109,M_retail,7.12,FL
T00438,2025-01-19 19:13:00,A043,D076,M_grocery,16.82,TX
T00935,2025-01-19 19:33:00,A093,D081,M_retail,35.68,TX
T01459,2025-01-19 20:07:00,A145,D012,M_restaurant,22.16,IL
T00429,2025-01-19 20:17:00,A042,D068,M_grocery,17.55,TX
T00338,2025-01-19 20:50:00,A035,D129,M_fuel,11.58,TX
T00811,2025-01-19 20:52:00,A079,D024,M_restaurant,24.02,FL
T00984,2025-01-19 21:11:00,A097,D015,M_grocery,72.6,IL
T00658,2025-01-19 21:47:00,A065,D048,M_online,31.74,CA
T00252,2025-01-20 06:09:00,A025,D129,M_fuel,23.73,IL
T00666,2025-01-20 06:34:00,A066,D115,M_online,11.29,FL
T00028,2025-01-20 06:48:00,A001,D032,M_online,19.79,TX
T00272,2025-01-20 07:38:00,A026,D086,M_restaurant,9.98,FL
T01305,2025-01-20 07:48:00,A131,D111,M_online,36.94,FL
T01755,2025-01-20 08:07:00,A178,D097,M_restaurant,18.72,NY
T01302,2025-01-20 08:13:00,A131,D111,M_fuel,5.12,FL
T00595,2025-01-20 08:39:00,A059,D072,M_grocery,18.97,NY
T01824,2025-01-20 08:41:00,A184,D069,M_fuel,9.18,CA
T01029,2025-01-20 08:50:00,A102,D017,M_fuel,10.24,NY
T00725,2025-01-20 09:12:00,A072,D005,M_online,27.12,NY
T01517,2025-01-20 09:33:00,A152,D068,M_grocery,8.34,IL
T00304,2025-01-20 09:53:00,A030,D034,M_grocery,29.42,TX
T00568,2025-01-20 10:29:00,A056,D120,M_grocery,5.14,IL
T00950,2025-01-20 10:52:00,A095,D081,M_retail,29.89,CA
T00163,2025-01-20 11:52:00,A015,D024,M_grocery,21.46,TX
T00724,2025-01-20 12:21:00,A072,D005,M_retail,25.46,NY
T01682,2025-01-20 12:24:00,A169,D122,M_grocery,11.33,CA
T01976,2025-01-20 12:34:00,A199,D130,M_grocery,8.9,NY
T01660,2025-01-20 12:55:00,A165,D062,M_retail,3.83,TX
T01401,2025-01-20 13:03:00,A138,D069,M_online,67.94,TX
T00071,2025-01-20 13:11:00,A006,D032,M_online,42.14,FL
T00456,2025-01-20 13:48:00,A045,D092,M_grocery,47.83,NY
T00563,2025-01-20 13:49:00,A055,D002,M_online,16.84,IL
T00040,2025-01-20 13:53:00,A003,D127,M_online,24.07,FL
T00543,2025-01-20 14:11:00,A053,D130,M_retail,69.35,TX
T00161,2025-01-20 14:25:00,A014,D099,M_fuel,24.46,FL
T00812,2025-01-20 15:01:00,A079,D024,M_grocery,119.2,FL
T00058,2025-01-20 15:05:00,A005,D012,M_restaurant,21.15,CA
T00179,2025-01-20 15:21:00,A017,D052,M_grocery,11.75,NY
T01513,2025-01-20 15:23:00,A151,D021,M_restaurant,35.28,IL
T01622,2025-01-20 15:28:00,A162,D121,M_restaurant,52.29,TX
T00857,2025-01-20 15:37:00,A085,D063,M_grocery,6.79,IL
T01461,2025-01-20 15:38:00,A145,D012,M_grocery,6.08,IL
T01774,2025-01-20 15:42:00,A180,D034,M_grocery,40.95,FL
T01168,2025-01-20 15:47:00,A117,D053,M_retail,39.72,IL
T00217,2025-01-20 15:48:00,A021,D008,M_fuel,52.21,NY
T01777,2025-01-20 15:52:00,A180,D034,M_restaurant,13.22,FL
T01291,2025-01-20 16:32:00,A130,D051,M_fuel,9.56,FL
T00090,2025-01-20 17:07:00,A008,D006,M_grocery,39.34,NY
T01216,2025-01-20 17:12:00,A122,D001,M_grocery,32.06,TX
T01078,2025-01-20 17:44:00,A108,D054,M_restaurant,10.58,IL
T00926,2025-01-20 17:54:00,A092,D051,M_fuel,18.92,NY
T00917,2025-01-20 18:08:00,A091,D146,M_online,9.64,CA
T01717,2025-01-20 18:39:00,A174,D121,M_retail,37.4,IL
T01597,2025-01-20 18:53:00,A160,D129,M_retail,20.36,TX
T00246,2025-01-20 19:14:00,A024,D124,M_grocery,6.42,FL
T01223,2025-01-20 19:18:00,A123,D006,M_retail,33.4,CA
T00435,2025-01-20 19:35:00,A042,D068,M_grocery,63.76,TX
T00695,2025-01-20 19:37:00,A069,D013,M_fuel,3.9,FL
T01931,2025-01-20 19:41:00,A195,D118,M_retail,7.17,IL
T01002,2025-01-20 20:02:00,A099,D107,M_retail,72.07,TX
T00882,2025-01-20 20:03:00,A087,D084,M_retail,46.73,TX
T01396,2025-01-20 20:13:00,A138,D069,M_fuel,23.32,TX
T01342,2025-01-20 20:32:00,A134,D120,M_grocery,6.57,IL
T00344,2025-01-20 20:34:00,A035,D129,M_online,7.0,TX
T00806,2025-01-20 20:35:00,A079,D024,M_restaurant,6.21,FL
T01240,2025-01-20 20:51:00,A125,D107,M_fuel,3.88,CA
T01691,2025-01-20 21:05:00,A170,D113,M_online,24.44,NY
T01380,2025-01-20 21:08:00,A137,D147,M_grocery,28.37,IL
T00953,2025-01-20 21:15:00,A095,D081,M_retail,20.43,CA
T01645,2025-01-20 21:21:00,A164,D111,M_retail,165.91,FL
T00516,2025-01-20 21:49:00,A051,D053,M_online,10.87,FL
T01982,2025-01-21 00:00:00,A17,D05,M09,9012.04,RU
T01988,2025-01-21 01:00:00,A23,D05,M09,6400.06,RU
T01994,2025-01-21 02:00:00,A41,D05,M09,9376.48,RU
T02000,2025-01-21 03:00:00,A58,D05,M09,10441.12,RU
T01983,2025-01-21 03:00:00,A17,D05,M09,11480.26,RU
T01989,2025-01-21 04:00:00,A23,D05,M09,5915.9,RU
T02006,2025-01-21 04:00:00,A72,D05,M09,7471.03,RU
T01995,2025-01-21 05:00:00,A41,D05,M09,11904.68,RU
T02001,2025-01-21 06:00:00,A58,D05,M09,11699.75,RU
T01984,2025-01-21 06:00:00,A17,D05,M09,9517.42,RU
T01158,2025-01-21 06:15:00,A117,D053,M_restaurant,29.98,IL
T00311,2025-01-21 06:21:00,A030,D034,M_online,48.16,TX
T01687,2025-01-21 06:30:00,A170,D113,M_fuel,6.98,FL
T00063,2025-01-21 06:57:00,A005,D012,M_fuel,40.15,CA
T02007,2025-01-21 07:00:00,A72,D05,M09,9454.61,RU
T01990,2025-01-21 07:00:00,A23,D05,M09,9730.68,RU
T01405,2025-01-21 07:09:00,A139,D072,M_retail,16.2,IL
T00326,2025-01-21 07:26:00,A033,D141,M_grocery,10.19,FL
T01830,2025-01-21 07:31:00,A185,D025,M_restaurant,13.17,IL
T01736,2025-01-21 07:43:00,A176,D003,M_online,13.16,CA
T01386,2025-01-21 07:56:00,A137,D147,M_fuel,15.12,IL
T01996,2025-01-21 08:00:00,A41,D05,M09,8735.13,RU
T01650,2025-01-21 08:33:00,A165,D062,M_grocery,3.12,TX
T01985,2025-01-21 09:00:00,A17,D05,M09,7903.15,RU
T02002,2025-01-21 09:00:00,A58,D05,M09,9877.57,RU
T00362,2025-01-21 09:11:00,A037,D080,M_fuel,64.36,FL
T01063,2025-01-21 09:14:00,A106,D085,M_retail,13.71,NY
T01500,2025-01-21 09:17:00,A149,D018,M_restaurant,9.85,IL
T00001,2025-01-21 09:39:00,A000,D092,M_retail,9.55,FL
T01903,2025-01-21 09:52:00,A192,D112,M_online,13.53,TX
T02008,2025-01-21 10:00:00,A72,D05,M09,10258.91,RU
T01991,2025-01-21 10:00:00,A23,D05,M09,8919.18,RU
T00348,2025-01-21 10:17:00,A035,D129,M_grocery,22.1,FL
T00083,2025-01-21 10:34:00,A007,D137,M_online,47.1,IL
T01818,2025-01-21 10:44:00,A183,D022,M_retail,12.49,NY
T01630,2025-01-21 10:55:00,A163,D075,M_grocery,13.34,TX
T01997,2025-01-21 11:00:00,A41,D05,M09,5791.74,RU
T01888,2025-01-21 11:01:00,A190,D062,M_restaurant,29.26,TX
T01837,2025-01-21 11:09:00,A185,D025,M_retail,18.55,IL
T00493,2025-01-21 11:10:00,A049,D046,M_retail,70.07,IL
T01021,2025-01-21 11:20:00,A101,D118,M_online,94.25,TX
T00346,2025-01-21 11:37:00,A035,D129,M_fuel,9.07,TX
T01082,2025-01-21 11:58:00,A108,D054,M_online,13.28,IL
T01986,2025-01-21 12:00:00,A17,D05,M09,11512.46,RU
T02003,2025-01-21 12:00:00,A58,D05,M09,9172.21,RU
T01525,2025-01-21 12:19:00,A152,D068,M_retail,1.73,IL
T00261,2025-01-21 12:31:00,A026,D086,M_fuel,27.12,FL
T01949,2025-01-21 12:55:00,A197,D005,M_retail,31.49,CA
T01194,2025-01-21 12:58:00,A119,D096,M_fuel,15.51,FL
T01992,2025-01-21 13:00:00,A23,D05,M09,10527.72,RU
T02009,2025-01-21 13:00:00,A72,D05,M09,9749.62,RU
T01725,2025-01-21 13:24:00,A175,D003,M_retail,18.24,TX
T01669,2025-01-21 13:30:00,A167,D123,M_online,10.45,TX
T01848,2025-01-21 13:37:00,A186,D041,M_grocery,12.41,TX
T00761,2025-01-21 13:46:00,A076,D102,M_online,5.93,NY
T01998,2025-01-21 14:00:00,A41,D05,M09,10797.91,RU
T00884,2025-01-21 14:06:00,A087,D084,M_grocery,21.02,CA
T00160,2025-01-21 14:09:00,A014,D099,M_retail,9.66,FL
T01335,2025-01-21 14:22:00,A134,D120,M_restaurant,41.51,IL
T02004,2025-01-21 15:00:00,A58,D05,M09,8222.7,RU
T01987,2025-01-21 15:00:00,A17,D05,M09,10494.18,RU
T00349,2025-01-21 15:03:00,A036,D051,M_online,9.22,IL
T00815,2025-01-21 15:06:00,A080,D106,M_online,8.28,IL
T00295,2025-01-21 15:07:00,A029,D062,M_online,73.43,CA
T01503,2025-01-21 15:30:00,A150,D128,M_grocery,7.34,CA
T01244,2025-01-21 15:42:00,A125,D107,M_retail,13.73,CA
T00158,2025-01-21 15:45:00,A014,D099,M_grocery,7.48,FL
T01993,2025-01-21 16:00:00,A23,D05,M09,10171.64,RU
T02010,2025-01-21 16:00:00,A72,D05,M09,6388.87,RU
T01665,2025-01-21 16:04:00,A166,D025,M_fuel,15.46,FL
T00280,2025-01-21 16:04:00,A028,D055,M_restaurant,41.81,FL
T01980,2025-01-21 16:07:00,A199,D130,M_grocery,21.55,NY
T00570,2025-01-21 16:17:00,A056,D120,M_fuel,29.66,IL
T01549,2025-01-21 16:21:00,A155,D024,M_restaurant,22.71,TX
T01121,2025-01-21 16:37:00,A112,D069,M_online,14.53,TX
T01999,2025-01-21 17:00:00,A41,D05,M09,6762.97,RU
T01615,2025-01-21 17:10:00,A162,D121,M_grocery,10.59,TX
T00031,2025-01-21 17:25:00,A002,D001,M_online,47.12,NY
T01952,2025-01-21 17:38:00,A197,D005,M_fuel,11.82,CA
T00059,2025-01-21 17:43:00,A005,D012,M_online,8.48,CA
T00536,2025-01-21 17:46:00,A052,D144,M_retail,5.93,TX
T00209,2025-01-21 17:56:00,A019,D043,M_online,62.02,IL
T02005,2025-01-21 18:00:00,A58,D05,M09,7550.87,RU
T01690,2025-01-21 18:05:00,A170,D113,M_grocery,15.95,NY
T00685,2025-01-21 18:09:00,A068,D027,M_online,45.56,NY
T00296,2025-01-21 18:25:00,A029,D062,M_retail,63.84,CA
T00780,2025-01-21 18:38:00,A077,D039,M_restaurant,25.58,FL
T02011,2025-01-21 19:00:00,A72,D05,M09,8457.91,RU
T01330,2025-01-21 19:15:00,A133,D106,M_online,34.24,IL
T00730,2025-01-21 19:20:00,A073,D095,M_restaurant,37.14,NY
T00470,2025-01-21 19:48:00,A047,D142,M_grocery,39.82,TX
T01040,2025-01-21 19:49:00,A103,D076,M_online,7.76,CA
T00292,2025-01-21 20:00:00,A029,D062,M_retail,40.44,CA
T01064,2025-01-21 20:16:00,A106,D085,M_retail,52.21,NY
T00446,2025-01-21 20:20:00,A044,D029,M_retail,9.57,FL
T00269,2025-01-21 20:32:00,A026,D086,M_online,3.23,FL
T00615,2025-01-21 20:58:00,A060,D132,M_retail,8.97,TX
T01447,2025-01-21 21:30:00,A144,D100,M_grocery,51.58,FL
T01391,2025-01-21 21:53:00,A138,D069,M_restaurant,5.56,TX
T01135,2025-01-21 21:55:00,A114,D071,M_fuel,6.82,CA
T00786,2025-01-22 06:19:00,A077,D039,M_restaurant,65.9,FL
T00235,2025-01-22 06:21:00,A023,D103,M_restaurant,43.88,NY
T01574,2025-01-22 06:28:00,A157,D106,M_fuel,36.66,TX
T00537,2025-01-22 06:35:00,A052,D144,M_restaurant,8.11,TX
T01157,2025-01-22 07:20:00,A116,D038,M_online,7.32,TX
T00190,2025-01-22 07:54:00,A018,D030,M_retail,4.93,NY
T01825,2025-01-22 08:08:00,A185,D025,M_retail,22.89,CA
T00300,2025-01-22 08:33:00,A029,D062,M_online,10.01,CA
T00842,2025-01-22 08:37:00,A083,D107,M_retail,49.39,TX
T01375,2025-01-22 09:00:00,A137,D147,M_retail,23.53,IL
T00928,2025-01-22 09:04:00,A093,D081,M_restaurant,20.26,TX
T00852,2025-01-22 09:10:00,A084,D102,M_fuel,34.58,TX
T01199,2025-01-22 09:10:00,A120,D066,M_retail,13.9,TX
T01565,2025-01-22 09:10:00,A157,D106,M_fuel,12.06,CA
T00585,2025-01-22 09:38:00,A057,D098,M_retail,16.42,IL
T01603,2025-01-22 09:54:00,A161,D092,M_online,9.41,NY
T00586,2025-01-22 10:07:00,A057,D098,M_restaurant,66.55,IL
T00628,2025-01-22 10:08:00,A062,D027,M_retail,44.68,TX
T01584,2025-01-22 10:34:00,A159,D059,M_restaurant,16.31,TX
T00640,2025-01-22 10:41:00,A064,D109,M_online,28.11,FL
T00215,2025-01-22 10:50:00,A020,D067,M_fuel,15.41,CA
T01636,2025-01-22 11:12:00,A163,D075,M_retail,20.56,TX
T01911,2025-01-22 11:15:00,A193,D117,M_online,23.68,FL
T00764,2025-01-22 11:34:00,A076,D102,M_grocery,8.48,NY
T01935,2025-01-22 11:41:00,A195,D118,M_grocery,8.93,IL
T00182,2025-01-22 11:42:00,A017,D052,M_fuel,7.17,NY
T01712,2025-01-22 12:13:00,A173,D126,M_retail,40.1,NY
T00381,2025-01-22 13:38:00,A038,D021,M_online,9.97,FL
T01627,2025-01-22 14:18:00,A163,D075,M_online,32.93,TX
T01075,2025-01-22 14:27:00,A107,D068,M_retail,31.72,CA
T01174,2025-01-22 14:43:00,A118,D029,M_online,11.62,CA
T00861,2025-01-22 15:03:00,A085,D063,M_fuel,14.38,IL
T01828,2025-01-22 15:20:00,A185,D025,M_online,11.68,IL
T01700,2025-01-22 15:54:00,A171,D071,M_fuel,46.25,TX
T00793,2025-01-22 16:10:00,A078,D111,M_restaurant,36.3,CA
T00328,2025-01-22 16:14:00,A033,D141,M_retail,20.51,FL
T01865,2025-01-22 16:18:00,A188,D069,M_restaurant,24.26,TX
T00157,2025-01-22 16:22:00,A014,D099,M_retail,21.76,FL
T00103,2025-01-22 16:26:00,A009,D100,M_grocery,59.33,FL
T01037,2025-01-22 17:01:00,A103,D076,M_fuel,27.65,CA
T00306,2025-01-22 17:08:00,A030,D034,M_fuel,13.87,TX
T01412,2025-01-22 17:10:00,A140,D044,M_grocery,9.78,NY
T00449,2025-01-22 17:45:00,A044,D029,M_grocery,24.36,IL
T01281,2025-01-22 18:10:00,A130,D051,M_fuel,29.67,FL
T01716,2025-01-22 18:12:00,A173,D126,M_online,42.47,NY
T01035,2025-01-22 18:18:00,A102,D017,M_fuel,23.09,NY
T01748,2025-01-22 18:32:00,A177,D073,M_retail,40.94,NY
T00680,2025-01-22 18:37:00,A068,D027,M_online,50.86,FL
T01864,2025-01-22 18:43:00,A188,D069,M_online,5.08,TX
T00065,2025-01-22 18:54:00,A005,D012,M_restaurant,75.27,CA
T01782,2025-01-22 19:04:00,A181,D111,M_fuel,16.44,FL
T01361,2025-01-22 19:07:00,A136,D105,M_fuel,13.64,NY
T01971,2025-01-22 19:12:00,A199,D130,M_online,44.62,NY
T01304,2025-01-22 19:22:00,A131,D111,M_grocery,9.56,FL
T01829,2025-01-22 19:39:00,A185,D025,M_grocery,15.36,IL
T00944,2025-01-22 19:49:00,A094,D060,M_fuel,6.63,TX
T00660,2025-01-22 20:19:00,A066,D115,M_restaurant,19.04,FL
T01299,2025-01-22 20:42:00,A131,D111,M_grocery,5.79,FL
T00121,2025-01-22 20:55:00,A011,D046,M_retail,7.94,CA
T01482,2025-01-22 21:29:00,A147,D011,M_grocery,23.67,NY
T00050,2025-01-23 06:02:00,A004,D060,M_grocery,48.28,NY
T01812,2025-01-23 06:03:00,A183,D022,M_grocery,6.12,NY
T01891,2025-01-23 06:25:00,A191,D136,M_grocery,10.62,CA
T01231,2025-01-23 06:36:00,A124,D015,M_fuel,18.66,CA
T01006,2025-01-23 06:47:00,A099,D107,M_online,92.41,TX
T00310,2025-01-23 07:04:00,A030,D034,M_restaurant,18.84,TX
T01631,2025-01-23 07:10:00,A163,D075,M_fuel,31.54,TX
T00340,2025-01-23 08:08:00,A035,D129,M_grocery,11.39,TX
T01606,2025-01-23 08:12:00,A161,D092,M_fuel,7.9,NY
T01511,2025-01-23 08:37:00,A151,D021,M_grocery,14.81,NY
T01433,2025-01-23 09:13:00,A142,D143,M_retail,20.32,CA
T00958,2025-01-23 09:59:00,A096,D105,M_fuel,18.45,FL
T00183,2025-01-23 10:10:00,A017,D052,M_retail,21.77,NY
T01221,2025-01-23 10:13:00,A123,D006,M_grocery,10.25,CA
T00919,2025-01-23 10:19:00,A092,D051,M_fuel,7.63,NY
T00422,2025-01-23 10:20:00,A041,D142,M_fuel,7.76,FL
T01642,2025-01-23 10:20:00,A164,D111,M_grocery,19.47,NY
T00878,2025-01-23 10:41:00,A087,D084,M_restaurant,35.03,NY
T00198,2025-01-23 10:53:00,A019,D043,M_grocery,24.87,IL
T01062,2025-01-23 10:55:00,A106,D085,M_online,30.61,NY
T00934,2025-01-23 11:28:00,A093,D081,M_grocery,8.07,TX
T01548,2025-01-23 11:35:00,A155,D024,M_online,11.34,TX
T01497,2025-01-23 11:53:00,A149,D018,M_restaurant,14.35,IL
T01898,2025-01-23 12:00:00,A191,D136,M_online,22.96,NY
T00713,2025-01-23 12:12:00,A071,D056,M_grocery,38.27,CA
T01546,2025-01-23 12:29:00,A155,D024,M_retail,4.17,TX
T00515,2025-01-23 12:31:00,A050,D029,M_fuel,32.04,TX
T00924,2025-01-23 12:39:00,A092,D051,M_retail,17.4,NY
T01421,2025-01-23 12:58:00,A140,D044,M_grocery,8.08,NY
T00474,2025-01-23 13:10:00,A047,D142,M_fuel,16.15,TX
T00102,2025-01-23 13:32:00,A009,D100,M_fuel,5.1,FL
T01807,2025-01-23 13:44:00,A183,D022,M_retail,11.37,NY
T00283,2025-01-23 13:49:00,A028,D055,M_retail,33.63,FL
T01801,2025-01-23 13:55:00,A182,D018,M_fuel,8.16,IL
T00833,2025-01-23 13:58:00,A081,D028,M_restaurant,15.62,CA
T00507,2025-01-23 14:33:00,A050,D029,M_restaurant,25.8,FL
T01374,2025-01-23 14:33:00,A137,D147,M_grocery,55.7,IL
T00079,2025-01-23 14:34:00,A007,D137,M_grocery,8.26,IL
T00039,2025-01-23 14:40:00,A003,D127,M_restaurant,22.69,FL
T00940,2025-01-23 14:58:00,A093,D081,M_retail,7.55,TX
T00327,2025-01-23 15:03:00,A033,D141,M_restaurant,5.58,FL
T00068,2025-01-23 15:09:00,A006,D032,M_online,18.12,FL
T00968,2025-01-23 15:16:00,A096,D105,M_grocery,9.14,FL
T00524,2025-01-23 15:28:00,A052,D144,M_restaurant,29.06,TX
T01142,2025-01-23 15:41:00,A115,D071,M_retail,26.01,TX
T00868,2025-01-23 15:44:00,A086,D089,M_online,18.52,CA
T00894,2025-01-23 16:18:00,A088,D120,M_retail,21.97,NY
T00032,2025-01-23 16:55:00,A002,D001,M_retail,61.82,NY
T00688,2025-01-23 17:04:00,A068,D027,M_retail,49.14,NY
T01381,2025-01-23 17:09:00,A137,D147,M_fuel,36.3,IL
T00369,2025-01-23 17:31:00,A037,D080,M_restaurant,72.19,FL
T01051,2025-01-23 17:33:00,A104,D055,M_restaurant,14.91,FL
T00966,2025-01-23 17:34:00,A096,D105,M_retail,3.82,FL
T01916,2025-01-23 17:37:00,A193,D117,M_retail,12.85,FL
T01653,2025-01-23 17:56:00,A165,D062,M_grocery,11.25,TX
T01710,2025-01-23 18:08:00,A173,D126,M_grocery,28.74,NY
T01499,2025-01-23 18:11:00,A149,D018,M_restaurant,89.36,IL
T01531,2025-01-23 18:11:00,A153,D069,M_grocery,54.98,CA
T00853,2025-01-23 18:22:00,A084,D102,M_restaurant,18.0,TX
T00991,2025-01-23 18:23:00,A098,D126,M_fuel,75.41,NY
T00239,2025-01-23 18:28:00,A024,D124,M_fuel,17.42,FL
T00642,2025-01-23 18:31:00,A064,D109,M_retail,43.84,FL
T00980,2025-01-23 18:33:00,A097,D015,M_grocery,51.7,IL
T00955,2025-01-23 18:37:00,A095,D081,M_grocery,34.59,CA
T01343,2025-01-23 18:40:00,A134,D120,M_fuel,52.57,IL
T01605,2025-01-23 18:59:00,A161,D092,M_grocery,13.79,NY
T00662,2025-01-23 19:03:00,A066,D115,M_online,18.09,FL
T01742,2025-01-23 19:09:00,A176,D003,M_grocery,76.88,CA
T01191,2025-01-23 19:28:00,A119,D096,M_fuel,19.54,NY
T00125,2025-01-23 19:42:00,A011,D046,M_retail,10.72,CA
T01023,2025-01-23 19:57:00,A101,D118,M_fuel,15.55,TX
T01871,2025-01-23 20:46:00,A188,D069,M_restaurant,50.82,TX
T00433,2025-01-23 21:02:00,A042,D068,M_grocery,13.74,TX
T00419,2025-01-23 21:07:00,A041,D142,M_online,23.25,FL
T00430,2025-01-23 21:21:00,A042,D068,M_online,27.74,TX
T00321,2025-01-23 21:41:00,A032,D101,M_online,35.01,NY
T01462,2025-01-23 21:44:00,A145,D012,M_grocery,51.59,IL
T00303,2025-01-24 06:41:00,A030,D034,M_online,30.29,TX
T01215,2025-01-24 07:19:00,A122,D001,M_fuel,27.7,TX
T00266,2025-01-24 07:48:00,A026,D086,M_grocery,77.26,FL
T00197,2025-01-24 08:07:00,A019,D043,M_grocery,6.9,IL
T00225,2025-01-24 08:15:00,A022,D061,M_grocery,33.46,IL
T01568,2025-01-24 08:31:00,A157,D106,M_fuel,30.8,TX
T00167,2025-01-24 08:31:00,A015,D024,M_grocery,4.35,TX
T01349,2025-01-24 09:11:00,A135,D115,M_fuel,25.31,IL
T00606,2025-01-24 09:28:00,A060,D132,M_fuel,27.77,TX
T01881,2025-01-24 10:31:00,A189,D131,M_fuel,7.48,NY
T00115,2025-01-24 10:33:00,A010,D102,M_fuel,19.21,TX
T00017,2025-01-24 10:34:00,A001,D032,M_restaurant,14.46,TX
T01321,2025-01-24 11:25:00,A132,D061,M_restaurant,22.17,TX
T00554,2025-01-24 11:32:00,A054,D055,M_restaurant,11.48,IL
T00827,2025-01-24 11:35:00,A081,D028,M_retail,37.25,CA
T01022,2025-01-24 12:06:00,A101,D118,M_fuel,3.81,TX
T00690,2025-01-24 12:10:00,A069,D013,M_retail,22.78,FL
T00746,2025-01-24 12:13:00,A074,D114,M_fuel,7.02,CA
T01901,2025-01-24 12:47:00,A192,D112,M_restaurant,40.56,TX
T01294,2025-01-24 13:07:00,A131,D111,M_retail,46.22,FL
T00946,2025-01-24 13:31:00,A094,D060,M_online,28.2,IL
T00647,2025-01-24 13:42:00,A064,D109,M_grocery,10.68,FL
T00988,2025-01-24 13:45:00,A098,D126,M_grocery,31.58,CA
T00251,2025-01-24 14:16:00,A025,D129,M_online,12.72,IL
T00352,2025-01-24 14:40:00,A036,D051,M_online,17.15,IL
T00637,2025-01-24 14:44:00,A063,D120,M_retail,22.75,CA
T00923,2025-01-24 14:51:00,A092,D051,M_online,36.87,NY
T00651,2025-01-24 15:16:00,A064,D109,M_retail,10.68,FL
T00400,2025-01-24 16:19:00,A040,D069,M_retail,18.4,CA
T00603,2025-01-24 16:32:00,A060,D132,M_grocery,42.88,TX
T01787,2025-01-24 16:37:00,A181,D111,M_retail,22.22,FL
T00131,2025-01-24 16:44:00,A011,D046,M_grocery,92.53,CA
T01938,2025-01-24 16:53:00,A195,D118,M_retail,8.43,IL
T01488,2025-01-24 17:00:00,A148,D074,M_restaurant,19.03,NY
T01038,2025-01-24 17:15:00,A103,D076,M_grocery,43.36,FL
T00355,2025-01-24 18:18:00,A036,D051,M_online,22.98,IL
T01657,2025-01-24 18:28:00,A165,D062,M_restaurant,8.99,TX
T00572,2025-01-24 18:40:00,A056,D120,M_retail,29.77,IL
T00219,2025-01-24 18:46:00,A021,D008,M_retail,33.33,FL
T00626,2025-01-24 19:02:00,A061,D067,M_grocery,43.91,IL
T01407,2025-01-24 19:12:00,A139,D072,M_fuel,14.63,IL
T01821,2025-01-24 19:16:00,A184,D069,M_grocery,13.87,NY
T00384,2025-01-24 19:23:00,A038,D021,M_fuel,15.72,IL
T00101,2025-01-24 19:49:00,A009,D100,M_retail,86.94,FL
T00997,2025-01-24 20:02:00,A099,D107,M_fuel,4.95,TX
T01147,2025-01-24 20:09:00,A115,D071,M_online,12.1,TX
T01460,2025-01-24 20:25:00,A145,D012,M_grocery,12.79,IL
T01619,2025-01-24 20:26:00,A162,D121,M_grocery,39.87,FL
T00281,2025-01-24 20:42:00,A028,D055,M_online,26.5,FL
T01476,2025-01-24 21:05:00,A147,D011,M_grocery,48.21,NY
T00044,2025-01-24 21:07:00,A003,D127,M_grocery,28.06,FL
T01463,2025-01-25 06:51:00,A145,D012,M_retail,99.7,NY
T01390,2025-01-25 07:01:00,A138,D069,M_online,13.54,TX
T00886,2025-01-25 07:11:00,A087,D084,M_online,20.94,NY
T00309,2025-01-25 07:18:00,A030,D034,M_grocery,41.01,TX
T00823,2025-01-25 07:47:00,A080,D106,M_fuel,19.73,FL
T01458,2025-01-25 07:53:00,A145,D012,M_restaurant,8.44,IL
T01061,2025-01-25 07:54:00,A106,D085,M_online,17.75,NY
T00228,2025-01-25 08:30:00,A022,D061,M_fuel,13.02,IL
T01289,2025-01-25 08:34:00,A130,D051,M_restaurant,136.39,FL
T00005,2025-01-25 08:36:00,A000,D092,M_retail,19.54,FL
T01746,2025-01-25 08:50:00,A177,D073,M_online,5.93,NY
T01594,2025-01-25 09:05:00,A160,D129,M_fuel,44.13,TX
T01770,2025-01-25 09:35:00,A180,D034,M_restaurant,23.19,FL
T00821,2025-01-25 09:49:00,A080,D106,M_fuel,32.7,NY
T01838,2025-01-25 09:59:00,A185,D025,M_online,22.28,IL
T00978,2025-01-25 10:01:00,A097,D015,M_grocery,134.85,IL
T01887,2025-01-25 10:04:00,A190,D062,M_online,13.8,TX
T00600,2025-01-25 10:07:00,A059,D072,M_restaurant,6.85,NY
T01974,2025-01-25 10:08:00,A199,D130,M_online,55.04,NY
T01222,2025-01-25 10:16:00,A123,D006,M_restaurant,20.91,CA
T01254,2025-01-25 10:33:00,A127,D099,M_online,13.85,FL
T00655,2025-01-25 11:15:00,A065,D048,M_online,22.32,CA
T00370,2025-01-25 11:27:00,A037,D080,M_fuel,27.65,CA
T01904,2025-01-25 11:56:00,A192,D112,M_fuel,33.29,NY
T00014,2025-01-25 12:08:00,A000,D092,M_online,33.42,FL
T01102,2025-01-25 13:12:00,A111,D100,M_retail,61.3,FL
T00092,2025-01-25 13:32:00,A008,D006,M_fuel,24.03,NY
T01944,2025-01-25 13:38:00,A196,D080,M_restaurant,63.92,CA
T01733,2025-01-25 13:51:00,A175,D003,M_retail,18.82,TX
T00491,2025-01-25 13:57:00,A048,D125,M_retail,41.25,TX
T01336,2025-01-25 14:33:00,A134,D120,M_restaurant,12.1,IL
T00621,2025-01-25 14:41:00,A061,D067,M_retail,60.65,IL
T01811,2025-01-25 14:48:00,A183,D022,M_restaurant,19.65,NY
T00691,2025-01-25 14:53:00,A069,D013,M_restaurant,13.61,FL
T01686,2025-01-25 15:42:00,A170,D113,M_retail,18.06,NY
T00361,2025-01-25 15:54:00,A037,D080,M_fuel,18.28,CA
T01510,2025-01-25 16:13:00,A151,D021,M_grocery,48.45,NY
T01368,2025-01-25 16:40:00,A136,D105,M_fuel,10.83,CA
T01908,2025-01-25 16:53:00,A192,D112,M_retail,80.41,TX
T01681,2025-01-25 16:57:00,A169,D122,M_restaurant,33.85,CA
T00762,2025-01-25 17:00:00,A076,D102,M_retail,6.47,NY
T01483,2025-01-25 17:14:00,A147,D011,M_fuel,5.48,TX
T00989,2025-01-25 17:23:00,A098,D126,M_grocery,14.18,CA
T00849,2025-01-25 17:25:00,A084,D102,M_online,56.22,TX
T00969,2025-01-25 17:33:00,A096,D105,M_retail,44.37,FL
T01979,2025-01-25 17:49:00,A199,D130,M_online,13.02,NY
T00567,2025-01-25 18:06:00,A056,D120,M_online,32.85,IL
T01535,2025-01-25 18:07:00,A154,D085,M_retail,8.77,FL
T01571,2025-01-25 18:17:00,A157,D106,M_online,35.73,TX
T00382,2025-01-25 18:19:00,A038,D021,M_online,84.24,IL
T01315,2025-01-25 18:22:00,A132,D061,M_retail,34.24,TX
T00144,2025-01-25 18:41:00,A012,D078,M_restaurant,35.39,NY
T01136,2025-01-25 18:47:00,A114,D071,M_fuel,38.99,CA
T01104,2025-01-25 18:51:00,A111,D100,M_online,46.4,FL
T00851,2025-01-25 18:53:00,A084,D102,M_online,17.74,TX
T01288,2025-01-25 18:54:00,A130,D051,M_retail,35.61,FL
T01617,2025-01-25 19:17:00,A162,D121,M_retail,8.72,TX
T00324,2025-01-25 19:20:00,A032,D101,M_grocery,22.74,CA
T00906,2025-01-25 20:20:00,A090,D145,M_retail,8.25,IL
T00641,2025-01-25 20:21:00,A064,D109,M_retail,32.64,FL
T01214,2025-01-25 20:53:00,A122,D001,M_retail,33.15,TX
T01877,2025-01-25 21:09:00,A189,D131,M_retail,23.11,NY
T00712,2025-01-25 21:17:00,A071,D056,M_grocery,14.42,CA
T00584,2025-01-25 21:26:00,A057,D098,M_grocery,37.59,IL
T00913,2025-01-25 21:53:00,A090,D145,M_grocery,29.6,IL
T01933,2025-01-26 06:25:00,A195,D118,M_grocery,43.7,IL
T01519,2025-01-26 06:32:00,A152,D068,M_retail,10.09,IL
T01487,2025-01-26 06:44:00,A148,D074,M_fuel,11.95,NY
T01055,2025-01-26 06:47:00,A105,D104,M_restaurant,18.57,CA
T01172,2025-01-26 07:02:00,A118,D029,M_grocery,30.82,CA
T01351,2025-01-26 07:15:00,A135,D115,M_grocery,35.85,IL
T01180,2025-01-26 07:20:00,A118,D029,M_online,11.17,CA
T00672,2025-01-26 07:49:00,A067,D079,M_fuel,31.58,TX
T01355,2025-01-26 08:00:00,A135,D115,M_fuel,59.49,IL
T00319,2025-01-26 08:21:00,A031,D063,M_online,36.1,CA
T01508,2025-01-26 08:37:00,A150,D128,M_grocery,16.11,CA
T00224,2025-01-26 08:55:00,A022,D061,M_restaurant,27.87,IL
T00069,2025-01-26 08:57:00,A006,D032,M_retail,13.84,FL
T01639,2025-01-26 09:01:00,A163,D075,M_fuel,28.53,TX
T01668,2025-01-26 09:35:00,A167,D123,M_fuel,14.81,TX
T01872,2025-01-26 09:37:00,A188,D069,M_grocery,9.87,TX
T00007,2025-01-26 10:01:00,A000,D092,M_online,49.18,FL
T00359,2025-01-26 10:04:00,A036,D051,M_fuel,52.23,IL
T00462,2025-01-26 10:07:00,A046,D076,M_retail,14.86,TX
T01779,2025-01-26 10:15:00,A180,D034,M_online,19.03,CA
T01011,2025-01-26 10:22:00,A100,D077,M_grocery,7.22,FL
T00213,2025-01-26 10:36:00,A020,D067,M_retail,34.68,TX
T00555,2025-01-26 10:45:00,A054,D055,M_fuel,54.69,CA
T00665,2025-01-26 10:47:00,A066,D115,M_fuel,86.12,FL
T00076,2025-01-26 10:49:00,A006,D032,M_retail,18.69,FL
T01220,2025-01-26 10:59:00,A123,D006,M_restaurant,29.89,CA
T00560,2025-01-26 11:03:00,A055,D002,M_retail,20.52,IL
T00976,2025-01-26 11:18:00,A097,D015,M_retail,11.66,IL
T01955,2025-01-26 11:20:00,A198,D076,M_fuel,169.39,TX
T00254,2025-01-26 11:38:00,A025,D129,M_fuel,44.31,IL
T01329,2025-01-26 12:38:00,A133,D106,M_grocery,55.06,FL
T01602,2025-01-26 12:44:00,A161,D092,M_online,17.75,NY
T00591,2025-01-26 12:56:00,A058,D008,M_restaurant,23.96,TX
T00901,2025-01-26 13:20:00,A089,D125,M_grocery,74.03,TX
T00822,2025-01-26 14:01:00,A080,D106,M_grocery,15.59,IL
T01178,2025-01-26 14:23:00,A118,D029,M_restaurant,40.55,CA
T01406,2025-01-26 14:32:00,A139,D072,M_online,17.19,IL
T01505,2025-01-26 15:03:00,A150,D128,M_fuel,14.74,CA
T01068,2025-01-26 15:09:00,A107,D068,M_online,23.49,CA
T01929,2025-01-26 15:11:00,A195,D118,M_grocery,14.79,IL
T01389,2025-01-26 15:40:00,A138,D069,M_retail,15.42,TX
T00377,2025-01-26 15:53:00,A038,D021,M_grocery,20.32,IL
T00697,2025-01-26 16:07:00,A069,D013,M_online,17.05,TX
T01106,2025-01-26 17:23:00,A111,D100,M_retail,34.64,FL
T00241,2025-01-26 17:37:00,A024,D124,M_retail,12.76,FL
T00279,2025-01-26 18:00:00,A028,D055,M_retail,14.0,FL
T01662,2025-01-26 18:53:00,A166,D025,M_retail,16.0,FL
T01680,2025-01-26 18:57:00,A169,D122,M_fuel,17.39,CA
T00424,2025-01-26 19:04:00,A042,D068,M_online,24.95,TX
T01202,2025-01-26 19:24:00,A121,D028,M_restaurant,37.75,IL
T01443,2025-01-26 19:32:00,A144,D100,M_grocery,60.92,NY
T01370,2025-01-26 19:35:00,A136,D105,M_fuel,21.73,CA
T01661,2025-01-26 20:11:00,A166,D025,M_retail,44.46,FL
T01932,2025-01-26 20:19:00,A195,D118,M_retail,55.26,FL
T01233,2025-01-26 20:23:00,A124,D015,M_retail,40.2,CA
T01536,2025-01-27 06:00:00,A154,D085,M_grocery,29.93,FL
T00196,2025-01-27 06:16:00,A019,D043,M_grocery,23.15,IL
T01506,2025-01-27 06:21:00,A150,D128,M_retail,11.96,CA
T01126,2025-01-27 06:34:00,A113,D038,M_online,13.02,IL
T01379,2025-01-27 07:04:00,A137,D147,M_restaurant,10.47,NY
T01252,2025-01-27 07:13:00,A126,D120,M_fuel,26.25,NY
T00371,2025-01-27 07:30:00,A037,D080,M_online,11.93,FL
T00376,2025-01-27 07:40:00,A038,D021,M_grocery,18.04,IL
T01514,2025-01-27 07:51:00,A151,D021,M_online,23.99,NY
T00609,2025-01-27 08:09:00,A060,D132,M_restaurant,5.32,TX
T00045,2025-01-27 08:21:00,A003,D127,M_retail,4.44,FL
T01581,2025-01-27 08:25:00,A158,D020,M_grocery,5.35,IL
T01902,2025-01-27 08:27:00,A192,D112,M_grocery,6.43,CA
T01648,2025-01-27 08:49:00,A165,D062,M_restaurant,31.75,TX
T01577,2025-01-27 08:59:00,A158,D020,M_fuel,17.87,IL
T01799,2025-01-27 09:19:00,A182,D018,M_restaurant,16.66,IL
T00443,2025-01-27 09:27:00,A044,D029,M_grocery,68.18,IL
T01946,2025-01-27 09:44:00,A196,D080,M_retail,8.15,CA
T01707,2025-01-27 09:46:00,A172,D128,M_retail,5.6,TX
T00308,2025-01-27 10:03:00,A030,D034,M_restaurant,28.46,TX
T01705,2025-01-27 10:12:00,A172,D128,M_grocery,40.12,TX
T00084,2025-01-27 10:35:00,A007,D137,M_grocery,85.71,IL
T01486,2025-01-27 10:45:00,A148,D074,M_retail,30.21,FL
T00949,2025-01-27 11:01:00,A095,D081,M_retail,18.11,NY
T01772,2025-01-27 11:09:00,A180,D034,M_grocery,70.53,FL
T01436,2025-01-27 11:14:00,A143,D012,M_online,73.95,TX
T00905,2025-01-27 11:26:00,A090,D145,M_retail,19.53,IL
T01195,2025-01-27 11:54:00,A119,D096,M_grocery,18.83,NY
T00518,2025-01-27 12:07:00,A051,D053,M_fuel,26.26,FL
T00937,2025-01-27 12:08:00,A093,D081,M_retail,26.34,TX
T00202,2025-01-27 12:28:00,A019,D043,M_online,13.84,IL
T01859,2025-01-27 13:11:00,A187,D074,M_restaurant,27.69,FL
T01139,2025-01-27 13:12:00,A114,D071,M_grocery,6.91,TX
T01977,2025-01-27 13:18:00,A199,D130,M_fuel,13.41,NY
T00616,2025-01-27 13:21:00,A060,D132,M_grocery,22.5,TX
T00186,2025-01-27 13:33:00,A018,D030,M_grocery,182.84,NY
T00636,2025-01-27 13:41:00,A063,D120,M_retail,16.16,CA
T01205,2025-01-27 13:57:00,A121,D028,M_online,19.47,CA
T00243,2025-01-27 13:59:00,A024,D124,M_grocery,156.22,FL
T01418,2025-01-27 14:26:00,A140,D044,M_retail,11.61,NY
T01496,2025-01-27 15:05:00,A149,D018,M_grocery,23.28,IL
T00977,2025-01-27 15:32:00,A097,D015,M_restaurant,10.39,IL
T00933,2025-01-27 15:33:00,A093,D081,M_fuel,14.23,TX
T00199,2025-01-27 15:40:00,A019,D043,M_fuel,36.15,IL
T01026,2025-01-27 15:45:00,A102,D017,M_fuel,22.08,NY
T00727,2025-01-27 15:46:00,A072,D005,M_retail,31.81,NY
T01337,2025-01-27 15:56:00,A134,D120,M_grocery,32.1,IL
T01204,2025-01-27 15:58:00,A121,D028,M_online,43.13,CA
T00004,2025-01-27 16:41:00,A000,D092,M_restaurant,22.51,FL
T00226,2025-01-27 16:47:00,A022,D061,M_restaurant,25.9,IL
T01385,2025-01-27 16:52:00,A137,D147,M_online,8.81,IL
T00629,2025-01-27 17:37:00,A062,D027,M_online,16.62,FL
T00388,2025-01-27 17:58:00,A039,D093,M_grocery,23.38,FL
T01962,2025-01-27 18:13:00,A198,D076,M_online,3.89,TX
T01301,2025-01-27 18:15:00,A131,D111,M_restaurant,22.39,FL
T00550,2025-01-27 18:18:00,A054,D055,M_retail,41.38,IL
T00118,2025-01-27 18:31:00,A010,D102,M_fuel,32.88,TX
T01740,2025-01-27 18:58:00,A176,D003,M_grocery,25.34,CA
T01184,2025-01-27 19:18:00,A118,D029,M_fuel,39.1,CA
T00663,2025-01-27 19:42:00,A066,D115,M_grocery,14.64,FL
T00481,2025-01-27 19:53:00,A048,D125,M_restaurant,27.87,TX
T01120,2025-01-27 19:57:00,A112,D069,M_fuel,12.35,TX
T00173,2025-01-27 20:07:00,A015,D024,M_retail,11.22,TX
T01262,2025-01-27 20:13:00,A128,D146,M_fuel,94.64,FL
T01286,2025-01-27 20:30:00,A130,D051,M_grocery,29.75,FL
T01934,2025-01-27 20:49:00,A195,D118,M_fuel,33.71,IL
T00485,2025-01-27 20:51:00,A048,D125,M_retail,21.67,FL
T00700,2025-01-27 20:55:00,A069,D013,M_retail,24.49,FL
T00874,2025-01-27 20:57:00,A086,D089,M_restaurant,4.85,CA
T00598,2025-01-27 21:05:00,A059,D072,M_restaurant,23.33,NY
T00876,2025-01-27 21:30:00,A087,D084,M_online,16.66,NY
T00748,2025-01-27 21:48:00,A074,D114,M_grocery,9.4,FL
T00038,2025-01-28 06:01:00,A003,D127,M_online,44.72,FL
T00475,2025-01-28 06:23:00,A047,D142,M_online,18.92,TX
T00983,2025-01-28 06:32:00,A097,D015,M_fuel,89.45,IL
T01187,2025-01-28 06:42:00,A119,D096,M_restaurant,32.86,NY
T00985,2025-01-28 06:45:00,A097,D015,M_fuel,22.86,IL
T00169,2025-01-28 06:49:00,A015,D024,M_restaurant,2.39,TX
T00111,2025-01-28 07:37:00,A010,D102,M_fuel,40.54,TX
T01236,2025-01-28 08:07:00,A124,D015,M_fuel,6.42,CA
T00467,2025-01-28 08:19:00,A047,D142,M_retail,36.86,TX
T01435,2025-01-28 08:23:00,A143,D012,M_restaurant,53.17,FL
T00759,2025-01-28 08:29:00,A075,D086,M_online,32.51,FL
T01237,2025-01-28 08:42:00,A124,D015,M_grocery,22.37,CA
T00441,2025-01-28 08:46:00,A043,D076,M_retail,13.18,TX
T01894,2025-01-28 08:49:00,A191,D136,M_retail,27.25,NY
T00889,2025-01-28 08:55:00,A088,D120,M_grocery,30.02,NY
T00452,2025-01-28 09:21:00,A044,D029,M_restaurant,28.2,IL
T01169,2025-01-28 09:36:00,A117,D053,M_online,7.51,CA
T00825,2025-01-28 09:38:00,A081,D028,M_fuel,30.19,CA
T00843,2025-01-28 09:46:00,A083,D107,M_restaurant,36.03,TX
T01019,2025-01-28 10:35:00,A101,D118,M_online,11.82,TX
T01119,2025-01-28 10:38:00,A112,D069,M_retail,16.62,TX
T00471,2025-01-28 10:53:00,A047,D142,M_online,56.25,TX
T00768,2025-01-28 11:04:00,A076,D102,M_grocery,87.3,NY
T00030,2025-01-28 11:22:00,A002,D001,M_grocery,63.23,NY
T00343,2025-01-28 11:38:00,A035,D129,M_retail,6.12,TX
T00227,2025-01-28 12:04:00,A022,D061,M_fuel,12.14,IL
T00719,2025-01-28 12:07:00,A071,D056,M_restaurant,44.8,CA
T00124,2025-01-28 12:13:00,A011,D046,M_retail,27.67,CA
T00397,2025-01-28 12:34:00,A039,D093,M_fuel,17.07,FL
T00530,2025-01-28 12:40:00,A052,D144,M_retail,26.09,TX
T01442,2025-01-28 12:44:00,A144,D100,M_online,27.87,FL
T01845,2025-01-28 12:45:00,A186,D041,M_online,5.42,TX
T01867,2025-01-28 12:47:00,A188,D069,M_online,19.03,TX
T00565,2025-01-28 13:01:00,A055,D002,M_restaurant,32.58,IL
T00428,2025-01-28 13:25:00,A042,D068,M_retail,39.87,TX
T01967,2025-01-28 13:39:00,A198,D076,M_online,13.41,TX
T00943,2025-01-28 13:51:00,A094,D060,M_fuel,34.27,IL
T00396,2025-01-28 14:30:00,A039,D093,M_grocery,18.54,FL
T00416,2025-01-28 14:35:00,A041,D142,M_grocery,37.05,FL
T01527,2025-01-28 14:37:00,A153,D069,M_online,20.5,CA
T01025,2025-01-28 14:51:00,A102,D017,M_fuel,4.89,NY
T00365,2025-01-28 15:24:00,A037,D080,M_online,4.17,FL
T00539,2025-01-28 15:37:00,A053,D130,M_online,19.43,NY
T01747,2025-01-28 15:38:00,A177,D073,M_fuel,35.57,NY
T00927,2025-01-28 15:54:00,A092,D051,M_fuel,29.62,NY
T01919,2025-01-28 16:04:00,A194,D068,M_fuel,20.97,FL
T00034,2025-01-28 16:05:00,A002,D001,M_restaurant,78.67,NY
T00409,2025-01-28 16:09:00,A040,D069,M_restaurant,11.22,CA
T00739,2025-01-28 16:16:00,A074,D114,M_online,23.49,CA
T01218,2025-01-28 16:31:00,A122,D001,M_online,16.14,TX
T00551,2025-01-28 16:42:00,A054,D055,M_online,21.08,IL
T01892,2025-01-28 16:43:00,A191,D136,M_fuel,23.79,NY
T01091,2025-01-28 17:01:00,A109,D064,M_online,42.03,FL
T00557,2025-01-28 17:05:00,A055,D002,M_online,27.03,IL
T00864,2025-01-28 17:28:00,A085,D063,M_restaurant,97.32,IL
T00336,2025-01-28 17:31:00,A034,D094,M_online,21.15,NY
T01466,2025-01-28 17:56:00,A145,D012,M_fuel,73.17,IL
T00897,2025-01-28 17:58:00,A088,D120,M_online,9.96,NY
T01153,2025-01-28 18:00:00,A116,D038,M_restaurant,29.36,TX
T01926,2025-01-28 18:11:00,A194,D068,M_fuel,45.27,FL
T01870,2025-01-28 18:45:00,A188,D069,M_grocery,15.27,TX
T00912,2025-01-28 19:42:00,A090,D145,M_fuel,51.5,IL
T00091,2025-01-28 19:56:00,A008,D006,M_grocery,49.73,NY
T00108,2025-01-28 20:07:00,A009,D100,M_fuel,55.72,CA
T00174,2025-01-28 20:07:00,A016,D050,M_online,5.18,TX
T00620,2025-01-28 20:14:00,A061,D067,M_restaurant,81.42,IL
T00506,2025-01-28 21:08:00,A050,D029,M_online,12.24,TX
T00231,2025-01-28 21:23:00,A023,D103,M_restaurant,20.85,NY
T00654,2025-01-28 21:24:00,A065,D048,M_grocery,54.36,CA
T00037,2025-01-28 21:25:00,A003,D127,M_online,31.34,FL
T00776,2025-01-28 21:44:00,A077,D039,M_restaurant,20.32,FL
T00932,2025-01-28 21:51:00,A093,D081,M_grocery,37.57,TX
T00683,2025-01-28 21:52:00,A068,D027,M_fuel,19.5,NY
T01293,2025-01-29 07:19:00,A131,D111,M_restaurant,26.6,FL
T00451,2025-01-29 08:03:00,A044,D029,M_online,81.42,IL
T00801,2025-01-29 08:14:00,A078,D111,M_online,30.44,CA
T01637,2025-01-29 08:51:00,A163,D075,M_online,28.36,TX
T00256,2025-01-29 08:58:00,A025,D129,M_grocery,35.11,NY
T00582,2025-01-29 09:02:00,A057,D098,M_online,53.19,IL
T01456,2025-01-29 09:09:00,A145,D012,M_restaurant,5.03,IL
T00022,2025-01-29 09:12:00,A001,D032,M_restaurant,30.0,TX
T01817,2025-01-29 09:22:00,A183,D022,M_online,11.92,NY
T01210,2025-01-29 09:37:00,A122,D001,M_grocery,71.82,TX
T01512,2025-01-29 10:05:00,A151,D021,M_grocery,77.97,NY
T00244,2025-01-29 10:07:00,A024,D124,M_fuel,33.59,FL
T00736,2025-01-29 10:20:00,A074,D114,M_fuel,49.28,CA
T01140,2025-01-29 10:41:00,A115,D071,M_online,44.14,TX
T00345,2025-01-29 11:04:00,A035,D129,M_restaurant,18.92,CA
T00100,2025-01-29 11:17:00,A009,D100,M_retail,6.99,FL
T00206,2025-01-29 11:24:00,A019,D043,M_grocery,24.87,IL
T00838,2025-01-29 11:25:00,A082,D030,M_restaurant,12.81,FL
T00971,2025-01-29 11:39:00,A097,D015,M_online,7.15,IL
T01092,2025-01-29 11:54:00,A109,D064,M_grocery,21.39,NY
T00057,2025-01-29 11:57:00,A005,D012,M_grocery,4.51,CA
T01516,2025-01-29 12:29:00,A152,D068,M_retail,33.67,IL
T01465,2025-01-29 12:59:00,A145,D012,M_restaurant,19.68,IL
T00142,2025-01-29 13:10:00,A012,D078,M_online,15.57,NY
T00875,2025-01-29 13:21:00,A086,D089,M_fuel,47.05,CA
T01071,2025-01-29 13:37:00,A107,D068,M_restaurant,8.28,CA
T00556,2025-01-29 13:43:00,A055,D002,M_online,28.74,IL
T01699,2025-01-29 13:47:00,A171,D071,M_retail,45.34,TX
T00166,2025-01-29 13:48:00,A015,D024,M_retail,6.75,TX
T01468,2025-01-29 14:00:00,A146,D119,M_restaurant,31.34,NY
T01327,2025-01-29 14:01:00,A133,D106,M_retail,43.1,IL
T00447,2025-01-29 14:08:00,A044,D029,M_grocery,24.31,IL
T00546,2025-01-29 14:28:00,A053,D130,M_online,11.41,NY
T01053,2025-01-29 14:44:00,A105,D104,M_online,31.72,CA
T00681,2025-01-29 15:02:00,A068,D027,M_restaurant,10.5,NY
T01484,2025-01-29 15:30:00,A147,D011,M_grocery,20.56,NY
T00819,2025-01-29 15:59:00,A080,D106,M_grocery,10.88,IL
T01652,2025-01-29 16:00:00,A165,D062,M_fuel,12.18,TX
T01533,2025-01-29 16:15:00,A154,D085,M_grocery,7.68,FL
T01364,2025-01-29 16:23:00,A136,D105,M_grocery,35.96,CA
T01378,2025-01-29 16:30:00,A137,D147,M_grocery,4.61,IL
T00237,2025-01-29 16:32:00,A024,D124,M_restaurant,11.11,FL
T00194,2025-01-29 16:39:00,A018,D030,M_restaurant,29.96,NY
T01912,2025-01-29 17:09:00,A193,D117,M_retail,23.98,FL
T01098,2025-01-29 17:28:00,A110,D118,M_retail,8.64,NY
T01181,2025-01-29 17:29:00,A118,D029,M_grocery,11.75,CA
T00809,2025-01-29 17:33:00,A079,D024,M_fuel,8.06,NY
T00230,2025-01-29 17:38:00,A022,D061,M_retail,23.4,IL
T01730,2025-01-29 17:47:00,A175,D003,M_retail,12.73,TX
T00920,2025-01-29 18:03:00,A092,D051,M_fuel,14.61,NY
T01623,2025-01-29 18:07:00,A162,D121,M_restaurant,15.25,TX
T00773,2025-01-29 18:16:00,A076,D102,M_fuel,28.28,NY
T00686,2025-01-29 18:18:00,A068,D027,M_fuel,24.22,NY
T01793,2025-01-29 18:22:00,A182,D018,M_retail,4.22,IL
T01563,2025-01-29 18:50:00,A156,D080,M_restaurant,28.4,IL
T01963,2025-01-29 19:17:00,A198,D076,M_grocery,11.64,TX
T00444,2025-01-29 19:21:00,A044,D029,M_retail,13.41,IL
T01718,2025-01-29 19:26:00,A174,D121,M_fuel,20.35,IL
T00729,2025-01-29 19:29:00,A073,D095,M_restaurant,72.93,IL
T00993,2025-01-29 20:03:00,A098,D126,M_online,17.68,CA
T01419,2025-01-29 20:34:00,A140,D044,M_online,53.47,NY
T00611,2025-01-29 20:37:00,A060,D132,M_online,23.14,NY
T00164,2025-01-29 20:42:00,A015,D024,M_online,21.39,TX
T01873,2025-01-29 20:58:00,A188,D069,M_grocery,10.1,TX
T01282,2025-01-29 21:58:00,A130,D051,M_restaurant,37.71,FL
T00648,2025-01-30 06:18:00,A064,D109,M_fuel,20.09,FL
T00911,2025-01-30 06:35:00,A090,D145,M_grocery,2.69,IL
T00999,2025-01-30 06:48:00,A099,D107,M_retail,27.21,CA
T00107,2025-01-30 06:48:00,A009,D100,M_fuel,30.31,FL
T00732,2025-01-30 06:56:00,A073,D095,M_grocery,33.76,IL
T01306,2025-01-30 06:58:00,A131,D111,M_online,37.83,FL
T01444,2025-01-30 07:42:00,A144,D100,M_fuel,99.0,FL
T01096,2025-01-30 07:43:00,A110,D118,M_fuel,5.07,NY
T00207,2025-01-30 07:54:00,A019,D043,M_fuel,40.92,IL
T00089,2025-01-30 08:44:00,A008,D006,M_fuel,7.86,FL
T00931,2025-01-30 08:48:00,A093,D081,M_fuel,60.53,TX
T01123,2025-01-30 08:55:00,A113,D038,M_online,42.84,IL
T01033,2025-01-30 08:57:00,A102,D017,M_grocery,39.97,NY
T00366,2025-01-30 09:20:00,A037,D080,M_restaurant,25.69,FL
T00723,2025-01-30 09:24:00,A072,D005,M_fuel,29.21,IL
T01420,2025-01-30 09:36:00,A140,D044,M_fuel,26.88,NY
T01806,2025-01-30 09:39:00,A183,D022,M_fuel,15.27,NY
T00021,2025-01-30 10:22:00,A001,D032,M_restaurant,4.1,TX
T00211,2025-01-30 10:24:00,A020,D067,M_retail,15.8,CA
T00233,2025-01-30 10:28:00,A023,D103,M_online,6.34,NY
T01773,2025-01-30 10:29:00,A180,D034,M_grocery,12.97,FL
T01900,2025-01-30 10:30:00,A191,D136,M_restaurant,6.54,NY
T01213,2025-01-30 10:33:00,A122,D001,M_retail,11.7,TX
T00709,2025-01-30 10:37:00,A070,D093,M_restaurant,66.72,CA
T01070,2025-01-30 10:48:00,A107,D068,M_fuel,18.57,IL
T01473,2025-01-30 10:59:00,A146,D119,M_grocery,17.25,NY
T01382,2025-01-30 11:05:00,A137,D147,M_fuel,8.56,IL
T01862,2025-01-30 11:18:00,A187,D074,M_retail,61.55,FL
T00805,2025-01-30 11:28:00,A079,D024,M_online,32.67,FL
T00064,2025-01-30 11:47:00,A005,D012,M_retail,27.16,CA
T00009,2025-01-30 11:53:00,A000,D092,M_retail,11.43,FL
T00781,2025-01-30 11:55:00,A077,D039,M_online,36.68,FL
T01323,2025-01-30 12:08:00,A133,D106,M_restaurant,35.07,NY
T00232,2025-01-30 12:09:00,A023,D103,M_fuel,52.84,NY
T01551,2025-01-30 12:22:00,A155,D024,M_retail,29.64,TX
T01792,2025-01-30 12:58:00,A182,D018,M_online,69.98,IL
T00899,2025-01-30 12:59:00,A089,D125,M_online,13.99,TX
T00330,2025-01-30 13:41:00,A033,D141,M_restaurant,11.77,FL
T01936,2025-01-30 15:34:00,A195,D118,M_retail,5.12,IL
T01167,2025-01-30 15:37:00,A117,D053,M_fuel,79.46,CA
T00779,2025-01-30 15:37:00,A077,D039,M_retail,9.14,FL
T01940,2025-01-30 15:55:00,A196,D080,M_online,52.01,CA
T01854,2025-01-30 16:16:00,A187,D074,M_restaurant,121.59,FL
T00644,2025-01-30 16:31:00,A064,D109,M_fuel,10.76,FL
T00208,2025-01-30 16:54:00,A019,D043,M_fuel,13.28,IL
T00128,2025-01-30 17:24:00,A011,D046,M_online,3.52,CA
T01228,2025-01-30 17:34:00,A124,D015,M_fuel,7.66,CA
T01426,2025-01-30 17:47:00,A141,D050,M_online,32.48,IL
T01280,2025-01-30 17:55:00,A129,D045,M_online,46.47,CA
T00696,2025-01-30 18:12:00,A069,D013,M_grocery,27.36,FL
T01438,2025-01-30 18:17:00,A143,D012,M_grocery,12.51,FL
T01317,2025-01-30 18:30:00,A132,D061,M_grocery,63.19,TX
T01290,2025-01-30 18:38:00,A130,D051,M_fuel,90.77,FL
T00048,2025-01-30 18:45:00,A004,D060,M_restaurant,32.62,NY
T01643,2025-01-30 18:58:00,A164,D111,M_retail,18.34,NY
T00024,2025-01-30 19:10:00,A001,D032,M_online,35.85,TX
T00110,2025-01-30 19:58:00,A009,D100,M_retail,66.1,FL
T01638,2025-01-30 20:00:00,A163,D075,M_fuel,7.29,TX
T01362,2025-01-30 20:19:00,A136,D105,M_grocery,8.08,TX
T00112,2025-01-30 20:26:00,A010,D102,M_online,3.96,CA
T00503,2025-01-30 20:34:00,A050,D029,M_fuel,13.13,TX
T00947,2025-01-30 20:43:00,A094,D060,M_retail,20.73,IL
T00140,2025-01-30 20:48:00,A012,D078,M_online,23.01,NY
T01131,2025-01-30 20:58:00,A114,D071,M_retail,48.52,CA
T01494,2025-01-30 21:06:00,A149,D018,M_retail,26.59,IL
T01678,2025-01-30 21:21:00,A168,D133,M_online,64.43,TX
T00929,2025-01-30 21:23:00,A093,D081,M_grocery,16.79,TX
